perturbation_id,perturbation_type,perturbation_label,group_id,disease_cluster_id,symptom,relation,evidence_class,grade,weight,label_frequency,source,in_metabolic_layer,omim_entry_count,orpha_entry_count,annotation_row_count,annotation_patient_count,disease_identifiers,distinct_reference_count,distinct_pubmed_reference_count,evidence_date,perturbation_nodes,report_count,positive_report_count,negative_report_count,reliability_posterior,weighting
AARS1,gene,AARS1,AARS1,cluster:AARS1,cognitive_impairment,induces,monogenic,A,1.0,1.0,HPO genes_to_phenotype; diseases=OMIM:619661;ORPHA:442835,True,1.0,1.0,3.0,4.0,OMIM:619661;ORPHA:442835,2.0,1.0,2019-11-27,"[[""GENE:AARS1"", -1.0, 1.0]]",3,3,0,0.9999018095935599,grade
ABAT,gene,ABAT,ABAT,cluster:ABAT,somnolence_or_hypersomnia,induces,monogenic,A,1.0,0.545,HPO genes_to_phenotype; diseases=ORPHA:2066,True,0.0,1.0,1.0,,ORPHA:2066,1.0,0.0,,"[[""GENE:ABAT"", -1.0, 1.0]]",1,1,0,0.9997730446598188,grade
ABCA2,gene,ABCA2,ABCA2,cluster:ABCA2,irritability_or_aggression,induces,monogenic,A,1.0,0.5,HPO genes_to_phenotype; diseases=OMIM:618808,False,1.0,0.0,1.0,2.0,OMIM:618808,1.0,1.0,2020-05-12,"[[""GENE:ABCA2"", -1.0, 1.0]]",1,1,0,0.9996663476591036,grade
ABCA3,gene,ABCA3,ABCA3,cluster:ABCA3,fatigue,induces,monogenic,A,1.0,0.545,HPO genes_to_phenotype; diseases=ORPHA:2032,True,0.0,1.0,1.0,,ORPHA:2032,1.0,0.0,,"[[""GENE:ABCA3"", -1.0, 1.0]]",1,1,0,0.9997730446598188,grade
ABL1,gene,ABL1,ABL1,cluster:ABCA3,fatigue,induces,monogenic,A,1.0,0.545,HPO genes_to_phenotype; diseases=ORPHA:521,False,0.0,1.0,1.0,,ORPHA:521,1.0,0.0,,"[[""GENE:ABL1"", -1.0, 1.0]]",1,1,0,0.9997730446598188,grade
ACADM,gene,ACADM,ACADM,cluster:ACADM,fatigue,induces,monogenic,A,0.68,0.17,HPO genes_to_phenotype; diseases=ORPHA:42,True,0.0,1.0,1.0,,ORPHA:42,1.0,0.0,,"[[""GENE:ACADM"", -1.0, 1.0]]",1,1,0,0.9997730446598188,grade
ACADS,gene,ACADS,ACADS,cluster:ACADS,psychosis,induces,monogenic,A,1.0,0.2857142857142857,HPO genes_to_phenotype; diseases=OMIM:201470,True,1.0,0.0,1.0,7.0,OMIM:201470,1.0,1.0,2007-12-03,"[[""GENE:ACADS"", -1.0, 1.0]]",1,1,0,0.999726368839152,grade
ACAT1,gene,ACAT1,ACAT1,cluster:ACAT1,somnolence_or_hypersomnia,induces,monogenic,A,1.0,0.545,HPO genes_to_phenotype; diseases=ORPHA:134,True,0.0,1.0,1.0,,ORPHA:134,1.0,0.0,,"[[""GENE:ACAT1"", -1.0, 1.0]]",1,1,0,0.9997730446598188,grade
ACAT1,gene,ACAT1,ACAT1,cluster:ACAT1,psychomotor_agitation,induces,monogenic,A,0.68,0.17,HPO genes_to_phenotype; diseases=ORPHA:134,True,0.0,1.0,1.0,,ORPHA:134,1.0,0.0,,"[[""GENE:ACAT1"", -1.0, 1.0]]",1,1,0,0.9997730446598188,grade
ACOX1,gene,ACOX1,ACOX1,cluster:ACOX1,irritability_or_aggression,induces,monogenic,A,1.0,,HPO genes_to_phenotype; diseases=OMIM:264470,True,1.0,0.0,1.0,,OMIM:264470,1.0,0.0,2009-02-17,"[[""GENE:ACOX1"", -1.0, 1.0]]",1,1,0,0.999631621434846,grade
ACTA1,gene,ACTA1,ACTA1,cluster:ACTA1,fatigue,induces,monogenic,A,1.0,0.545,HPO genes_to_phenotype; diseases=ORPHA:2020,False,0.0,1.0,1.0,,ORPHA:2020,1.0,0.0,,"[[""GENE:ACTA1"", -1.0, 1.0]]",1,1,0,0.9997730446598188,grade
ACTB,gene,ACTB,ACTB,cluster:ACTB,cognitive_impairment,induces,monogenic,A,1.0,0.895,HPO genes_to_phenotype; diseases=ORPHA:79107,False,0.0,1.0,1.0,,ORPHA:79107,1.0,0.0,,"[[""GENE:ACTB"", -1.0, 1.0]]",1,1,0,0.9997730446598188,grade
ACTC1,gene,ACTC1,ACTC1,cluster:ACTC1,fatigue,induces,monogenic,A,1.0,0.545,HPO genes_to_phenotype; diseases=ORPHA:154;ORPHA:99103,False,0.0,2.0,2.0,,ORPHA:154;ORPHA:99103,2.0,0.0,,"[[""GENE:ACTC1"", -1.0, 1.0]]",2,2,0,0.9999332144392659,grade
ACTN4,gene,ACTN4,ACTN4,cluster:ACTN4,irritability_or_aggression,induces,monogenic,A,0.68,0.17,HPO genes_to_phenotype; diseases=ORPHA:656,False,0.0,1.0,1.0,,ORPHA:656,1.0,0.0,,"[[""GENE:ACTN4"", -1.0, 1.0]]",1,1,0,0.9997730446598188,grade
ACTN2,gene,ACTN2,ACTN2,cluster:ACTN2,fatigue,induces,monogenic,A,1.0,0.545,HPO genes_to_phenotype; diseases=ORPHA:154,False,0.0,1.0,1.0,,ORPHA:154,1.0,0.0,,"[[""GENE:ACTN2"", -1.0, 1.0]]",1,1,0,0.9997730446598188,grade
ADAR,gene,ADAR,ADAR,cluster:ADAR,irritability_or_aggression,induces,monogenic,A,1.0,0.545,HPO genes_to_phenotype; diseases=OMIM:615010;ORPHA:51,False,1.0,1.0,2.0,14.0,OMIM:615010;ORPHA:51,2.0,1.0,2022-12-10,"[[""GENE:ADAR"", -1.0, 1.0]]",2,2,0,0.9999290895756123,grade
ADCY5,gene,ADCY5,ADCY5,cluster:ADCY5,anxiety,induces,monogenic,A,1.0,1.0,HPO genes_to_phenotype; diseases=OMIM:606703;OMIM:619651,True,2.0,0.0,2.0,3.0,OMIM:606703;OMIM:619651,2.0,1.0,2010-06-20,"[[""GENE:ADCY5"", -1.0, 1.0]]",2,2,0,0.9998496192753312,grade
ADCY5,gene,ADCY5,ADCY5,cluster:ADCY5,psychomotor_agitation,induces,monogenic,A,1.0,0.5,HPO genes_to_phenotype; diseases=OMIM:619651,True,1.0,0.0,1.0,2.0,OMIM:619651,1.0,1.0,2021-03-11,"[[""GENE:ADCY5"", -1.0, 1.0]]",1,1,0,0.9996663476591036,grade
ADD3,gene,ADD3,ADD3,cluster:ADD3,cognitive_impairment,induces,monogenic,A,1.0,,HPO genes_to_phenotype; diseases=OMIM:617008,False,1.0,0.0,1.0,,OMIM:617008,1.0,0.0,2017-07-13,"[[""GENE:ADD3"", -1.0, 1.0]]",1,1,0,0.9997120224657162,grade
ADH1C,gene,ADH1C,ADH1C,cluster:ADH1C,psychosis,induces,monogenic,A,0.68,0.17,HPO genes_to_phenotype; diseases=OMIM:168600,True,1.0,0.0,1.0,,OMIM:168600,1.0,0.0,2012-11-21,"[[""GENE:ADH1C"", -1.0, 1.0]]",1,1,0,0.9997120224657162,grade
ADH1C,gene,ADH1C,ADH1C,cluster:ADH1C,depressed_mood,induces,monogenic,A,1.0,,HPO genes_to_phenotype; diseases=OMIM:168600,True,1.0,0.0,1.0,,OMIM:168600,1.0,0.0,2009-02-17,"[[""GENE:ADH1C"", -1.0, 1.0]]",1,1,0,0.999631621434846,grade
ADH1C,gene,ADH1C,ADH1C,cluster:ADH1C,cognitive_impairment,induces,monogenic,A,1.0,,HPO genes_to_phenotype; diseases=OMIM:168600,True,1.0,0.0,1.0,,OMIM:168600,1.0,0.0,2009-02-17,"[[""GENE:ADH1C"", -1.0, 1.0]]",1,1,0,0.999631621434846,grade
ADSL,gene,ADSL,ADSL,cluster:ADSL,irritability_or_aggression,induces,monogenic,A,1.0,,HPO genes_to_phenotype; diseases=OMIM:103050,True,1.0,0.0,1.0,,OMIM:103050,1.0,0.0,2012-10-09,"[[""GENE:ADSL"", -1.0, 1.0]]",1,1,0,0.999631621434846,grade
AP1G1,gene,AP1G1,AP1G1,cluster:AP1G1,anxiety,induces,monogenic,A,0.5,0.125,HPO genes_to_phenotype; diseases=OMIM:619467,True,1.0,0.0,1.0,8.0,OMIM:619467,1.0,1.0,2021-06-07,"[[""GENE:AP1G1"", -1.0, 1.0]]",1,1,0,0.9997328086157783,grade
AP1G1,gene,AP1G1,AP1G1,cluster:AP1G1,depressed_mood,induces,monogenic,A,0.5,0.125,HPO genes_to_phenotype; diseases=OMIM:619467,True,1.0,0.0,1.0,8.0,OMIM:619467,1.0,1.0,2021-06-07,"[[""GENE:AP1G1"", -1.0, 1.0]]",1,1,0,0.9997328086157783,grade
AP1G1,gene,AP1G1,AP1G1,cluster:AP1G1,irritability_or_aggression,induces,monogenic,A,1.0,0.6666666666666666,HPO genes_to_phenotype; diseases=OMIM:619467;OMIM:619548,True,2.0,0.0,2.0,11.0,OMIM:619467;OMIM:619548,1.0,1.0,2021-06-07,"[[""GENE:AP1G1"", -1.0, 1.0]]",2,2,0,0.9998909327766876,grade
AEBP1,gene,AEBP1,AEBP1,cluster:AEBP1,fatigue,induces,monogenic,A,1.0,1.0,HPO genes_to_phenotype; diseases=OMIM:618000,False,1.0,0.0,1.0,1.0,OMIM:618000,1.0,1.0,2024-05-04,"[[""GENE:AEBP1"", -1.0, 1.0]]",1,1,0,0.99963784265969,grade
NR0B1,gene,NR0B1,NR0B1,cluster:NR0B1,fatigue,induces,monogenic,A,1.0,0.545,HPO genes_to_phenotype; diseases=ORPHA:95702,False,0.0,1.0,1.0,,ORPHA:95702,1.0,0.0,,"[[""GENE:NR0B1"", -1.0, 1.0]]",1,1,0,0.9997730446598188,grade
AHCY,gene,AHCY,AHCY,cluster:AHCY,cognitive_impairment,induces,monogenic,A,1.0,0.545,HPO genes_to_phenotype; diseases=ORPHA:88618,True,0.0,1.0,1.0,,ORPHA:88618,1.0,0.0,,"[[""GENE:AHCY"", -1.0, 1.0]]",1,1,0,0.9997730446598188,grade
AKT1,gene,AKT1,AKT1,cluster:ABCA3,somnolence_or_hypersomnia,induces,monogenic,A,0.25,0.025,HPO genes_to_phenotype; diseases=ORPHA:2495,False,0.0,1.0,1.0,,ORPHA:2495,1.0,0.0,,"[[""GENE:AKT1"", -1.0, 1.0]]",1,1,0,0.9997730446598188,grade
AKT1,gene,AKT1,AKT1,cluster:ABCA3,cognitive_impairment,induces,monogenic,A,0.68,0.17,HPO genes_to_phenotype; diseases=ORPHA:2495,False,0.0,1.0,3.0,,ORPHA:2495,1.0,0.0,,"[[""GENE:AKT1"", -1.0, 1.0]]",3,3,0,0.9997730446598188,grade
ALAD,gene,ALAD,ALAD,cluster:ALAD,cognitive_impairment,induces,monogenic,A,0.68,0.17,HPO genes_to_phenotype; diseases=ORPHA:100924,True,0.0,1.0,2.0,,ORPHA:100924,1.0,0.0,,"[[""GENE:ALAD"", -1.0, 1.0]]",2,2,0,0.9997730446598188,grade
ALAD,gene,ALAD,ALAD,cluster:ALAD,psychosis,induces,monogenic,A,0.68,0.17,HPO genes_to_phenotype; diseases=ORPHA:100924,True,0.0,1.0,1.0,,ORPHA:100924,1.0,0.0,,"[[""GENE:ALAD"", -1.0, 1.0]]",1,1,0,0.9997730446598188,grade
ALAD,gene,ALAD,ALAD,cluster:ALAD,anxiety,induces,monogenic,A,0.68,0.17,HPO genes_to_phenotype; diseases=ORPHA:100924,True,0.0,1.0,1.0,,ORPHA:100924,1.0,0.0,,"[[""GENE:ALAD"", -1.0, 1.0]]",1,1,0,0.9997730446598188,grade
ALAD,gene,ALAD,ALAD,cluster:ALAD,depressed_mood,induces,monogenic,A,0.68,0.17,HPO genes_to_phenotype; diseases=ORPHA:100924,True,0.0,1.0,1.0,,ORPHA:100924,1.0,0.0,,"[[""GENE:ALAD"", -1.0, 1.0]]",1,1,0,0.9997730446598188,grade
ALAD,gene,ALAD,ALAD,cluster:ALAD,psychomotor_agitation,induces,monogenic,A,0.68,0.17,HPO genes_to_phenotype; diseases=ORPHA:100924,True,0.0,1.0,2.0,,ORPHA:100924,1.0,0.0,,"[[""GENE:ALAD"", -1.0, 1.0]]",2,2,0,0.9997730446598188,grade
ALAS2,gene,ALAS2,ALAS2,cluster:ALAS2,fatigue,induces,monogenic,A,1.0,0.895,HPO genes_to_phenotype; diseases=ORPHA:75563,True,0.0,1.0,1.0,,ORPHA:75563,1.0,0.0,,"[[""GENE:ALAS2"", -1.0, 1.0]]",1,1,0,0.9997730446598188,grade
ALB,gene,ALB,ALB,cluster:ALB,fatigue,induces,monogenic,A,1.0,1.0,HPO genes_to_phenotype; diseases=OMIM:616000;ORPHA:86816,True,1.0,1.0,2.0,2.0,OMIM:616000;ORPHA:86816,2.0,1.0,2015-09-15,"[[""GENE:ALB"", -1.0, 1.0]]",2,2,0,0.9999018095935599,grade
ABCD1,gene,ABCD1,ABCD1,cluster:ABCD1,cognitive_impairment,induces,monogenic,A,1.0,0.895,HPO genes_to_phenotype; diseases=OMIM:300100;ORPHA:139396;ORPHA:139399,True,1.0,2.0,8.0,,OMIM:300100;ORPHA:139396;ORPHA:139399,3.0,0.0,2013-06-23,"[[""GENE:ABCD1"", -1.0, 1.0]]",8,8,0,0.9999750645009944,grade
ABCD1,gene,ABCD1,ABCD1,cluster:ABCD1,psychosis,induces,monogenic,A,1.0,,HPO genes_to_phenotype; diseases=OMIM:300100,True,1.0,0.0,1.0,,OMIM:300100,1.0,0.0,2013-06-23,"[[""GENE:ABCD1"", -1.0, 1.0]]",1,1,0,0.997017116436691,grade
ABCD1,gene,ABCD1,ABCD1,cluster:ABCD1,fatigue,induces,monogenic,A,1.0,0.545,HPO genes_to_phenotype; diseases=ORPHA:139399,True,0.0,1.0,1.0,,ORPHA:139399,1.0,0.0,,"[[""GENE:ABCD1"", -1.0, 1.0]]",1,1,0,0.9994232502804609,grade
ALK,gene,ALK,ALK,cluster:ALK,irritability_or_aggression,induces,monogenic,A,0.68,0.17,HPO genes_to_phenotype; diseases=ORPHA:635,False,0.0,1.0,1.0,,ORPHA:635,1.0,0.0,,"[[""GENE:ALK"", -1.0, 1.0]]",1,1,0,0.9997730446598188,grade
ALK,gene,ALK,ALK,cluster:ALK,fatigue,induces,monogenic,A,1.0,0.545,HPO genes_to_phenotype; diseases=ORPHA:635,False,0.0,1.0,1.0,,ORPHA:635,1.0,0.0,,"[[""GENE:ALK"", -1.0, 1.0]]",1,1,0,0.9997730446598188,grade
ALPL,gene,ALPL,ALPL,cluster:ALPL,irritability_or_aggression,induces,monogenic,A,1.0,,HPO genes_to_phenotype; diseases=OMIM:241500,True,1.0,0.0,1.0,,OMIM:241500,1.0,0.0,2009-02-17,"[[""GENE:ALPL"", -1.0, 1.0]]",1,1,0,0.999631621434846,grade
AMPD2,gene,AMPD2,AMPD2,cluster:AMPD2,irritability_or_aggression,induces,monogenic,A,1.0,1.0,HPO genes_to_phenotype; diseases=OMIM:615809,True,1.0,0.0,1.0,8.0,OMIM:615809,1.0,1.0,2013-08-01,"[[""GENE:AMPD2"", -1.0, 1.0]]",1,1,0,0.9997328086157783,grade
ANG,gene,ANG,ANG,cluster:ANG,cognitive_impairment,induces,monogenic,A,1.0,0.545,HPO genes_to_phenotype; diseases=ORPHA:803,False,0.0,1.0,2.0,,ORPHA:803,1.0,0.0,,"[[""GENE:ANG"", -1.0, 1.0]]",2,2,0,0.9997730446598188,grade
ANG,gene,ANG,ANG,cluster:ANG,anxiety,induces,monogenic,A,1.0,0.545,HPO genes_to_phenotype; diseases=ORPHA:803,False,0.0,1.0,1.0,,ORPHA:803,1.0,0.0,,"[[""GENE:ANG"", -1.0, 1.0]]",1,1,0,0.9997730446598188,grade
ANG,gene,ANG,ANG,cluster:ANG,depressed_mood,induces,monogenic,A,1.0,0.545,HPO genes_to_phenotype; diseases=ORPHA:803,False,0.0,1.0,1.0,,ORPHA:803,1.0,0.0,,"[[""GENE:ANG"", -1.0, 1.0]]",1,1,0,0.9997730446598188,grade
ANG,gene,ANG,ANG,cluster:ANG,fatigue,induces,monogenic,A,1.0,0.545,HPO genes_to_phenotype; diseases=ORPHA:803,False,0.0,1.0,1.0,,ORPHA:803,1.0,0.0,,"[[""GENE:ANG"", -1.0, 1.0]]",1,1,0,0.9997730446598188,grade
ANK3,gene,ANK3,ANK3,cluster:ANK3,irritability_or_aggression,induces,monogenic,A,1.0,0.545,HPO genes_to_phenotype; diseases=OMIM:615493;ORPHA:356996,False,1.0,1.0,2.0,,OMIM:615493;ORPHA:356996,2.0,0.0,2013-11-18,"[[""GENE:ANK3"", -1.0, 1.0]]",2,2,0,0.9999152539456482,grade
SLC25A4,gene,SLC25A4,SLC25A4,cluster:LIG3,cognitive_impairment,induces,monogenic,A,0.25,0.025,HPO genes_to_phenotype; diseases=ORPHA:254892,True,0.0,1.0,1.0,,ORPHA:254892,1.0,0.0,,"[[""GENE:SLC25A4"", -1.0, 1.0]]",1,1,0,0.9994232502804609,grade
SLC25A4,gene,SLC25A4,SLC25A4,cluster:LIG3,anxiety,induces,monogenic,A,0.68,0.17,HPO genes_to_phenotype; diseases=ORPHA:254892,True,0.0,1.0,1.0,,ORPHA:254892,1.0,0.0,,"[[""GENE:SLC25A4"", -1.0, 1.0]]",1,1,0,0.9994232502804609,grade
SLC25A4,gene,SLC25A4,SLC25A4,cluster:LIG3,depressed_mood,induces,monogenic,A,0.68,0.17,HPO genes_to_phenotype; diseases=ORPHA:254892,True,0.0,1.0,1.0,,ORPHA:254892,1.0,0.0,,"[[""GENE:SLC25A4"", -1.0, 1.0]]",1,1,0,0.9994232502804609,grade
SLC25A4,gene,SLC25A4,SLC25A4,cluster:LIG3,fatigue,induces,monogenic,A,1.0,1.0,HPO genes_to_phenotype; diseases=OMIM:615418;ORPHA:254892,True,1.0,1.0,2.0,1.0,OMIM:615418;ORPHA:254892,2.0,1.0,2015-03-03,"[[""GENE:SLC25A4"", -1.0, 1.0]]",2,2,0,0.9998934187245915,grade
ANXA11,gene,ANXA11,ANXA11,cluster:ANXA11,cognitive_impairment,induces,monogenic,A,1.0,0.545,HPO genes_to_phenotype; diseases=OMIM:617839;OMIM:619733;ORPHA:803,False,2.0,1.0,4.0,23.0,OMIM:617839;OMIM:619733;ORPHA:803,3.0,2.0,2018-10-08,"[[""GENE:ANXA11"", -1.0, 1.0]]",4,3,1,0.9998247932214516,grade
ANXA11,gene,ANXA11,ANXA11,cluster:ANXA11,anxiety,induces,monogenic,A,1.0,0.545,HPO genes_to_phenotype; diseases=ORPHA:803,False,0.0,1.0,1.0,,ORPHA:803,1.0,0.0,,"[[""GENE:ANXA11"", -1.0, 1.0]]",1,1,0,0.9994232502804609,grade
ANXA11,gene,ANXA11,ANXA11,cluster:ANXA11,depressed_mood,induces,monogenic,A,1.0,0.545,HPO genes_to_phenotype; diseases=ORPHA:803,False,0.0,1.0,1.0,,ORPHA:803,1.0,0.0,,"[[""GENE:ANXA11"", -1.0, 1.0]]",1,1,0,0.9994232502804609,grade
ANXA11,gene,ANXA11,ANXA11,cluster:ANXA11,fatigue,induces,monogenic,A,1.0,0.545,HPO genes_to_phenotype; diseases=ORPHA:803,False,0.0,1.0,1.0,,ORPHA:803,1.0,0.0,,"[[""GENE:ANXA11"", -1.0, 1.0]]",1,1,0,0.9994232502804609,grade
BIRC3,gene,BIRC3,BIRC3,cluster:BCL10,fatigue,induces,monogenic,A,1.0,0.895,HPO genes_to_phenotype; diseases=ORPHA:52417,False,0.0,1.0,1.0,,ORPHA:52417,1.0,0.0,,"[[""GENE:BIRC3"", -1.0, 1.0]]",1,1,0,0.9997730446598188,grade
APOE,gene,APOE,APOE,cluster:ADH1C,cognitive_impairment,induces,monogenic,A,1.0,1.0,HPO genes_to_phenotype; diseases=OMIM:104310;OMIM:606889;OMIM:607822,True,3.0,0.0,7.0,18.0,OMIM:104310;OMIM:606889;OMIM:607822,6.0,4.0,1996-12-01,"[[""GENE:APOE"", -1.0, 1.0]]",11,11,0,0.999948635072439,grade
APOE,gene,APOE,APOE,cluster:ADH1C,irritability_or_aggression,induces,monogenic,A,1.0,0.5,HPO genes_to_phenotype; diseases=OMIM:606889,True,1.0,0.0,1.0,2.0,OMIM:606889,2.0,2.0,2003-08-01,"[[""GENE:APOE"", -1.0, 1.0]]",1,1,0,0.9996663476591036,grade
APP,gene,APP,APP,cluster:ADH1C,cognitive_impairment,induces,monogenic,A,1.0,0.895,HPO genes_to_phenotype; diseases=OMIM:104300;OMIM:605714;ORPHA:100006;ORPHA:1020;ORPHA:324703;ORPHA:324708;ORPHA:324713,False,2.0,5.0,13.0,4.0,OMIM:104300;OMIM:605714;ORPHA:100006;ORPHA:1020;ORPHA:324703;ORPHA:324708;ORPHA:324713,7.0,1.0,2010-06-20,"[[""GENE:APP"", -1.0, 1.0]]",13,13,0,0.999999752229794,grade
APP,gene,APP,APP,cluster:ADH1C,psychosis,induces,monogenic,A,1.0,0.895,HPO genes_to_phenotype; diseases=ORPHA:1020,False,0.0,1.0,1.0,,ORPHA:1020,1.0,0.0,,"[[""GENE:APP"", -1.0, 1.0]]",1,1,0,0.9994232502804609,grade
APP,gene,APP,APP,cluster:ADH1C,psychomotor_agitation,induces,monogenic,A,1.0,0.895,HPO genes_to_phenotype; diseases=ORPHA:1020,False,0.0,1.0,1.0,,ORPHA:1020,1.0,0.0,,"[[""GENE:APP"", -1.0, 1.0]]",1,1,0,0.9994232502804609,grade
FAS,gene,FAS,FAS,cluster:BCL2,cognitive_impairment,induces,monogenic,A,1.0,0.895,HPO genes_to_phenotype; diseases=ORPHA:117;ORPHA:3437,False,0.0,2.0,3.0,,ORPHA:117;ORPHA:3437,2.0,0.0,,"[[""GENE:FAS"", -1.0, 1.0]]",3,3,0,0.9999332144392659,grade
FAS,gene,FAS,FAS,cluster:BCL2,irritability_or_aggression,induces,monogenic,A,0.68,0.17,HPO genes_to_phenotype; diseases=ORPHA:117,False,0.0,1.0,1.0,,ORPHA:117,1.0,0.0,,"[[""GENE:FAS"", -1.0, 1.0]]",1,1,0,0.9997730446598188,grade
FAS,gene,FAS,FAS,cluster:BCL2,fatigue,induces,monogenic,A,1.0,0.895,HPO genes_to_phenotype; diseases=ORPHA:117,False,0.0,1.0,1.0,,ORPHA:117,1.0,0.0,,"[[""GENE:FAS"", -1.0, 1.0]]",1,1,0,0.9997730446598188,grade
AQP2,gene,AQP2,AQP2,cluster:AQP2,irritability_or_aggression,induces,monogenic,A,1.0,,HPO genes_to_phenotype; diseases=OMIM:125800,True,1.0,0.0,1.0,,OMIM:125800,1.0,0.0,2009-02-17,"[[""GENE:AQP2"", -1.0, 1.0]]",1,1,0,0.999631621434846,grade
AQP4,gene,AQP4,AQP4,cluster:AQP4,cognitive_impairment,induces,monogenic,A,1.0,0.545,HPO genes_to_phenotype; diseases=ORPHA:2478,True,0.0,1.0,1.0,,ORPHA:2478,1.0,0.0,,"[[""GENE:AQP4"", -1.0, 1.0]]",1,1,0,0.9997730446598188,grade
AR,gene,AR,AR,cluster:AR,anxiety,induces,monogenic,A,1.0,0.545,HPO genes_to_phenotype; diseases=ORPHA:95706;ORPHA:99429,False,0.0,2.0,2.0,,ORPHA:95706;ORPHA:99429,2.0,0.0,,"[[""GENE:AR"", -1.0, 1.0]]",2,2,0,0.9999332144392659,grade
AR,gene,AR,AR,cluster:AR,depressed_mood,induces,monogenic,A,0.68,0.17,HPO genes_to_phenotype; diseases=ORPHA:95706;ORPHA:99429,False,0.0,2.0,2.0,,ORPHA:95706;ORPHA:99429,2.0,0.0,,"[[""GENE:AR"", -1.0, 1.0]]",2,2,0,0.9999332144392659,grade
ABCC6,gene,ABCC6,ABCC6,cluster:ABCC6,irritability_or_aggression,induces,monogenic,A,0.68,0.17,HPO genes_to_phenotype; diseases=ORPHA:51608,False,0.0,1.0,1.0,,ORPHA:51608,1.0,0.0,,"[[""GENE:ABCC6"", -1.0, 1.0]]",1,1,0,0.9997730446598188,grade
ARG1,gene,ARG1,ARG1,cluster:ARG1,irritability_or_aggression,induces,monogenic,A,1.0,,HPO genes_to_phenotype; diseases=OMIM:207800,True,1.0,0.0,1.0,,OMIM:207800,1.0,0.0,2009-02-17,"[[""GENE:ARG1"", -1.0, 1.0]]",1,1,0,0.999631621434846,grade
ARHGDIA,gene,ARHGDIA,ARHGDIA,cluster:ARHGDIA,irritability_or_aggression,induces,monogenic,A,0.68,0.17,HPO genes_to_phenotype; diseases=ORPHA:656,False,0.0,1.0,1.0,,ORPHA:656,1.0,0.0,,"[[""GENE:ARHGDIA"", -1.0, 1.0]]",1,1,0,0.9997730446598188,grade
ARSA,gene,ARSA,ARSA,cluster:ARSA,cognitive_impairment,induces,monogenic,A,1.0,0.545,HPO genes_to_phenotype; diseases=OMIM:250100;ORPHA:309263;ORPHA:309271,True,1.0,2.0,5.0,,OMIM:250100;ORPHA:309263;ORPHA:309271,3.0,0.0,2012-04-11,"[[""GENE:ARSA"", -1.0, 1.0]]",5,5,0,0.99998050829833,grade
ARSA,gene,ARSA,ARSA,cluster:ARSA,psychosis,induces,monogenic,A,1.0,0.545,HPO genes_to_phenotype; diseases=OMIM:250100;ORPHA:309256;ORPHA:309263;ORPHA:309271,True,1.0,3.0,8.0,,OMIM:250100;ORPHA:309256;ORPHA:309263;ORPHA:309271,4.0,0.0,2009-02-17,"[[""GENE:ARSA"", -1.0, 1.0]]",8,8,0,0.9999906142693046,grade
ARSA,gene,ARSA,ARSA,cluster:ARSA,depressed_mood,induces,monogenic,A,0.68,0.17,HPO genes_to_phenotype; diseases=ORPHA:309271,True,0.0,1.0,1.0,,ORPHA:309271,1.0,0.0,,"[[""GENE:ARSA"", -1.0, 1.0]]",1,1,0,0.9994232502804609,grade
ARVCF,gene,ARVCF,ARVCF,cluster:ARVCF,anxiety,induces,monogenic,A,1.0,0.545,HPO genes_to_phenotype; diseases=ORPHA:567,False,0.0,1.0,1.0,,ORPHA:567,1.0,0.0,,"[[""GENE:ARVCF"", -1.0, 1.0]]",1,1,0,0.9997730446598188,grade
ARVCF,gene,ARVCF,ARVCF,cluster:ARVCF,depressed_mood,induces,monogenic,A,0.68,0.17,HPO genes_to_phenotype; diseases=ORPHA:567,False,0.0,1.0,1.0,,ORPHA:567,1.0,0.0,,"[[""GENE:ARVCF"", -1.0, 1.0]]",1,1,0,0.9997730446598188,grade
ASAH1,gene,ASAH1,ASAH1,cluster:ASAH1,cognitive_impairment,induces,monogenic,A,0.68,0.17,HPO genes_to_phenotype; diseases=OMIM:159950;ORPHA:2590,True,1.0,1.0,2.0,,OMIM:159950;ORPHA:2590,2.0,0.0,2010-06-20,"[[""GENE:ASAH1"", -1.0, 1.0]]",2,2,0,0.9998915873699763,grade
ASAH1,gene,ASAH1,ASAH1,cluster:ASAH1,irritability_or_aggression,induces,monogenic,A,1.0,,HPO genes_to_phenotype; diseases=OMIM:228000,True,1.0,0.0,1.0,,OMIM:228000,1.0,0.0,2009-02-17,"[[""GENE:ASAH1"", -1.0, 1.0]]",1,1,0,0.9961871887065212,grade
ASL,gene,ASL,ASL,cluster:ASL,irritability_or_aggression,induces,monogenic,A,1.0,,HPO genes_to_phenotype; diseases=OMIM:207900,True,1.0,0.0,1.0,,OMIM:207900,1.0,0.0,2009-02-17,"[[""GENE:ASL"", -1.0, 1.0]]",1,1,0,0.9961871887065212,grade
ASL,gene,ASL,ASL,cluster:ASL,psychosis,induces,monogenic,A,0.68,0.17,HPO genes_to_phenotype; diseases=ORPHA:23,True,0.0,1.0,1.0,,ORPHA:23,1.0,0.0,,"[[""GENE:ASL"", -1.0, 1.0]]",1,1,0,0.9994232502804609,grade
ASNS,gene,ASNS,ASNS,cluster:ASNS,irritability_or_aggression,induces,monogenic,A,1.0,1.0,HPO genes_to_phenotype; diseases=OMIM:615574,True,1.0,0.0,1.0,1.0,OMIM:615574,1.0,1.0,2017-08-03,"[[""GENE:ASNS"", -1.0, 1.0]]",1,1,0,0.99963784265969,grade
ASPA,gene,ASPA,ASPA,cluster:ASPA,irritability_or_aggression,induces,monogenic,A,1.0,0.545,HPO genes_to_phenotype; diseases=ORPHA:314911,True,0.0,1.0,1.0,,ORPHA:314911,1.0,0.0,,"[[""GENE:ASPA"", -1.0, 1.0]]",1,1,0,0.9997730446598188,grade
ASS1,gene,ASS1,ASS1,cluster:ASS1,irritability_or_aggression,induces,monogenic,A,1.0,,HPO genes_to_phenotype; diseases=OMIM:215700,True,1.0,0.0,1.0,,OMIM:215700,1.0,0.0,2009-02-17,"[[""GENE:ASS1"", -1.0, 1.0]]",1,1,0,0.999631621434846,grade
ATM,gene,ATM,ATM,cluster:ABCA3,cognitive_impairment,induces,monogenic,A,0.68,0.17,HPO genes_to_phenotype; diseases=ORPHA:100;ORPHA:440437,False,0.0,2.0,2.0,,ORPHA:100;ORPHA:440437,2.0,0.0,,"[[""GENE:ATM"", -1.0, 1.0]]",2,2,0,0.9999332144392659,grade
ATM,gene,ATM,ATM,cluster:ABCA3,psychosis,induces,monogenic,A,0.68,0.17,HPO genes_to_phenotype; diseases=ORPHA:440437,False,0.0,1.0,1.0,,ORPHA:440437,1.0,0.0,,"[[""GENE:ATM"", -1.0, 1.0]]",1,1,0,0.9997730446598188,grade
ATM,gene,ATM,ATM,cluster:ABCA3,irritability_or_aggression,induces,monogenic,A,1.0,0.545,HPO genes_to_phenotype; diseases=ORPHA:440437,False,0.0,1.0,1.0,,ORPHA:440437,1.0,0.0,,"[[""GENE:ATM"", -1.0, 1.0]]",1,1,0,0.9997730446598188,grade
ATM,gene,ATM,ATM,cluster:ABCA3,anxiety,induces,monogenic,A,1.0,0.545,HPO genes_to_phenotype; diseases=ORPHA:440437,False,0.0,1.0,1.0,,ORPHA:440437,1.0,0.0,,"[[""GENE:ATM"", -1.0, 1.0]]",1,1,0,0.9997730446598188,grade
ATM,gene,ATM,ATM,cluster:ABCA3,depressed_mood,induces,monogenic,A,1.0,0.545,HPO genes_to_phenotype; diseases=ORPHA:440437,False,0.0,1.0,1.0,,ORPHA:440437,1.0,0.0,,"[[""GENE:ATM"", -1.0, 1.0]]",1,1,0,0.9997730446598188,grade
ATM,gene,ATM,ATM,cluster:ABCA3,fatigue,induces,monogenic,A,1.0,0.895,HPO genes_to_phenotype; diseases=ORPHA:440437;ORPHA:52416,False,0.0,2.0,2.0,,ORPHA:440437;ORPHA:52416,2.0,0.0,,"[[""GENE:ATM"", -1.0, 1.0]]",2,2,0,0.9999332144392659,grade
ATP1A2,gene,ATP1A2,ATP1A2,cluster:ABCA3,cognitive_impairment,induces,monogenic,A,1.0,0.875,HPO genes_to_phenotype; diseases=OMIM:602481;ORPHA:442835;ORPHA:569,True,1.0,2.0,3.0,8.0,OMIM:602481;ORPHA:442835;ORPHA:569,3.0,1.0,2004-07-31,"[[""GENE:ATP1A2"", -1.0, 1.0]]",3,3,0,0.9999768647787725,grade
ATP1A2,gene,ATP1A2,ATP1A2,cluster:ABCA3,irritability_or_aggression,induces,monogenic,A,0.68,0.17,HPO genes_to_phenotype; diseases=ORPHA:2131,True,0.0,1.0,1.0,,ORPHA:2131,1.0,0.0,,"[[""GENE:ATP1A2"", -1.0, 1.0]]",1,1,0,0.9994232502804609,grade
ATP1A3,gene,ATP1A3,ATP1A3,cluster:ABCA3,cognitive_impairment,induces,monogenic,A,0.68,0.17,HPO genes_to_phenotype; diseases=OMIM:614820;ORPHA:1171;ORPHA:442835,True,1.0,2.0,3.0,,OMIM:614820;ORPHA:1171;ORPHA:442835,3.0,0.0,2012-10-17,"[[""GENE:ATP1A3"", -1.0, 1.0]]",3,3,0,0.9999750645009944,grade
ATP1A3,gene,ATP1A3,ATP1A3,cluster:ABCA3,anxiety,induces,monogenic,A,0.68,0.17,HPO genes_to_phenotype; diseases=OMIM:128235;ORPHA:71517,True,1.0,1.0,2.0,,OMIM:128235;ORPHA:71517,2.0,0.0,2009-02-17,"[[""GENE:ATP1A3"", -1.0, 1.0]]",2,2,0,0.9998915873699763,grade
ATP1A3,gene,ATP1A3,ATP1A3,cluster:ABCA3,depressed_mood,induces,monogenic,A,0.68,0.17,HPO genes_to_phenotype; diseases=OMIM:128235;ORPHA:71517,True,1.0,1.0,2.0,,OMIM:128235;ORPHA:71517,2.0,0.0,2009-02-17,"[[""GENE:ATP1A3"", -1.0, 1.0]]",2,2,0,0.9998915873699763,grade
ATP1A3,gene,ATP1A3,ATP1A3,cluster:ABCA3,irritability_or_aggression,induces,monogenic,A,0.68,0.17,HPO genes_to_phenotype; diseases=ORPHA:2131,True,0.0,1.0,1.0,,ORPHA:2131,1.0,0.0,,"[[""GENE:ATP1A3"", -1.0, 1.0]]",1,1,0,0.9994232502804609,grade
ATP2A2,gene,ATP2A2,ATP2A2,cluster:ATP2A2,depressed_mood,induces,monogenic,A,0.68,0.17,HPO genes_to_phenotype; diseases=ORPHA:218,True,0.0,1.0,1.0,,ORPHA:218,1.0,0.0,,"[[""GENE:ATP2A2"", -1.0, 1.0]]",1,1,0,0.9997730446598188,grade
ATP5F1A,gene,ATP5F1A,ATP5F1A,cluster:ATP5F1A,irritability_or_aggression,induces,monogenic,A,1.0,1.0,HPO genes_to_phenotype; diseases=OMIM:615228,True,1.0,0.0,1.0,2.0,OMIM:615228,1.0,1.0,2013-04-18,"[[""GENE:ATP5F1A"", -1.0, 1.0]]",1,1,0,0.9996663476591036,grade
ALDH7A1,gene,ALDH7A1,ALDH7A1,cluster:ALDH7A1,irritability_or_aggression,induces,monogenic,A,1.0,0.545,HPO genes_to_phenotype; diseases=ORPHA:3006,True,0.0,1.0,1.0,,ORPHA:3006,1.0,0.0,,"[[""GENE:ALDH7A1"", -1.0, 1.0]]",1,1,0,0.9997730446598188,grade
ALDH7A1,gene,ALDH7A1,ALDH7A1,cluster:ALDH7A1,psychomotor_agitation,induces,monogenic,A,0.68,0.17,HPO genes_to_phenotype; diseases=ORPHA:3006,True,0.0,1.0,1.0,,ORPHA:3006,1.0,0.0,,"[[""GENE:ALDH7A1"", -1.0, 1.0]]",1,1,0,0.9997730446598188,grade
ATP6V1A,gene,ATP6V1A,ATP6V1A,cluster:ATP6V0A2,cognitive_impairment,induces,monogenic,A,1.0,0.895,HPO genes_to_phenotype; diseases=ORPHA:357074;ORPHA:442835,True,0.0,2.0,2.0,,ORPHA:357074;ORPHA:442835,2.0,0.0,,"[[""GENE:ATP6V1A"", -1.0, 1.0]]",2,2,0,0.9999332144392659,grade
ATP6V1E1,gene,ATP6V1E1,ATP6V1E1,cluster:ATP6V0A2,cognitive_impairment,induces,monogenic,A,1.0,0.895,HPO genes_to_phenotype; diseases=ORPHA:357074,True,0.0,1.0,1.0,,ORPHA:357074,1.0,0.0,,"[[""GENE:ATP6V1E1"", -1.0, 1.0]]",1,1,0,0.9997730446598188,grade
ATP6V0A1,gene,ATP6V0A1,ATP6V0A1,cluster:ATP6V0A1,psychomotor_agitation,induces,monogenic,A,1.0,0.5,HPO genes_to_phenotype; diseases=OMIM:619970,True,1.0,0.0,1.0,2.0,OMIM:619970,1.0,1.0,2021-04-08,"[[""GENE:ATP6V0A1"", -1.0, 1.0]]",1,1,0,0.9996663476591036,grade
ATP7A,gene,ATP7A,ATP7A,cluster:ATP7A,fatigue,induces,monogenic,A,1.0,0.895,HPO genes_to_phenotype; diseases=ORPHA:565,False,0.0,1.0,1.0,,ORPHA:565,1.0,0.0,,"[[""GENE:ATP7A"", -1.0, 1.0]]",1,1,0,0.9997730446598188,grade
ATP7B,gene,ATP7B,ATP7B,cluster:ATP7B,insomnia,induces,monogenic,A,1.0,0.3333333333333333,HPO genes_to_phenotype; diseases=OMIM:277900;ORPHA:905,False,1.0,1.0,2.0,3.0,OMIM:277900;ORPHA:905,2.0,1.0,2022-04-28,"[[""GENE:ATP7B"", -1.0, 1.0]]",2,2,0,0.9999073592912551,grade
ATP7B,gene,ATP7B,ATP7B,cluster:ATP7B,psychosis,induces,monogenic,A,0.68,0.17,HPO genes_to_phenotype; diseases=ORPHA:905,False,0.0,1.0,2.0,,ORPHA:905,1.0,0.0,,"[[""GENE:ATP7B"", -1.0, 1.0]]",2,2,0,0.9994232502804609,grade
ATP7B,gene,ATP7B,ATP7B,cluster:ATP7B,anxiety,induces,monogenic,A,0.68,0.17,HPO genes_to_phenotype; diseases=ORPHA:905,False,0.0,1.0,1.0,,ORPHA:905,1.0,0.0,,"[[""GENE:ATP7B"", -1.0, 1.0]]",1,1,0,0.9994232502804609,grade
ATP7B,gene,ATP7B,ATP7B,cluster:ATP7B,depressed_mood,induces,monogenic,A,1.0,0.895,HPO genes_to_phenotype; diseases=ORPHA:905,False,0.0,1.0,1.0,,ORPHA:905,1.0,0.0,,"[[""GENE:ATP7B"", -1.0, 1.0]]",1,1,0,0.9994232502804609,grade
ATP7B,gene,ATP7B,ATP7B,cluster:ATP7B,irritability_or_aggression,induces,monogenic,A,1.0,0.895,HPO genes_to_phenotype; diseases=ORPHA:905,False,0.0,1.0,1.0,,ORPHA:905,1.0,0.0,,"[[""GENE:ATP7B"", -1.0, 1.0]]",1,1,0,0.9994232502804609,grade
ATP7B,gene,ATP7B,ATP7B,cluster:ATP7B,cognitive_impairment,induces,monogenic,A,1.0,,HPO genes_to_phenotype; diseases=OMIM:277900,False,1.0,0.0,1.0,,OMIM:277900,1.0,0.0,2009-02-17,"[[""GENE:ATP7B"", -1.0, 1.0]]",1,1,0,0.9961871887065212,grade
ATR,gene,ATR,ATR,cluster:ATR,cognitive_impairment,induces,monogenic,A,1.0,0.895,HPO genes_to_phenotype; diseases=ORPHA:808,False,0.0,1.0,1.0,,ORPHA:808,1.0,0.0,,"[[""GENE:ATR"", -1.0, 1.0]]",1,1,0,0.9997730446598188,grade
ATRX,gene,ATRX,ATRX,cluster:ABCA3,anxiety,induces,monogenic,A,0.25,0.025,HPO genes_to_phenotype; diseases=ORPHA:96253,False,0.0,1.0,1.0,,ORPHA:96253,1.0,0.0,,"[[""GENE:ATRX"", -1.0, 1.0]]",1,1,0,0.9997730446598188,grade
ATRX,gene,ATRX,ATRX,cluster:ABCA3,cognitive_impairment,induces,monogenic,A,0.68,0.17,HPO genes_to_phenotype; diseases=ORPHA:96253,False,0.0,1.0,2.0,,ORPHA:96253,1.0,0.0,,"[[""GENE:ATRX"", -1.0, 1.0]]",2,2,0,0.9997730446598188,grade
ATRX,gene,ATRX,ATRX,cluster:ABCA3,depressed_mood,induces,monogenic,A,0.68,0.17,HPO genes_to_phenotype; diseases=ORPHA:847;ORPHA:96253,False,0.0,2.0,2.0,,ORPHA:847;ORPHA:96253,2.0,0.0,,"[[""GENE:ATRX"", -1.0, 1.0]]",2,2,0,0.9999332144392659,grade
ATRX,gene,ATRX,ATRX,cluster:ABCA3,psychosis,induces,monogenic,A,0.25,0.025,HPO genes_to_phenotype; diseases=ORPHA:96253,False,0.0,1.0,1.0,,ORPHA:96253,1.0,0.0,,"[[""GENE:ATRX"", -1.0, 1.0]]",1,1,0,0.9997730446598188,grade
ATRX,gene,ATRX,ATRX,cluster:ABCA3,fatigue,induces,monogenic,A,1.0,0.895,HPO genes_to_phenotype; diseases=ORPHA:231401,False,0.0,1.0,1.0,,ORPHA:231401,1.0,0.0,,"[[""GENE:ATRX"", -1.0, 1.0]]",1,1,0,0.9997730446598188,grade
AUH,gene,AUH,AUH,cluster:AUH,cognitive_impairment,induces,monogenic,A,0.8,0.2,HPO genes_to_phenotype; diseases=OMIM:250950,True,1.0,0.0,3.0,10.0,OMIM:250950,2.0,1.0,2009-02-17,"[[""GENE:AUH"", -1.0, 1.0]]",3,3,0,0.9997748793976969,grade
AVP,gene,AVP,AVP,cluster:AVP,irritability_or_aggression,induces,monogenic,A,1.0,0.545,HPO genes_to_phenotype; diseases=ORPHA:30925,False,0.0,1.0,1.0,,ORPHA:30925,1.0,0.0,,"[[""GENE:AVP"", -1.0, 1.0]]",1,1,0,0.9997730446598188,grade
AVPR2,gene,AVPR2,AVPR2,cluster:AVPR2,irritability_or_aggression,induces,monogenic,A,1.0,0.5,HPO genes_to_phenotype; diseases=OMIM:300539;OMIM:304800,False,2.0,0.0,2.0,2.0,OMIM:300539;OMIM:304800,2.0,1.0,2009-02-17,"[[""GENE:AVPR2"", -1.0, 1.0]]",2,2,0,0.9998406111784244,grade
BBS1,gene,BBS1,BBS1,cluster:BBIP1,cognitive_impairment,induces,monogenic,A,1.0,0.545,HPO genes_to_phenotype; diseases=ORPHA:110,False,0.0,1.0,2.0,,ORPHA:110,1.0,0.0,,"[[""GENE:BBS1"", -1.0, 1.0]]",2,2,0,0.9997730446598188,grade
BBS1,gene,BBS1,BBS1,cluster:BBIP1,anxiety,induces,monogenic,A,0.68,0.17,HPO genes_to_phenotype; diseases=ORPHA:110,False,0.0,1.0,1.0,,ORPHA:110,1.0,0.0,,"[[""GENE:BBS1"", -1.0, 1.0]]",1,1,0,0.9997730446598188,grade
BBS1,gene,BBS1,BBS1,cluster:BBIP1,depressed_mood,induces,monogenic,A,1.0,0.545,HPO genes_to_phenotype; diseases=ORPHA:110,False,0.0,1.0,1.0,,ORPHA:110,1.0,0.0,,"[[""GENE:BBS1"", -1.0, 1.0]]",1,1,0,0.9997730446598188,grade
BBS2,gene,BBS2,BBS2,cluster:BBIP1,cognitive_impairment,induces,monogenic,A,1.0,0.545,HPO genes_to_phenotype; diseases=ORPHA:110,False,0.0,1.0,2.0,,ORPHA:110,1.0,0.0,,"[[""GENE:BBS2"", -1.0, 1.0]]",2,2,0,0.9997730446598188,grade
BBS2,gene,BBS2,BBS2,cluster:BBIP1,anxiety,induces,monogenic,A,0.68,0.17,HPO genes_to_phenotype; diseases=ORPHA:110,False,0.0,1.0,1.0,,ORPHA:110,1.0,0.0,,"[[""GENE:BBS2"", -1.0, 1.0]]",1,1,0,0.9997730446598188,grade
BBS2,gene,BBS2,BBS2,cluster:BBIP1,depressed_mood,induces,monogenic,A,1.0,0.545,HPO genes_to_phenotype; diseases=ORPHA:110,False,0.0,1.0,1.0,,ORPHA:110,1.0,0.0,,"[[""GENE:BBS2"", -1.0, 1.0]]",1,1,0,0.9997730446598188,grade
BBS4,gene,BBS4,BBS4,cluster:BBIP1,cognitive_impairment,induces,monogenic,A,1.0,0.545,HPO genes_to_phenotype; diseases=ORPHA:110,False,0.0,1.0,2.0,,ORPHA:110,1.0,0.0,,"[[""GENE:BBS4"", -1.0, 1.0]]",2,2,0,0.9997730446598188,grade
BBS4,gene,BBS4,BBS4,cluster:BBIP1,anxiety,induces,monogenic,A,0.68,0.17,HPO genes_to_phenotype; diseases=ORPHA:110,False,0.0,1.0,1.0,,ORPHA:110,1.0,0.0,,"[[""GENE:BBS4"", -1.0, 1.0]]",1,1,0,0.9997730446598188,grade
BBS4,gene,BBS4,BBS4,cluster:BBIP1,depressed_mood,induces,monogenic,A,1.0,0.545,HPO genes_to_phenotype; diseases=ORPHA:110,False,0.0,1.0,1.0,,ORPHA:110,1.0,0.0,,"[[""GENE:BBS4"", -1.0, 1.0]]",1,1,0,0.9997730446598188,grade
BCKDHA,gene,BCKDHA,BCKDHA,cluster:BCKDHA,psychosis,induces,monogenic,A,1.0,,HPO genes_to_phenotype; diseases=OMIM:248600,True,1.0,0.0,1.0,,OMIM:248600,1.0,0.0,2009-02-17,"[[""GENE:BCKDHA"", -1.0, 1.0]]",1,1,0,0.999631621434846,grade
CCND1,gene,CCND1,CCND1,cluster:ABCA3,anxiety,induces,monogenic,A,0.68,0.17,HPO genes_to_phenotype; diseases=ORPHA:892,False,0.0,1.0,1.0,,ORPHA:892,1.0,0.0,,"[[""GENE:CCND1"", -1.0, 1.0]]",1,1,0,0.9997730446598188,grade
CCND1,gene,CCND1,CCND1,cluster:ABCA3,fatigue,induces,monogenic,A,1.0,0.545,HPO genes_to_phenotype; diseases=ORPHA:29073;ORPHA:52416,False,0.0,2.0,2.0,,ORPHA:29073;ORPHA:52416,2.0,0.0,,"[[""GENE:CCND1"", -1.0, 1.0]]",2,2,0,0.9999332144392659,grade
BCL2,gene,BCL2,BCL2,cluster:BCL2,fatigue,induces,monogenic,A,1.0,0.545,HPO genes_to_phenotype; diseases=ORPHA:545,False,0.0,1.0,1.0,,ORPHA:545,1.0,0.0,,"[[""GENE:BCL2"", -1.0, 1.0]]",1,1,0,0.9997730446598188,grade
BCL6,gene,BCL6,BCL6,cluster:BCL2,fatigue,induces,monogenic,A,1.0,0.545,HPO genes_to_phenotype; diseases=ORPHA:545,False,0.0,1.0,1.0,,ORPHA:545,1.0,0.0,,"[[""GENE:BCL6"", -1.0, 1.0]]",1,1,0,0.9997730446598188,grade
BCR,gene,BCR,BCR,cluster:ABCA3,depressed_mood,induces,monogenic,A,0.68,0.17,HPO genes_to_phenotype; diseases=ORPHA:261330,False,0.0,1.0,1.0,,ORPHA:261330,1.0,0.0,,"[[""GENE:BCR"", -1.0, 1.0]]",1,1,0,0.9997730446598188,grade
BCR,gene,BCR,BCR,cluster:ABCA3,fatigue,induces,monogenic,A,1.0,0.545,HPO genes_to_phenotype; diseases=ORPHA:521,False,0.0,1.0,1.0,,ORPHA:521,1.0,0.0,,"[[""GENE:BCR"", -1.0, 1.0]]",1,1,0,0.9997730446598188,grade
BCS1L,gene,BCS1L,BCS1L,cluster:BCS1L,psychosis,induces,monogenic,A,1.0,,HPO genes_to_phenotype; diseases=OMIM:124000,False,1.0,0.0,1.0,,OMIM:124000,1.0,0.0,2009-02-17,"[[""GENE:BCS1L"", -1.0, 1.0]]",1,1,0,0.999631621434846,grade
BCS1L,gene,BCS1L,BCS1L,cluster:BCS1L,depressed_mood,induces,monogenic,A,1.0,,HPO genes_to_phenotype; diseases=OMIM:124000,False,1.0,0.0,1.0,,OMIM:124000,1.0,0.0,2009-02-17,"[[""GENE:BCS1L"", -1.0, 1.0]]",1,1,0,0.999631621434846,grade
BDNF,gene,BDNF,BDNF,cluster:ALK,cognitive_impairment,induces,monogenic,A,0.68,0.17,HPO genes_to_phenotype; diseases=ORPHA:661,False,0.0,1.0,1.0,,ORPHA:661,1.0,0.0,,"[[""GENE:BDNF"", -1.0, 1.0]]",1,1,0,0.9997730446598188,grade
BLK,gene,BLK,BLK,cluster:BLK,depressed_mood,induces,monogenic,A,0.68,0.17,HPO genes_to_phenotype; diseases=ORPHA:536,False,0.0,1.0,1.0,,ORPHA:536,1.0,0.0,,"[[""GENE:BLK"", -1.0, 1.0]]",1,1,0,0.9997730446598188,grade
BLK,gene,BLK,BLK,cluster:BLK,fatigue,induces,monogenic,A,1.0,0.895,HPO genes_to_phenotype; diseases=ORPHA:536,False,0.0,1.0,1.0,,ORPHA:536,1.0,0.0,,"[[""GENE:BLK"", -1.0, 1.0]]",1,1,0,0.9997730446598188,grade
BMP6,gene,BMP6,BMP6,cluster:BAZ1B,fatigue,induces,monogenic,A,1.0,0.545,HPO genes_to_phenotype; diseases=ORPHA:465508,False,0.0,1.0,1.0,,ORPHA:465508,1.0,0.0,,"[[""GENE:BMP6"", -1.0, 1.0]]",1,1,0,0.9997730446598188,grade
BMPR1A,gene,BMPR1A,BMPR1A,cluster:ABCA3,cognitive_impairment,induces,monogenic,A,0.68,0.17,HPO genes_to_phenotype; diseases=ORPHA:440437,False,0.0,1.0,1.0,,ORPHA:440437,1.0,0.0,,"[[""GENE:BMPR1A"", -1.0, 1.0]]",1,1,0,0.9997730446598188,grade
BMPR1A,gene,BMPR1A,BMPR1A,cluster:ABCA3,psychosis,induces,monogenic,A,0.68,0.17,HPO genes_to_phenotype; diseases=ORPHA:440437,False,0.0,1.0,1.0,,ORPHA:440437,1.0,0.0,,"[[""GENE:BMPR1A"", -1.0, 1.0]]",1,1,0,0.9997730446598188,grade
BMPR1A,gene,BMPR1A,BMPR1A,cluster:ABCA3,irritability_or_aggression,induces,monogenic,A,1.0,0.545,HPO genes_to_phenotype; diseases=ORPHA:440437,False,0.0,1.0,1.0,,ORPHA:440437,1.0,0.0,,"[[""GENE:BMPR1A"", -1.0, 1.0]]",1,1,0,0.9997730446598188,grade
BMPR1A,gene,BMPR1A,BMPR1A,cluster:ABCA3,anxiety,induces,monogenic,A,1.0,0.545,HPO genes_to_phenotype; diseases=ORPHA:440437,False,0.0,1.0,1.0,,ORPHA:440437,1.0,0.0,,"[[""GENE:BMPR1A"", -1.0, 1.0]]",1,1,0,0.9997730446598188,grade
BMPR1A,gene,BMPR1A,BMPR1A,cluster:ABCA3,depressed_mood,induces,monogenic,A,1.0,0.545,HPO genes_to_phenotype; diseases=ORPHA:440437,False,0.0,1.0,1.0,,ORPHA:440437,1.0,0.0,,"[[""GENE:BMPR1A"", -1.0, 1.0]]",1,1,0,0.9997730446598188,grade
BMPR1A,gene,BMPR1A,BMPR1A,cluster:ABCA3,fatigue,induces,monogenic,A,1.0,0.895,HPO genes_to_phenotype; diseases=ORPHA:440437,False,0.0,1.0,1.0,,ORPHA:440437,1.0,0.0,,"[[""GENE:BMPR1A"", -1.0, 1.0]]",1,1,0,0.9997730446598188,grade
BRCA1,gene,BRCA1,BRCA1,cluster:ABCA3,fatigue,induces,monogenic,A,1.0,0.895,HPO genes_to_phenotype; diseases=ORPHA:1333;ORPHA:70567,False,0.0,2.0,2.0,,ORPHA:1333;ORPHA:70567,2.0,0.0,,"[[""GENE:BRCA1"", -1.0, 1.0]]",2,2,0,0.9999332144392659,grade
BRAF,gene,BRAF,BRAF,cluster:ABCA3,anxiety,induces,monogenic,A,0.25,0.025,HPO genes_to_phenotype; diseases=ORPHA:96253,False,0.0,1.0,1.0,,ORPHA:96253,1.0,0.0,,"[[""GENE:BRAF"", -1.0, 1.0]]",1,1,0,0.9994232502804609,grade
BRAF,gene,BRAF,BRAF,cluster:ABCA3,somnolence_or_hypersomnia,induces,monogenic,A,1.0,0.545,HPO genes_to_phenotype; diseases=ORPHA:54595,False,0.0,1.0,1.0,,ORPHA:54595,1.0,0.0,,"[[""GENE:BRAF"", -1.0, 1.0]]",1,1,0,0.9994232502804609,grade
BRAF,gene,BRAF,BRAF,cluster:ABCA3,cognitive_impairment,induces,monogenic,A,0.68,0.17,HPO genes_to_phenotype; diseases=OMIM:613706;ORPHA:96253,False,1.0,1.0,3.0,,OMIM:613706;ORPHA:96253,2.0,0.0,2017-07-13,"[[""GENE:BRAF"", -1.0, 1.0]]",3,3,0,0.9999152539456482,grade
BRAF,gene,BRAF,BRAF,cluster:ABCA3,depressed_mood,induces,monogenic,A,0.68,0.17,HPO genes_to_phenotype; diseases=ORPHA:96253,False,0.0,1.0,1.0,,ORPHA:96253,1.0,0.0,,"[[""GENE:BRAF"", -1.0, 1.0]]",1,1,0,0.9994232502804609,grade
BRAF,gene,BRAF,BRAF,cluster:ABCA3,psychosis,induces,monogenic,A,0.25,0.025,HPO genes_to_phenotype; diseases=ORPHA:96253,False,0.0,1.0,1.0,,ORPHA:96253,1.0,0.0,,"[[""GENE:BRAF"", -1.0, 1.0]]",1,1,0,0.9994232502804609,grade
BRCA2,gene,BRCA2,BRCA2,cluster:ABCA3,cognitive_impairment,induces,monogenic,A,0.68,0.17,HPO genes_to_phenotype; diseases=ORPHA:440437,False,0.0,1.0,1.0,,ORPHA:440437,1.0,0.0,,"[[""GENE:BRCA2"", -1.0, 1.0]]",1,1,0,0.9997730446598188,grade
BRCA2,gene,BRCA2,BRCA2,cluster:ABCA3,psychosis,induces,monogenic,A,0.68,0.17,HPO genes_to_phenotype; diseases=ORPHA:440437,False,0.0,1.0,1.0,,ORPHA:440437,1.0,0.0,,"[[""GENE:BRCA2"", -1.0, 1.0]]",1,1,0,0.9997730446598188,grade
BRCA2,gene,BRCA2,BRCA2,cluster:ABCA3,irritability_or_aggression,induces,monogenic,A,1.0,0.545,HPO genes_to_phenotype; diseases=ORPHA:440437,False,0.0,1.0,1.0,,ORPHA:440437,1.0,0.0,,"[[""GENE:BRCA2"", -1.0, 1.0]]",1,1,0,0.9997730446598188,grade
BRCA2,gene,BRCA2,BRCA2,cluster:ABCA3,anxiety,induces,monogenic,A,1.0,0.545,HPO genes_to_phenotype; diseases=ORPHA:440437,False,0.0,1.0,1.0,,ORPHA:440437,1.0,0.0,,"[[""GENE:BRCA2"", -1.0, 1.0]]",1,1,0,0.9997730446598188,grade
BRCA2,gene,BRCA2,BRCA2,cluster:ABCA3,depressed_mood,induces,monogenic,A,1.0,0.545,HPO genes_to_phenotype; diseases=ORPHA:440437,False,0.0,1.0,1.0,,ORPHA:440437,1.0,0.0,,"[[""GENE:BRCA2"", -1.0, 1.0]]",1,1,0,0.9997730446598188,grade
BRCA2,gene,BRCA2,BRCA2,cluster:ABCA3,fatigue,induces,monogenic,A,1.0,0.895,HPO genes_to_phenotype; diseases=ORPHA:1333;ORPHA:440437;ORPHA:70567,False,0.0,3.0,3.0,,ORPHA:1333;ORPHA:440437;ORPHA:70567,3.0,0.0,,"[[""GENE:BRCA2"", -1.0, 1.0]]",3,3,0,0.9999803494075916,grade
BTK,gene,BTK,BTK,cluster:BTK,fatigue,induces,monogenic,A,1.0,0.895,HPO genes_to_phenotype; diseases=ORPHA:47,False,0.0,1.0,1.0,,ORPHA:47,1.0,0.0,,"[[""GENE:BTK"", -1.0, 1.0]]",1,1,0,0.9997730446598188,grade
C1QBP,gene,C1QBP,C1QBP,cluster:C1QBP,fatigue,induces,monogenic,A,1.0,0.25,HPO genes_to_phenotype; diseases=OMIM:617713,False,1.0,0.0,1.0,4.0,OMIM:617713,1.0,1.0,2018-10-08,"[[""GENE:C1QBP"", -1.0, 1.0]]",1,1,0,0.9996990889216895,grade
C1R,gene,C1R,C1R,cluster:C1R,anxiety,induces,monogenic,A,1.0,0.545,HPO genes_to_phenotype; diseases=ORPHA:75392,False,0.0,1.0,1.0,,ORPHA:75392,1.0,0.0,,"[[""GENE:C1R"", -1.0, 1.0]]",1,1,0,0.9997730446598188,grade
C1R,gene,C1R,C1R,cluster:C1R,depressed_mood,induces,monogenic,A,0.68,0.17,HPO genes_to_phenotype; diseases=ORPHA:75392,False,0.0,1.0,1.0,,ORPHA:75392,1.0,0.0,,"[[""GENE:C1R"", -1.0, 1.0]]",1,1,0,0.9997730446598188,grade
C1S,gene,C1S,C1S,cluster:C1R,anxiety,induces,monogenic,A,1.0,0.545,HPO genes_to_phenotype; diseases=ORPHA:75392,False,0.0,1.0,1.0,,ORPHA:75392,1.0,0.0,,"[[""GENE:C1S"", -1.0, 1.0]]",1,1,0,0.9997730446598188,grade
C1S,gene,C1S,C1S,cluster:C1R,depressed_mood,induces,monogenic,A,0.68,0.17,HPO genes_to_phenotype; diseases=ORPHA:75392,False,0.0,1.0,1.0,,ORPHA:75392,1.0,0.0,,"[[""GENE:C1S"", -1.0, 1.0]]",1,1,0,0.9997730446598188,grade
C4A,gene,C4A,C4A,cluster:BCL2,cognitive_impairment,induces,monogenic,A,1.0,0.545,HPO genes_to_phenotype; diseases=ORPHA:117,False,0.0,1.0,2.0,,ORPHA:117,1.0,0.0,,"[[""GENE:C4A"", -1.0, 1.0]]",2,2,0,0.9997730446598188,grade
C4A,gene,C4A,C4A,cluster:BCL2,irritability_or_aggression,induces,monogenic,A,0.68,0.17,HPO genes_to_phenotype; diseases=ORPHA:117,False,0.0,1.0,1.0,,ORPHA:117,1.0,0.0,,"[[""GENE:C4A"", -1.0, 1.0]]",1,1,0,0.9997730446598188,grade
C4A,gene,C4A,C4A,cluster:BCL2,depressed_mood,induces,monogenic,A,0.68,0.17,HPO genes_to_phenotype; diseases=ORPHA:536,False,0.0,1.0,1.0,,ORPHA:536,1.0,0.0,,"[[""GENE:C4A"", -1.0, 1.0]]",1,1,0,0.9997730446598188,grade
C4A,gene,C4A,C4A,cluster:BCL2,fatigue,induces,monogenic,A,1.0,0.895,HPO genes_to_phenotype; diseases=ORPHA:117;ORPHA:536,False,0.0,2.0,2.0,,ORPHA:117;ORPHA:536,2.0,0.0,,"[[""GENE:C4A"", -1.0, 1.0]]",2,2,0,0.9999332144392659,grade
C4B,gene,C4B,C4B,cluster:C4B,depressed_mood,induces,monogenic,A,0.68,0.17,HPO genes_to_phenotype; diseases=ORPHA:536,False,0.0,1.0,1.0,,ORPHA:536,1.0,0.0,,"[[""GENE:C4B"", -1.0, 1.0]]",1,1,0,0.9997730446598188,grade
C4B,gene,C4B,C4B,cluster:C4B,fatigue,induces,monogenic,A,1.0,0.895,HPO genes_to_phenotype; diseases=ORPHA:536,False,0.0,1.0,1.0,,ORPHA:536,1.0,0.0,,"[[""GENE:C4B"", -1.0, 1.0]]",1,1,0,0.9997730446598188,grade
CFAP410,gene,CFAP410,CFAP410,cluster:CFAP410,cognitive_impairment,induces,monogenic,A,1.0,0.545,HPO genes_to_phenotype; diseases=ORPHA:803,False,0.0,1.0,2.0,,ORPHA:803,1.0,0.0,,"[[""GENE:CFAP410"", -1.0, 1.0]]",2,2,0,0.9997730446598188,grade
CFAP410,gene,CFAP410,CFAP410,cluster:CFAP410,anxiety,induces,monogenic,A,1.0,0.545,HPO genes_to_phenotype; diseases=ORPHA:803,False,0.0,1.0,1.0,,ORPHA:803,1.0,0.0,,"[[""GENE:CFAP410"", -1.0, 1.0]]",1,1,0,0.9997730446598188,grade
CFAP410,gene,CFAP410,CFAP410,cluster:CFAP410,depressed_mood,induces,monogenic,A,1.0,0.545,HPO genes_to_phenotype; diseases=ORPHA:803,False,0.0,1.0,1.0,,ORPHA:803,1.0,0.0,,"[[""GENE:CFAP410"", -1.0, 1.0]]",1,1,0,0.9997730446598188,grade
CFAP410,gene,CFAP410,CFAP410,cluster:CFAP410,fatigue,induces,monogenic,A,1.0,0.545,HPO genes_to_phenotype; diseases=ORPHA:803,False,0.0,1.0,1.0,,ORPHA:803,1.0,0.0,,"[[""GENE:CFAP410"", -1.0, 1.0]]",1,1,0,0.9997730446598188,grade
CACNA1A,gene,CACNA1A,CACNA1A,cluster:ABCA3,cognitive_impairment,induces,monogenic,A,1.0,0.545,HPO genes_to_phenotype; diseases=OMIM:141500;ORPHA:2382;ORPHA:442835;ORPHA:569,False,1.0,3.0,4.0,,OMIM:141500;ORPHA:2382;ORPHA:442835;ORPHA:569,4.0,0.0,2009-02-17,"[[""GENE:CACNA1A"", -1.0, 1.0]]",4,4,0,0.9999906142693046,grade
CACNA1A,gene,CACNA1A,CACNA1A,cluster:ABCA3,psychosis,induces,monogenic,A,0.68,0.17,HPO genes_to_phenotype; diseases=OMIM:141500;ORPHA:2382,False,1.0,1.0,4.0,,OMIM:141500;ORPHA:2382,2.0,0.0,2009-02-17,"[[""GENE:CACNA1A"", -1.0, 1.0]]",4,4,0,0.9999152539456482,grade
CACNA1A,gene,CACNA1A,CACNA1A,cluster:ABCA3,irritability_or_aggression,induces,monogenic,A,1.0,0.545,HPO genes_to_phenotype; diseases=ORPHA:2131;ORPHA:2382;ORPHA:71518,False,0.0,3.0,4.0,,ORPHA:2131;ORPHA:2382;ORPHA:71518,3.0,0.0,,"[[""GENE:CACNA1A"", -1.0, 1.0]]",4,4,0,0.9999500470146856,grade
CACNA1A,gene,CACNA1A,CACNA1A,cluster:ABCA3,anxiety,induces,monogenic,A,1.0,,HPO genes_to_phenotype; diseases=OMIM:141500,False,1.0,0.0,1.0,,OMIM:141500,1.0,0.0,2013-01-22,"[[""GENE:CACNA1A"", -1.0, 1.0]]",1,1,0,0.997017116436691,grade
CACNA1A,gene,CACNA1A,CACNA1A,cluster:ABCA3,psychomotor_agitation,induces,monogenic,A,1.0,,HPO genes_to_phenotype; diseases=OMIM:141500,False,1.0,0.0,1.0,,OMIM:141500,1.0,0.0,2013-01-22,"[[""GENE:CACNA1A"", -1.0, 1.0]]",1,1,0,0.997017116436691,grade
CACNA1B,gene,CACNA1B,CACNA1B,cluster:CACNA1B,cognitive_impairment,induces,monogenic,A,0.68,0.17,HPO genes_to_phenotype; diseases=ORPHA:442835,False,0.0,1.0,1.0,,ORPHA:442835,1.0,0.0,,"[[""GENE:CACNA1B"", -1.0, 1.0]]",1,1,0,0.9997730446598188,grade
CACNA2D1,gene,CACNA2D1,CACNA2D1,cluster:CACNA2D1,cognitive_impairment,induces,monogenic,A,0.68,0.17,HPO genes_to_phenotype; diseases=ORPHA:442835,False,0.0,1.0,1.0,,ORPHA:442835,1.0,0.0,,"[[""GENE:CACNA2D1"", -1.0, 1.0]]",1,1,0,0.9997730446598188,grade
CACNB4,gene,CACNB4,CACNB4,cluster:ABCA3,irritability_or_aggression,induces,monogenic,A,0.25,0.025,HPO genes_to_phenotype; diseases=ORPHA:307,False,0.0,1.0,1.0,,ORPHA:307,1.0,0.0,,"[[""GENE:CACNB4"", -1.0, 1.0]]",1,1,0,0.9997730446598188,grade
SLC25A20,gene,SLC25A20,SLC25A20,cluster:SLC25A20,irritability_or_aggression,induces,monogenic,A,1.0,0.895,HPO genes_to_phenotype; diseases=OMIM:212138;ORPHA:159,True,1.0,1.0,2.0,,OMIM:212138;ORPHA:159,2.0,0.0,2014-03-24,"[[""GENE:SLC25A20"", -1.0, 1.0]]",2,2,0,0.9999152539456482,grade
CALR,gene,CALR,CALR,cluster:ABCA3,insomnia,induces,monogenic,A,1.0,0.545,HPO genes_to_phenotype; diseases=ORPHA:3318,False,0.0,1.0,1.0,,ORPHA:3318,1.0,0.0,,"[[""GENE:CALR"", -1.0, 1.0]]",1,1,0,0.9997730446598188,grade
CALR,gene,CALR,CALR,cluster:ABCA3,fatigue,induces,monogenic,A,1.0,0.895,HPO genes_to_phenotype; diseases=ORPHA:3318;ORPHA:824,False,0.0,2.0,2.0,,ORPHA:3318;ORPHA:824,2.0,0.0,,"[[""GENE:CALR"", -1.0, 1.0]]",2,2,0,0.9999332144392659,grade
CAMK2A,gene,CAMK2A,CAMK2A,cluster:CAMK2A,irritability_or_aggression,induces,monogenic,A,0.25,0.0,HPO genes_to_phenotype; diseases=OMIM:617798,False,1.0,0.0,1.0,14.0,OMIM:617798,1.0,1.0,2022-06-16,"[[""GENE:CAMK2A"", -1.0, 1.0]]",1,0,1,0.9981406277700869,grade
CAMK2B,gene,CAMK2B,CAMK2B,cluster:CAMK2B,irritability_or_aggression,induces,monogenic,A,1.0,0.4,HPO genes_to_phenotype; diseases=OMIM:617799,False,1.0,0.0,2.0,20.0,OMIM:617799,1.0,1.0,2022-06-03,"[[""GENE:CAMK2B"", -1.0, 1.0]]",2,2,0,0.9997434332184604,grade
CARS1,gene,CARS1,CARS1,cluster:CARS1,irritability_or_aggression,induces,monogenic,A,1.0,0.25,HPO genes_to_phenotype; diseases=OMIM:618891,True,1.0,0.0,1.0,4.0,OMIM:618891,1.0,1.0,2019-02-26,"[[""GENE:CARS1"", -1.0, 1.0]]",1,1,0,0.9996990889216895,grade
CARS1,gene,CARS1,CARS1,cluster:CARS1,depressed_mood,induces,monogenic,A,1.0,0.25,HPO genes_to_phenotype; diseases=OMIM:618891,True,1.0,0.0,1.0,4.0,OMIM:618891,1.0,1.0,2019-02-26,"[[""GENE:CARS1"", -1.0, 1.0]]",1,1,0,0.9996990889216895,grade
CASP2,gene,CASP2,CASP2,cluster:CASP2,irritability_or_aggression,induces,monogenic,A,1.0,0.3333333333333333,HPO genes_to_phenotype; diseases=OMIM:620653,False,1.0,0.0,1.0,3.0,OMIM:620653,1.0,1.0,2024-05-01,"[[""GENE:CASP2"", -1.0, 1.0]]",1,1,0,0.9996852014177682,grade
CASR,gene,CASR,CASR,cluster:ARL6IP6,anxiety,induces,monogenic,A,1.0,0.895,HPO genes_to_phenotype; diseases=ORPHA:428,False,0.0,1.0,1.0,,ORPHA:428,1.0,0.0,,"[[""GENE:CASR"", -1.0, 1.0]]",1,1,0,0.9997730446598188,grade
CASR,gene,CASR,CASR,cluster:ARL6IP6,depressed_mood,induces,monogenic,A,1.0,0.895,HPO genes_to_phenotype; diseases=ORPHA:428,False,0.0,1.0,1.0,,ORPHA:428,1.0,0.0,,"[[""GENE:CASR"", -1.0, 1.0]]",1,1,0,0.9997730446598188,grade
CAV3,gene,CAV3,CAV3,cluster:CAV3,fatigue,induces,monogenic,A,1.0,,HPO genes_to_phenotype; diseases=OMIM:123320,False,1.0,0.0,1.0,,OMIM:123320,1.0,1.0,2018-06-19,"[[""GENE:CAV3"", -1.0, 1.0]]",1,1,0,0.9997748793976969,grade
RUNX1,gene,RUNX1,RUNX1,cluster:ABCA3,fatigue,induces,monogenic,A,1.0,0.545,HPO genes_to_phenotype; diseases=ORPHA:521;ORPHA:98850,False,0.0,2.0,2.0,,ORPHA:521;ORPHA:98850,2.0,0.0,,"[[""GENE:RUNX1"", -1.0, 1.0]]",2,2,0,0.9999332144392659,grade
SERPINA6,gene,SERPINA6,SERPINA6,cluster:SERPINA6,fatigue,induces,monogenic,A,1.0,,HPO genes_to_phenotype; diseases=OMIM:611489,False,1.0,0.0,1.0,,OMIM:611489,1.0,0.0,2019-09-07,"[[""GENE:SERPINA6"", -1.0, 1.0]]",1,1,0,0.999631621434846,grade
CBL,gene,CBL,CBL,cluster:ABCA3,cognitive_impairment,induces,monogenic,A,1.0,0.3333333333333333,HPO genes_to_phenotype; diseases=OMIM:613563,True,1.0,0.0,1.0,3.0,OMIM:613563,1.0,1.0,2010-06-12,"[[""GENE:CBL"", -1.0, 1.0]]",1,1,0,0.9967401213207226,grade
CBL,gene,CBL,CBL,cluster:ABCA3,fatigue,induces,monogenic,A,1.0,0.545,HPO genes_to_phenotype; diseases=ORPHA:98850,True,0.0,1.0,1.0,,ORPHA:98850,1.0,0.0,,"[[""GENE:CBL"", -1.0, 1.0]]",1,1,0,0.9994232502804609,grade
CBS,gene,CBS,CBS,cluster:CBS,anxiety,induces,monogenic,A,0.68,0.17,HPO genes_to_phenotype; diseases=ORPHA:394,True,0.0,1.0,1.0,,ORPHA:394,1.0,0.0,,"[[""GENE:CBS"", -1.0, 1.0]]",1,1,0,0.9994232502804609,grade
CBS,gene,CBS,CBS,cluster:CBS,depressed_mood,induces,monogenic,A,0.68,0.17,HPO genes_to_phenotype; diseases=OMIM:236200;ORPHA:394,True,1.0,1.0,2.0,,OMIM:236200;ORPHA:394,2.0,0.0,2015-12-30,"[[""GENE:CBS"", -1.0, 1.0]]",2,2,0,0.9999152539456482,grade
CBS,gene,CBS,CBS,cluster:CBS,psychosis,induces,monogenic,A,0.68,0.17,HPO genes_to_phenotype; diseases=ORPHA:394,True,0.0,1.0,1.0,,ORPHA:394,1.0,0.0,,"[[""GENE:CBS"", -1.0, 1.0]]",1,1,0,0.9994232502804609,grade
KRIT1,gene,KRIT1,KRIT1,cluster:ABCA3,cognitive_impairment,induces,monogenic,A,0.68,0.17,HPO genes_to_phenotype; diseases=ORPHA:221061,False,0.0,1.0,1.0,,ORPHA:221061,1.0,0.0,,"[[""GENE:KRIT1"", -1.0, 1.0]]",1,1,0,0.9997730446598188,grade
CCNF,gene,CCNF,CCNF,cluster:CCNF,cognitive_impairment,induces,monogenic,A,1.0,0.545,HPO genes_to_phenotype; diseases=OMIM:619141;ORPHA:803,False,1.0,1.0,3.0,13.0,OMIM:619141;ORPHA:803,2.0,1.0,2021-02-19,"[[""GENE:CCNF"", -1.0, 1.0]]",3,3,0,0.9999280932117623,grade
CCNF,gene,CCNF,CCNF,cluster:CCNF,anxiety,induces,monogenic,A,1.0,0.545,HPO genes_to_phenotype; diseases=ORPHA:803,False,0.0,1.0,1.0,,ORPHA:803,1.0,0.0,,"[[""GENE:CCNF"", -1.0, 1.0]]",1,1,0,0.9994232502804609,grade
CCNF,gene,CCNF,CCNF,cluster:CCNF,depressed_mood,induces,monogenic,A,1.0,0.545,HPO genes_to_phenotype; diseases=ORPHA:803,False,0.0,1.0,1.0,,ORPHA:803,1.0,0.0,,"[[""GENE:CCNF"", -1.0, 1.0]]",1,1,0,0.9994232502804609,grade
CCNF,gene,CCNF,CCNF,cluster:CCNF,fatigue,induces,monogenic,A,1.0,0.545,HPO genes_to_phenotype; diseases=ORPHA:803,False,0.0,1.0,1.0,,ORPHA:803,1.0,0.0,,"[[""GENE:CCNF"", -1.0, 1.0]]",1,1,0,0.9994232502804609,grade
CD4,gene,CD4,CD4,cluster:CD4,depressed_mood,induces,monogenic,A,1.0,0.895,HPO genes_to_phenotype; diseases=ORPHA:3452,False,0.0,1.0,1.0,,ORPHA:3452,1.0,0.0,,"[[""GENE:CD4"", -1.0, 1.0]]",1,1,0,0.9997730446598188,grade
CD4,gene,CD4,CD4,cluster:CD4,fatigue,induces,monogenic,A,1.0,0.895,HPO genes_to_phenotype; diseases=ORPHA:3452,False,0.0,1.0,1.0,,ORPHA:3452,1.0,0.0,,"[[""GENE:CD4"", -1.0, 1.0]]",1,1,0,0.9997730446598188,grade
SCARB2,gene,SCARB2,SCARB2,cluster:ADH1C,cognitive_impairment,induces,monogenic,A,0.68,0.17,HPO genes_to_phenotype; diseases=OMIM:254900;ORPHA:308,False,1.0,1.0,2.0,2.0,OMIM:254900;ORPHA:308,2.0,1.0,2010-06-18,"[[""GENE:SCARB2"", -1.0, 1.0]]",2,1,1,0.9995718851661223,grade
SCARB2,gene,SCARB2,SCARB2,cluster:ADH1C,depressed_mood,induces,monogenic,A,0.68,0.17,HPO genes_to_phenotype; diseases=ORPHA:77259,False,0.0,1.0,1.0,,ORPHA:77259,1.0,0.0,,"[[""GENE:SCARB2"", -1.0, 1.0]]",1,1,0,0.9994232502804609,grade
ENTPD1,gene,ENTPD1,ENTPD1,cluster:ENTPD1,irritability_or_aggression,induces,monogenic,A,1.0,0.545,HPO genes_to_phenotype; diseases=OMIM:615683;ORPHA:401810,True,1.0,1.0,2.0,,OMIM:615683;ORPHA:401810,2.0,0.0,2015-12-30,"[[""GENE:ENTPD1"", -1.0, 1.0]]",2,2,0,0.9999152539456482,grade
CD79A,gene,CD79A,CD79A,cluster:BLNK,fatigue,induces,monogenic,A,1.0,0.895,HPO genes_to_phenotype; diseases=ORPHA:33110,False,0.0,1.0,1.0,,ORPHA:33110,1.0,0.0,,"[[""GENE:CD79A"", -1.0, 1.0]]",1,1,0,0.9997730446598188,grade
CD79B,gene,CD79B,CD79B,cluster:BLNK,fatigue,induces,monogenic,A,1.0,0.895,HPO genes_to_phenotype; diseases=ORPHA:33110,False,0.0,1.0,1.0,,ORPHA:33110,1.0,0.0,,"[[""GENE:CD79B"", -1.0, 1.0]]",1,1,0,0.9997730446598188,grade
CDH2,gene,CDH2,CDH2,cluster:CDH2,psychosis,induces,monogenic,A,0.5,0.125,HPO genes_to_phenotype; diseases=OMIM:618929,False,1.0,0.0,1.0,8.0,OMIM:618929,1.0,1.0,2020-08-12,"[[""GENE:CDH2"", -1.0, 1.0]]",1,1,0,0.9997328086157783,grade
CDH2,gene,CDH2,CDH2,cluster:CDH2,anxiety,induces,monogenic,A,1.0,0.25,HPO genes_to_phenotype; diseases=OMIM:618929,False,1.0,0.0,1.0,8.0,OMIM:618929,1.0,1.0,2020-08-12,"[[""GENE:CDH2"", -1.0, 1.0]]",1,1,0,0.9997328086157783,grade
CDKN1B,gene,CDKN1B,CDKN1B,cluster:ABCA3,cognitive_impairment,induces,monogenic,A,0.68,0.17,HPO genes_to_phenotype; diseases=ORPHA:652,False,0.0,1.0,2.0,,ORPHA:652,1.0,0.0,,"[[""GENE:CDKN1B"", -1.0, 1.0]]",2,2,0,0.9997730446598188,grade
CDKN1B,gene,CDKN1B,CDKN1B,cluster:ABCA3,depressed_mood,induces,monogenic,A,0.68,0.17,HPO genes_to_phenotype; diseases=ORPHA:652,False,0.0,1.0,1.0,,ORPHA:652,1.0,0.0,,"[[""GENE:CDKN1B"", -1.0, 1.0]]",1,1,0,0.9997730446598188,grade
CDKN2A,gene,CDKN2A,CDKN2A,cluster:ABCA3,anxiety,induces,monogenic,A,1.0,0.545,HPO genes_to_phenotype; diseases=ORPHA:1501,False,0.0,1.0,2.0,,ORPHA:1501,1.0,0.0,,"[[""GENE:CDKN2A"", -1.0, 1.0]]",2,2,0,0.9997730446598188,grade
CDKN2A,gene,CDKN2A,CDKN2A,cluster:ABCA3,irritability_or_aggression,induces,monogenic,A,1.0,0.545,HPO genes_to_phenotype; diseases=ORPHA:1501,False,0.0,1.0,1.0,,ORPHA:1501,1.0,0.0,,"[[""GENE:CDKN2A"", -1.0, 1.0]]",1,1,0,0.9997730446598188,grade
CDKN2A,gene,CDKN2A,CDKN2A,cluster:ABCA3,fatigue,induces,monogenic,A,1.0,0.895,HPO genes_to_phenotype; diseases=ORPHA:1333,False,0.0,1.0,1.0,,ORPHA:1333,1.0,0.0,,"[[""GENE:CDKN2A"", -1.0, 1.0]]",1,1,0,0.9997730446598188,grade
CDKN2B,gene,CDKN2B,CDKN2B,cluster:ABCA3,cognitive_impairment,induces,monogenic,A,0.68,0.17,HPO genes_to_phenotype; diseases=ORPHA:652,False,0.0,1.0,2.0,,ORPHA:652,1.0,0.0,,"[[""GENE:CDKN2B"", -1.0, 1.0]]",2,2,0,0.9997730446598188,grade
CDKN2B,gene,CDKN2B,CDKN2B,cluster:ABCA3,depressed_mood,induces,monogenic,A,0.68,0.17,HPO genes_to_phenotype; diseases=ORPHA:652,False,0.0,1.0,1.0,,ORPHA:652,1.0,0.0,,"[[""GENE:CDKN2B"", -1.0, 1.0]]",1,1,0,0.9997730446598188,grade
CENPE,gene,CENPE,CENPE,cluster:ATR,cognitive_impairment,induces,monogenic,A,1.0,0.895,HPO genes_to_phenotype; diseases=ORPHA:808,False,0.0,1.0,1.0,,ORPHA:808,1.0,0.0,,"[[""GENE:CENPE"", -1.0, 1.0]]",1,1,0,0.9997730446598188,grade
CFTR,gene,CFTR,CFTR,cluster:BAZ1B,anxiety,induces,monogenic,A,0.68,0.17,HPO genes_to_phenotype; diseases=ORPHA:586,False,0.0,1.0,1.0,,ORPHA:586,1.0,0.0,,"[[""GENE:CFTR"", -1.0, 1.0]]",1,1,0,0.9997730446598188,grade
CFTR,gene,CFTR,CFTR,cluster:BAZ1B,depressed_mood,induces,monogenic,A,0.68,0.17,HPO genes_to_phenotype; diseases=ORPHA:586,False,0.0,1.0,1.0,,ORPHA:586,1.0,0.0,,"[[""GENE:CFTR"", -1.0, 1.0]]",1,1,0,0.9997730446598188,grade
CEACAM3,gene,CEACAM3,CEACAM3,cluster:BAZ1B,anxiety,induces,monogenic,A,0.68,0.17,HPO genes_to_phenotype; diseases=ORPHA:586,False,0.0,1.0,1.0,,ORPHA:586,1.0,0.0,,"[[""GENE:CEACAM3"", -1.0, 1.0]]",1,1,0,0.9997730446598188,grade
CEACAM3,gene,CEACAM3,CEACAM3,cluster:BAZ1B,depressed_mood,induces,monogenic,A,0.68,0.17,HPO genes_to_phenotype; diseases=ORPHA:586,False,0.0,1.0,1.0,,ORPHA:586,1.0,0.0,,"[[""GENE:CEACAM3"", -1.0, 1.0]]",1,1,0,0.9997730446598188,grade
CHD2,gene,CHD2,CHD2,cluster:ABCA3,cognitive_impairment,induces,monogenic,A,1.0,0.545,HPO genes_to_phenotype; diseases=ORPHA:2382,False,0.0,1.0,1.0,,ORPHA:2382,1.0,0.0,,"[[""GENE:CHD2"", -1.0, 1.0]]",1,1,0,0.9997730446598188,grade
CHD2,gene,CHD2,CHD2,cluster:ABCA3,irritability_or_aggression,induces,monogenic,A,1.0,0.545,HPO genes_to_phenotype; diseases=ORPHA:2382,False,0.0,1.0,2.0,,ORPHA:2382,1.0,0.0,,"[[""GENE:CHD2"", -1.0, 1.0]]",2,2,0,0.9997730446598188,grade
CHD2,gene,CHD2,CHD2,cluster:ABCA3,psychosis,induces,monogenic,A,0.68,0.17,HPO genes_to_phenotype; diseases=ORPHA:2382,False,0.0,1.0,1.0,,ORPHA:2382,1.0,0.0,,"[[""GENE:CHD2"", -1.0, 1.0]]",1,1,0,0.9997730446598188,grade
CHI3L1,gene,CHI3L1,CHI3L1,cluster:CHI3L1,cognitive_impairment,induces,monogenic,A,1.0,,HPO genes_to_phenotype; diseases=OMIM:181500,False,1.0,0.0,1.0,,OMIM:181500,1.0,0.0,2009-02-17,"[[""GENE:CHI3L1"", -1.0, 1.0]]",1,1,0,0.999631621434846,grade
CHI3L1,gene,CHI3L1,CHI3L1,cluster:CHI3L1,psychosis,induces,monogenic,A,1.0,,HPO genes_to_phenotype; diseases=OMIM:181500,False,1.0,0.0,2.0,,OMIM:181500,1.0,0.0,2009-02-17,"[[""GENE:CHI3L1"", -1.0, 1.0]]",2,2,0,0.999631621434846,grade
CHKA,gene,CHKA,CHKA,cluster:CHKA,irritability_or_aggression,induces,monogenic,A,1.0,0.5,HPO genes_to_phenotype; diseases=OMIM:620023,True,1.0,0.0,1.0,6.0,OMIM:620023,1.0,1.0,2022-06-30,"[[""GENE:CHKA"", -1.0, 1.0]]",1,1,0,0.9997188801487722,grade
LYST,gene,LYST,LYST,cluster:LYST,cognitive_impairment,induces,monogenic,A,0.68,0.17,HPO genes_to_phenotype; diseases=ORPHA:167,False,0.0,1.0,2.0,,ORPHA:167,1.0,0.0,,"[[""GENE:LYST"", -1.0, 1.0]]",2,2,0,0.9997730446598188,grade
CHRM3,gene,CHRM3,CHRM3,cluster:CHRM3,cognitive_impairment,induces,monogenic,A,0.68,0.17,HPO genes_to_phenotype; diseases=ORPHA:2970,False,0.0,1.0,1.0,,ORPHA:2970,1.0,0.0,,"[[""GENE:CHRM3"", -1.0, 1.0]]",1,1,0,0.9997730446598188,grade
CHRNA2,gene,CHRNA2,CHRNA2,cluster:CHRNA2,cognitive_impairment,induces,monogenic,A,0.68,0.17,HPO genes_to_phenotype; diseases=OMIM:610353;ORPHA:98784,False,1.0,1.0,2.0,,OMIM:610353;ORPHA:98784,2.0,0.0,2018-10-08,"[[""GENE:CHRNA2"", -1.0, 1.0]]",2,2,0,0.9998915873699763,grade
CHRNA2,gene,CHRNA2,CHRNA2,cluster:CHRNA2,anxiety,induces,monogenic,A,0.68,0.17,HPO genes_to_phenotype; diseases=ORPHA:98784,False,0.0,1.0,1.0,,ORPHA:98784,1.0,0.0,,"[[""GENE:CHRNA2"", -1.0, 1.0]]",1,1,0,0.9994232502804609,grade
CHRNA2,gene,CHRNA2,CHRNA2,cluster:CHRNA2,depressed_mood,induces,monogenic,A,0.68,0.17,HPO genes_to_phenotype; diseases=ORPHA:98784,False,0.0,1.0,1.0,,ORPHA:98784,1.0,0.0,,"[[""GENE:CHRNA2"", -1.0, 1.0]]",1,1,0,0.9994232502804609,grade
CHRNA4,gene,CHRNA4,CHRNA4,cluster:CHRNA2,cognitive_impairment,induces,monogenic,A,0.68,0.17,HPO genes_to_phenotype; diseases=ORPHA:98784,False,0.0,1.0,1.0,,ORPHA:98784,1.0,0.0,,"[[""GENE:CHRNA4"", -1.0, 1.0]]",1,1,0,0.9997730446598188,grade
CHRNA4,gene,CHRNA4,CHRNA4,cluster:CHRNA2,anxiety,induces,monogenic,A,0.68,0.17,HPO genes_to_phenotype; diseases=ORPHA:98784,False,0.0,1.0,1.0,,ORPHA:98784,1.0,0.0,,"[[""GENE:CHRNA4"", -1.0, 1.0]]",1,1,0,0.9997730446598188,grade
CHRNA4,gene,CHRNA4,CHRNA4,cluster:CHRNA2,depressed_mood,induces,monogenic,A,0.68,0.17,HPO genes_to_phenotype; diseases=ORPHA:98784,False,0.0,1.0,1.0,,ORPHA:98784,1.0,0.0,,"[[""GENE:CHRNA4"", -1.0, 1.0]]",1,1,0,0.9997730446598188,grade
CHRNB2,gene,CHRNB2,CHRNB2,cluster:CHRNA2,cognitive_impairment,induces,monogenic,A,0.68,0.17,HPO genes_to_phenotype; diseases=ORPHA:98784,False,0.0,1.0,1.0,,ORPHA:98784,1.0,0.0,,"[[""GENE:CHRNB2"", -1.0, 1.0]]",1,1,0,0.9997730446598188,grade
CHRNB2,gene,CHRNB2,CHRNB2,cluster:CHRNA2,anxiety,induces,monogenic,A,0.68,0.17,HPO genes_to_phenotype; diseases=ORPHA:98784,False,0.0,1.0,1.0,,ORPHA:98784,1.0,0.0,,"[[""GENE:CHRNB2"", -1.0, 1.0]]",1,1,0,0.9997730446598188,grade
CHRNB2,gene,CHRNB2,CHRNB2,cluster:CHRNA2,depressed_mood,induces,monogenic,A,0.68,0.17,HPO genes_to_phenotype; diseases=ORPHA:98784,False,0.0,1.0,1.0,,ORPHA:98784,1.0,0.0,,"[[""GENE:CHRNB2"", -1.0, 1.0]]",1,1,0,0.9997730446598188,grade
CHRNG,gene,CHRNG,CHRNG,cluster:CHRNG,cognitive_impairment,induces,monogenic,A,0.68,0.17,HPO genes_to_phenotype; diseases=ORPHA:2990,False,0.0,1.0,1.0,,ORPHA:2990,1.0,0.0,,"[[""GENE:CHRNG"", -1.0, 1.0]]",1,1,0,0.9997730446598188,grade
TBCB,gene,TBCB,TBCB,cluster:TBCB,anxiety,induces,monogenic,A,1.0,0.4,HPO genes_to_phenotype; diseases=OMIM:621382,True,1.0,0.0,1.0,10.0,OMIM:621382,1.0,1.0,2025-08-23,"[[""GENE:TBCB"", -1.0, 1.0]]",1,1,0,0.9997434332184604,grade
ERCC8,gene,ERCC8,ERCC8,cluster:ERCC6,cognitive_impairment,induces,monogenic,A,0.68,0.17,HPO genes_to_phenotype; diseases=OMIM:216400;ORPHA:90324,False,1.0,1.0,2.0,,OMIM:216400;ORPHA:90324,2.0,0.0,2009-02-17,"[[""GENE:ERCC8"", -1.0, 1.0]]",2,2,0,0.9998915873699763,grade
AP2S1,gene,AP2S1,AP2S1,cluster:AP2S1,depressed_mood,induces,monogenic,A,0.68,0.17,HPO genes_to_phenotype; diseases=OMIM:600740,False,1.0,0.0,1.0,,OMIM:600740,1.0,0.0,2017-07-13,"[[""GENE:AP2S1"", -1.0, 1.0]]",1,1,0,0.9997120224657162,grade
AP2S1,gene,AP2S1,AP2S1,cluster:AP2S1,fatigue,induces,monogenic,A,0.68,0.17,HPO genes_to_phenotype; diseases=OMIM:600740,False,1.0,0.0,1.0,,OMIM:600740,1.0,0.0,2017-07-13,"[[""GENE:AP2S1"", -1.0, 1.0]]",1,1,0,0.9997120224657162,grade
CLCN2,gene,CLCN2,CLCN2,cluster:ABCA3,irritability_or_aggression,induces,monogenic,A,0.25,0.025,HPO genes_to_phenotype; diseases=ORPHA:307,False,0.0,1.0,1.0,,ORPHA:307,1.0,0.0,,"[[""GENE:CLCN2"", -1.0, 1.0]]",1,1,0,0.9997730446598188,grade
CLCN3,gene,CLCN3,CLCN3,cluster:CLCN3,anxiety,induces,monogenic,A,1.0,0.3333333333333333,HPO genes_to_phenotype; diseases=OMIM:619512,False,1.0,0.0,1.0,9.0,OMIM:619512,1.0,1.0,2021-10-30,"[[""GENE:CLCN3"", -1.0, 1.0]]",1,1,0,0.9997384406959443,grade
CLCN3,gene,CLCN3,CLCN3,cluster:CLCN3,psychomotor_agitation,induces,monogenic,A,1.0,0.5,HPO genes_to_phenotype; diseases=OMIM:619517,False,1.0,0.0,1.0,2.0,OMIM:619517,1.0,1.0,2021-10-31,"[[""GENE:CLCN3"", -1.0, 1.0]]",1,1,0,0.9996663476591036,grade
CLCN4,gene,CLCN4,CLCN4,cluster:CLCN4,anxiety,induces,monogenic,A,0.68,0.17,HPO genes_to_phenotype; diseases=OMIM:300114;ORPHA:485350,False,1.0,1.0,2.0,,OMIM:300114;ORPHA:485350,2.0,0.0,2019-02-22,"[[""GENE:CLCN4"", -1.0, 1.0]]",2,2,0,0.9998915873699763,grade
CLCN4,gene,CLCN4,CLCN4,cluster:CLCN4,depressed_mood,induces,monogenic,A,0.68,0.17,HPO genes_to_phenotype; diseases=OMIM:300114;ORPHA:485350,False,1.0,1.0,2.0,,OMIM:300114;ORPHA:485350,2.0,0.0,2019-02-22,"[[""GENE:CLCN4"", -1.0, 1.0]]",2,2,0,0.9998915873699763,grade
CLCN4,gene,CLCN4,CLCN4,cluster:CLCN4,irritability_or_aggression,induces,monogenic,A,0.68,0.17,HPO genes_to_phenotype; diseases=OMIM:300114;ORPHA:485350,False,1.0,1.0,2.0,,OMIM:300114;ORPHA:485350,2.0,0.0,2019-02-22,"[[""GENE:CLCN4"", -1.0, 1.0]]",2,2,0,0.9998915873699763,grade
CLCN7,gene,CLCN7,CLCN7,cluster:CLCN7,fatigue,induces,monogenic,A,1.0,0.545,HPO genes_to_phenotype; diseases=ORPHA:53,False,0.0,1.0,1.0,,ORPHA:53,1.0,0.0,,"[[""GENE:CLCN7"", -1.0, 1.0]]",1,1,0,0.9997730446598188,grade
CLN3,gene,CLN3,CLN3,cluster:CLN3,anxiety,induces,monogenic,A,1.0,,HPO genes_to_phenotype; diseases=OMIM:204200,False,1.0,0.0,1.0,,OMIM:204200,1.0,0.0,2009-02-17,"[[""GENE:CLN3"", -1.0, 1.0]]",1,1,0,0.9997120224657162,grade
CLN3,gene,CLN3,CLN3,cluster:CLN3,cognitive_impairment,induces,monogenic,A,1.0,,HPO genes_to_phenotype; diseases=OMIM:204200,False,1.0,0.0,1.0,,OMIM:204200,1.0,0.0,2009-02-17,"[[""GENE:CLN3"", -1.0, 1.0]]",1,1,0,0.999631621434846,grade
CLN3,gene,CLN3,CLN3,cluster:CLN3,psychosis,induces,monogenic,A,1.0,,HPO genes_to_phenotype; diseases=OMIM:204200,False,1.0,0.0,1.0,,OMIM:204200,1.0,0.0,2009-02-17,"[[""GENE:CLN3"", -1.0, 1.0]]",1,1,0,0.999631621434846,grade
CLTC,gene,CLTC,CLTC,cluster:CLTC,cognitive_impairment,induces,monogenic,A,0.68,0.17,HPO genes_to_phenotype; diseases=OMIM:617854;ORPHA:442835,False,1.0,1.0,2.0,12.0,OMIM:617854;ORPHA:442835,2.0,1.0,2022-10-08,"[[""GENE:CLTC"", -1.0, 1.0]]",2,2,0,0.9999270073783542,grade
CCR1,gene,CCR1,CCR1,cluster:BCL2,cognitive_impairment,induces,monogenic,A,1.0,0.545,HPO genes_to_phenotype; diseases=ORPHA:117,False,0.0,1.0,2.0,,ORPHA:117,1.0,0.0,,"[[""GENE:CCR1"", -1.0, 1.0]]",2,2,0,0.9997730446598188,grade
CCR1,gene,CCR1,CCR1,cluster:BCL2,irritability_or_aggression,induces,monogenic,A,0.68,0.17,HPO genes_to_phenotype; diseases=ORPHA:117,False,0.0,1.0,1.0,,ORPHA:117,1.0,0.0,,"[[""GENE:CCR1"", -1.0, 1.0]]",1,1,0,0.9997730446598188,grade
CCR1,gene,CCR1,CCR1,cluster:BCL2,fatigue,induces,monogenic,A,1.0,0.895,HPO genes_to_phenotype; diseases=ORPHA:117,False,0.0,1.0,1.0,,ORPHA:117,1.0,0.0,,"[[""GENE:CCR1"", -1.0, 1.0]]",1,1,0,0.9997730446598188,grade
ABCC2,gene,ABCC2,ABCC2,cluster:ABCC2,fatigue,induces,monogenic,A,0.68,0.17,HPO genes_to_phenotype; diseases=ORPHA:234,True,0.0,1.0,1.0,,ORPHA:234,1.0,0.0,,"[[""GENE:ABCC2"", -1.0, 1.0]]",1,1,0,0.9997730446598188,grade
COL1A1,gene,COL1A1,COL1A1,cluster:COL1A1,fatigue,induces,monogenic,A,1.0,0.545,HPO genes_to_phenotype; diseases=ORPHA:287,False,0.0,1.0,1.0,,ORPHA:287,1.0,0.0,,"[[""GENE:COL1A1"", -1.0, 1.0]]",1,1,0,0.9997730446598188,grade
COL1A2,gene,COL1A2,COL1A2,cluster:COL1A2,fatigue,induces,monogenic,A,0.68,0.17,HPO genes_to_phenotype; diseases=ORPHA:230851,False,0.0,1.0,1.0,,ORPHA:230851,1.0,0.0,,"[[""GENE:COL1A2"", -1.0, 1.0]]",1,1,0,0.9997730446598188,grade
COL4A1,gene,COL4A1,COL4A1,cluster:COL4A1,cognitive_impairment,induces,monogenic,A,1.0,0.5,HPO genes_to_phenotype; diseases=OMIM:618564,False,1.0,0.0,2.0,36.0,OMIM:618564,1.0,1.0,2019-10-05,"[[""GENE:COL4A1"", -1.0, 1.0]]",2,2,0,0.9997702770224728,grade
COL4A3,gene,COL4A3,COL4A3,cluster:COL4A3,irritability_or_aggression,induces,monogenic,A,0.68,0.17,HPO genes_to_phenotype; diseases=ORPHA:656,False,0.0,1.0,1.0,,ORPHA:656,1.0,0.0,,"[[""GENE:COL4A3"", -1.0, 1.0]]",1,1,0,0.9997730446598188,grade
COL5A1,gene,COL5A1,COL5A1,cluster:COL1A1,fatigue,induces,monogenic,A,1.0,0.545,HPO genes_to_phenotype; diseases=ORPHA:287,False,0.0,1.0,1.0,,ORPHA:287,1.0,0.0,,"[[""GENE:COL5A1"", -1.0, 1.0]]",1,1,0,0.9997730446598188,grade
COL5A2,gene,COL5A2,COL5A2,cluster:COL1A1,fatigue,induces,monogenic,A,1.0,0.545,HPO genes_to_phenotype; diseases=ORPHA:287,False,0.0,1.0,1.0,,ORPHA:287,1.0,0.0,,"[[""GENE:COL5A2"", -1.0, 1.0]]",1,1,0,0.9997730446598188,grade
COL7A1,gene,COL7A1,COL7A1,cluster:COL7A1,anxiety,induces,monogenic,A,1.0,0.545,HPO genes_to_phenotype; diseases=ORPHA:79408;ORPHA:89842,False,0.0,2.0,2.0,,ORPHA:79408;ORPHA:89842,2.0,0.0,,"[[""GENE:COL7A1"", -1.0, 1.0]]",2,2,0,0.9999332144392659,grade
COL7A1,gene,COL7A1,COL7A1,cluster:COL7A1,depressed_mood,induces,monogenic,A,1.0,0.545,HPO genes_to_phenotype; diseases=ORPHA:79408;ORPHA:89842,False,0.0,2.0,2.0,,ORPHA:79408;ORPHA:89842,2.0,0.0,,"[[""GENE:COL7A1"", -1.0, 1.0]]",2,2,0,0.9999332144392659,grade
COL9A2,gene,COL9A2,COL9A2,cluster:COL9A2,fatigue,induces,monogenic,A,1.0,0.5,HPO genes_to_phenotype; diseases=OMIM:600204,False,1.0,0.0,1.0,4.0,OMIM:600204,1.0,1.0,2022-07-08,"[[""GENE:COL9A2"", -1.0, 1.0]]",1,1,0,0.9996990889216895,grade
COMT,gene,COMT,COMT,cluster:ARVCF,anxiety,induces,monogenic,A,1.0,0.545,HPO genes_to_phenotype; diseases=ORPHA:567,True,0.0,1.0,1.0,,ORPHA:567,1.0,0.0,,"[[""GENE:COMT"", -1.0, 1.0]]",1,1,0,0.9997730446598188,grade
COMT,gene,COMT,COMT,cluster:ARVCF,depressed_mood,induces,monogenic,A,0.68,0.17,HPO genes_to_phenotype; diseases=ORPHA:567,True,0.0,1.0,1.0,,ORPHA:567,1.0,0.0,,"[[""GENE:COMT"", -1.0, 1.0]]",1,1,0,0.9997730446598188,grade
COX6B1,gene,COX6B1,COX6B1,cluster:COX6B1,cognitive_impairment,induces,monogenic,A,1.0,1.0,HPO genes_to_phenotype; diseases=OMIM:619051,True,1.0,0.0,1.0,2.0,OMIM:619051,1.0,1.0,2008-05-22,"[[""GENE:COX6B1"", -1.0, 1.0]]",1,1,0,0.9996663476591036,grade
COX10,gene,COX10,COX10,cluster:COX10,psychomotor_agitation,induces,monogenic,A,1.0,1.0,HPO genes_to_phenotype; diseases=OMIM:619046,True,1.0,0.0,1.0,1.0,OMIM:619046,1.0,1.0,2004-10-01,"[[""GENE:COX10"", -1.0, 1.0]]",1,1,0,0.99963784265969,grade
CP,gene,CP,CP,cluster:CP,cognitive_impairment,induces,monogenic,A,1.0,0.545,HPO genes_to_phenotype; diseases=OMIM:604290;ORPHA:48818,True,1.0,1.0,3.0,,OMIM:604290;ORPHA:48818,2.0,0.0,2009-02-17,"[[""GENE:CP"", -1.0, 1.0]]",3,3,0,0.9998915873699763,grade
CPOX,gene,CPOX,CPOX,cluster:CPOX,cognitive_impairment,induces,monogenic,A,1.0,,HPO genes_to_phenotype; diseases=OMIM:121300,True,1.0,0.0,1.0,,OMIM:121300,1.0,0.0,2009-02-17,"[[""GENE:CPOX"", -1.0, 1.0]]",1,1,0,0.9961871887065212,grade
CPOX,gene,CPOX,CPOX,cluster:CPOX,insomnia,induces,monogenic,A,1.0,,HPO genes_to_phenotype; diseases=OMIM:121300,True,1.0,0.0,1.0,,OMIM:121300,1.0,0.0,2012-11-16,"[[""GENE:CPOX"", -1.0, 1.0]]",1,1,0,0.997017116436691,grade
CPOX,gene,CPOX,CPOX,cluster:CPOX,psychosis,induces,monogenic,A,0.68,0.17,HPO genes_to_phenotype; diseases=OMIM:121300;ORPHA:79273,True,1.0,1.0,2.0,,OMIM:121300;ORPHA:79273,2.0,0.0,2009-02-17,"[[""GENE:CPOX"", -1.0, 1.0]]",2,2,0,0.9998915873699763,grade
CPOX,gene,CPOX,CPOX,cluster:CPOX,anxiety,induces,monogenic,A,1.0,,HPO genes_to_phenotype; diseases=OMIM:121300,True,1.0,0.0,1.0,,OMIM:121300,1.0,0.0,2009-02-17,"[[""GENE:CPOX"", -1.0, 1.0]]",1,1,0,0.9961871887065212,grade
CPOX,gene,CPOX,CPOX,cluster:CPOX,depressed_mood,induces,monogenic,A,1.0,,HPO genes_to_phenotype; diseases=OMIM:121300,True,1.0,0.0,1.0,,OMIM:121300,1.0,0.0,2009-02-17,"[[""GENE:CPOX"", -1.0, 1.0]]",1,1,0,0.9961871887065212,grade
CPS1,gene,CPS1,CPS1,cluster:CPS1,irritability_or_aggression,induces,monogenic,A,1.0,,HPO genes_to_phenotype; diseases=OMIM:237300,True,1.0,0.0,1.0,,OMIM:237300,1.0,0.0,2009-02-17,"[[""GENE:CPS1"", -1.0, 1.0]]",1,1,0,0.999631621434846,grade
CPT1A,gene,CPT1A,CPT1A,cluster:CPT1A,fatigue,induces,monogenic,A,1.0,0.895,HPO genes_to_phenotype; diseases=ORPHA:156,True,0.0,1.0,1.0,,ORPHA:156,1.0,0.0,,"[[""GENE:CPT1A"", -1.0, 1.0]]",1,1,0,0.9997730446598188,grade
CR2,gene,CR2,CR2,cluster:CR2,depressed_mood,induces,monogenic,A,0.68,0.17,HPO genes_to_phenotype; diseases=ORPHA:536,False,0.0,1.0,1.0,,ORPHA:536,1.0,0.0,,"[[""GENE:CR2"", -1.0, 1.0]]",1,1,0,0.9997730446598188,grade
CR2,gene,CR2,CR2,cluster:CR2,fatigue,induces,monogenic,A,1.0,0.895,HPO genes_to_phenotype; diseases=ORPHA:536,False,0.0,1.0,1.0,,ORPHA:536,1.0,0.0,,"[[""GENE:CR2"", -1.0, 1.0]]",1,1,0,0.9997730446598188,grade
CREBBP,gene,CREBBP,CREBBP,cluster:CREBBP,anxiety,induces,monogenic,A,1.0,0.545,HPO genes_to_phenotype; diseases=ORPHA:353277;ORPHA:353281,True,0.0,2.0,2.0,,ORPHA:353277;ORPHA:353281,2.0,0.0,,"[[""GENE:CREBBP"", -1.0, 1.0]]",2,2,0,0.9998302394354796,grade
CREBBP,gene,CREBBP,CREBBP,cluster:CREBBP,cognitive_impairment,induces,monogenic,A,1.0,0.545,HPO genes_to_phenotype; diseases=OMIM:180849;ORPHA:353277;ORPHA:353281,True,1.0,2.0,3.0,,OMIM:180849;ORPHA:353277;ORPHA:353281,3.0,0.0,2009-02-17,"[[""GENE:CREBBP"", -1.0, 1.0]]",3,3,0,0.99998050829833,grade
CREBBP,gene,CREBBP,CREBBP,cluster:CREBBP,irritability_or_aggression,induces,monogenic,A,0.68,0.17,HPO genes_to_phenotype; diseases=ORPHA:353277;ORPHA:353281,True,0.0,2.0,2.0,,ORPHA:353277;ORPHA:353281,2.0,0.0,,"[[""GENE:CREBBP"", -1.0, 1.0]]",2,2,0,0.9998302394354796,grade
CRH,gene,CRH,CRH,cluster:CHRNA2,cognitive_impairment,induces,monogenic,A,0.68,0.17,HPO genes_to_phenotype; diseases=ORPHA:98784,False,0.0,1.0,1.0,,ORPHA:98784,1.0,0.0,,"[[""GENE:CRH"", -1.0, 1.0]]",1,1,0,0.9997730446598188,grade
CRH,gene,CRH,CRH,cluster:CHRNA2,anxiety,induces,monogenic,A,0.68,0.17,HPO genes_to_phenotype; diseases=ORPHA:98784,False,0.0,1.0,1.0,,ORPHA:98784,1.0,0.0,,"[[""GENE:CRH"", -1.0, 1.0]]",1,1,0,0.9997730446598188,grade
CRH,gene,CRH,CRH,cluster:CHRNA2,depressed_mood,induces,monogenic,A,0.68,0.17,HPO genes_to_phenotype; diseases=ORPHA:98784,False,0.0,1.0,1.0,,ORPHA:98784,1.0,0.0,,"[[""GENE:CRH"", -1.0, 1.0]]",1,1,0,0.9997730446598188,grade
CRKL,gene,CRKL,CRKL,cluster:ABCA3,depressed_mood,induces,monogenic,A,0.68,0.17,HPO genes_to_phenotype; diseases=ORPHA:261330,False,0.0,1.0,1.0,,ORPHA:261330,1.0,0.0,,"[[""GENE:CRKL"", -1.0, 1.0]]",1,1,0,0.9997730446598188,grade
CRY1,gene,CRY1,CRY1,cluster:CRY1,insomnia,induces,monogenic,A,1.0,,HPO genes_to_phenotype; diseases=OMIM:614163,False,1.0,0.0,1.0,,OMIM:614163,1.0,1.0,2022-12-04,"[[""GENE:CRY1"", -1.0, 1.0]]",1,1,0,0.9997748793976969,grade
CRYAB,gene,CRYAB,CRYAB,cluster:CRYAB,fatigue,induces,monogenic,A,1.0,0.545,HPO genes_to_phenotype; diseases=ORPHA:154,False,0.0,1.0,1.0,,ORPHA:154,1.0,0.0,,"[[""GENE:CRYAB"", -1.0, 1.0]]",1,1,0,0.9997730446598188,grade
CSF1R,gene,CSF1R,CSF1R,cluster:CSF1R,cognitive_impairment,induces,monogenic,A,1.0,1.0,HPO genes_to_phenotype; diseases=OMIM:221820;OMIM:618476,False,2.0,0.0,5.0,7.0,OMIM:221820;OMIM:618476,4.0,2.0,2012-07-18,"[[""GENE:CSF1R"", -1.0, 1.0]]",5,5,0,0.9998876333615808,grade
CSF1R,gene,CSF1R,CSF1R,cluster:CSF1R,psychosis,induces,monogenic,A,1.0,0.3333333333333333,HPO genes_to_phenotype; diseases=OMIM:221820,False,1.0,0.0,2.0,6.0,OMIM:221820,1.0,1.0,2022-04-03,"[[""GENE:CSF1R"", -1.0, 1.0]]",2,2,0,0.9996852014177682,grade
CSF1R,gene,CSF1R,CSF1R,cluster:CSF1R,depressed_mood,induces,monogenic,A,1.0,,HPO genes_to_phenotype; diseases=OMIM:221820,False,1.0,0.0,1.0,,OMIM:221820,1.0,0.0,2012-07-18,"[[""GENE:CSF1R"", -1.0, 1.0]]",1,1,0,0.9997120224657162,grade
CST3,gene,CST3,CST3,cluster:CST3,cognitive_impairment,induces,monogenic,A,1.0,0.6875,HPO genes_to_phenotype; diseases=OMIM:105150;OMIM:621214,False,2.0,0.0,2.0,16.0,OMIM:105150;OMIM:621214,2.0,1.0,2009-02-17,"[[""GENE:CST3"", -1.0, 1.0]]",2,2,0,0.9998877688631589,grade
CST3,gene,CST3,CST3,cluster:CST3,anxiety,induces,monogenic,A,1.0,1.0,HPO genes_to_phenotype; diseases=OMIM:621214,False,1.0,0.0,1.0,1.0,OMIM:621214,1.0,1.0,2026-01-06,"[[""GENE:CST3"", -1.0, 1.0]]",1,1,0,0.99963784265969,grade
CST3,gene,CST3,CST3,cluster:CST3,depressed_mood,induces,monogenic,A,1.0,1.0,HPO genes_to_phenotype; diseases=OMIM:621214,False,1.0,0.0,1.0,3.0,OMIM:621214,1.0,1.0,2026-01-06,"[[""GENE:CST3"", -1.0, 1.0]]",1,1,0,0.9996852014177682,grade
CST3,gene,CST3,CST3,cluster:CST3,fatigue,induces,monogenic,A,1.0,1.0,HPO genes_to_phenotype; diseases=OMIM:621214,False,1.0,0.0,1.0,2.0,OMIM:621214,1.0,1.0,2026-01-06,"[[""GENE:CST3"", -1.0, 1.0]]",1,1,0,0.9996663476591036,grade
CSTB,gene,CSTB,CSTB,cluster:ADH1C,cognitive_impairment,induces,monogenic,A,1.0,0.4,HPO genes_to_phenotype; diseases=OMIM:254800;ORPHA:308,False,1.0,1.0,3.0,13.0,OMIM:254800;ORPHA:308,3.0,2.0,2009-02-17,"[[""GENE:CSTB"", -1.0, 1.0]]",3,3,0,0.9999244991788775,grade
NKX2-5,gene,NKX2-5,NKX2-5,cluster:ACTC1,somnolence_or_hypersomnia,induces,monogenic,A,1.0,0.895,HPO genes_to_phenotype; diseases=ORPHA:95712;ORPHA:95713,False,0.0,2.0,2.0,,ORPHA:95712;ORPHA:95713,2.0,0.0,,"[[""GENE:NKX2-5"", -1.0, 1.0]]",2,2,0,0.9999332144392659,grade
NKX2-5,gene,NKX2-5,NKX2-5,cluster:ACTC1,fatigue,induces,monogenic,A,1.0,0.895,HPO genes_to_phenotype; diseases=ORPHA:334;ORPHA:95712;ORPHA:95713;ORPHA:99103,False,0.0,4.0,4.0,,ORPHA:334;ORPHA:95712;ORPHA:95713;ORPHA:99103,4.0,0.0,,"[[""GENE:NKX2-5"", -1.0, 1.0]]",4,4,0,0.9999942183170779,grade
CTLA4,gene,CTLA4,CTLA4,cluster:BCL2,depressed_mood,induces,monogenic,A,0.68,0.17,HPO genes_to_phenotype; diseases=ORPHA:536,False,0.0,1.0,1.0,,ORPHA:536,1.0,0.0,,"[[""GENE:CTLA4"", -1.0, 1.0]]",1,1,0,0.9997730446598188,grade
CTLA4,gene,CTLA4,CTLA4,cluster:BCL2,fatigue,induces,monogenic,A,1.0,0.895,HPO genes_to_phenotype; diseases=ORPHA:536;ORPHA:900,False,0.0,2.0,2.0,,ORPHA:536;ORPHA:900,2.0,0.0,,"[[""GENE:CTLA4"", -1.0, 1.0]]",2,2,0,0.9999332144392659,grade
CTNS,gene,CTNS,CTNS,cluster:CTNS,cognitive_impairment,induces,monogenic,A,0.68,0.17,HPO genes_to_phenotype; diseases=ORPHA:411629,False,0.0,1.0,1.0,,ORPHA:411629,1.0,0.0,,"[[""GENE:CTNS"", -1.0, 1.0]]",1,1,0,0.9997730446598188,grade
CTNNB1,gene,CTNNB1,CTNNB1,cluster:ABCA3,anxiety,induces,monogenic,A,1.0,0.545,HPO genes_to_phenotype; diseases=ORPHA:1501,False,0.0,1.0,2.0,,ORPHA:1501,1.0,0.0,,"[[""GENE:CTNNB1"", -1.0, 1.0]]",2,2,0,0.9994232502804609,grade
CTNNB1,gene,CTNNB1,CTNNB1,cluster:ABCA3,somnolence_or_hypersomnia,induces,monogenic,A,1.0,0.545,HPO genes_to_phenotype; diseases=ORPHA:54595,False,0.0,1.0,1.0,,ORPHA:54595,1.0,0.0,,"[[""GENE:CTNNB1"", -1.0, 1.0]]",1,1,0,0.9994232502804609,grade
CTNNB1,gene,CTNNB1,CTNNB1,cluster:ABCA3,irritability_or_aggression,induces,monogenic,A,1.0,0.545,HPO genes_to_phenotype; diseases=OMIM:615075;ORPHA:1501;ORPHA:404473,False,1.0,2.0,3.0,4.0,OMIM:615075;ORPHA:1501;ORPHA:404473,3.0,1.0,2022-07-08,"[[""GENE:CTNNB1"", -1.0, 1.0]]",3,3,0,0.9999739442988796,grade
CTNNB1,gene,CTNNB1,CTNNB1,cluster:ABCA3,psychomotor_agitation,induces,monogenic,A,1.0,0.25,HPO genes_to_phenotype; diseases=OMIM:615075,False,1.0,0.0,1.0,4.0,OMIM:615075,1.0,1.0,2022-07-08,"[[""GENE:CTNNB1"", -1.0, 1.0]]",1,1,0,0.9968835275404955,grade
CTNNB1,gene,CTNNB1,CTNNB1,cluster:ABCA3,fatigue,induces,monogenic,A,1.0,0.545,HPO genes_to_phenotype; diseases=ORPHA:33402,False,0.0,1.0,1.0,,ORPHA:33402,1.0,0.0,,"[[""GENE:CTNNB1"", -1.0, 1.0]]",1,1,0,0.9994232502804609,grade
CTSD,gene,CTSD,CTSD,cluster:CTSD,cognitive_impairment,induces,monogenic,A,1.0,1.0,HPO genes_to_phenotype; diseases=OMIM:610127,True,1.0,0.0,1.0,6.0,OMIM:610127,2.0,2.0,2006-03-29,"[[""GENE:CTSD"", -1.0, 1.0]]",1,1,0,0.9997188801487722,grade
CTSH,gene,CTSH,CTSH,cluster:BCL2,somnolence_or_hypersomnia,induces,monogenic,A,1.0,0.895,HPO genes_to_phenotype; diseases=ORPHA:2073,True,0.0,1.0,1.0,,ORPHA:2073,1.0,0.0,,"[[""GENE:CTSH"", -1.0, 1.0]]",1,1,0,0.9997730446598188,grade
CTSH,gene,CTSH,CTSH,cluster:BCL2,cognitive_impairment,induces,monogenic,A,1.0,0.895,HPO genes_to_phenotype; diseases=ORPHA:2073,True,0.0,1.0,1.0,,ORPHA:2073,1.0,0.0,,"[[""GENE:CTSH"", -1.0, 1.0]]",1,1,0,0.9997730446598188,grade
CTSH,gene,CTSH,CTSH,cluster:BCL2,psychosis,induces,monogenic,A,1.0,0.895,HPO genes_to_phenotype; diseases=ORPHA:2073,True,0.0,1.0,2.0,,ORPHA:2073,1.0,0.0,,"[[""GENE:CTSH"", -1.0, 1.0]]",2,2,0,0.9997730446598188,grade
CTSH,gene,CTSH,CTSH,cluster:BCL2,anxiety,induces,monogenic,A,1.0,0.545,HPO genes_to_phenotype; diseases=ORPHA:2073,True,0.0,1.0,1.0,,ORPHA:2073,1.0,0.0,,"[[""GENE:CTSH"", -1.0, 1.0]]",1,1,0,0.9997730446598188,grade
CTSH,gene,CTSH,CTSH,cluster:BCL2,depressed_mood,induces,monogenic,A,0.68,0.17,HPO genes_to_phenotype; diseases=ORPHA:2073,True,0.0,1.0,1.0,,ORPHA:2073,1.0,0.0,,"[[""GENE:CTSH"", -1.0, 1.0]]",1,1,0,0.9997730446598188,grade
CTSH,gene,CTSH,CTSH,cluster:BCL2,psychomotor_agitation,induces,monogenic,A,0.68,0.17,HPO genes_to_phenotype; diseases=ORPHA:2073,True,0.0,1.0,1.0,,ORPHA:2073,1.0,0.0,,"[[""GENE:CTSH"", -1.0, 1.0]]",1,1,0,0.9997730446598188,grade
CYLD,gene,CYLD,CYLD,cluster:CYLD,cognitive_impairment,induces,monogenic,A,1.0,1.0,HPO genes_to_phenotype; diseases=OMIM:619132,True,1.0,0.0,3.0,24.0,OMIM:619132,2.0,2.0,2013-01-22,"[[""GENE:CYLD"", -1.0, 1.0]]",3,3,0,0.9997748793976969,grade
CYP27A1,gene,CYP27A1,CYP27A1,cluster:CYP27A1,cognitive_impairment,induces,monogenic,A,1.0,0.545,HPO genes_to_phenotype; diseases=OMIM:213700;ORPHA:909,True,1.0,1.0,3.0,,OMIM:213700;ORPHA:909,2.0,1.0,2000-05-01,"[[""GENE:CYP27A1"", -1.0, 1.0]]",3,3,0,0.9999337544286306,grade
CYP27A1,gene,CYP27A1,CYP27A1,cluster:CYP27A1,psychosis,induces,monogenic,A,0.68,0.17,HPO genes_to_phenotype; diseases=OMIM:213700;ORPHA:909,True,1.0,1.0,3.0,,OMIM:213700;ORPHA:909,2.0,0.0,2009-02-17,"[[""GENE:CYP27A1"", -1.0, 1.0]]",3,3,0,0.9999152539456482,grade
CYP27A1,gene,CYP27A1,CYP27A1,cluster:CYP27A1,depressed_mood,induces,monogenic,A,0.68,0.17,HPO genes_to_phenotype; diseases=ORPHA:909,True,0.0,1.0,1.0,,ORPHA:909,1.0,0.0,,"[[""GENE:CYP27A1"", -1.0, 1.0]]",1,1,0,0.9994232502804609,grade
CYP27A1,gene,CYP27A1,CYP27A1,cluster:CYP27A1,irritability_or_aggression,induces,monogenic,A,0.68,0.17,HPO genes_to_phenotype; diseases=ORPHA:909,True,0.0,1.0,1.0,,ORPHA:909,1.0,0.0,,"[[""GENE:CYP27A1"", -1.0, 1.0]]",1,1,0,0.9994232502804609,grade
CYP27A1,gene,CYP27A1,CYP27A1,cluster:CYP27A1,psychomotor_agitation,induces,monogenic,A,0.68,0.17,HPO genes_to_phenotype; diseases=ORPHA:909,True,0.0,1.0,1.0,,ORPHA:909,1.0,0.0,,"[[""GENE:CYP27A1"", -1.0, 1.0]]",1,1,0,0.9994232502804609,grade
CYP27B1,gene,CYP27B1,CYP27B1,cluster:CYP27B1,irritability_or_aggression,induces,monogenic,A,0.68,0.17,HPO genes_to_phenotype; diseases=OMIM:264700;ORPHA:289157,True,1.0,1.0,2.0,,OMIM:264700;ORPHA:289157,2.0,0.0,2009-02-17,"[[""GENE:CYP27B1"", -1.0, 1.0]]",2,2,0,0.9998915873699763,grade
DAO,gene,DAO,DAO,cluster:DAO,cognitive_impairment,induces,monogenic,A,1.0,0.545,HPO genes_to_phenotype; diseases=ORPHA:803,True,0.0,1.0,2.0,,ORPHA:803,1.0,0.0,,"[[""GENE:DAO"", -1.0, 1.0]]",2,2,0,0.9997730446598188,grade
DAO,gene,DAO,DAO,cluster:DAO,anxiety,induces,monogenic,A,1.0,0.545,HPO genes_to_phenotype; diseases=ORPHA:803,True,0.0,1.0,1.0,,ORPHA:803,1.0,0.0,,"[[""GENE:DAO"", -1.0, 1.0]]",1,1,0,0.9997730446598188,grade
DAO,gene,DAO,DAO,cluster:DAO,depressed_mood,induces,monogenic,A,1.0,0.545,HPO genes_to_phenotype; diseases=ORPHA:803,True,0.0,1.0,1.0,,ORPHA:803,1.0,0.0,,"[[""GENE:DAO"", -1.0, 1.0]]",1,1,0,0.9997730446598188,grade
DAO,gene,DAO,DAO,cluster:DAO,fatigue,induces,monogenic,A,1.0,0.545,HPO genes_to_phenotype; diseases=ORPHA:803,True,0.0,1.0,1.0,,ORPHA:803,1.0,0.0,,"[[""GENE:DAO"", -1.0, 1.0]]",1,1,0,0.9997730446598188,grade
DARS1,gene,DARS1,DARS1,cluster:DARS1,irritability_or_aggression,induces,monogenic,A,0.8,0.2,HPO genes_to_phenotype; diseases=OMIM:615281,True,1.0,0.0,1.0,10.0,OMIM:615281,1.0,1.0,2013-05-02,"[[""GENE:DARS1"", -1.0, 1.0]]",1,1,0,0.9997434332184604,grade
DBH,gene,DBH,DBH,cluster:DBH,fatigue,induces,monogenic,A,1.0,0.545,HPO genes_to_phenotype; diseases=ORPHA:230,True,0.0,1.0,1.0,,ORPHA:230,1.0,0.0,,"[[""GENE:DBH"", -1.0, 1.0]]",1,1,0,0.9997730446598188,grade
DCC,gene,DCC,DCC,cluster:DCC,cognitive_impairment,induces,monogenic,A,1.0,0.545,HPO genes_to_phenotype; diseases=ORPHA:2744,False,0.0,1.0,1.0,,ORPHA:2744,1.0,0.0,,"[[""GENE:DCC"", -1.0, 1.0]]",1,1,0,0.9997730446598188,grade
DCTN1,gene,DCTN1,DCTN1,cluster:DCTN1,cognitive_impairment,induces,monogenic,A,1.0,0.545,HPO genes_to_phenotype; diseases=OMIM:168605;ORPHA:178509;ORPHA:803,False,1.0,2.0,4.0,,OMIM:168605;ORPHA:178509;ORPHA:803,3.0,0.0,2018-10-08,"[[""GENE:DCTN1"", -1.0, 1.0]]",4,4,0,0.99996810036518,grade
DCTN1,gene,DCTN1,DCTN1,cluster:DCTN1,insomnia,induces,monogenic,A,1.0,,HPO genes_to_phenotype; diseases=OMIM:168605,False,1.0,0.0,1.0,,OMIM:168605,1.0,0.0,2012-10-17,"[[""GENE:DCTN1"", -1.0, 1.0]]",1,1,0,0.997017116436691,grade
DCTN1,gene,DCTN1,DCTN1,cluster:DCTN1,anxiety,induces,monogenic,A,1.0,0.545,HPO genes_to_phenotype; diseases=OMIM:168605;ORPHA:803,False,1.0,1.0,2.0,6.0,OMIM:168605;ORPHA:803,2.0,1.0,2021-07-04,"[[""GENE:DCTN1"", -1.0, 1.0]]",2,2,0,0.9999172724257107,grade
DCTN1,gene,DCTN1,DCTN1,cluster:DCTN1,depressed_mood,induces,monogenic,A,1.0,0.895,HPO genes_to_phenotype; diseases=OMIM:168605;ORPHA:178509;ORPHA:803,False,1.0,2.0,3.0,6.0,OMIM:168605;ORPHA:178509;ORPHA:803,3.0,1.0,2009-02-17,"[[""GENE:DCTN1"", -1.0, 1.0]]",3,3,0,0.9999756584489594,grade
DCTN1,gene,DCTN1,DCTN1,cluster:DCTN1,fatigue,induces,monogenic,A,1.0,0.545,HPO genes_to_phenotype; diseases=ORPHA:803,False,0.0,1.0,1.0,,ORPHA:803,1.0,0.0,,"[[""GENE:DCTN1"", -1.0, 1.0]]",1,1,0,0.9994232502804609,grade
DCX,gene,DCX,DCX,cluster:DCX,cognitive_impairment,induces,monogenic,A,1.0,0.895,HPO genes_to_phenotype; diseases=ORPHA:2148,False,0.0,1.0,1.0,,ORPHA:2148,1.0,0.0,,"[[""GENE:DCX"", -1.0, 1.0]]",1,1,0,0.9997730446598188,grade
DCX,gene,DCX,DCX,cluster:DCX,irritability_or_aggression,induces,monogenic,A,0.68,0.17,HPO genes_to_phenotype; diseases=ORPHA:2148,False,0.0,1.0,1.0,,ORPHA:2148,1.0,0.0,,"[[""GENE:DCX"", -1.0, 1.0]]",1,1,0,0.9997730446598188,grade
DCX,gene,DCX,DCX,cluster:DCX,psychomotor_agitation,induces,monogenic,A,0.68,0.17,HPO genes_to_phenotype; diseases=ORPHA:2148,False,0.0,1.0,1.0,,ORPHA:2148,1.0,0.0,,"[[""GENE:DCX"", -1.0, 1.0]]",1,1,0,0.9997730446598188,grade
DDB1,gene,DDB1,DDB1,cluster:DDB1,anxiety,induces,monogenic,A,0.5,0.125,HPO genes_to_phenotype; diseases=OMIM:619426,False,1.0,0.0,1.0,8.0,OMIM:619426,1.0,1.0,2021-08-22,"[[""GENE:DDB1"", -1.0, 1.0]]",1,1,0,0.9997328086157783,grade
DDB2,gene,DDB2,DDB2,cluster:DDB2,cognitive_impairment,induces,monogenic,A,1.0,0.895,HPO genes_to_phenotype; diseases=ORPHA:910,False,0.0,1.0,1.0,,ORPHA:910,1.0,0.0,,"[[""GENE:DDB2"", -1.0, 1.0]]",1,1,0,0.9997730446598188,grade
DDB2,gene,DDB2,DDB2,cluster:DDB2,fatigue,induces,monogenic,A,1.0,0.895,HPO genes_to_phenotype; diseases=ORPHA:910,False,0.0,1.0,1.0,,ORPHA:910,1.0,0.0,,"[[""GENE:DDB2"", -1.0, 1.0]]",1,1,0,0.9997730446598188,grade
DDC,gene,DDC,DDC,cluster:DDC,irritability_or_aggression,induces,monogenic,A,1.0,0.9090909090909091,HPO genes_to_phenotype; diseases=OMIM:608643;ORPHA:35708,True,1.0,1.0,2.0,11.0,OMIM:608643;ORPHA:35708,2.0,1.0,2003-01-01,"[[""GENE:DDC"", -1.0, 1.0]]",2,2,0,0.9999258161639892,grade
DDX3X,gene,DDX3X,DDX3X,cluster:DDX3X,irritability_or_aggression,induces,monogenic,A,1.0,0.545,HPO genes_to_phenotype; diseases=OMIM:300958;ORPHA:457260,False,1.0,1.0,2.0,,OMIM:300958;ORPHA:457260,2.0,1.0,2015-10-05,"[[""GENE:DDX3X"", -1.0, 1.0]]",2,2,0,0.9999337544286306,grade
DES,gene,DES,DES,cluster:DES,fatigue,induces,monogenic,A,1.0,0.545,HPO genes_to_phenotype; diseases=ORPHA:154,False,0.0,1.0,1.0,,ORPHA:154,1.0,0.0,,"[[""GENE:DES"", -1.0, 1.0]]",1,1,0,0.9997730446598188,grade
DGUOK,gene,DGUOK,DGUOK,cluster:DGUOK,cognitive_impairment,induces,monogenic,A,0.68,0.17,HPO genes_to_phenotype; diseases=OMIM:617070;ORPHA:329314,True,1.0,1.0,3.0,6.0,OMIM:617070;ORPHA:329314,2.0,1.0,2012-10-04,"[[""GENE:DGUOK"", -1.0, 1.0]]",3,3,0,0.9999172724257107,grade
DGUOK,gene,DGUOK,DGUOK,cluster:DGUOK,depressed_mood,induces,monogenic,A,0.68,0.17,HPO genes_to_phenotype; diseases=ORPHA:329314,True,0.0,1.0,1.0,,ORPHA:329314,1.0,0.0,,"[[""GENE:DGUOK"", -1.0, 1.0]]",1,1,0,0.9994232502804609,grade
DHCR7,gene,DHCR7,DHCR7,cluster:DHCR7,somnolence_or_hypersomnia,induces,monogenic,A,1.0,0.545,HPO genes_to_phenotype; diseases=ORPHA:818,True,0.0,1.0,1.0,,ORPHA:818,1.0,0.0,,"[[""GENE:DHCR7"", -1.0, 1.0]]",1,1,0,0.9994232502804609,grade
DHCR7,gene,DHCR7,DHCR7,cluster:DHCR7,irritability_or_aggression,induces,monogenic,A,1.0,,HPO genes_to_phenotype; diseases=OMIM:270400,True,1.0,0.0,1.0,,OMIM:270400,1.0,0.0,2012-04-24,"[[""GENE:DHCR7"", -1.0, 1.0]]",1,1,0,0.997017116436691,grade
DLAT,gene,DLAT,DLAT,cluster:DLAT,anxiety,induces,monogenic,A,0.68,0.17,HPO genes_to_phenotype; diseases=ORPHA:79244,True,0.0,1.0,1.0,,ORPHA:79244,1.0,0.0,,"[[""GENE:DLAT"", -1.0, 1.0]]",1,1,0,0.9997730446598188,grade
DLAT,gene,DLAT,DLAT,cluster:DLAT,cognitive_impairment,induces,monogenic,A,0.68,0.17,HPO genes_to_phenotype; diseases=ORPHA:79244,True,0.0,1.0,1.0,,ORPHA:79244,1.0,0.0,,"[[""GENE:DLAT"", -1.0, 1.0]]",1,1,0,0.9997730446598188,grade
DLST,gene,DLST,DLST,cluster:ABCA3,anxiety,induces,monogenic,A,1.0,0.545,HPO genes_to_phenotype; diseases=ORPHA:29072,True,0.0,1.0,2.0,,ORPHA:29072,1.0,0.0,,"[[""GENE:DLST"", -1.0, 1.0]]",2,2,0,0.9997730446598188,grade
DLST,gene,DLST,DLST,cluster:ABCA3,fatigue,induces,monogenic,A,1.0,0.545,HPO genes_to_phenotype; diseases=ORPHA:29072,True,0.0,1.0,1.0,,ORPHA:29072,1.0,0.0,,"[[""GENE:DLST"", -1.0, 1.0]]",1,1,0,0.9997730446598188,grade
DMD,gene,DMD,DMD,cluster:DMD,cognitive_impairment,induces,monogenic,A,1.0,0.895,HPO genes_to_phenotype; diseases=ORPHA:98896,False,0.0,1.0,1.0,,ORPHA:98896,1.0,0.0,,"[[""GENE:DMD"", -1.0, 1.0]]",1,1,0,0.9997730446598188,grade
DMD,gene,DMD,DMD,cluster:DMD,fatigue,induces,monogenic,A,1.0,0.545,HPO genes_to_phenotype; diseases=ORPHA:154;ORPHA:98895,False,0.0,2.0,2.0,,ORPHA:154;ORPHA:98895,2.0,0.0,,"[[""GENE:DMD"", -1.0, 1.0]]",2,2,0,0.9999332144392659,grade
DNM1,gene,DNM1,DNM1,cluster:ABCA3,cognitive_impairment,induces,monogenic,A,1.0,0.545,HPO genes_to_phenotype; diseases=ORPHA:2382;ORPHA:442835,True,0.0,2.0,2.0,,ORPHA:2382;ORPHA:442835,2.0,0.0,,"[[""GENE:DNM1"", -1.0, 1.0]]",2,2,0,0.9998302394354796,grade
DNM1,gene,DNM1,DNM1,cluster:ABCA3,irritability_or_aggression,induces,monogenic,A,1.0,0.545,HPO genes_to_phenotype; diseases=OMIM:620352;ORPHA:2382,True,1.0,1.0,3.0,2.0,OMIM:620352;ORPHA:2382,2.0,1.0,2021-06-25,"[[""GENE:DNM1"", -1.0, 1.0]]",3,3,0,0.9999018095935599,grade
DNM1,gene,DNM1,DNM1,cluster:ABCA3,psychosis,induces,monogenic,A,0.68,0.17,HPO genes_to_phenotype; diseases=ORPHA:2382,True,0.0,1.0,1.0,,ORPHA:2382,1.0,0.0,,"[[""GENE:DNM1"", -1.0, 1.0]]",1,1,0,0.9994232502804609,grade
DMPK,gene,DMPK,DMPK,cluster:DMPK,somnolence_or_hypersomnia,induces,monogenic,A,1.0,,HPO genes_to_phenotype; diseases=OMIM:160900,False,1.0,0.0,1.0,,OMIM:160900,1.0,0.0,2012-10-17,"[[""GENE:DMPK"", -1.0, 1.0]]",1,1,0,0.997017116436691,grade
DMPK,gene,DMPK,DMPK,cluster:DMPK,cognitive_impairment,induces,monogenic,A,1.0,0.545,HPO genes_to_phenotype; diseases=ORPHA:589821,False,0.0,1.0,1.0,,ORPHA:589821,1.0,0.0,,"[[""GENE:DMPK"", -1.0, 1.0]]",1,1,0,0.9994232502804609,grade
DNA2,gene,DNA2,DNA2,cluster:ATR,cognitive_impairment,induces,monogenic,A,1.0,0.895,HPO genes_to_phenotype; diseases=ORPHA:808,False,0.0,1.0,1.0,,ORPHA:808,1.0,0.0,,"[[""GENE:DNA2"", -1.0, 1.0]]",1,1,0,0.9994232502804609,grade
DNA2,gene,DNA2,DNA2,cluster:ATR,depressed_mood,induces,monogenic,A,1.0,0.545,HPO genes_to_phenotype; diseases=OMIM:615156;ORPHA:352470,False,1.0,1.0,2.0,4.0,OMIM:615156;ORPHA:352470,2.0,1.0,2023-02-05,"[[""GENE:DNA2"", -1.0, 1.0]]",2,2,0,0.9999114470526677,grade
DNASE1,gene,DNASE1,DNASE1,cluster:ADAR,depressed_mood,induces,monogenic,A,0.68,0.17,HPO genes_to_phenotype; diseases=ORPHA:536,False,0.0,1.0,1.0,,ORPHA:536,1.0,0.0,,"[[""GENE:DNASE1"", -1.0, 1.0]]",1,1,0,0.9994232502804609,grade
DNASE1,gene,DNASE1,DNASE1,cluster:ADAR,psychosis,induces,monogenic,A,1.0,,HPO genes_to_phenotype; diseases=OMIM:152700,False,1.0,0.0,1.0,,OMIM:152700,1.0,0.0,2009-02-17,"[[""GENE:DNASE1"", -1.0, 1.0]]",1,1,0,0.9961871887065212,grade
DNASE1,gene,DNASE1,DNASE1,cluster:ADAR,fatigue,induces,monogenic,A,1.0,0.895,HPO genes_to_phenotype; diseases=ORPHA:536,False,0.0,1.0,1.0,,ORPHA:536,1.0,0.0,,"[[""GENE:DNASE1"", -1.0, 1.0]]",1,1,0,0.9994232502804609,grade
DYNC1I2,gene,DYNC1I2,DYNC1I2,cluster:DYNC1I2,irritability_or_aggression,induces,monogenic,A,1.0,1.0,HPO genes_to_phenotype; diseases=OMIM:618492,False,1.0,0.0,1.0,3.0,OMIM:618492,1.0,1.0,2019-07-07,"[[""GENE:DYNC1I2"", -1.0, 1.0]]",1,1,0,0.9996852014177682,grade
DNMT1,gene,DNMT1,DNMT1,cluster:DNMT1,cognitive_impairment,induces,monogenic,A,1.0,1.0,HPO genes_to_phenotype; diseases=OMIM:604121;OMIM:614116;ORPHA:314404,True,2.0,1.0,7.0,26.0,OMIM:604121;OMIM:614116;ORPHA:314404,4.0,2.0,2011-05-01,"[[""GENE:DNMT1"", -1.0, 1.0]]",8,8,0,0.9999736264945093,grade
DNMT1,gene,DNMT1,DNMT1,cluster:DNMT1,somnolence_or_hypersomnia,induces,monogenic,A,1.0,1.0,HPO genes_to_phenotype; diseases=OMIM:604121;OMIM:614116,True,2.0,0.0,2.0,4.0,OMIM:604121;OMIM:614116,2.0,1.0,2012-02-09,"[[""GENE:DNMT1"", -1.0, 1.0]]",2,2,0,0.9988341851522715,grade
DNMT1,gene,DNMT1,DNMT1,cluster:DNMT1,irritability_or_aggression,induces,monogenic,A,1.0,,HPO genes_to_phenotype; diseases=OMIM:614116,True,1.0,0.0,1.0,,OMIM:614116,1.0,0.0,2012-10-17,"[[""GENE:DNMT1"", -1.0, 1.0]]",1,1,0,0.997017116436691,grade
DNMT1,gene,DNMT1,DNMT1,cluster:DNMT1,depressed_mood,induces,monogenic,A,1.0,0.75,HPO genes_to_phenotype; diseases=OMIM:604121;ORPHA:314404,True,1.0,1.0,2.0,4.0,OMIM:604121;ORPHA:314404,2.0,1.0,2012-02-09,"[[""GENE:DNMT1"", -1.0, 1.0]]",2,2,0,0.9999114470526677,grade
DNMT1,gene,DNMT1,DNMT1,cluster:DNMT1,psychosis,induces,monogenic,A,1.0,0.75,HPO genes_to_phenotype; diseases=OMIM:604121,True,1.0,0.0,1.0,4.0,OMIM:604121,1.0,1.0,2012-02-09,"[[""GENE:DNMT1"", -1.0, 1.0]]",1,1,0,0.9968835275404955,grade
DNMT3A,gene,DNMT3A,DNMT3A,cluster:ABCA3,anxiety,induces,monogenic,A,1.0,0.545,HPO genes_to_phenotype; diseases=ORPHA:276621;ORPHA:404443,True,0.0,2.0,3.0,,ORPHA:276621;ORPHA:404443,2.0,0.0,,"[[""GENE:DNMT3A"", -1.0, 1.0]]",3,3,0,0.9999332144392659,grade
DNMT3A,gene,DNMT3A,DNMT3A,cluster:ABCA3,irritability_or_aggression,induces,monogenic,A,0.25,0.025,HPO genes_to_phenotype; diseases=ORPHA:404443,True,0.0,1.0,1.0,,ORPHA:404443,1.0,0.0,,"[[""GENE:DNMT3A"", -1.0, 1.0]]",1,1,0,0.9997730446598188,grade
DNMT3A,gene,DNMT3A,DNMT3A,cluster:ABCA3,fatigue,induces,monogenic,A,1.0,0.545,HPO genes_to_phenotype; diseases=ORPHA:276621,True,0.0,1.0,1.0,,ORPHA:276621,1.0,0.0,,"[[""GENE:DNMT3A"", -1.0, 1.0]]",1,1,0,0.9997730446598188,grade
DPAGT1,gene,DPAGT1,DPAGT1,cluster:DPAGT1,irritability_or_aggression,induces,monogenic,A,0.68,0.17,HPO genes_to_phenotype; diseases=OMIM:608093;ORPHA:86309,True,1.0,1.0,2.0,,OMIM:608093;ORPHA:86309,2.0,0.0,2013-11-18,"[[""GENE:DPAGT1"", -1.0, 1.0]]",2,2,0,0.9999152539456482,grade
DPH2,gene,DPH2,DPH2,cluster:DPH2,anxiety,induces,monogenic,A,0.68,0.17,HPO genes_to_phenotype; diseases=ORPHA:459061,False,0.0,1.0,1.0,,ORPHA:459061,1.0,0.0,,"[[""GENE:DPH2"", -1.0, 1.0]]",1,1,0,0.9997730446598188,grade
DPYD,gene,DPYD,DPYD,cluster:DPYD,irritability_or_aggression,induces,monogenic,A,0.68,0.17,HPO genes_to_phenotype; diseases=ORPHA:1675;ORPHA:293948,True,0.0,2.0,3.0,,ORPHA:1675;ORPHA:293948,2.0,0.0,,"[[""GENE:DPYD"", -1.0, 1.0]]",3,3,0,0.9999332144392659,grade
DPYS,gene,DPYS,DPYS,cluster:DPYS,somnolence_or_hypersomnia,induces,monogenic,A,1.0,,HPO genes_to_phenotype; diseases=OMIM:222748,True,1.0,0.0,1.0,,OMIM:222748,1.0,0.0,2009-02-17,"[[""GENE:DPYS"", -1.0, 1.0]]",1,1,0,0.999631621434846,grade
DRD2,gene,DRD2,DRD2,cluster:DRD2,anxiety,induces,monogenic,A,1.0,0.545,HPO genes_to_phenotype; diseases=ORPHA:36899,False,0.0,1.0,2.0,,ORPHA:36899,1.0,0.0,,"[[""GENE:DRD2"", -1.0, 1.0]]",2,2,0,0.9997730446598188,grade
DRD2,gene,DRD2,DRD2,cluster:DRD2,depressed_mood,induces,monogenic,A,1.0,0.545,HPO genes_to_phenotype; diseases=ORPHA:36899,False,0.0,1.0,1.0,,ORPHA:36899,1.0,0.0,,"[[""GENE:DRD2"", -1.0, 1.0]]",1,1,0,0.9997730446598188,grade
DRD3,gene,DRD3,DRD3,cluster:CHI3L1,cognitive_impairment,induces,monogenic,A,1.0,,HPO genes_to_phenotype; diseases=OMIM:181500,False,1.0,0.0,1.0,,OMIM:181500,1.0,0.0,2009-02-17,"[[""GENE:DRD3"", -1.0, 1.0]]",1,1,0,0.999631621434846,grade
DRD3,gene,DRD3,DRD3,cluster:CHI3L1,psychosis,induces,monogenic,A,1.0,,HPO genes_to_phenotype; diseases=OMIM:181500,False,1.0,0.0,2.0,,OMIM:181500,1.0,0.0,2009-02-17,"[[""GENE:DRD3"", -1.0, 1.0]]",2,2,0,0.999631621434846,grade
ATN1,gene,ATN1,ATN1,cluster:ATN1,cognitive_impairment,induces,monogenic,A,1.0,0.545,HPO genes_to_phenotype; diseases=OMIM:125370;ORPHA:101,False,1.0,1.0,4.0,51.0,OMIM:125370;ORPHA:101,2.0,1.0,2009-02-17,"[[""GENE:ATN1"", -1.0, 1.0]]",4,4,0,0.9999337544286306,grade
DSG2,gene,DSG2,DSG2,cluster:DSG2,fatigue,induces,monogenic,A,1.0,0.545,HPO genes_to_phenotype; diseases=ORPHA:154,False,0.0,1.0,1.0,,ORPHA:154,1.0,0.0,,"[[""GENE:DSG2"", -1.0, 1.0]]",1,1,0,0.9997730446598188,grade
DSP,gene,DSP,DSP,cluster:ABCA3,fatigue,induces,monogenic,A,1.0,0.545,HPO genes_to_phenotype; diseases=ORPHA:154;ORPHA:2032,False,0.0,2.0,2.0,,ORPHA:154;ORPHA:2032,2.0,0.0,,"[[""GENE:DSP"", -1.0, 1.0]]",2,2,0,0.9999332144392659,grade
DUSP6,gene,DUSP6,DUSP6,cluster:ARNT2,anxiety,induces,monogenic,A,1.0,0.545,HPO genes_to_phenotype; diseases=ORPHA:432,False,0.0,1.0,1.0,,ORPHA:432,1.0,0.0,,"[[""GENE:DUSP6"", -1.0, 1.0]]",1,1,0,0.9997730446598188,grade
DUSP6,gene,DUSP6,DUSP6,cluster:ARNT2,depressed_mood,induces,monogenic,A,1.0,0.545,HPO genes_to_phenotype; diseases=ORPHA:432,False,0.0,1.0,1.0,,ORPHA:432,1.0,0.0,,"[[""GENE:DUSP6"", -1.0, 1.0]]",1,1,0,0.9997730446598188,grade
DYRK1A,gene,DYRK1A,DYRK1A,cluster:DYRK1A,anxiety,induces,monogenic,A,1.0,0.545,HPO genes_to_phenotype; diseases=ORPHA:268261;ORPHA:464311,False,0.0,2.0,2.0,,ORPHA:268261;ORPHA:464311,2.0,0.0,,"[[""GENE:DYRK1A"", -1.0, 1.0]]",2,2,0,0.9999332144392659,grade
DYRK1A,gene,DYRK1A,DYRK1A,cluster:DYRK1A,irritability_or_aggression,induces,monogenic,A,0.68,0.17,HPO genes_to_phenotype; diseases=ORPHA:268261,False,0.0,1.0,1.0,,ORPHA:268261,1.0,0.0,,"[[""GENE:DYRK1A"", -1.0, 1.0]]",1,1,0,0.9997730446598188,grade
TOR1A,gene,TOR1A,TOR1A,cluster:DRD2,anxiety,induces,monogenic,A,1.0,0.545,HPO genes_to_phenotype; diseases=ORPHA:36899,False,0.0,1.0,2.0,,ORPHA:36899,1.0,0.0,,"[[""GENE:TOR1A"", -1.0, 1.0]]",2,2,0,0.9994232502804609,grade
TOR1A,gene,TOR1A,TOR1A,cluster:DRD2,depressed_mood,induces,monogenic,A,1.0,0.545,HPO genes_to_phenotype; diseases=OMIM:128100;ORPHA:36899,False,1.0,1.0,2.0,,OMIM:128100;ORPHA:36899,2.0,0.0,2015-12-30,"[[""GENE:TOR1A"", -1.0, 1.0]]",2,2,0,0.9999152539456482,grade
ECE1,gene,ECE1,ECE1,cluster:ECE1,psychomotor_agitation,induces,monogenic,A,1.0,1.0,HPO genes_to_phenotype; diseases=OMIM:613870,False,1.0,0.0,1.0,1.0,OMIM:613870,1.0,1.0,2017-07-13,"[[""GENE:ECE1"", -1.0, 1.0]]",1,1,0,0.99963784265969,grade
TYMP,gene,TYMP,TYMP,cluster:LIG3,cognitive_impairment,induces,monogenic,A,0.25,0.025,HPO genes_to_phenotype; diseases=OMIM:603041;ORPHA:298,True,1.0,1.0,2.0,35.0,OMIM:603041;ORPHA:298,2.0,1.0,2000-06-01,"[[""GENE:TYMP"", -1.0, 1.0]]",2,1,1,0.9994232502804609,grade
ECM1,gene,ECM1,ECM1,cluster:ECM1,cognitive_impairment,induces,monogenic,A,1.0,,HPO genes_to_phenotype; diseases=OMIM:247100,False,1.0,0.0,1.0,,OMIM:247100,1.0,0.0,2009-02-17,"[[""GENE:ECM1"", -1.0, 1.0]]",1,1,0,0.999631621434846,grade
ECM1,gene,ECM1,ECM1,cluster:ECM1,psychosis,induces,monogenic,A,1.0,,HPO genes_to_phenotype; diseases=OMIM:247100,False,1.0,0.0,1.0,,OMIM:247100,1.0,0.0,2013-05-03,"[[""GENE:ECM1"", -1.0, 1.0]]",1,1,0,0.9997120224657162,grade
ECM1,gene,ECM1,ECM1,cluster:ECM1,irritability_or_aggression,induces,monogenic,A,1.0,,HPO genes_to_phenotype; diseases=OMIM:247100,False,1.0,0.0,1.0,,OMIM:247100,1.0,0.0,2013-05-03,"[[""GENE:ECM1"", -1.0, 1.0]]",1,1,0,0.9997120224657162,grade
EDN3,gene,EDN3,EDN3,cluster:ALK,cognitive_impairment,induces,monogenic,A,0.68,0.17,HPO genes_to_phenotype; diseases=ORPHA:661,False,0.0,1.0,1.0,,ORPHA:661,1.0,0.0,,"[[""GENE:EDN3"", -1.0, 1.0]]",1,1,0,0.9997730446598188,grade
EDNRA,gene,EDNRA,EDNRA,cluster:BAZ1B,anxiety,induces,monogenic,A,0.68,0.17,HPO genes_to_phenotype; diseases=ORPHA:586,False,0.0,1.0,1.0,,ORPHA:586,1.0,0.0,,"[[""GENE:EDNRA"", -1.0, 1.0]]",1,1,0,0.9997730446598188,grade
EDNRA,gene,EDNRA,EDNRA,cluster:BAZ1B,depressed_mood,induces,monogenic,A,0.68,0.17,HPO genes_to_phenotype; diseases=ORPHA:586,False,0.0,1.0,1.0,,ORPHA:586,1.0,0.0,,"[[""GENE:EDNRA"", -1.0, 1.0]]",1,1,0,0.9997730446598188,grade
EEF1A2,gene,EEF1A2,EEF1A2,cluster:EEF1A2,cognitive_impairment,induces,monogenic,A,0.68,0.17,HPO genes_to_phenotype; diseases=ORPHA:442835,False,0.0,1.0,1.0,,ORPHA:442835,1.0,0.0,,"[[""GENE:EEF1A2"", -1.0, 1.0]]",1,1,0,0.9994232502804609,grade
EEF1A2,gene,EEF1A2,EEF1A2,cluster:EEF1A2,irritability_or_aggression,induces,monogenic,A,1.0,1.0,HPO genes_to_phenotype; diseases=OMIM:616393;OMIM:616409,False,2.0,0.0,2.0,3.0,OMIM:616393;OMIM:616409,2.0,2.0,2015-06-22,"[[""GENE:EEF1A2"", -1.0, 1.0]]",2,2,0,0.998374934067974,grade
EIF2B1,gene,EIF2B1,EIF2B1,cluster:EIF2B1,cognitive_impairment,induces,monogenic,A,1.0,,HPO genes_to_phenotype; diseases=OMIM:603896,False,1.0,0.0,1.0,,OMIM:603896,1.0,0.0,2009-02-17,"[[""GENE:EIF2B1"", -1.0, 1.0]]",1,1,0,0.999631621434846,grade
EIF2B1,gene,EIF2B1,EIF2B1,cluster:EIF2B1,psychosis,induces,monogenic,A,1.0,,HPO genes_to_phenotype; diseases=OMIM:603896,False,1.0,0.0,1.0,,OMIM:603896,1.0,0.0,2009-02-17,"[[""GENE:EIF2B1"", -1.0, 1.0]]",1,1,0,0.999631621434846,grade
EIF2S3,gene,EIF2S3,EIF2S3,cluster:EIF2S3,irritability_or_aggression,induces,monogenic,A,1.0,,HPO genes_to_phenotype; diseases=OMIM:300148,False,1.0,0.0,1.0,,OMIM:300148,1.0,0.0,2018-10-08,"[[""GENE:EIF2S3"", -1.0, 1.0]]",1,1,0,0.9961871887065212,grade
EIF2S3,gene,EIF2S3,EIF2S3,cluster:EIF2S3,psychomotor_agitation,induces,monogenic,A,1.0,0.545,HPO genes_to_phenotype; diseases=ORPHA:85282,False,0.0,1.0,1.0,,ORPHA:85282,1.0,0.0,,"[[""GENE:EIF2S3"", -1.0, 1.0]]",1,1,0,0.9994232502804609,grade
EIF4G1,gene,EIF4G1,EIF4G1,cluster:ADH1C,cognitive_impairment,induces,monogenic,A,0.68,0.17,HPO genes_to_phenotype; diseases=ORPHA:411602,False,0.0,1.0,2.0,,ORPHA:411602,1.0,0.0,,"[[""GENE:EIF4G1"", -1.0, 1.0]]",2,2,0,0.9997730446598188,grade
EIF4G1,gene,EIF4G1,EIF4G1,cluster:ADH1C,psychosis,induces,monogenic,A,0.68,0.17,HPO genes_to_phenotype; diseases=ORPHA:411602,False,0.0,1.0,1.0,,ORPHA:411602,1.0,0.0,,"[[""GENE:EIF4G1"", -1.0, 1.0]]",1,1,0,0.9997730446598188,grade
EIF4G1,gene,EIF4G1,EIF4G1,cluster:ADH1C,depressed_mood,induces,monogenic,A,0.68,0.17,HPO genes_to_phenotype; diseases=ORPHA:411602,False,0.0,1.0,1.0,,ORPHA:411602,1.0,0.0,,"[[""GENE:EIF4G1"", -1.0, 1.0]]",1,1,0,0.9997730446598188,grade
EIF4G1,gene,EIF4G1,EIF4G1,cluster:ADH1C,psychomotor_agitation,induces,monogenic,A,0.68,0.17,HPO genes_to_phenotype; diseases=ORPHA:411602,False,0.0,1.0,1.0,,ORPHA:411602,1.0,0.0,,"[[""GENE:EIF4G1"", -1.0, 1.0]]",1,1,0,0.9997730446598188,grade
ELANE,gene,ELANE,ELANE,cluster:ELANE,fatigue,induces,monogenic,A,1.0,0.545,HPO genes_to_phenotype; diseases=ORPHA:2686,False,0.0,1.0,1.0,,ORPHA:2686,1.0,0.0,,"[[""GENE:ELANE"", -1.0, 1.0]]",1,1,0,0.9997730446598188,grade
ELN,gene,ELN,ELN,cluster:BAZ1B,insomnia,induces,monogenic,A,1.0,0.545,HPO genes_to_phenotype; diseases=ORPHA:904,False,0.0,1.0,1.0,,ORPHA:904,1.0,0.0,,"[[""GENE:ELN"", -1.0, 1.0]]",1,1,0,0.9994232502804609,grade
ELN,gene,ELN,ELN,cluster:BAZ1B,anxiety,induces,monogenic,A,1.0,0.895,HPO genes_to_phenotype; diseases=OMIM:194050;ORPHA:904,False,1.0,1.0,2.0,,OMIM:194050;ORPHA:904,2.0,1.0,2010-04-29,"[[""GENE:ELN"", -1.0, 1.0]]",2,2,0,0.9999337544286306,grade
ELN,gene,ELN,ELN,cluster:BAZ1B,cognitive_impairment,induces,monogenic,A,1.0,0.545,HPO genes_to_phenotype; diseases=OMIM:194050,False,1.0,0.0,1.0,,OMIM:194050,1.0,1.0,2010-04-29,"[[""GENE:ELN"", -1.0, 1.0]]",1,1,0,0.9976668184004441,grade
ELN,gene,ELN,ELN,cluster:BAZ1B,depressed_mood,induces,monogenic,A,1.0,0.895,HPO genes_to_phenotype; diseases=ORPHA:904,False,0.0,1.0,1.0,,ORPHA:904,1.0,0.0,,"[[""GENE:ELN"", -1.0, 1.0]]",1,1,0,0.9994232502804609,grade
EMD,gene,EMD,EMD,cluster:EMD,fatigue,induces,monogenic,A,1.0,1.0,HPO genes_to_phenotype; diseases=OMIM:301163,False,1.0,0.0,1.0,1.0,OMIM:301163,1.0,1.0,2026-03-03,"[[""GENE:EMD"", -1.0, 1.0]]",1,1,0,0.99963784265969,grade
MARK2,gene,MARK2,MARK2,cluster:MARK2,irritability_or_aggression,induces,monogenic,A,1.0,1.0,HPO genes_to_phenotype; diseases=OMIM:621285,False,1.0,0.0,2.0,2.0,OMIM:621285,1.0,1.0,2025-10-04,"[[""GENE:MARK2"", -1.0, 1.0]]",2,2,0,0.99963784265969,grade
MARK2,gene,MARK2,MARK2,cluster:MARK2,insomnia,induces,monogenic,A,1.0,0.5,HPO genes_to_phenotype; diseases=OMIM:621285,False,1.0,0.0,1.0,2.0,OMIM:621285,1.0,1.0,2025-10-04,"[[""GENE:MARK2"", -1.0, 1.0]]",1,1,0,0.9996663476591036,grade
MARK2,gene,MARK2,MARK2,cluster:MARK2,anxiety,induces,monogenic,A,1.0,1.0,HPO genes_to_phenotype; diseases=OMIM:621285,False,1.0,0.0,1.0,1.0,OMIM:621285,1.0,1.0,2025-10-04,"[[""GENE:MARK2"", -1.0, 1.0]]",1,1,0,0.99963784265969,grade
MARK2,gene,MARK2,MARK2,cluster:MARK2,psychomotor_agitation,induces,monogenic,A,1.0,1.0,HPO genes_to_phenotype; diseases=OMIM:621285,False,1.0,0.0,1.0,1.0,OMIM:621285,1.0,1.0,2025-10-04,"[[""GENE:MARK2"", -1.0, 1.0]]",1,1,0,0.99963784265969,grade
EMX2,gene,EMX2,EMX2,cluster:ARNT2,anxiety,induces,monogenic,A,1.0,0.545,HPO genes_to_phenotype; diseases=ORPHA:432,False,0.0,1.0,1.0,,ORPHA:432,1.0,0.0,,"[[""GENE:EMX2"", -1.0, 1.0]]",1,1,0,0.9997730446598188,grade
EMX2,gene,EMX2,EMX2,cluster:ARNT2,depressed_mood,induces,monogenic,A,1.0,0.545,HPO genes_to_phenotype; diseases=ORPHA:432,False,0.0,1.0,1.0,,ORPHA:432,1.0,0.0,,"[[""GENE:EMX2"", -1.0, 1.0]]",1,1,0,0.9997730446598188,grade
EP300,gene,EP300,EP300,cluster:CREBBP,anxiety,induces,monogenic,A,1.0,0.545,HPO genes_to_phenotype; diseases=ORPHA:353284,True,0.0,1.0,1.0,,ORPHA:353284,1.0,0.0,,"[[""GENE:EP300"", -1.0, 1.0]]",1,1,0,0.9994232502804609,grade
EP300,gene,EP300,EP300,cluster:CREBBP,cognitive_impairment,induces,monogenic,A,1.0,0.545,HPO genes_to_phenotype; diseases=OMIM:180849;ORPHA:353284,True,1.0,1.0,2.0,,OMIM:180849;ORPHA:353284,2.0,0.0,2009-02-17,"[[""GENE:EP300"", -1.0, 1.0]]",2,2,0,0.9999337544286306,grade
EP300,gene,EP300,EP300,cluster:CREBBP,irritability_or_aggression,induces,monogenic,A,0.68,0.17,HPO genes_to_phenotype; diseases=ORPHA:353284,True,0.0,1.0,1.0,,ORPHA:353284,1.0,0.0,,"[[""GENE:EP300"", -1.0, 1.0]]",1,1,0,0.9994232502804609,grade
EPAS1,gene,EPAS1,EPAS1,cluster:ABCA3,anxiety,induces,monogenic,A,1.0,0.545,HPO genes_to_phenotype; diseases=ORPHA:276621,False,0.0,1.0,2.0,,ORPHA:276621,1.0,0.0,,"[[""GENE:EPAS1"", -1.0, 1.0]]",2,2,0,0.9997730446598188,grade
EPAS1,gene,EPAS1,EPAS1,cluster:ABCA3,fatigue,induces,monogenic,A,1.0,0.545,HPO genes_to_phenotype; diseases=ORPHA:276621,False,0.0,1.0,1.0,,ORPHA:276621,1.0,0.0,,"[[""GENE:EPAS1"", -1.0, 1.0]]",1,1,0,0.9997730446598188,grade
EPB41,gene,EPB41,EPB41,cluster:EPB41,fatigue,induces,monogenic,A,0.68,0.17,HPO genes_to_phenotype; diseases=ORPHA:288,False,0.0,1.0,1.0,,ORPHA:288,1.0,0.0,,"[[""GENE:EPB41"", -1.0, 1.0]]",1,1,0,0.9997730446598188,grade
CLN8,gene,CLN8,CLN8,cluster:CLN8,cognitive_impairment,induces,monogenic,A,1.0,0.545,HPO genes_to_phenotype; diseases=OMIM:610003;ORPHA:1947,False,1.0,1.0,3.0,,OMIM:610003;ORPHA:1947,2.0,0.0,2009-02-17,"[[""GENE:CLN8"", -1.0, 1.0]]",3,3,0,0.9999152539456482,grade
CLN8,gene,CLN8,CLN8,cluster:CLN8,irritability_or_aggression,induces,monogenic,A,1.0,,HPO genes_to_phenotype; diseases=OMIM:610003,False,1.0,0.0,1.0,,OMIM:610003,1.0,0.0,2009-02-17,"[[""GENE:CLN8"", -1.0, 1.0]]",1,1,0,0.997017116436691,grade
CLN8,gene,CLN8,CLN8,cluster:CLN8,psychomotor_agitation,induces,monogenic,A,1.0,,HPO genes_to_phenotype; diseases=OMIM:610003,False,1.0,0.0,1.0,,OMIM:610003,1.0,0.0,2009-02-17,"[[""GENE:CLN8"", -1.0, 1.0]]",1,1,0,0.9961871887065212,grade
EPOR,gene,EPOR,EPOR,cluster:ABCA3,fatigue,induces,monogenic,A,1.0,0.895,HPO genes_to_phenotype; diseases=OMIM:133100;ORPHA:90042,False,1.0,1.0,2.0,,OMIM:133100;ORPHA:90042,2.0,0.0,2013-10-22,"[[""GENE:EPOR"", -1.0, 1.0]]",2,2,0,0.9999152539456482,grade
ERBB4,gene,ERBB4,ERBB4,cluster:ERBB4,cognitive_impairment,induces,monogenic,A,1.0,0.545,HPO genes_to_phenotype; diseases=OMIM:615515;ORPHA:803,False,1.0,1.0,3.0,3.0,OMIM:615515;ORPHA:803,2.0,1.0,2022-06-16,"[[""GENE:ERBB4"", -1.0, 1.0]]",3,2,1,0.9995526001187681,grade
ERBB4,gene,ERBB4,ERBB4,cluster:ERBB4,anxiety,induces,monogenic,A,1.0,0.545,HPO genes_to_phenotype; diseases=ORPHA:803,False,0.0,1.0,1.0,,ORPHA:803,1.0,0.0,,"[[""GENE:ERBB4"", -1.0, 1.0]]",1,1,0,0.9994232502804609,grade
ERBB4,gene,ERBB4,ERBB4,cluster:ERBB4,depressed_mood,induces,monogenic,A,1.0,0.545,HPO genes_to_phenotype; diseases=ORPHA:803,False,0.0,1.0,1.0,,ORPHA:803,1.0,0.0,,"[[""GENE:ERBB4"", -1.0, 1.0]]",1,1,0,0.9994232502804609,grade
ERBB4,gene,ERBB4,ERBB4,cluster:ERBB4,fatigue,induces,monogenic,A,1.0,0.545,HPO genes_to_phenotype; diseases=ORPHA:803,False,0.0,1.0,1.0,,ORPHA:803,1.0,0.0,,"[[""GENE:ERBB4"", -1.0, 1.0]]",1,1,0,0.9994232502804609,grade
ERCC2,gene,ERCC2,ERCC2,cluster:DDB2,cognitive_impairment,induces,monogenic,A,1.0,0.895,HPO genes_to_phenotype; diseases=OMIM:278730;ORPHA:220295;ORPHA:910,False,1.0,2.0,3.0,,OMIM:278730;ORPHA:220295;ORPHA:910,3.0,0.0,2009-02-17,"[[""GENE:ERCC2"", -1.0, 1.0]]",3,3,0,0.99996810036518,grade
ERCC2,gene,ERCC2,ERCC2,cluster:DDB2,fatigue,induces,monogenic,A,1.0,0.895,HPO genes_to_phenotype; diseases=ORPHA:910,False,0.0,1.0,1.0,,ORPHA:910,1.0,0.0,,"[[""GENE:ERCC2"", -1.0, 1.0]]",1,1,0,0.9994232502804609,grade
ERCC3,gene,ERCC3,ERCC3,cluster:DDB2,cognitive_impairment,induces,monogenic,A,1.0,0.895,HPO genes_to_phenotype; diseases=ORPHA:220295;ORPHA:910,False,0.0,2.0,2.0,,ORPHA:220295;ORPHA:910,2.0,0.0,,"[[""GENE:ERCC3"", -1.0, 1.0]]",2,2,0,0.9999332144392659,grade
ERCC3,gene,ERCC3,ERCC3,cluster:DDB2,fatigue,induces,monogenic,A,1.0,0.895,HPO genes_to_phenotype; diseases=ORPHA:910,False,0.0,1.0,1.0,,ORPHA:910,1.0,0.0,,"[[""GENE:ERCC3"", -1.0, 1.0]]",1,1,0,0.9997730446598188,grade
ERCC4,gene,ERCC4,ERCC4,cluster:DDB2,cognitive_impairment,induces,monogenic,A,1.0,0.895,HPO genes_to_phenotype; diseases=OMIM:278760;ORPHA:220295;ORPHA:910,False,1.0,2.0,3.0,,OMIM:278760;ORPHA:220295;ORPHA:910,3.0,0.0,2013-07-17,"[[""GENE:ERCC4"", -1.0, 1.0]]",3,3,0,0.9999750645009944,grade
ERCC4,gene,ERCC4,ERCC4,cluster:DDB2,fatigue,induces,monogenic,A,1.0,0.895,HPO genes_to_phenotype; diseases=ORPHA:910,False,0.0,1.0,1.0,,ORPHA:910,1.0,0.0,,"[[""GENE:ERCC4"", -1.0, 1.0]]",1,1,0,0.9994232502804609,grade
ERCC5,gene,ERCC5,ERCC5,cluster:DDB2,cognitive_impairment,induces,monogenic,A,1.0,0.895,HPO genes_to_phenotype; diseases=ORPHA:220295;ORPHA:910,False,0.0,2.0,2.0,,ORPHA:220295;ORPHA:910,2.0,0.0,,"[[""GENE:ERCC5"", -1.0, 1.0]]",2,2,0,0.9999332144392659,grade
ERCC5,gene,ERCC5,ERCC5,cluster:DDB2,fatigue,induces,monogenic,A,1.0,0.895,HPO genes_to_phenotype; diseases=ORPHA:910,False,0.0,1.0,1.0,,ORPHA:910,1.0,0.0,,"[[""GENE:ERCC5"", -1.0, 1.0]]",1,1,0,0.9997730446598188,grade
ERCC6,gene,ERCC6,ERCC6,cluster:ERCC6,cognitive_impairment,induces,monogenic,A,1.0,1.0,HPO genes_to_phenotype; diseases=OMIM:278800;ORPHA:90324,False,1.0,1.0,2.0,2.0,OMIM:278800;ORPHA:90324,2.0,1.0,2009-02-17,"[[""GENE:ERCC6"", -1.0, 1.0]]",2,2,0,0.9999018095935599,grade
ERF,gene,ERF,ERF,cluster:ERF,cognitive_impairment,induces,monogenic,A,0.7692307692307693,0.19230769230769232,HPO genes_to_phenotype; diseases=OMIM:600775,False,1.0,0.0,1.0,26.0,OMIM:600775,1.0,1.0,2018-10-08,"[[""GENE:ERF"", -1.0, 1.0]]",1,1,0,0.9997748793976969,grade
ETS1,gene,ETS1,ETS1,cluster:ETS1,depressed_mood,induces,monogenic,A,0.68,0.17,HPO genes_to_phenotype; diseases=ORPHA:536,False,0.0,1.0,1.0,,ORPHA:536,1.0,0.0,,"[[""GENE:ETS1"", -1.0, 1.0]]",1,1,0,0.9997730446598188,grade
ETS1,gene,ETS1,ETS1,cluster:ETS1,fatigue,induces,monogenic,A,1.0,0.895,HPO genes_to_phenotype; diseases=ORPHA:536,False,0.0,1.0,1.0,,ORPHA:536,1.0,0.0,,"[[""GENE:ETS1"", -1.0, 1.0]]",1,1,0,0.9997730446598188,grade
ACSL4,gene,ACSL4,ACSL4,cluster:ACSL4,anxiety,induces,monogenic,A,1.0,0.25,HPO genes_to_phenotype; diseases=OMIM:300387,True,1.0,0.0,1.0,8.0,OMIM:300387,1.0,1.0,2002-03-11,"[[""GENE:ACSL4"", -1.0, 1.0]]",1,1,0,0.9997328086157783,grade
BPTF,gene,BPTF,BPTF,cluster:BPTF,psychosis,induces,monogenic,A,0.68,0.17,HPO genes_to_phenotype; diseases=ORPHA:529962,False,0.0,1.0,1.0,,ORPHA:529962,1.0,0.0,,"[[""GENE:BPTF"", -1.0, 1.0]]",1,1,0,0.9997730446598188,grade
BPTF,gene,BPTF,BPTF,cluster:BPTF,anxiety,induces,monogenic,A,1.0,0.545,HPO genes_to_phenotype; diseases=ORPHA:529962,False,0.0,1.0,1.0,,ORPHA:529962,1.0,0.0,,"[[""GENE:BPTF"", -1.0, 1.0]]",1,1,0,0.9997730446598188,grade
BPTF,gene,BPTF,BPTF,cluster:BPTF,irritability_or_aggression,induces,monogenic,A,0.68,0.17,HPO genes_to_phenotype; diseases=ORPHA:529962,False,0.0,1.0,1.0,,ORPHA:529962,1.0,0.0,,"[[""GENE:BPTF"", -1.0, 1.0]]",1,1,0,0.9997730446598188,grade
FBN1,gene,FBN1,FBN1,cluster:ADAMTSL4,cognitive_impairment,induces,monogenic,A,1.0,0.545,HPO genes_to_phenotype; diseases=ORPHA:1885,False,0.0,1.0,1.0,,ORPHA:1885,1.0,0.0,,"[[""GENE:FBN1"", -1.0, 1.0]]",1,1,0,0.9997730446598188,grade
FBP1,gene,FBP1,FBP1,cluster:FBP1,somnolence_or_hypersomnia,induces,monogenic,A,0.68,0.17,HPO genes_to_phenotype; diseases=ORPHA:348,True,0.0,1.0,1.0,,ORPHA:348,1.0,0.0,,"[[""GENE:FBP1"", -1.0, 1.0]]",1,1,0,0.9994232502804609,grade
FBP1,gene,FBP1,FBP1,cluster:FBP1,irritability_or_aggression,induces,monogenic,A,0.68,0.17,HPO genes_to_phenotype; diseases=OMIM:229700;ORPHA:348,True,1.0,1.0,2.0,,OMIM:229700;ORPHA:348,2.0,0.0,2009-02-17,"[[""GENE:FBP1"", -1.0, 1.0]]",2,2,0,0.9998915873699763,grade
FCGR2A,gene,FCGR2A,FCGR2A,cluster:ADAR,psychosis,induces,monogenic,A,1.0,,HPO genes_to_phenotype; diseases=OMIM:152700,False,1.0,0.0,1.0,,OMIM:152700,1.0,0.0,2009-02-17,"[[""GENE:FCGR2A"", -1.0, 1.0]]",1,1,0,0.999631621434846,grade
FCGR2B,gene,FCGR2B,FCGR2B,cluster:ADAR,depressed_mood,induces,monogenic,A,0.68,0.17,HPO genes_to_phenotype; diseases=ORPHA:536,False,0.0,1.0,1.0,,ORPHA:536,1.0,0.0,,"[[""GENE:FCGR2B"", -1.0, 1.0]]",1,1,0,0.9994232502804609,grade
FCGR2B,gene,FCGR2B,FCGR2B,cluster:ADAR,psychosis,induces,monogenic,A,1.0,,HPO genes_to_phenotype; diseases=OMIM:152700,False,1.0,0.0,1.0,,OMIM:152700,1.0,0.0,2009-02-17,"[[""GENE:FCGR2B"", -1.0, 1.0]]",1,1,0,0.9961871887065212,grade
FCGR2B,gene,FCGR2B,FCGR2B,cluster:ADAR,fatigue,induces,monogenic,A,1.0,0.895,HPO genes_to_phenotype; diseases=ORPHA:536,False,0.0,1.0,1.0,,ORPHA:536,1.0,0.0,,"[[""GENE:FCGR2B"", -1.0, 1.0]]",1,1,0,0.9994232502804609,grade
FCGR3B,gene,FCGR3B,FCGR3B,cluster:FCGR3B,depressed_mood,induces,monogenic,A,0.68,0.17,HPO genes_to_phenotype; diseases=ORPHA:536,False,0.0,1.0,1.0,,ORPHA:536,1.0,0.0,,"[[""GENE:FCGR3B"", -1.0, 1.0]]",1,1,0,0.9997730446598188,grade
FCGR3B,gene,FCGR3B,FCGR3B,cluster:FCGR3B,fatigue,induces,monogenic,A,1.0,0.895,HPO genes_to_phenotype; diseases=ORPHA:536,False,0.0,1.0,1.0,,ORPHA:536,1.0,0.0,,"[[""GENE:FCGR3B"", -1.0, 1.0]]",1,1,0,0.9997730446598188,grade
FKTN,gene,FKTN,FKTN,cluster:B3GALNT2,somnolence_or_hypersomnia,induces,monogenic,A,1.0,,HPO genes_to_phenotype; diseases=OMIM:236670,False,1.0,0.0,1.0,,OMIM:236670,1.0,0.0,2009-02-17,"[[""GENE:FKTN"", -1.0, 1.0]]",1,1,0,0.9961871887065212,grade
FKTN,gene,FKTN,FKTN,cluster:B3GALNT2,cognitive_impairment,induces,monogenic,A,1.0,0.895,HPO genes_to_phenotype; diseases=ORPHA:588,False,0.0,1.0,1.0,,ORPHA:588,1.0,0.0,,"[[""GENE:FKTN"", -1.0, 1.0]]",1,1,0,0.9994232502804609,grade
FKTN,gene,FKTN,FKTN,cluster:B3GALNT2,fatigue,induces,monogenic,A,1.0,0.545,HPO genes_to_phenotype; diseases=ORPHA:154,False,0.0,1.0,1.0,,ORPHA:154,1.0,0.0,,"[[""GENE:FKTN"", -1.0, 1.0]]",1,1,0,0.9994232502804609,grade
FDFT1,gene,FDFT1,FDFT1,cluster:FDFT1,irritability_or_aggression,induces,monogenic,A,1.0,1.0,HPO genes_to_phenotype; diseases=OMIM:618156,True,1.0,0.0,1.0,3.0,OMIM:618156,1.0,1.0,2018-06-14,"[[""GENE:FDFT1"", -1.0, 1.0]]",1,1,0,0.9996852014177682,grade
FDXR,gene,FDXR,FDXR,cluster:FDXR,insomnia,induces,monogenic,A,1.0,1.0,HPO genes_to_phenotype; diseases=OMIM:620887,True,1.0,0.0,1.0,1.0,OMIM:620887,1.0,1.0,2023-07-20,"[[""GENE:FDXR"", -1.0, 1.0]]",1,1,0,0.99963784265969,grade
FDXR,gene,FDXR,FDXR,cluster:FDXR,irritability_or_aggression,induces,monogenic,A,1.0,1.0,HPO genes_to_phenotype; diseases=OMIM:620887,True,1.0,0.0,1.0,1.0,OMIM:620887,1.0,1.0,2017-12-15,"[[""GENE:FDXR"", -1.0, 1.0]]",1,1,0,0.99963784265969,grade
FDXR,gene,FDXR,FDXR,cluster:FDXR,anxiety,induces,monogenic,A,1.0,1.0,HPO genes_to_phenotype; diseases=OMIM:620887,True,1.0,0.0,1.0,1.0,OMIM:620887,1.0,1.0,2021-01-03,"[[""GENE:FDXR"", -1.0, 1.0]]",1,1,0,0.99963784265969,grade
FDXR,gene,FDXR,FDXR,cluster:FDXR,depressed_mood,induces,monogenic,A,1.0,1.0,HPO genes_to_phenotype; diseases=OMIM:620887,True,1.0,0.0,1.0,3.0,OMIM:620887,2.0,2.0,2017-12-15,"[[""GENE:FDXR"", -1.0, 1.0]]",1,1,0,0.9996852014177682,grade
FDXR,gene,FDXR,FDXR,cluster:FDXR,psychomotor_agitation,induces,monogenic,A,1.0,1.0,HPO genes_to_phenotype; diseases=OMIM:620887,True,1.0,0.0,1.0,1.0,OMIM:620887,1.0,1.0,2017-12-15,"[[""GENE:FDXR"", -1.0, 1.0]]",1,1,0,0.99963784265969,grade
FDXR,gene,FDXR,FDXR,cluster:FDXR,fatigue,induces,monogenic,A,1.0,1.0,HPO genes_to_phenotype; diseases=OMIM:620887,True,1.0,0.0,1.0,1.0,OMIM:620887,1.0,1.0,2023-07-20,"[[""GENE:FDXR"", -1.0, 1.0]]",1,1,0,0.99963784265969,grade
GPC4,gene,GPC4,GPC4,cluster:GPC4,cognitive_impairment,induces,monogenic,A,0.68,0.17,HPO genes_to_phenotype; diseases=ORPHA:2662,False,0.0,1.0,1.0,,ORPHA:2662,1.0,0.0,,"[[""GENE:GPC4"", -1.0, 1.0]]",1,1,0,0.9997730446598188,grade
FGD1,gene,FGD1,FGD1,cluster:FGD1,cognitive_impairment,induces,monogenic,A,1.0,0.545,HPO genes_to_phenotype; diseases=ORPHA:915,False,0.0,1.0,1.0,,ORPHA:915,1.0,0.0,,"[[""GENE:FGD1"", -1.0, 1.0]]",1,1,0,0.9997730446598188,grade
FGF8,gene,FGF8,FGF8,cluster:ARNT2,irritability_or_aggression,induces,monogenic,A,1.0,0.545,HPO genes_to_phenotype; diseases=ORPHA:220386;ORPHA:93924;ORPHA:93925;ORPHA:93926,False,0.0,4.0,4.0,,ORPHA:220386;ORPHA:93924;ORPHA:93925;ORPHA:93926,4.0,0.0,,"[[""GENE:FGF8"", -1.0, 1.0]]",4,4,0,0.9999942183170779,grade
FGF8,gene,FGF8,FGF8,cluster:ARNT2,anxiety,induces,monogenic,A,1.0,0.545,HPO genes_to_phenotype; diseases=ORPHA:220386;ORPHA:432;ORPHA:93924;ORPHA:93925;ORPHA:93926,False,0.0,5.0,5.0,,ORPHA:220386;ORPHA:432;ORPHA:93924;ORPHA:93925;ORPHA:93926,5.0,0.0,,"[[""GENE:FGF8"", -1.0, 1.0]]",5,5,0,0.9999982989047091,grade
FGF8,gene,FGF8,FGF8,cluster:ARNT2,cognitive_impairment,induces,monogenic,A,1.0,0.545,HPO genes_to_phenotype; diseases=ORPHA:280195,False,0.0,1.0,1.0,,ORPHA:280195,1.0,0.0,,"[[""GENE:FGF8"", -1.0, 1.0]]",1,1,0,0.9997730446598188,grade
FGF8,gene,FGF8,FGF8,cluster:ARNT2,depressed_mood,induces,monogenic,A,1.0,0.545,HPO genes_to_phenotype; diseases=ORPHA:220386;ORPHA:432;ORPHA:93924;ORPHA:93925;ORPHA:93926,False,0.0,5.0,5.0,,ORPHA:220386;ORPHA:432;ORPHA:93924;ORPHA:93925;ORPHA:93926,5.0,0.0,,"[[""GENE:FGF8"", -1.0, 1.0]]",5,5,0,0.9999982989047091,grade
FGF12,gene,FGF12,FGF12,cluster:FGF12,cognitive_impairment,induces,monogenic,A,0.68,0.17,HPO genes_to_phenotype; diseases=ORPHA:442835,False,0.0,1.0,1.0,,ORPHA:442835,1.0,0.0,,"[[""GENE:FGF12"", -1.0, 1.0]]",1,1,0,0.9994232502804609,grade
FGF12,gene,FGF12,FGF12,cluster:FGF12,psychomotor_agitation,induces,monogenic,A,1.0,0.5,HPO genes_to_phenotype; diseases=OMIM:617166,False,1.0,0.0,1.0,2.0,OMIM:617166,1.0,1.0,2023-03-04,"[[""GENE:FGF12"", -1.0, 1.0]]",1,1,0,0.9965454918194486,grade
FGF13,gene,FGF13,FGF13,cluster:ABCA3,cognitive_impairment,induces,monogenic,A,0.68,0.17,HPO genes_to_phenotype; diseases=ORPHA:36387,False,0.0,1.0,1.0,,ORPHA:36387,1.0,0.0,,"[[""GENE:FGF13"", -1.0, 1.0]]",1,1,0,0.9997730446598188,grade
FGF13,gene,FGF13,FGF13,cluster:ABCA3,anxiety,induces,monogenic,A,0.25,0.025,HPO genes_to_phenotype; diseases=ORPHA:36387,False,0.0,1.0,1.0,,ORPHA:36387,1.0,0.0,,"[[""GENE:FGF13"", -1.0, 1.0]]",1,1,0,0.9997730446598188,grade
FGF14,gene,FGF14,FGF14,cluster:FGF14,cognitive_impairment,induces,monogenic,A,1.0,0.545,HPO genes_to_phenotype; diseases=ORPHA:98764,False,0.0,1.0,1.0,,ORPHA:98764,1.0,0.0,,"[[""GENE:FGF14"", -1.0, 1.0]]",1,1,0,0.9994232502804609,grade
FGF14,gene,FGF14,FGF14,cluster:FGF14,depressed_mood,induces,monogenic,A,0.68,0.17,HPO genes_to_phenotype; diseases=OMIM:193003;ORPHA:98764,False,1.0,1.0,2.0,14.0,OMIM:193003;ORPHA:98764,2.0,1.0,2022-11-24,"[[""GENE:FGF14"", -1.0, 1.0]]",2,2,0,0.9999290895756123,grade
FGF14,gene,FGF14,FGF14,cluster:FGF14,irritability_or_aggression,induces,monogenic,A,1.0,0.545,HPO genes_to_phenotype; diseases=ORPHA:98764,False,0.0,1.0,1.0,,ORPHA:98764,1.0,0.0,,"[[""GENE:FGF14"", -1.0, 1.0]]",1,1,0,0.9994232502804609,grade
FGFR1,gene,FGFR1,FGFR1,cluster:ARNT2,irritability_or_aggression,induces,monogenic,A,1.0,0.545,HPO genes_to_phenotype; diseases=ORPHA:220386;ORPHA:93924,False,0.0,2.0,2.0,,ORPHA:220386;ORPHA:93924,2.0,0.0,,"[[""GENE:FGFR1"", -1.0, 1.0]]",2,2,0,0.9999332144392659,grade
FGFR1,gene,FGFR1,FGFR1,cluster:ARNT2,anxiety,induces,monogenic,A,1.0,0.545,HPO genes_to_phenotype; diseases=ORPHA:220386;ORPHA:432;ORPHA:93924,False,0.0,3.0,3.0,,ORPHA:220386;ORPHA:432;ORPHA:93924,3.0,0.0,,"[[""GENE:FGFR1"", -1.0, 1.0]]",3,3,0,0.9999803494075916,grade
FGFR1,gene,FGFR1,FGFR1,cluster:ARNT2,depressed_mood,induces,monogenic,A,1.0,0.545,HPO genes_to_phenotype; diseases=ORPHA:220386;ORPHA:432;ORPHA:93924,False,0.0,3.0,3.0,,ORPHA:220386;ORPHA:432;ORPHA:93924,3.0,0.0,,"[[""GENE:FGFR1"", -1.0, 1.0]]",3,3,0,0.9999803494075916,grade
FGFR1,gene,FGFR1,FGFR1,cluster:ARNT2,fatigue,induces,monogenic,A,0.68,0.17,HPO genes_to_phenotype; diseases=ORPHA:3157,False,0.0,1.0,1.0,,ORPHA:3157,1.0,0.0,,"[[""GENE:FGFR1"", -1.0, 1.0]]",1,1,0,0.9997730446598188,grade
FGFR3,gene,FGFR3,FGFR3,cluster:FGFR3,cognitive_impairment,induces,monogenic,A,1.0,0.895,HPO genes_to_phenotype; diseases=ORPHA:93274,False,0.0,1.0,1.0,,ORPHA:93274,1.0,0.0,,"[[""GENE:FGFR3"", -1.0, 1.0]]",1,1,0,0.9997730446598188,grade
FH,gene,FH,FH,cluster:ABCA3,anxiety,induces,monogenic,A,1.0,0.545,HPO genes_to_phenotype; diseases=ORPHA:29072,True,0.0,1.0,2.0,,ORPHA:29072,1.0,0.0,,"[[""GENE:FH"", -1.0, 1.0]]",2,2,0,0.9997730446598188,grade
FH,gene,FH,FH,cluster:ABCA3,fatigue,induces,monogenic,A,1.0,0.545,HPO genes_to_phenotype; diseases=ORPHA:29072,True,0.0,1.0,1.0,,ORPHA:29072,1.0,0.0,,"[[""GENE:FH"", -1.0, 1.0]]",1,1,0,0.9997730446598188,grade
FHL2,gene,FHL2,FHL2,cluster:FHL2,fatigue,induces,monogenic,A,1.0,0.545,HPO genes_to_phenotype; diseases=ORPHA:154,False,0.0,1.0,1.0,,ORPHA:154,1.0,0.0,,"[[""GENE:FHL2"", -1.0, 1.0]]",1,1,0,0.9997730446598188,grade
FKBP5,gene,FKBP5,FKBP5,cluster:CHI3L1,depressed_mood,induces,monogenic,A,1.0,,HPO genes_to_phenotype; diseases=OMIM:608516,True,1.0,0.0,1.0,,OMIM:608516,1.0,0.0,2022-08-17,"[[""GENE:FKBP5"", -1.0, 1.0]]",1,1,0,0.9997120224657162,grade
FOXG1,gene,FOXG1,FOXG1,cluster:FOXG1,cognitive_impairment,induces,monogenic,A,0.68,0.17,HPO genes_to_phenotype; diseases=ORPHA:442835,False,0.0,1.0,1.0,,ORPHA:442835,1.0,0.0,,"[[""GENE:FOXG1"", -1.0, 1.0]]",1,1,0,0.9994232502804609,grade
FOXG1,gene,FOXG1,FOXG1,cluster:FOXG1,irritability_or_aggression,induces,monogenic,A,1.0,0.5,HPO genes_to_phenotype; diseases=OMIM:613454,False,1.0,0.0,1.0,10.0,OMIM:613454,1.0,1.0,2018-10-08,"[[""GENE:FOXG1"", -1.0, 1.0]]",1,1,0,0.9973416887337004,grade
FOXE1,gene,FOXE1,FOXE1,cluster:ACTC1,somnolence_or_hypersomnia,induces,monogenic,A,1.0,1.0,HPO genes_to_phenotype; diseases=OMIM:241850;ORPHA:95713,False,1.0,1.0,2.0,1.0,OMIM:241850;ORPHA:95713,2.0,1.0,2024-04-30,"[[""GENE:FOXE1"", -1.0, 1.0]]",2,2,0,0.9998934187245915,grade
FOXE1,gene,FOXE1,FOXE1,cluster:ACTC1,fatigue,induces,monogenic,A,1.0,0.895,HPO genes_to_phenotype; diseases=ORPHA:95713,False,0.0,1.0,1.0,,ORPHA:95713,1.0,0.0,,"[[""GENE:FOXE1"", -1.0, 1.0]]",1,1,0,0.9994232502804609,grade
FLNA,gene,FLNA,FLNA,cluster:CLMP,cognitive_impairment,induces,monogenic,A,1.0,0.545,HPO genes_to_phenotype; diseases=ORPHA:2301,False,0.0,1.0,1.0,,ORPHA:2301,1.0,0.0,,"[[""GENE:FLNA"", -1.0, 1.0]]",1,1,0,0.9997730446598188,grade
FLNC,gene,FLNC,FLNC,cluster:FLNC,fatigue,induces,monogenic,A,1.0,0.545,HPO genes_to_phenotype; diseases=ORPHA:154,False,0.0,1.0,1.0,,ORPHA:154,1.0,0.0,,"[[""GENE:FLNC"", -1.0, 1.0]]",1,1,0,0.9997730446598188,grade
FLT3LG,gene,FLT3LG,FLT3LG,cluster:FLT3LG,fatigue,induces,monogenic,A,1.0,1.0,HPO genes_to_phenotype; diseases=OMIM:620926,False,1.0,0.0,1.0,2.0,OMIM:620926,1.0,1.0,2025-12-08,"[[""GENE:FLT3LG"", -1.0, 1.0]]",1,1,0,0.9996663476591036,grade
FLT4,gene,FLT4,FLT4,cluster:FLT4,anxiety,induces,monogenic,A,1.0,0.4444444444444444,HPO genes_to_phenotype; diseases=OMIM:618780,False,1.0,0.0,1.0,9.0,OMIM:618780,1.0,1.0,2020-05-10,"[[""GENE:FLT4"", -1.0, 1.0]]",1,1,0,0.9997384406959443,grade
FLT4,gene,FLT4,FLT4,cluster:FLT4,depressed_mood,induces,monogenic,A,1.0,0.4444444444444444,HPO genes_to_phenotype; diseases=OMIM:618780,False,1.0,0.0,1.0,9.0,OMIM:618780,1.0,1.0,2020-05-10,"[[""GENE:FLT4"", -1.0, 1.0]]",1,1,0,0.9997384406959443,grade
FMO3,gene,FMO3,FMO3,cluster:FMO3,anxiety,induces,monogenic,A,0.68,0.17,HPO genes_to_phenotype; diseases=ORPHA:468726,True,0.0,1.0,1.0,,ORPHA:468726,1.0,0.0,,"[[""GENE:FMO3"", -1.0, 1.0]]",1,1,0,0.9994232502804609,grade
FMO3,gene,FMO3,FMO3,cluster:FMO3,depressed_mood,induces,monogenic,A,0.68,0.17,HPO genes_to_phenotype; diseases=OMIM:602079;ORPHA:468726,True,1.0,1.0,2.0,,OMIM:602079;ORPHA:468726,2.0,1.0,1997-12-01,"[[""GENE:FMO3"", -1.0, 1.0]]",2,2,0,0.9999337544286306,grade
FMO3,gene,FMO3,FMO3,cluster:FMO3,irritability_or_aggression,induces,monogenic,A,0.68,0.17,HPO genes_to_phenotype; diseases=ORPHA:468726,True,0.0,1.0,1.0,,ORPHA:468726,1.0,0.0,,"[[""GENE:FMO3"", -1.0, 1.0]]",1,1,0,0.9994232502804609,grade
FMR1,gene,FMR1,FMR1,cluster:FMR1,cognitive_impairment,induces,monogenic,A,1.0,1.0,HPO genes_to_phenotype; diseases=OMIM:300623;ORPHA:93256,False,1.0,1.0,5.0,5.0,OMIM:300623;ORPHA:93256,3.0,1.0,2012-04-30,"[[""GENE:FMR1"", -1.0, 1.0]]",5,5,0,0.9999152539456482,grade
FMR1,gene,FMR1,FMR1,cluster:FMR1,irritability_or_aggression,induces,monogenic,A,1.0,0.545,HPO genes_to_phenotype; diseases=ORPHA:908;ORPHA:93256,False,0.0,2.0,2.0,,ORPHA:908;ORPHA:93256,2.0,0.0,,"[[""GENE:FMR1"", -1.0, 1.0]]",2,2,0,0.9998302394354796,grade
FMR1,gene,FMR1,FMR1,cluster:FMR1,anxiety,induces,monogenic,A,1.0,0.545,HPO genes_to_phenotype; diseases=OMIM:300623;ORPHA:908;ORPHA:93256,False,1.0,2.0,3.0,,OMIM:300623;ORPHA:908;ORPHA:93256,3.0,0.0,2012-04-30,"[[""GENE:FMR1"", -1.0, 1.0]]",3,3,0,0.9999750645009944,grade
FMR1,gene,FMR1,FMR1,cluster:FMR1,depressed_mood,induces,monogenic,A,1.0,0.545,HPO genes_to_phenotype; diseases=OMIM:300623;ORPHA:93256,False,1.0,1.0,2.0,,OMIM:300623;ORPHA:93256,2.0,0.0,2012-04-30,"[[""GENE:FMR1"", -1.0, 1.0]]",2,2,0,0.9999152539456482,grade
FMR1,gene,FMR1,FMR1,cluster:FMR1,psychomotor_agitation,induces,monogenic,A,1.0,0.545,HPO genes_to_phenotype; diseases=ORPHA:93256,False,0.0,1.0,1.0,,ORPHA:93256,1.0,0.0,,"[[""GENE:FMR1"", -1.0, 1.0]]",1,1,0,0.9994232502804609,grade
AFF2,gene,AFF2,AFF2,cluster:AFF2,irritability_or_aggression,induces,monogenic,A,1.0,0.545,HPO genes_to_phenotype; diseases=OMIM:309548;ORPHA:100973,False,1.0,1.0,2.0,4.0,OMIM:309548;ORPHA:100973,2.0,1.0,2012-10-17,"[[""GENE:AFF2"", -1.0, 1.0]]",2,2,0,0.9999114470526677,grade
AFF2,gene,AFF2,AFF2,cluster:AFF2,psychomotor_agitation,induces,monogenic,A,1.0,0.545,HPO genes_to_phenotype; diseases=OMIM:309548;ORPHA:100973,False,1.0,1.0,2.0,,OMIM:309548;ORPHA:100973,2.0,0.0,2012-10-17,"[[""GENE:AFF2"", -1.0, 1.0]]",2,2,0,0.9999152539456482,grade
FXN,gene,FXN,FXN,cluster:FXN,anxiety,induces,monogenic,A,0.68,0.17,HPO genes_to_phenotype; diseases=ORPHA:95,True,0.0,1.0,1.0,,ORPHA:95,1.0,0.0,,"[[""GENE:FXN"", -1.0, 1.0]]",1,1,0,0.9997730446598188,grade
FXN,gene,FXN,FXN,cluster:FXN,depressed_mood,induces,monogenic,A,0.68,0.17,HPO genes_to_phenotype; diseases=ORPHA:95,True,0.0,1.0,1.0,,ORPHA:95,1.0,0.0,,"[[""GENE:FXN"", -1.0, 1.0]]",1,1,0,0.9997730446598188,grade
MTOR,gene,MTOR,MTOR,cluster:IFNG,cognitive_impairment,induces,monogenic,A,1.0,,HPO genes_to_phenotype; diseases=OMIM:607341,False,1.0,0.0,1.0,,OMIM:607341,1.0,0.0,2012-07-20,"[[""GENE:MTOR"", -1.0, 1.0]]",1,1,0,0.9997120224657162,grade
FTH1,gene,FTH1,FTH1,cluster:FTH1,cognitive_impairment,induces,monogenic,A,1.0,0.6666666666666666,HPO genes_to_phenotype; diseases=OMIM:620669,True,1.0,0.0,1.0,3.0,OMIM:620669,1.0,1.0,2023-09-03,"[[""GENE:FTH1"", -1.0, 1.0]]",1,1,0,0.9996852014177682,grade
FTL,gene,FTL,FTL,cluster:FTL,cognitive_impairment,induces,monogenic,A,1.0,0.895,HPO genes_to_phenotype; diseases=OMIM:606159;ORPHA:157846,False,1.0,1.0,5.0,,OMIM:606159;ORPHA:157846,2.0,0.0,2010-06-20,"[[""GENE:FTL"", -1.0, 1.0]]",5,5,0,0.9998915873699763,grade
FTL,gene,FTL,FTL,cluster:FTL,psychosis,induces,monogenic,A,0.25,0.025,HPO genes_to_phenotype; diseases=ORPHA:157846,False,0.0,1.0,1.0,,ORPHA:157846,1.0,0.0,,"[[""GENE:FTL"", -1.0, 1.0]]",1,1,0,0.9994232502804609,grade
FTL,gene,FTL,FTL,cluster:FTL,fatigue,induces,monogenic,A,0.68,0.17,HPO genes_to_phenotype; diseases=ORPHA:254704,False,0.0,1.0,1.0,,ORPHA:254704,1.0,0.0,,"[[""GENE:FTL"", -1.0, 1.0]]",1,1,0,0.9994232502804609,grade
FUCA1,gene,FUCA1,FUCA1,cluster:FUCA1,cognitive_impairment,induces,monogenic,A,1.0,1.0,HPO genes_to_phenotype; diseases=OMIM:230000,True,1.0,0.0,1.0,3.0,OMIM:230000,2.0,2.0,1998-08-01,"[[""GENE:FUCA1"", -1.0, 1.0]]",1,1,0,0.9996852014177682,grade
FUS,gene,FUS,FUS,cluster:ADH1C,cognitive_impairment,induces,monogenic,A,1.0,0.895,HPO genes_to_phenotype; diseases=ORPHA:275872;ORPHA:300605;ORPHA:803,False,0.0,3.0,4.0,,ORPHA:275872;ORPHA:300605;ORPHA:803,3.0,0.0,,"[[""GENE:FUS"", -1.0, 1.0]]",4,4,0,0.9999803494075916,grade
FUS,gene,FUS,FUS,cluster:ADH1C,psychosis,induces,monogenic,A,1.0,0.545,HPO genes_to_phenotype; diseases=ORPHA:275872,False,0.0,1.0,1.0,,ORPHA:275872,1.0,0.0,,"[[""GENE:FUS"", -1.0, 1.0]]",1,1,0,0.9997730446598188,grade
FUS,gene,FUS,FUS,cluster:ADH1C,anxiety,induces,monogenic,A,1.0,0.545,HPO genes_to_phenotype; diseases=ORPHA:803,False,0.0,1.0,1.0,,ORPHA:803,1.0,0.0,,"[[""GENE:FUS"", -1.0, 1.0]]",1,1,0,0.9997730446598188,grade
FUS,gene,FUS,FUS,cluster:ADH1C,depressed_mood,induces,monogenic,A,1.0,0.545,HPO genes_to_phenotype; diseases=ORPHA:275872;ORPHA:803,False,0.0,2.0,2.0,,ORPHA:275872;ORPHA:803,2.0,0.0,,"[[""GENE:FUS"", -1.0, 1.0]]",2,2,0,0.9999332144392659,grade
FUS,gene,FUS,FUS,cluster:ADH1C,fatigue,induces,monogenic,A,1.0,0.545,HPO genes_to_phenotype; diseases=ORPHA:803,False,0.0,1.0,1.0,,ORPHA:803,1.0,0.0,,"[[""GENE:FUS"", -1.0, 1.0]]",1,1,0,0.9997730446598188,grade
SLC37A4,gene,SLC37A4,SLC37A4,cluster:SLC37A4,cognitive_impairment,induces,monogenic,A,0.68,0.17,HPO genes_to_phenotype; diseases=ORPHA:79259,True,0.0,1.0,1.0,,ORPHA:79259,1.0,0.0,,"[[""GENE:SLC37A4"", -1.0, 1.0]]",1,1,0,0.9997730446598188,grade
GAA,gene,GAA,GAA,cluster:GAA,fatigue,induces,monogenic,A,1.0,1.0,HPO genes_to_phenotype; diseases=OMIM:621314,True,1.0,0.0,1.0,3.0,OMIM:621314,1.0,1.0,2006-10-01,"[[""GENE:GAA"", -1.0, 1.0]]",1,1,0,0.9996852014177682,grade
GABRA1,gene,GABRA1,GABRA1,cluster:ABCA3,cognitive_impairment,induces,monogenic,A,1.0,0.545,HPO genes_to_phenotype; diseases=ORPHA:33069,False,0.0,1.0,2.0,,ORPHA:33069,1.0,0.0,,"[[""GENE:GABRA1"", -1.0, 1.0]]",2,2,0,0.9997730446598188,grade
GABRA1,gene,GABRA1,GABRA1,cluster:ABCA3,anxiety,induces,monogenic,A,1.0,0.545,HPO genes_to_phenotype; diseases=ORPHA:33069;ORPHA:64280,False,0.0,2.0,2.0,,ORPHA:33069;ORPHA:64280,2.0,0.0,,"[[""GENE:GABRA1"", -1.0, 1.0]]",2,2,0,0.9999332144392659,grade
GABRA1,gene,GABRA1,GABRA1,cluster:ABCA3,depressed_mood,induces,monogenic,A,0.68,0.17,HPO genes_to_phenotype; diseases=ORPHA:64280,False,0.0,1.0,1.0,,ORPHA:64280,1.0,0.0,,"[[""GENE:GABRA1"", -1.0, 1.0]]",1,1,0,0.9997730446598188,grade
GABRA1,gene,GABRA1,GABRA1,cluster:ABCA3,irritability_or_aggression,induces,monogenic,A,0.25,0.025,HPO genes_to_phenotype; diseases=ORPHA:307,False,0.0,1.0,1.0,,ORPHA:307,1.0,0.0,,"[[""GENE:GABRA1"", -1.0, 1.0]]",1,1,0,0.9997730446598188,grade
GABRA2,gene,GABRA2,GABRA2,cluster:GABRA2,cognitive_impairment,induces,monogenic,A,0.68,0.17,HPO genes_to_phenotype; diseases=ORPHA:442835,False,0.0,1.0,1.0,,ORPHA:442835,1.0,0.0,,"[[""GENE:GABRA2"", -1.0, 1.0]]",1,1,0,0.9997730446598188,grade
GABRA5,gene,GABRA5,GABRA5,cluster:GABRA5,cognitive_impairment,induces,monogenic,A,0.68,0.17,HPO genes_to_phenotype; diseases=ORPHA:442835,False,0.0,1.0,1.0,,ORPHA:442835,1.0,0.0,,"[[""GENE:GABRA5"", -1.0, 1.0]]",1,1,0,0.9997730446598188,grade
GABRB2,gene,GABRB2,GABRB2,cluster:GABRB2,cognitive_impairment,induces,monogenic,A,0.68,0.17,HPO genes_to_phenotype; diseases=ORPHA:442835,False,0.0,1.0,1.0,,ORPHA:442835,1.0,0.0,,"[[""GENE:GABRB2"", -1.0, 1.0]]",1,1,0,0.9997730446598188,grade
GABRB3,gene,GABRB3,GABRB3,cluster:ABCA3,cognitive_impairment,induces,monogenic,A,1.0,0.545,HPO genes_to_phenotype; diseases=ORPHA:2382,False,0.0,1.0,1.0,,ORPHA:2382,1.0,0.0,,"[[""GENE:GABRB3"", -1.0, 1.0]]",1,1,0,0.9997730446598188,grade
GABRB3,gene,GABRB3,GABRB3,cluster:ABCA3,irritability_or_aggression,induces,monogenic,A,1.0,0.545,HPO genes_to_phenotype; diseases=ORPHA:2382,False,0.0,1.0,2.0,,ORPHA:2382,1.0,0.0,,"[[""GENE:GABRB3"", -1.0, 1.0]]",2,2,0,0.9997730446598188,grade
GABRB3,gene,GABRB3,GABRB3,cluster:ABCA3,anxiety,induces,monogenic,A,0.68,0.17,HPO genes_to_phenotype; diseases=ORPHA:64280,False,0.0,1.0,1.0,,ORPHA:64280,1.0,0.0,,"[[""GENE:GABRB3"", -1.0, 1.0]]",1,1,0,0.9997730446598188,grade
GABRB3,gene,GABRB3,GABRB3,cluster:ABCA3,depressed_mood,induces,monogenic,A,0.68,0.17,HPO genes_to_phenotype; diseases=ORPHA:64280,False,0.0,1.0,1.0,,ORPHA:64280,1.0,0.0,,"[[""GENE:GABRB3"", -1.0, 1.0]]",1,1,0,0.9997730446598188,grade
GABRB3,gene,GABRB3,GABRB3,cluster:ABCA3,psychosis,induces,monogenic,A,0.68,0.17,HPO genes_to_phenotype; diseases=ORPHA:2382,False,0.0,1.0,1.0,,ORPHA:2382,1.0,0.0,,"[[""GENE:GABRB3"", -1.0, 1.0]]",1,1,0,0.9997730446598188,grade
GABRD,gene,GABRD,GABRD,cluster:ABCA3,cognitive_impairment,induces,monogenic,A,0.68,0.17,HPO genes_to_phenotype; diseases=ORPHA:36387,False,0.0,1.0,1.0,,ORPHA:36387,1.0,0.0,,"[[""GENE:GABRD"", -1.0, 1.0]]",1,1,0,0.9997730446598188,grade
GABRD,gene,GABRD,GABRD,cluster:ABCA3,anxiety,induces,monogenic,A,0.25,0.025,HPO genes_to_phenotype; diseases=ORPHA:36387,False,0.0,1.0,1.0,,ORPHA:36387,1.0,0.0,,"[[""GENE:GABRD"", -1.0, 1.0]]",1,1,0,0.9997730446598188,grade
GABRD,gene,GABRD,GABRD,cluster:ABCA3,irritability_or_aggression,induces,monogenic,A,0.25,0.025,HPO genes_to_phenotype; diseases=ORPHA:307,False,0.0,1.0,1.0,,ORPHA:307,1.0,0.0,,"[[""GENE:GABRD"", -1.0, 1.0]]",1,1,0,0.9997730446598188,grade
GABRG2,gene,GABRG2,GABRG2,cluster:ABCA3,cognitive_impairment,induces,monogenic,A,1.0,0.545,HPO genes_to_phenotype; diseases=ORPHA:1945;ORPHA:33069;ORPHA:36387;ORPHA:442835,False,0.0,4.0,5.0,,ORPHA:1945;ORPHA:33069;ORPHA:36387;ORPHA:442835,4.0,0.0,,"[[""GENE:GABRG2"", -1.0, 1.0]]",5,5,0,0.9999942183170779,grade
GABRG2,gene,GABRG2,GABRG2,cluster:ABCA3,anxiety,induces,monogenic,A,1.0,0.545,HPO genes_to_phenotype; diseases=ORPHA:1945;ORPHA:33069;ORPHA:36387;ORPHA:64280,False,0.0,4.0,4.0,,ORPHA:1945;ORPHA:33069;ORPHA:36387;ORPHA:64280,4.0,0.0,,"[[""GENE:GABRG2"", -1.0, 1.0]]",4,4,0,0.9999942183170779,grade
GABRG2,gene,GABRG2,GABRG2,cluster:ABCA3,depressed_mood,induces,monogenic,A,0.68,0.17,HPO genes_to_phenotype; diseases=ORPHA:1945;ORPHA:64280,False,0.0,2.0,2.0,,ORPHA:1945;ORPHA:64280,2.0,0.0,,"[[""GENE:GABRG2"", -1.0, 1.0]]",2,2,0,0.9999332144392659,grade
GALC,gene,GALC,GALC,cluster:ARSA,cognitive_impairment,induces,monogenic,A,1.0,0.895,HPO genes_to_phenotype; diseases=ORPHA:206436;ORPHA:206443;ORPHA:206448,True,0.0,3.0,4.0,,ORPHA:206436;ORPHA:206443;ORPHA:206448,3.0,0.0,,"[[""GENE:GALC"", -1.0, 1.0]]",4,4,0,0.9999803494075916,grade
GALC,gene,GALC,GALC,cluster:ARSA,irritability_or_aggression,induces,monogenic,A,1.0,0.895,HPO genes_to_phenotype; diseases=ORPHA:206436;ORPHA:206443,True,0.0,2.0,2.0,,ORPHA:206436;ORPHA:206443,2.0,0.0,,"[[""GENE:GALC"", -1.0, 1.0]]",2,2,0,0.9999332144392659,grade
GALNT2,gene,GALNT2,GALNT2,cluster:GALNT2,insomnia,induces,monogenic,A,1.0,0.8571428571428571,HPO genes_to_phenotype; diseases=OMIM:618885,True,1.0,0.0,1.0,7.0,OMIM:618885,1.0,1.0,2020-04-01,"[[""GENE:GALNT2"", -1.0, 1.0]]",1,1,0,0.999726368839152,grade
GALT,gene,GALT,GALT,cluster:GALT,cognitive_impairment,induces,monogenic,A,1.0,0.545,HPO genes_to_phenotype; diseases=ORPHA:79239,True,0.0,1.0,1.0,,ORPHA:79239,1.0,0.0,,"[[""GENE:GALT"", -1.0, 1.0]]",1,1,0,0.9997730446598188,grade
GALT,gene,GALT,GALT,cluster:GALT,anxiety,induces,monogenic,A,0.68,0.17,HPO genes_to_phenotype; diseases=ORPHA:79239,True,0.0,1.0,1.0,,ORPHA:79239,1.0,0.0,,"[[""GENE:GALT"", -1.0, 1.0]]",1,1,0,0.9997730446598188,grade
GALT,gene,GALT,GALT,cluster:GALT,depressed_mood,induces,monogenic,A,0.68,0.17,HPO genes_to_phenotype; diseases=ORPHA:79239,True,0.0,1.0,1.0,,ORPHA:79239,1.0,0.0,,"[[""GENE:GALT"", -1.0, 1.0]]",1,1,0,0.9997730446598188,grade
GAMT,gene,GAMT,GAMT,cluster:GAMT,irritability_or_aggression,induces,monogenic,A,1.0,0.4,HPO genes_to_phenotype; diseases=OMIM:612736;ORPHA:382,True,1.0,1.0,2.0,5.0,OMIM:612736;ORPHA:382,2.0,1.0,2005-03-01,"[[""GENE:GAMT"", -1.0, 1.0]]",2,2,0,0.9999146527490381,grade
GAS1,gene,GAS1,GAS1,cluster:ARNT2,irritability_or_aggression,induces,monogenic,A,1.0,0.545,HPO genes_to_phenotype; diseases=ORPHA:220386;ORPHA:93924;ORPHA:93925;ORPHA:93926,False,0.0,4.0,4.0,,ORPHA:220386;ORPHA:93924;ORPHA:93925;ORPHA:93926,4.0,0.0,,"[[""GENE:GAS1"", -1.0, 1.0]]",4,4,0,0.9999942183170779,grade
GAS1,gene,GAS1,GAS1,cluster:ARNT2,anxiety,induces,monogenic,A,1.0,0.545,HPO genes_to_phenotype; diseases=ORPHA:220386;ORPHA:93924;ORPHA:93925;ORPHA:93926,False,0.0,4.0,4.0,,ORPHA:220386;ORPHA:93924;ORPHA:93925;ORPHA:93926,4.0,0.0,,"[[""GENE:GAS1"", -1.0, 1.0]]",4,4,0,0.9999942183170779,grade
GAS1,gene,GAS1,GAS1,cluster:ARNT2,cognitive_impairment,induces,monogenic,A,1.0,0.545,HPO genes_to_phenotype; diseases=ORPHA:280195,False,0.0,1.0,1.0,,ORPHA:280195,1.0,0.0,,"[[""GENE:GAS1"", -1.0, 1.0]]",1,1,0,0.9997730446598188,grade
GAS1,gene,GAS1,GAS1,cluster:ARNT2,depressed_mood,induces,monogenic,A,1.0,0.545,HPO genes_to_phenotype; diseases=ORPHA:220386;ORPHA:93924;ORPHA:93925;ORPHA:93926,False,0.0,4.0,4.0,,ORPHA:220386;ORPHA:93924;ORPHA:93925;ORPHA:93926,4.0,0.0,,"[[""GENE:GAS1"", -1.0, 1.0]]",4,4,0,0.9999942183170779,grade
GATA2,gene,GATA2,GATA2,cluster:GATA2,fatigue,induces,monogenic,A,1.0,0.895,HPO genes_to_phenotype; diseases=ORPHA:228423,False,0.0,1.0,1.0,,ORPHA:228423,1.0,0.0,,"[[""GENE:GATA2"", -1.0, 1.0]]",1,1,0,0.9997730446598188,grade
GATA4,gene,GATA4,GATA4,cluster:ACTC1,fatigue,induces,monogenic,A,1.0,0.545,HPO genes_to_phenotype; diseases=ORPHA:334;ORPHA:99103,False,0.0,2.0,2.0,,ORPHA:334;ORPHA:99103,2.0,0.0,,"[[""GENE:GATA4"", -1.0, 1.0]]",2,2,0,0.9999332144392659,grade
GATA6,gene,GATA6,GATA6,cluster:ACTC1,fatigue,induces,monogenic,A,1.0,0.545,HPO genes_to_phenotype; diseases=ORPHA:334;ORPHA:99103,False,0.0,2.0,2.0,,ORPHA:334;ORPHA:99103,2.0,0.0,,"[[""GENE:GATA6"", -1.0, 1.0]]",2,2,0,0.9999332144392659,grade
GATM,gene,GATM,GATM,cluster:GATM,cognitive_impairment,induces,monogenic,A,1.0,0.895,HPO genes_to_phenotype; diseases=ORPHA:35704,True,0.0,1.0,1.0,,ORPHA:35704,1.0,0.0,,"[[""GENE:GATM"", -1.0, 1.0]]",1,1,0,0.9997730446598188,grade
GBA1,gene,GBA1,GBA1,cluster:ADH1C,cognitive_impairment,induces,monogenic,A,1.0,0.545,HPO genes_to_phenotype; diseases=OMIM:127750;OMIM:168600;OMIM:231000;ORPHA:411602;ORPHA:77261,False,3.0,2.0,6.0,,OMIM:127750;OMIM:168600;OMIM:231000;ORPHA:411602;ORPHA:77261,5.0,0.0,2009-02-17,"[[""GENE:GBA1"", -1.0, 1.0]]",6,6,0,0.9999927226649349,grade
GBA1,gene,GBA1,GBA1,cluster:ADH1C,psychosis,induces,monogenic,A,0.68,0.17,HPO genes_to_phenotype; diseases=OMIM:127750;OMIM:168600;ORPHA:411602,False,2.0,1.0,4.0,,OMIM:127750;OMIM:168600;ORPHA:411602,3.0,0.0,2009-02-17,"[[""GENE:GBA1"", -1.0, 1.0]]",4,4,0,0.9999595212869232,grade
GBA1,gene,GBA1,GBA1,cluster:ADH1C,irritability_or_aggression,induces,monogenic,A,1.0,0.545,HPO genes_to_phenotype; diseases=ORPHA:77260,False,0.0,1.0,1.0,,ORPHA:77260,1.0,0.0,,"[[""GENE:GBA1"", -1.0, 1.0]]",1,1,0,0.9994232502804609,grade
GBA1,gene,GBA1,GBA1,cluster:ADH1C,depressed_mood,induces,monogenic,A,0.68,0.17,HPO genes_to_phenotype; diseases=OMIM:168600;OMIM:231000;ORPHA:411602;ORPHA:77259,False,2.0,2.0,4.0,,OMIM:168600;OMIM:231000;ORPHA:411602;ORPHA:77259,4.0,0.0,2009-02-17,"[[""GENE:GBA1"", -1.0, 1.0]]",4,4,0,0.9999847636503136,grade
GBA1,gene,GBA1,GBA1,cluster:ADH1C,psychomotor_agitation,induces,monogenic,A,0.68,0.17,HPO genes_to_phenotype; diseases=ORPHA:411602,False,0.0,1.0,1.0,,ORPHA:411602,1.0,0.0,,"[[""GENE:GBA1"", -1.0, 1.0]]",1,1,0,0.9994232502804609,grade
GBA1,gene,GBA1,GBA1,cluster:ADH1C,fatigue,induces,monogenic,A,1.0,0.895,HPO genes_to_phenotype; diseases=ORPHA:77261,False,0.0,1.0,1.0,,ORPHA:77261,1.0,0.0,,"[[""GENE:GBA1"", -1.0, 1.0]]",1,1,0,0.9994232502804609,grade
GBE1,gene,GBE1,GBE1,cluster:GBE1,cognitive_impairment,induces,monogenic,A,1.0,1.0,HPO genes_to_phenotype; diseases=OMIM:263570;ORPHA:206583,True,1.0,1.0,2.0,7.0,OMIM:263570;ORPHA:206583,2.0,1.0,1998-12-01,"[[""GENE:GBE1"", -1.0, 1.0]]",2,2,0,0.999919476613192,grade
GCDH,gene,GCDH,GCDH,cluster:GCDH,cognitive_impairment,induces,monogenic,A,0.68,0.17,HPO genes_to_phenotype; diseases=ORPHA:25,True,0.0,1.0,2.0,,ORPHA:25,1.0,0.0,,"[[""GENE:GCDH"", -1.0, 1.0]]",2,2,0,0.9994232502804609,grade
GCDH,gene,GCDH,GCDH,cluster:GCDH,irritability_or_aggression,induces,monogenic,A,1.0,0.42857142857142855,HPO genes_to_phenotype; diseases=OMIM:231670,True,1.0,0.0,1.0,7.0,OMIM:231670,1.0,1.0,2016-09-08,"[[""GENE:GCDH"", -1.0, 1.0]]",1,1,0,0.9971653361091469,grade
GCH1,gene,GCH1,GCH1,cluster:ADH1C,irritability_or_aggression,induces,monogenic,A,1.0,,HPO genes_to_phenotype; diseases=OMIM:233910,True,1.0,0.0,1.0,,OMIM:233910,1.0,0.0,2010-06-18,"[[""GENE:GCH1"", -1.0, 1.0]]",1,1,0,0.9961871887065212,grade
GCH1,gene,GCH1,GCH1,cluster:ADH1C,anxiety,induces,monogenic,A,1.0,0.545,HPO genes_to_phenotype; diseases=ORPHA:98808,True,0.0,1.0,1.0,,ORPHA:98808,1.0,0.0,,"[[""GENE:GCH1"", -1.0, 1.0]]",1,1,0,0.9994232502804609,grade
GCH1,gene,GCH1,GCH1,cluster:ADH1C,depressed_mood,induces,monogenic,A,1.0,0.545,HPO genes_to_phenotype; diseases=ORPHA:98808,True,0.0,1.0,1.0,,ORPHA:98808,1.0,0.0,,"[[""GENE:GCH1"", -1.0, 1.0]]",1,1,0,0.9994232502804609,grade
GCH1,gene,GCH1,GCH1,cluster:ADH1C,fatigue,induces,monogenic,A,1.0,0.545,HPO genes_to_phenotype; diseases=ORPHA:98808,True,0.0,1.0,1.0,,ORPHA:98808,1.0,0.0,,"[[""GENE:GCH1"", -1.0, 1.0]]",1,1,0,0.9994232502804609,grade
GCK,gene,GCK,GCK,cluster:GCK,fatigue,induces,monogenic,A,1.0,0.545,HPO genes_to_phenotype; diseases=ORPHA:79299,True,0.0,1.0,1.0,,ORPHA:79299,1.0,0.0,,"[[""GENE:GCK"", -1.0, 1.0]]",1,1,0,0.9997730446598188,grade
GCSH,gene,GCSH,GCSH,cluster:GCSH,psychosis,induces,monogenic,A,1.0,1.0,HPO genes_to_phenotype; diseases=OMIM:620423,True,1.0,0.0,1.0,1.0,OMIM:620423,1.0,1.0,2023-03-06,"[[""GENE:GCSH"", -1.0, 1.0]]",1,1,0,0.99963784265969,grade
GCSH,gene,GCSH,GCSH,cluster:GCSH,irritability_or_aggression,induces,monogenic,A,1.0,1.0,HPO genes_to_phenotype; diseases=OMIM:620423,True,1.0,0.0,1.0,1.0,OMIM:620423,1.0,1.0,2023-03-06,"[[""GENE:GCSH"", -1.0, 1.0]]",1,1,0,0.99963784265969,grade
GCSH,gene,GCSH,GCSH,cluster:GCSH,psychomotor_agitation,induces,monogenic,A,1.0,1.0,HPO genes_to_phenotype; diseases=OMIM:620423,True,1.0,0.0,1.0,1.0,OMIM:620423,1.0,1.0,2023-03-06,"[[""GENE:GCSH"", -1.0, 1.0]]",1,1,0,0.99963784265969,grade
GDNF,gene,GDNF,GDNF,cluster:ALK,cognitive_impairment,induces,monogenic,A,0.68,0.17,HPO genes_to_phenotype; diseases=ORPHA:661,False,0.0,1.0,1.0,,ORPHA:661,1.0,0.0,,"[[""GENE:GDNF"", -1.0, 1.0]]",1,1,0,0.9997730446598188,grade
GFAP,gene,GFAP,GFAP,cluster:GFAP,fatigue,induces,monogenic,A,1.0,1.0,HPO genes_to_phenotype; diseases=OMIM:203450,False,1.0,0.0,1.0,1.0,OMIM:203450,1.0,1.0,2022-09-04,"[[""GENE:GFAP"", -1.0, 1.0]]",1,1,0,0.99963784265969,grade
CBLIF,gene,CBLIF,CBLIF,cluster:CBLIF,cognitive_impairment,induces,monogenic,A,1.0,0.545,HPO genes_to_phenotype; diseases=ORPHA:332,True,0.0,1.0,1.0,,ORPHA:332,1.0,0.0,,"[[""GENE:CBLIF"", -1.0, 1.0]]",1,1,0,0.9997730446598188,grade
GJA5,gene,GJA5,GJA5,cluster:GJA5,fatigue,induces,monogenic,A,1.0,0.545,HPO genes_to_phenotype; diseases=ORPHA:334,False,0.0,1.0,1.0,,ORPHA:334,1.0,0.0,,"[[""GENE:GJA5"", -1.0, 1.0]]",1,1,0,0.9997730446598188,grade
GJB1,gene,GJB1,GJB1,cluster:GJB1,somnolence_or_hypersomnia,induces,monogenic,A,0.68,0.17,HPO genes_to_phenotype; diseases=ORPHA:101075,False,0.0,1.0,1.0,,ORPHA:101075,1.0,0.0,,"[[""GENE:GJB1"", -1.0, 1.0]]",1,1,0,0.9997730446598188,grade
GJB2,gene,GJB2,GJB2,cluster:GJB2,cognitive_impairment,induces,monogenic,A,1.0,0.545,HPO genes_to_phenotype; diseases=ORPHA:494,False,0.0,1.0,1.0,,ORPHA:494,1.0,0.0,,"[[""GENE:GJB2"", -1.0, 1.0]]",1,1,0,0.9997730446598188,grade
GLA,gene,GLA,GLA,cluster:GLA,cognitive_impairment,induces,monogenic,A,1.0,0.545,HPO genes_to_phenotype; diseases=ORPHA:324,True,0.0,1.0,1.0,,ORPHA:324,1.0,0.0,,"[[""GENE:GLA"", -1.0, 1.0]]",1,1,0,0.9997730446598188,grade
GLA,gene,GLA,GLA,cluster:GLA,anxiety,induces,monogenic,A,0.68,0.17,HPO genes_to_phenotype; diseases=ORPHA:324,True,0.0,1.0,1.0,,ORPHA:324,1.0,0.0,,"[[""GENE:GLA"", -1.0, 1.0]]",1,1,0,0.9997730446598188,grade
GLA,gene,GLA,GLA,cluster:GLA,depressed_mood,induces,monogenic,A,0.68,0.17,HPO genes_to_phenotype; diseases=ORPHA:324,True,0.0,1.0,1.0,,ORPHA:324,1.0,0.0,,"[[""GENE:GLA"", -1.0, 1.0]]",1,1,0,0.9997730446598188,grade
GLA,gene,GLA,GLA,cluster:GLA,fatigue,induces,monogenic,A,1.0,0.895,HPO genes_to_phenotype; diseases=ORPHA:324,True,0.0,1.0,1.0,,ORPHA:324,1.0,0.0,,"[[""GENE:GLA"", -1.0, 1.0]]",1,1,0,0.9997730446598188,grade
GCLC,gene,GCLC,GCLC,cluster:BAZ1B,anxiety,induces,monogenic,A,0.68,0.17,HPO genes_to_phenotype; diseases=ORPHA:586,True,0.0,1.0,1.0,,ORPHA:586,1.0,0.0,,"[[""GENE:GCLC"", -1.0, 1.0]]",1,1,0,0.9997730446598188,grade
GCLC,gene,GCLC,GCLC,cluster:BAZ1B,depressed_mood,induces,monogenic,A,0.68,0.17,HPO genes_to_phenotype; diseases=ORPHA:586,True,0.0,1.0,1.0,,ORPHA:586,1.0,0.0,,"[[""GENE:GCLC"", -1.0, 1.0]]",1,1,0,0.9997730446598188,grade
GCLC,gene,GCLC,GCLC,cluster:BAZ1B,psychosis,induces,monogenic,A,0.68,0.17,HPO genes_to_phenotype; diseases=ORPHA:33574,True,0.0,1.0,1.0,,ORPHA:33574,1.0,0.0,,"[[""GENE:GCLC"", -1.0, 1.0]]",1,1,0,0.9997730446598188,grade
GLDC,gene,GLDC,GLDC,cluster:GLDC,irritability_or_aggression,induces,monogenic,A,1.0,,HPO genes_to_phenotype; diseases=OMIM:605899,True,1.0,0.0,2.0,,OMIM:605899,1.0,0.0,2009-02-17,"[[""GENE:GLDC"", -1.0, 1.0]]",2,2,0,0.999631621434846,grade
GLDC,gene,GLDC,GLDC,cluster:GLDC,psychomotor_agitation,induces,monogenic,A,1.0,,HPO genes_to_phenotype; diseases=OMIM:605899,True,1.0,0.0,1.0,,OMIM:605899,1.0,0.0,2009-02-17,"[[""GENE:GLDC"", -1.0, 1.0]]",1,1,0,0.999631621434846,grade
GLE1,gene,GLE1,GLE1,cluster:GLE1,cognitive_impairment,induces,monogenic,A,1.0,0.545,HPO genes_to_phenotype; diseases=ORPHA:803,True,0.0,1.0,2.0,,ORPHA:803,1.0,0.0,,"[[""GENE:GLE1"", -1.0, 1.0]]",2,2,0,0.9997730446598188,grade
GLE1,gene,GLE1,GLE1,cluster:GLE1,anxiety,induces,monogenic,A,1.0,0.545,HPO genes_to_phenotype; diseases=ORPHA:803,True,0.0,1.0,1.0,,ORPHA:803,1.0,0.0,,"[[""GENE:GLE1"", -1.0, 1.0]]",1,1,0,0.9997730446598188,grade
GLE1,gene,GLE1,GLE1,cluster:GLE1,depressed_mood,induces,monogenic,A,1.0,0.545,HPO genes_to_phenotype; diseases=ORPHA:803,True,0.0,1.0,1.0,,ORPHA:803,1.0,0.0,,"[[""GENE:GLE1"", -1.0, 1.0]]",1,1,0,0.9997730446598188,grade
GLE1,gene,GLE1,GLE1,cluster:GLE1,fatigue,induces,monogenic,A,1.0,0.545,HPO genes_to_phenotype; diseases=ORPHA:803,True,0.0,1.0,1.0,,ORPHA:803,1.0,0.0,,"[[""GENE:GLE1"", -1.0, 1.0]]",1,1,0,0.9997730446598188,grade
GLI2,gene,GLI2,GLI2,cluster:ARNT2,irritability_or_aggression,induces,monogenic,A,1.0,0.545,HPO genes_to_phenotype; diseases=ORPHA:220386;ORPHA:93924;ORPHA:93925;ORPHA:93926,False,0.0,4.0,4.0,,ORPHA:220386;ORPHA:93924;ORPHA:93925;ORPHA:93926,4.0,0.0,,"[[""GENE:GLI2"", -1.0, 1.0]]",4,4,0,0.9999942183170779,grade
GLI2,gene,GLI2,GLI2,cluster:ARNT2,anxiety,induces,monogenic,A,1.0,0.545,HPO genes_to_phenotype; diseases=ORPHA:220386;ORPHA:93924;ORPHA:93925;ORPHA:93926,False,0.0,4.0,4.0,,ORPHA:220386;ORPHA:93924;ORPHA:93925;ORPHA:93926,4.0,0.0,,"[[""GENE:GLI2"", -1.0, 1.0]]",4,4,0,0.9999942183170779,grade
GLI2,gene,GLI2,GLI2,cluster:ARNT2,cognitive_impairment,induces,monogenic,A,1.0,0.545,HPO genes_to_phenotype; diseases=ORPHA:280195,False,0.0,1.0,1.0,,ORPHA:280195,1.0,0.0,,"[[""GENE:GLI2"", -1.0, 1.0]]",1,1,0,0.9997730446598188,grade
GLI2,gene,GLI2,GLI2,cluster:ARNT2,depressed_mood,induces,monogenic,A,1.0,0.545,HPO genes_to_phenotype; diseases=ORPHA:220386;ORPHA:93924;ORPHA:93925;ORPHA:93926,False,0.0,4.0,4.0,,ORPHA:220386;ORPHA:93924;ORPHA:93925;ORPHA:93926,4.0,0.0,,"[[""GENE:GLI2"", -1.0, 1.0]]",4,4,0,0.9999942183170779,grade
GLI2,gene,GLI2,GLI2,cluster:ARNT2,fatigue,induces,monogenic,A,1.0,0.545,HPO genes_to_phenotype; diseases=ORPHA:95494,False,0.0,1.0,1.0,,ORPHA:95494,1.0,0.0,,"[[""GENE:GLI2"", -1.0, 1.0]]",1,1,0,0.9997730446598188,grade
GLS,gene,GLS,GLS,cluster:GLS,psychomotor_agitation,induces,monogenic,A,1.0,1.0,HPO genes_to_phenotype; diseases=OMIM:618339,True,1.0,0.0,1.0,1.0,OMIM:618339,1.0,1.0,2019-01-01,"[[""GENE:GLS"", -1.0, 1.0]]",1,1,0,0.99963784265969,grade
GM2A,gene,GM2A,GM2A,cluster:GM2A,cognitive_impairment,induces,monogenic,A,1.0,0.895,HPO genes_to_phenotype; diseases=OMIM:272750;ORPHA:309246,True,1.0,1.0,2.0,,OMIM:272750;ORPHA:309246,2.0,0.0,2009-02-17,"[[""GENE:GM2A"", -1.0, 1.0]]",2,2,0,0.9998915873699763,grade
GM2A,gene,GM2A,GM2A,cluster:GM2A,anxiety,induces,monogenic,A,1.0,0.545,HPO genes_to_phenotype; diseases=ORPHA:309246,True,0.0,1.0,1.0,,ORPHA:309246,1.0,0.0,,"[[""GENE:GM2A"", -1.0, 1.0]]",1,1,0,0.9994232502804609,grade
GNA11,gene,GNA11,GNA11,cluster:ARL6IP6,cognitive_impairment,induces,monogenic,A,0.68,0.17,HPO genes_to_phenotype; diseases=ORPHA:1556,False,0.0,1.0,1.0,,ORPHA:1556,1.0,0.0,,"[[""GENE:GNA11"", -1.0, 1.0]]",1,1,0,0.9997730446598188,grade
GNA11,gene,GNA11,GNA11,cluster:ARL6IP6,anxiety,induces,monogenic,A,1.0,0.895,HPO genes_to_phenotype; diseases=ORPHA:428,False,0.0,1.0,1.0,,ORPHA:428,1.0,0.0,,"[[""GENE:GNA11"", -1.0, 1.0]]",1,1,0,0.9997730446598188,grade
GNA11,gene,GNA11,GNA11,cluster:ARL6IP6,depressed_mood,induces,monogenic,A,1.0,0.895,HPO genes_to_phenotype; diseases=ORPHA:428,False,0.0,1.0,1.0,,ORPHA:428,1.0,0.0,,"[[""GENE:GNA11"", -1.0, 1.0]]",1,1,0,0.9997730446598188,grade
GNAS,gene,GNAS,GNAS,cluster:GNAS,cognitive_impairment,induces,monogenic,A,0.68,0.17,HPO genes_to_phenotype; diseases=OMIM:103580;OMIM:219080;OMIM:612462;OMIM:612463;ORPHA:189427;ORPHA:79443;ORPHA:79444,False,4.0,3.0,8.0,,OMIM:103580;OMIM:219080;OMIM:612462;OMIM:612463;ORPHA:189427;ORPHA:79443;ORPHA:79444,7.0,0.0,2009-02-17,"[[""GENE:GNAS"", -1.0, 1.0]]",8,8,0,0.9999989773296365,grade
GNAS,gene,GNAS,GNAS,cluster:GNAS,elevated_mood_or_mania,induces,monogenic,A,0.68,0.17,HPO genes_to_phenotype; diseases=ORPHA:189427,False,0.0,1.0,1.0,,ORPHA:189427,1.0,0.0,,"[[""GENE:GNAS"", -1.0, 1.0]]",1,1,0,0.9994232502804609,grade
GNAS,gene,GNAS,GNAS,cluster:GNAS,irritability_or_aggression,induces,monogenic,A,0.68,0.17,HPO genes_to_phenotype; diseases=ORPHA:79443;ORPHA:79444;ORPHA:94089,False,0.0,3.0,3.0,,ORPHA:79443;ORPHA:79444;ORPHA:94089,3.0,0.0,,"[[""GENE:GNAS"", -1.0, 1.0]]",3,3,0,0.9999500470146856,grade
GNAS,gene,GNAS,GNAS,cluster:GNAS,anxiety,induces,monogenic,A,0.68,0.17,HPO genes_to_phenotype; diseases=OMIM:219080;ORPHA:79443;ORPHA:79444;ORPHA:94089,False,1.0,3.0,4.0,,OMIM:219080;ORPHA:79443;ORPHA:79444;ORPHA:94089,4.0,0.0,2009-02-17,"[[""GENE:GNAS"", -1.0, 1.0]]",4,4,0,0.9999906142693046,grade
GNAS,gene,GNAS,GNAS,cluster:GNAS,depressed_mood,induces,monogenic,A,1.0,0.545,HPO genes_to_phenotype; diseases=OMIM:219080;ORPHA:189427;ORPHA:79443;ORPHA:79444;ORPHA:94089,False,1.0,4.0,5.0,,OMIM:219080;ORPHA:189427;ORPHA:79443;ORPHA:79444;ORPHA:94089,5.0,0.0,2009-02-17,"[[""GENE:GNAS"", -1.0, 1.0]]",5,5,0,0.9999972385094249,grade
GNAS,gene,GNAS,GNAS,cluster:GNAS,psychomotor_agitation,induces,monogenic,A,1.0,,HPO genes_to_phenotype; diseases=OMIM:219080,False,1.0,0.0,1.0,,OMIM:219080,1.0,0.0,2009-02-17,"[[""GENE:GNAS"", -1.0, 1.0]]",1,1,0,0.9961871887065212,grade
GNAS,gene,GNAS,GNAS,cluster:GNAS,psychosis,induces,monogenic,A,1.0,,HPO genes_to_phenotype; diseases=OMIM:219080,False,1.0,0.0,1.0,,OMIM:219080,1.0,0.0,2009-02-17,"[[""GENE:GNAS"", -1.0, 1.0]]",1,1,0,0.9961871887065212,grade
GNB1,gene,GNB1,GNB1,cluster:GNB1,anxiety,induces,monogenic,A,0.3076923076923077,0.07692307692307693,HPO genes_to_phenotype; diseases=OMIM:616973,False,1.0,0.0,1.0,13.0,OMIM:616973,1.0,1.0,2022-04-18,"[[""GENE:GNB1"", -1.0, 1.0]]",1,1,0,0.9997556443495205,grade
GNB1,gene,GNB1,GNB1,cluster:GNB1,irritability_or_aggression,induces,monogenic,A,0.3076923076923077,0.07692307692307693,HPO genes_to_phenotype; diseases=OMIM:616973,False,1.0,0.0,1.0,13.0,OMIM:616973,1.0,1.0,2022-04-18,"[[""GENE:GNB1"", -1.0, 1.0]]",1,1,0,0.9997556443495205,grade
GNRH1,gene,GNRH1,GNRH1,cluster:ARNT2,anxiety,induces,monogenic,A,1.0,0.545,HPO genes_to_phenotype; diseases=ORPHA:432,False,0.0,1.0,1.0,,ORPHA:432,1.0,0.0,,"[[""GENE:GNRH1"", -1.0, 1.0]]",1,1,0,0.9997730446598188,grade
GNRH1,gene,GNRH1,GNRH1,cluster:ARNT2,depressed_mood,induces,monogenic,A,1.0,0.545,HPO genes_to_phenotype; diseases=ORPHA:432,False,0.0,1.0,1.0,,ORPHA:432,1.0,0.0,,"[[""GENE:GNRH1"", -1.0, 1.0]]",1,1,0,0.9997730446598188,grade
GNRHR,gene,GNRHR,GNRHR,cluster:ARNT2,anxiety,induces,monogenic,A,1.0,0.545,HPO genes_to_phenotype; diseases=ORPHA:432,False,0.0,1.0,1.0,,ORPHA:432,1.0,0.0,,"[[""GENE:GNRHR"", -1.0, 1.0]]",1,1,0,0.9997730446598188,grade
GNRHR,gene,GNRHR,GNRHR,cluster:ARNT2,depressed_mood,induces,monogenic,A,1.0,0.545,HPO genes_to_phenotype; diseases=ORPHA:432,False,0.0,1.0,1.0,,ORPHA:432,1.0,0.0,,"[[""GENE:GNRHR"", -1.0, 1.0]]",1,1,0,0.9997730446598188,grade
GNS,gene,GNS,GNS,cluster:GNS,irritability_or_aggression,induces,monogenic,A,1.0,0.3333333333333333,HPO genes_to_phenotype; diseases=OMIM:252940,True,1.0,0.0,2.0,6.0,OMIM:252940,1.0,1.0,2007-11-01,"[[""GENE:GNS"", -1.0, 1.0]]",2,2,0,0.9996852014177682,grade
GNS,gene,GNS,GNS,cluster:GNS,psychomotor_agitation,induces,monogenic,A,1.0,0.3333333333333333,HPO genes_to_phenotype; diseases=OMIM:252940,True,1.0,0.0,2.0,6.0,OMIM:252940,1.0,1.0,2007-11-01,"[[""GENE:GNS"", -1.0, 1.0]]",2,2,0,0.9996852014177682,grade
GNS,gene,GNS,GNS,cluster:GNS,insomnia,induces,monogenic,A,1.0,0.3333333333333333,HPO genes_to_phenotype; diseases=OMIM:252940,True,1.0,0.0,1.0,3.0,OMIM:252940,1.0,1.0,2007-11-01,"[[""GENE:GNS"", -1.0, 1.0]]",1,1,0,0.9996852014177682,grade
GP1BB,gene,GP1BB,GP1BB,cluster:ARVCF,anxiety,induces,monogenic,A,1.0,0.545,HPO genes_to_phenotype; diseases=ORPHA:567,False,0.0,1.0,1.0,,ORPHA:567,1.0,0.0,,"[[""GENE:GP1BB"", -1.0, 1.0]]",1,1,0,0.9997730446598188,grade
GP1BB,gene,GP1BB,GP1BB,cluster:ARVCF,depressed_mood,induces,monogenic,A,0.68,0.17,HPO genes_to_phenotype; diseases=ORPHA:567,False,0.0,1.0,1.0,,ORPHA:567,1.0,0.0,,"[[""GENE:GP1BB"", -1.0, 1.0]]",1,1,0,0.9997730446598188,grade
GPR35,gene,GPR35,GPR35,cluster:GPR35,depressed_mood,induces,monogenic,A,0.68,0.17,HPO genes_to_phenotype; diseases=ORPHA:171,False,0.0,1.0,1.0,,ORPHA:171,1.0,0.0,,"[[""GENE:GPR35"", -1.0, 1.0]]",1,1,0,0.9997730446598188,grade
GPR35,gene,GPR35,GPR35,cluster:GPR35,fatigue,induces,monogenic,A,0.68,0.17,HPO genes_to_phenotype; diseases=ORPHA:171,False,0.0,1.0,1.0,,ORPHA:171,1.0,0.0,,"[[""GENE:GPR35"", -1.0, 1.0]]",1,1,0,0.9997730446598188,grade
GRIA3,gene,GRIA3,GRIA3,cluster:GRIA3,irritability_or_aggression,induces,monogenic,A,1.0,1.0,HPO genes_to_phenotype; diseases=OMIM:300699;ORPHA:364028,False,1.0,1.0,2.0,3.0,OMIM:300699;ORPHA:364028,2.0,1.0,2014-06-24,"[[""GENE:GRIA3"", -1.0, 1.0]]",2,2,0,0.9999073592912551,grade
GRIA4,gene,GRIA4,GRIA4,cluster:GRIA4,irritability_or_aggression,induces,monogenic,A,1.0,0.4,HPO genes_to_phenotype; diseases=OMIM:617864,False,1.0,0.0,1.0,5.0,OMIM:617864,1.0,1.0,2018-10-08,"[[""GENE:GRIA4"", -1.0, 1.0]]",1,1,0,0.9997099799437312,grade
GRIA4,gene,GRIA4,GRIA4,cluster:GRIA4,cognitive_impairment,induces,monogenic,A,1.0,0.4,HPO genes_to_phenotype; diseases=OMIM:617864,False,1.0,0.0,1.0,5.0,OMIM:617864,1.0,1.0,2023-02-06,"[[""GENE:GRIA4"", -1.0, 1.0]]",1,1,0,0.9997099799437312,grade
GRID2,gene,GRID2,GRID2,cluster:GRID2,cognitive_impairment,induces,monogenic,A,1.0,0.545,HPO genes_to_phenotype; diseases=ORPHA:363432,False,0.0,1.0,1.0,,ORPHA:363432,1.0,0.0,,"[[""GENE:GRID2"", -1.0, 1.0]]",1,1,0,0.9997730446598188,grade
GRN,gene,GRN,GRN,cluster:ADH1C,cognitive_impairment,induces,monogenic,A,1.0,0.895,HPO genes_to_phenotype; diseases=OMIM:607485;OMIM:614706;ORPHA:100069;ORPHA:100070;ORPHA:275864,False,2.0,3.0,10.0,2.0,OMIM:607485;OMIM:614706;ORPHA:100069;ORPHA:100070;ORPHA:275864,5.0,1.0,2009-02-17,"[[""GENE:GRN"", -1.0, 1.0]]",10,10,0,0.9999959398402415,grade
GRN,gene,GRN,GRN,cluster:ADH1C,psychosis,induces,monogenic,A,0.68,0.17,HPO genes_to_phenotype; diseases=OMIM:607485;ORPHA:275864,False,1.0,1.0,2.0,,OMIM:607485;ORPHA:275864,2.0,0.0,2009-02-17,"[[""GENE:GRN"", -1.0, 1.0]]",2,2,0,0.9998915873699763,grade
GRN,gene,GRN,GRN,cluster:ADH1C,irritability_or_aggression,induces,monogenic,A,1.0,0.895,HPO genes_to_phenotype; diseases=ORPHA:275864,False,0.0,1.0,2.0,,ORPHA:275864,1.0,0.0,,"[[""GENE:GRN"", -1.0, 1.0]]",2,2,0,0.9994232502804609,grade
GRN,gene,GRN,GRN,cluster:ADH1C,anxiety,induces,monogenic,A,1.0,0.545,HPO genes_to_phenotype; diseases=ORPHA:100070,False,0.0,1.0,1.0,,ORPHA:100070,1.0,0.0,,"[[""GENE:GRN"", -1.0, 1.0]]",1,1,0,0.9994232502804609,grade
GRN,gene,GRN,GRN,cluster:ADH1C,depressed_mood,induces,monogenic,A,1.0,0.545,HPO genes_to_phenotype; diseases=ORPHA:100070,False,0.0,1.0,1.0,,ORPHA:100070,1.0,0.0,,"[[""GENE:GRN"", -1.0, 1.0]]",1,1,0,0.9994232502804609,grade
GRN,gene,GRN,GRN,cluster:ADH1C,psychomotor_agitation,induces,monogenic,A,1.0,0.895,HPO genes_to_phenotype; diseases=OMIM:607485;ORPHA:100070;ORPHA:275864,False,1.0,2.0,3.0,,OMIM:607485;ORPHA:100070;ORPHA:275864,3.0,0.0,2009-02-17,"[[""GENE:GRN"", -1.0, 1.0]]",3,3,0,0.99996810036518,grade
GRIK2,gene,GRIK2,GRIK2,cluster:GRIK2,anxiety,induces,monogenic,A,0.36363636363636365,0.09090909090909091,HPO genes_to_phenotype; diseases=OMIM:619580,False,1.0,0.0,1.0,11.0,OMIM:619580,1.0,1.0,2021-11-10,"[[""GENE:GRIK2"", -1.0, 1.0]]",1,1,0,0.9997479077991037,grade
GRIK2,gene,GRIK2,GRIK2,cluster:GRIK2,cognitive_impairment,induces,monogenic,A,0.6666666666666666,0.16666666666666666,HPO genes_to_phenotype; diseases=OMIM:619580,False,1.0,0.0,1.0,12.0,OMIM:619580,2.0,2.0,2021-11-10,"[[""GENE:GRIK2"", -1.0, 1.0]]",1,1,0,0.9997519550861653,grade
GRIK2,gene,GRIK2,GRIK2,cluster:GRIK2,irritability_or_aggression,induces,monogenic,A,0.7272727272727273,0.18181818181818182,HPO genes_to_phenotype; diseases=OMIM:619580,False,1.0,0.0,1.0,11.0,OMIM:619580,1.0,1.0,2021-11-10,"[[""GENE:GRIK2"", -1.0, 1.0]]",1,1,0,0.9997479077991037,grade
GRIN2A,gene,GRIN2A,GRIN2A,cluster:ABCA3,cognitive_impairment,induces,monogenic,A,1.0,0.545,HPO genes_to_phenotype; diseases=ORPHA:163721;ORPHA:1945;ORPHA:725;ORPHA:98818,False,0.0,4.0,6.0,,ORPHA:163721;ORPHA:1945;ORPHA:725;ORPHA:98818,4.0,0.0,,"[[""GENE:GRIN2A"", -1.0, 1.0]]",6,6,0,0.9999942183170779,grade
GRIN2A,gene,GRIN2A,GRIN2A,cluster:ABCA3,anxiety,induces,monogenic,A,0.68,0.17,HPO genes_to_phenotype; diseases=ORPHA:1945;ORPHA:98818,False,0.0,2.0,2.0,,ORPHA:1945;ORPHA:98818,2.0,0.0,,"[[""GENE:GRIN2A"", -1.0, 1.0]]",2,2,0,0.9999332144392659,grade
GRIN2A,gene,GRIN2A,GRIN2A,cluster:ABCA3,depressed_mood,induces,monogenic,A,0.68,0.17,HPO genes_to_phenotype; diseases=ORPHA:1945;ORPHA:98818,False,0.0,2.0,2.0,,ORPHA:1945;ORPHA:98818,2.0,0.0,,"[[""GENE:GRIN2A"", -1.0, 1.0]]",2,2,0,0.9999332144392659,grade
GRIN2A,gene,GRIN2A,GRIN2A,cluster:ABCA3,irritability_or_aggression,induces,monogenic,A,0.68,0.17,HPO genes_to_phenotype; diseases=ORPHA:725;ORPHA:98818,False,0.0,2.0,2.0,,ORPHA:725;ORPHA:98818,2.0,0.0,,"[[""GENE:GRIN2A"", -1.0, 1.0]]",2,2,0,0.9999332144392659,grade
GRIN2D,gene,GRIN2D,GRIN2D,cluster:GRIN2D,cognitive_impairment,induces,monogenic,A,0.68,0.17,HPO genes_to_phenotype; diseases=ORPHA:442835,False,0.0,1.0,1.0,,ORPHA:442835,1.0,0.0,,"[[""GENE:GRIN2D"", -1.0, 1.0]]",1,1,0,0.9997730446598188,grade
NR3C1,gene,NR3C1,NR3C1,cluster:ABCA3,anxiety,induces,monogenic,A,0.68,0.17,HPO genes_to_phenotype; diseases=OMIM:615962;ORPHA:96253,False,1.0,1.0,2.0,,OMIM:615962;ORPHA:96253,2.0,0.0,2014-10-06,"[[""GENE:NR3C1"", -1.0, 1.0]]",2,2,0,0.9999152539456482,grade
NR3C1,gene,NR3C1,NR3C1,cluster:ABCA3,cognitive_impairment,induces,monogenic,A,0.68,0.17,HPO genes_to_phenotype; diseases=ORPHA:96253,False,0.0,1.0,2.0,,ORPHA:96253,1.0,0.0,,"[[""GENE:NR3C1"", -1.0, 1.0]]",2,2,0,0.9994232502804609,grade
NR3C1,gene,NR3C1,NR3C1,cluster:ABCA3,depressed_mood,induces,monogenic,A,0.68,0.17,HPO genes_to_phenotype; diseases=ORPHA:96253,False,0.0,1.0,1.0,,ORPHA:96253,1.0,0.0,,"[[""GENE:NR3C1"", -1.0, 1.0]]",1,1,0,0.9994232502804609,grade
NR3C1,gene,NR3C1,NR3C1,cluster:ABCA3,psychosis,induces,monogenic,A,0.25,0.025,HPO genes_to_phenotype; diseases=ORPHA:96253,False,0.0,1.0,1.0,,ORPHA:96253,1.0,0.0,,"[[""GENE:NR3C1"", -1.0, 1.0]]",1,1,0,0.9994232502804609,grade
NR3C1,gene,NR3C1,NR3C1,cluster:ABCA3,fatigue,induces,monogenic,A,1.0,0.895,HPO genes_to_phenotype; diseases=OMIM:615962;ORPHA:786,False,1.0,1.0,2.0,,OMIM:615962;ORPHA:786,2.0,0.0,2014-10-06,"[[""GENE:NR3C1"", -1.0, 1.0]]",2,2,0,0.9999152539456482,grade
GRM1,gene,GRM1,GRM1,cluster:GRM1,fatigue,induces,monogenic,A,0.4,0.1,HPO genes_to_phenotype; diseases=OMIM:614831,False,1.0,0.0,1.0,10.0,OMIM:614831,1.0,1.0,2021-02-14,"[[""GENE:GRM1"", -1.0, 1.0]]",1,1,0,0.9997434332184604,grade
GSN,gene,GSN,GSN,cluster:GSN,cognitive_impairment,induces,monogenic,A,0.25,0.025,HPO genes_to_phenotype; diseases=ORPHA:85448,False,0.0,1.0,1.0,,ORPHA:85448,1.0,0.0,,"[[""GENE:GSN"", -1.0, 1.0]]",1,1,0,0.9997730446598188,grade
GSN,gene,GSN,GSN,cluster:GSN,depressed_mood,induces,monogenic,A,0.25,0.025,HPO genes_to_phenotype; diseases=ORPHA:85448,False,0.0,1.0,1.0,,ORPHA:85448,1.0,0.0,,"[[""GENE:GSN"", -1.0, 1.0]]",1,1,0,0.9997730446598188,grade
GSTM3,gene,GSTM3,GSTM3,cluster:BAZ1B,anxiety,induces,monogenic,A,0.68,0.17,HPO genes_to_phenotype; diseases=ORPHA:586,True,0.0,1.0,1.0,,ORPHA:586,1.0,0.0,,"[[""GENE:GSTM3"", -1.0, 1.0]]",1,1,0,0.9997730446598188,grade
GSTM3,gene,GSTM3,GSTM3,cluster:BAZ1B,depressed_mood,induces,monogenic,A,0.68,0.17,HPO genes_to_phenotype; diseases=ORPHA:586,True,0.0,1.0,1.0,,ORPHA:586,1.0,0.0,,"[[""GENE:GSTM3"", -1.0, 1.0]]",1,1,0,0.9997730446598188,grade
MSH6,gene,MSH6,MSH6,cluster:ABCA3,cognitive_impairment,induces,monogenic,A,0.68,0.17,HPO genes_to_phenotype; diseases=ORPHA:144,False,0.0,1.0,1.0,,ORPHA:144,1.0,0.0,,"[[""GENE:MSH6"", -1.0, 1.0]]",1,1,0,0.9997730446598188,grade
MSH6,gene,MSH6,MSH6,cluster:ABCA3,psychosis,induces,monogenic,A,0.68,0.17,HPO genes_to_phenotype; diseases=ORPHA:144,False,0.0,1.0,1.0,,ORPHA:144,1.0,0.0,,"[[""GENE:MSH6"", -1.0, 1.0]]",1,1,0,0.9997730446598188,grade
MSH6,gene,MSH6,MSH6,cluster:ABCA3,irritability_or_aggression,induces,monogenic,A,1.0,0.545,HPO genes_to_phenotype; diseases=ORPHA:144,False,0.0,1.0,1.0,,ORPHA:144,1.0,0.0,,"[[""GENE:MSH6"", -1.0, 1.0]]",1,1,0,0.9997730446598188,grade
MSH6,gene,MSH6,MSH6,cluster:ABCA3,anxiety,induces,monogenic,A,1.0,0.545,HPO genes_to_phenotype; diseases=ORPHA:144,False,0.0,1.0,1.0,,ORPHA:144,1.0,0.0,,"[[""GENE:MSH6"", -1.0, 1.0]]",1,1,0,0.9997730446598188,grade
MSH6,gene,MSH6,MSH6,cluster:ABCA3,depressed_mood,induces,monogenic,A,1.0,0.545,HPO genes_to_phenotype; diseases=ORPHA:144,False,0.0,1.0,1.0,,ORPHA:144,1.0,0.0,,"[[""GENE:MSH6"", -1.0, 1.0]]",1,1,0,0.9997730446598188,grade
MSH6,gene,MSH6,MSH6,cluster:ABCA3,fatigue,induces,monogenic,A,1.0,0.895,HPO genes_to_phenotype; diseases=ORPHA:144,False,0.0,1.0,1.0,,ORPHA:144,1.0,0.0,,"[[""GENE:MSH6"", -1.0, 1.0]]",1,1,0,0.9997730446598188,grade
GTF2I,gene,GTF2I,GTF2I,cluster:BAZ1B,insomnia,induces,monogenic,A,1.0,0.545,HPO genes_to_phenotype; diseases=ORPHA:904,False,0.0,1.0,1.0,,ORPHA:904,1.0,0.0,,"[[""GENE:GTF2I"", -1.0, 1.0]]",1,1,0,0.9997730446598188,grade
GTF2I,gene,GTF2I,GTF2I,cluster:BAZ1B,anxiety,induces,monogenic,A,1.0,0.895,HPO genes_to_phenotype; diseases=ORPHA:904,False,0.0,1.0,1.0,,ORPHA:904,1.0,0.0,,"[[""GENE:GTF2I"", -1.0, 1.0]]",1,1,0,0.9997730446598188,grade
GTF2I,gene,GTF2I,GTF2I,cluster:BAZ1B,depressed_mood,induces,monogenic,A,1.0,0.895,HPO genes_to_phenotype; diseases=ORPHA:904,False,0.0,1.0,1.0,,ORPHA:904,1.0,0.0,,"[[""GENE:GTF2I"", -1.0, 1.0]]",1,1,0,0.9997730446598188,grade
BRF1,gene,BRF1,BRF1,cluster:BRF1,irritability_or_aggression,induces,monogenic,A,1.0,0.3333333333333333,HPO genes_to_phenotype; diseases=OMIM:616202,False,1.0,0.0,1.0,6.0,OMIM:616202,1.0,1.0,2022-05-08,"[[""GENE:BRF1"", -1.0, 1.0]]",1,1,0,0.9997188801487722,grade
GUK1,gene,GUK1,GUK1,cluster:GUK1,insomnia,induces,monogenic,A,1.0,0.25,HPO genes_to_phenotype; diseases=OMIM:621071,True,1.0,0.0,1.0,4.0,OMIM:621071,1.0,1.0,2024-09-04,"[[""GENE:GUK1"", -1.0, 1.0]]",1,1,0,0.9996990889216895,grade
GUK1,gene,GUK1,GUK1,cluster:GUK1,anxiety,induces,monogenic,A,1.0,0.25,HPO genes_to_phenotype; diseases=OMIM:621071,True,1.0,0.0,1.0,4.0,OMIM:621071,1.0,1.0,2024-09-04,"[[""GENE:GUK1"", -1.0, 1.0]]",1,1,0,0.9996990889216895,grade
GUK1,gene,GUK1,GUK1,cluster:GUK1,depressed_mood,induces,monogenic,A,1.0,0.5,HPO genes_to_phenotype; diseases=OMIM:621071,True,1.0,0.0,1.0,4.0,OMIM:621071,1.0,1.0,2024-09-04,"[[""GENE:GUK1"", -1.0, 1.0]]",1,1,0,0.9996990889216895,grade
GUK1,gene,GUK1,GUK1,cluster:GUK1,fatigue,induces,monogenic,A,1.0,1.0,HPO genes_to_phenotype; diseases=OMIM:621071,True,1.0,0.0,1.0,4.0,OMIM:621071,1.0,1.0,2024-09-04,"[[""GENE:GUK1"", -1.0, 1.0]]",1,1,0,0.9996990889216895,grade
GYPC,gene,GYPC,GYPC,cluster:EPB41,fatigue,induces,monogenic,A,0.68,0.17,HPO genes_to_phenotype; diseases=ORPHA:288,False,0.0,1.0,1.0,,ORPHA:288,1.0,0.0,,"[[""GENE:GYPC"", -1.0, 1.0]]",1,1,0,0.9997730446598188,grade
GYS1,gene,GYS1,GYS1,cluster:GYS1,fatigue,induces,monogenic,A,1.0,1.0,HPO genes_to_phenotype; diseases=OMIM:611556,True,1.0,0.0,1.0,1.0,OMIM:611556,1.0,1.0,2007-10-11,"[[""GENE:GYS1"", -1.0, 1.0]]",1,1,0,0.99963784265969,grade
GYS2,gene,GYS2,GYS2,cluster:GYS2,irritability_or_aggression,induces,monogenic,A,1.0,0.545,HPO genes_to_phenotype; diseases=ORPHA:2089,True,0.0,1.0,1.0,,ORPHA:2089,1.0,0.0,,"[[""GENE:GYS2"", -1.0, 1.0]]",1,1,0,0.9997730446598188,grade
H1-4,gene,H1-4,H1-4,cluster:H1-4,anxiety,induces,monogenic,A,0.8,0.2,HPO genes_to_phenotype; diseases=OMIM:617537,False,1.0,0.0,1.0,5.0,OMIM:617537,1.0,1.0,2022-06-09,"[[""GENE:H1-4"", -1.0, 1.0]]",1,1,0,0.9997099799437312,grade
HSD17B10,gene,HSD17B10,HSD17B10,cluster:HSD17B10,irritability_or_aggression,induces,monogenic,A,1.0,,HPO genes_to_phenotype; diseases=OMIM:300438,True,1.0,0.0,1.0,,OMIM:300438,1.0,0.0,2017-07-13,"[[""GENE:HSD17B10"", -1.0, 1.0]]",1,1,0,0.997017116436691,grade
HSD17B10,gene,HSD17B10,HSD17B10,cluster:HSD17B10,psychomotor_agitation,induces,monogenic,A,0.68,0.17,HPO genes_to_phenotype; diseases=OMIM:300438;ORPHA:391428,True,1.0,1.0,3.0,,OMIM:300438;ORPHA:391428,2.0,0.0,2009-02-17,"[[""GENE:HSD17B10"", -1.0, 1.0]]",3,3,0,0.9999152539456482,grade
HADH,gene,HADH,HADH,cluster:HADH,cognitive_impairment,induces,monogenic,A,1.0,0.895,HPO genes_to_phenotype; diseases=ORPHA:71212,True,0.0,1.0,1.0,,ORPHA:71212,1.0,0.0,,"[[""GENE:HADH"", -1.0, 1.0]]",1,1,0,0.9997730446598188,grade
HARS1,gene,HARS1,HARS1,cluster:ARSG,anxiety,induces,monogenic,A,0.68,0.17,HPO genes_to_phenotype; diseases=ORPHA:231183,True,0.0,1.0,1.0,,ORPHA:231183,1.0,0.0,,"[[""GENE:HARS1"", -1.0, 1.0]]",1,1,0,0.9997730446598188,grade
HARS1,gene,HARS1,HARS1,cluster:ARSG,depressed_mood,induces,monogenic,A,0.68,0.17,HPO genes_to_phenotype; diseases=ORPHA:231183,True,0.0,1.0,1.0,,ORPHA:231183,1.0,0.0,,"[[""GENE:HARS1"", -1.0, 1.0]]",1,1,0,0.9997730446598188,grade
HBA1,gene,HBA1,HBA1,cluster:HBA1,fatigue,induces,monogenic,A,1.0,0.895,HPO genes_to_phenotype; diseases=ORPHA:98791,False,0.0,1.0,1.0,,ORPHA:98791,1.0,0.0,,"[[""GENE:HBA1"", -1.0, 1.0]]",1,1,0,0.9997730446598188,grade
HBB,gene,HBB,HBB,cluster:HBB,irritability_or_aggression,induces,monogenic,A,0.68,0.17,HPO genes_to_phenotype; diseases=ORPHA:231214;ORPHA:231226,False,0.0,2.0,2.0,,ORPHA:231214;ORPHA:231226,2.0,0.0,,"[[""GENE:HBB"", -1.0, 1.0]]",2,2,0,0.9999332144392659,grade
HCRT,gene,HCRT,HCRT,cluster:BCL2,somnolence_or_hypersomnia,induces,monogenic,A,1.0,1.0,HPO genes_to_phenotype; diseases=OMIM:161400;ORPHA:2073;ORPHA:83465,False,1.0,2.0,3.0,1.0,OMIM:161400;ORPHA:2073;ORPHA:83465,3.0,1.0,2009-02-17,"[[""GENE:HCRT"", -1.0, 1.0]]",3,3,0,0.9999686392686109,grade
HCRT,gene,HCRT,HCRT,cluster:BCL2,cognitive_impairment,induces,monogenic,A,1.0,0.895,HPO genes_to_phenotype; diseases=ORPHA:2073,False,0.0,1.0,1.0,,ORPHA:2073,1.0,0.0,,"[[""GENE:HCRT"", -1.0, 1.0]]",1,1,0,0.9994232502804609,grade
HCRT,gene,HCRT,HCRT,cluster:BCL2,insomnia,induces,monogenic,A,1.0,0.895,HPO genes_to_phenotype; diseases=ORPHA:83465,False,0.0,1.0,1.0,,ORPHA:83465,1.0,0.0,,"[[""GENE:HCRT"", -1.0, 1.0]]",1,1,0,0.9994232502804609,grade
HCRT,gene,HCRT,HCRT,cluster:BCL2,psychosis,induces,monogenic,A,1.0,0.895,HPO genes_to_phenotype; diseases=ORPHA:2073;ORPHA:83465,False,0.0,2.0,3.0,,ORPHA:2073;ORPHA:83465,2.0,0.0,,"[[""GENE:HCRT"", -1.0, 1.0]]",3,3,0,0.9998302394354796,grade
HCRT,gene,HCRT,HCRT,cluster:BCL2,anxiety,induces,monogenic,A,1.0,0.545,HPO genes_to_phenotype; diseases=ORPHA:2073,False,0.0,1.0,1.0,,ORPHA:2073,1.0,0.0,,"[[""GENE:HCRT"", -1.0, 1.0]]",1,1,0,0.9994232502804609,grade
HCRT,gene,HCRT,HCRT,cluster:BCL2,depressed_mood,induces,monogenic,A,0.68,0.17,HPO genes_to_phenotype; diseases=ORPHA:2073,False,0.0,1.0,1.0,,ORPHA:2073,1.0,0.0,,"[[""GENE:HCRT"", -1.0, 1.0]]",1,1,0,0.9994232502804609,grade
HCRT,gene,HCRT,HCRT,cluster:BCL2,psychomotor_agitation,induces,monogenic,A,0.68,0.17,HPO genes_to_phenotype; diseases=ORPHA:2073,False,0.0,1.0,1.0,,ORPHA:2073,1.0,0.0,,"[[""GENE:HCRT"", -1.0, 1.0]]",1,1,0,0.9994232502804609,grade
HTT,gene,HTT,HTT,cluster:HTT,cognitive_impairment,induces,monogenic,A,1.0,0.895,HPO genes_to_phenotype; diseases=OMIM:143100;ORPHA:248111;ORPHA:399,False,1.0,2.0,4.0,,OMIM:143100;ORPHA:248111;ORPHA:399,3.0,0.0,2009-02-17,"[[""GENE:HTT"", -1.0, 1.0]]",4,4,0,0.99996810036518,grade
HTT,gene,HTT,HTT,cluster:HTT,somnolence_or_hypersomnia,induces,monogenic,A,0.68,0.17,HPO genes_to_phenotype; diseases=ORPHA:399,False,0.0,1.0,1.0,,ORPHA:399,1.0,0.0,,"[[""GENE:HTT"", -1.0, 1.0]]",1,1,0,0.9994232502804609,grade
HTT,gene,HTT,HTT,cluster:HTT,insomnia,induces,monogenic,A,0.68,0.17,HPO genes_to_phenotype; diseases=ORPHA:399,False,0.0,1.0,1.0,,ORPHA:399,1.0,0.0,,"[[""GENE:HTT"", -1.0, 1.0]]",1,1,0,0.9994232502804609,grade
HTT,gene,HTT,HTT,cluster:HTT,psychosis,induces,monogenic,A,1.0,0.545,HPO genes_to_phenotype; diseases=ORPHA:399,False,0.0,1.0,2.0,,ORPHA:399,1.0,0.0,,"[[""GENE:HTT"", -1.0, 1.0]]",2,2,0,0.9994232502804609,grade
HTT,gene,HTT,HTT,cluster:HTT,irritability_or_aggression,induces,monogenic,A,1.0,0.545,HPO genes_to_phenotype; diseases=ORPHA:248111;ORPHA:399,False,0.0,2.0,3.0,,ORPHA:248111;ORPHA:399,2.0,0.0,,"[[""GENE:HTT"", -1.0, 1.0]]",3,3,0,0.9998302394354796,grade
HTT,gene,HTT,HTT,cluster:HTT,anxiety,induces,monogenic,A,1.0,0.545,HPO genes_to_phenotype; diseases=ORPHA:399,False,0.0,1.0,1.0,,ORPHA:399,1.0,0.0,,"[[""GENE:HTT"", -1.0, 1.0]]",1,1,0,0.9994232502804609,grade
HTT,gene,HTT,HTT,cluster:HTT,depressed_mood,induces,monogenic,A,1.0,0.545,HPO genes_to_phenotype; diseases=OMIM:143100;ORPHA:248111;ORPHA:399,False,1.0,2.0,3.0,,OMIM:143100;ORPHA:248111;ORPHA:399,3.0,0.0,2009-02-17,"[[""GENE:HTT"", -1.0, 1.0]]",3,3,0,0.99996810036518,grade
HTT,gene,HTT,HTT,cluster:HTT,psychomotor_agitation,induces,monogenic,A,1.0,1.0,HPO genes_to_phenotype; diseases=OMIM:617435;ORPHA:399,False,1.0,1.0,2.0,1.0,OMIM:617435;ORPHA:399,2.0,1.0,2019-04-18,"[[""GENE:HTT"", -1.0, 1.0]]",2,2,0,0.9998934187245915,grade
HDC,gene,HDC,HDC,cluster:HDC,irritability_or_aggression,induces,monogenic,A,1.0,,HPO genes_to_phenotype; diseases=OMIM:137580,True,1.0,0.0,1.0,,OMIM:137580,1.0,0.0,2013-02-25,"[[""GENE:HDC"", -1.0, 1.0]]",1,1,0,0.9997120224657162,grade
HEXA,gene,HEXA,HEXA,cluster:HEXA,cognitive_impairment,induces,monogenic,A,1.0,,HPO genes_to_phenotype; diseases=OMIM:272800,True,1.0,0.0,1.0,,OMIM:272800,1.0,0.0,2009-02-17,"[[""GENE:HEXA"", -1.0, 1.0]]",1,1,0,0.9997120224657162,grade
HEXB,gene,HEXB,HEXB,cluster:HEXB,cognitive_impairment,induces,monogenic,A,1.0,0.545,HPO genes_to_phenotype; diseases=ORPHA:309162;ORPHA:309169,True,0.0,2.0,2.0,,ORPHA:309162;ORPHA:309169,2.0,0.0,,"[[""GENE:HEXB"", -1.0, 1.0]]",2,2,0,0.9999332144392659,grade
HEXB,gene,HEXB,HEXB,cluster:HEXB,somnolence_or_hypersomnia,induces,monogenic,A,0.25,0.025,HPO genes_to_phenotype; diseases=ORPHA:309162,True,0.0,1.0,1.0,,ORPHA:309162,1.0,0.0,,"[[""GENE:HEXB"", -1.0, 1.0]]",1,1,0,0.9997730446598188,grade
HEXB,gene,HEXB,HEXB,cluster:HEXB,insomnia,induces,monogenic,A,0.68,0.17,HPO genes_to_phenotype; diseases=ORPHA:309162,True,0.0,1.0,1.0,,ORPHA:309162,1.0,0.0,,"[[""GENE:HEXB"", -1.0, 1.0]]",1,1,0,0.9997730446598188,grade
HEXB,gene,HEXB,HEXB,cluster:HEXB,anxiety,induces,monogenic,A,0.68,0.17,HPO genes_to_phenotype; diseases=ORPHA:309169,True,0.0,1.0,1.0,,ORPHA:309169,1.0,0.0,,"[[""GENE:HEXB"", -1.0, 1.0]]",1,1,0,0.9997730446598188,grade
CFH,gene,CFH,CFH,cluster:CD46,cognitive_impairment,induces,monogenic,A,1.0,,HPO genes_to_phenotype; diseases=OMIM:235400,False,1.0,0.0,1.0,,OMIM:235400,1.0,0.0,2009-02-17,"[[""GENE:CFH"", -1.0, 1.0]]",1,1,0,0.9961871887065212,grade
CFH,gene,CFH,CFH,cluster:CD46,fatigue,induces,monogenic,A,1.0,0.545,HPO genes_to_phenotype; diseases=ORPHA:244242,False,0.0,1.0,1.0,,ORPHA:244242,1.0,0.0,,"[[""GENE:CFH"", -1.0, 1.0]]",1,1,0,0.9994232502804609,grade
HFE,gene,HFE,HFE,cluster:BAZ1B,anxiety,induces,monogenic,A,0.68,0.17,HPO genes_to_phenotype; diseases=ORPHA:586,False,0.0,1.0,1.0,,ORPHA:586,1.0,0.0,,"[[""GENE:HFE"", -1.0, 1.0]]",1,1,0,0.9997730446598188,grade
HFE,gene,HFE,HFE,cluster:BAZ1B,depressed_mood,induces,monogenic,A,0.68,0.17,HPO genes_to_phenotype; diseases=ORPHA:586,False,0.0,1.0,1.0,,ORPHA:586,1.0,0.0,,"[[""GENE:HFE"", -1.0, 1.0]]",1,1,0,0.9997730446598188,grade
HFE,gene,HFE,HFE,cluster:BAZ1B,fatigue,induces,monogenic,A,1.0,0.545,HPO genes_to_phenotype; diseases=ORPHA:465508,False,0.0,1.0,1.0,,ORPHA:465508,1.0,0.0,,"[[""GENE:HFE"", -1.0, 1.0]]",1,1,0,0.9997730446598188,grade
CFHR1,gene,CFHR1,CFHR1,cluster:CD46,cognitive_impairment,induces,monogenic,A,1.0,,HPO genes_to_phenotype; diseases=OMIM:235400,False,1.0,0.0,1.0,,OMIM:235400,1.0,0.0,2009-02-17,"[[""GENE:CFHR1"", -1.0, 1.0]]",1,1,0,0.999631621434846,grade
HIVEP2,gene,HIVEP2,HIVEP2,cluster:HIVEP2,irritability_or_aggression,induces,monogenic,A,1.0,0.3333333333333333,HPO genes_to_phenotype; diseases=OMIM:616977,False,1.0,0.0,2.0,9.0,OMIM:616977,2.0,2.0,2022-06-09,"[[""GENE:HIVEP2"", -1.0, 1.0]]",2,2,0,0.9997188801487722,grade
HIVEP2,gene,HIVEP2,HIVEP2,cluster:HIVEP2,cognitive_impairment,induces,monogenic,A,1.0,0.3333333333333333,HPO genes_to_phenotype; diseases=OMIM:616977,False,1.0,0.0,2.0,12.0,OMIM:616977,2.0,2.0,2026-01-31,"[[""GENE:HIVEP2"", -1.0, 1.0]]",2,2,0,0.9997188801487722,grade
HIVEP2,gene,HIVEP2,HIVEP2,cluster:HIVEP2,anxiety,induces,monogenic,A,0.6666666666666666,0.16666666666666666,HPO genes_to_phenotype; diseases=OMIM:616977,False,1.0,0.0,1.0,6.0,OMIM:616977,1.0,1.0,2017-07-13,"[[""GENE:HIVEP2"", -1.0, 1.0]]",1,1,0,0.9997188801487722,grade
HLA-B,gene,HLA-B,HLA-B,cluster:BCL2,cognitive_impairment,induces,monogenic,A,1.0,0.895,HPO genes_to_phenotype; diseases=ORPHA:117;ORPHA:29207,False,0.0,2.0,3.0,,ORPHA:117;ORPHA:29207,2.0,0.0,,"[[""GENE:HLA-B"", -1.0, 1.0]]",3,3,0,0.9999332144392659,grade
HLA-B,gene,HLA-B,HLA-B,cluster:BCL2,psychosis,induces,monogenic,A,0.68,0.17,HPO genes_to_phenotype; diseases=ORPHA:397,False,0.0,1.0,1.0,,ORPHA:397,1.0,0.0,,"[[""GENE:HLA-B"", -1.0, 1.0]]",1,1,0,0.9997730446598188,grade
HLA-B,gene,HLA-B,HLA-B,cluster:BCL2,irritability_or_aggression,induces,monogenic,A,0.68,0.17,HPO genes_to_phenotype; diseases=ORPHA:117,False,0.0,1.0,1.0,,ORPHA:117,1.0,0.0,,"[[""GENE:HLA-B"", -1.0, 1.0]]",1,1,0,0.9997730446598188,grade
HLA-B,gene,HLA-B,HLA-B,cluster:BCL2,depressed_mood,induces,monogenic,A,1.0,0.545,HPO genes_to_phenotype; diseases=ORPHA:397,False,0.0,1.0,1.0,,ORPHA:397,1.0,0.0,,"[[""GENE:HLA-B"", -1.0, 1.0]]",1,1,0,0.9997730446598188,grade
HLA-B,gene,HLA-B,HLA-B,cluster:BCL2,fatigue,induces,monogenic,A,1.0,0.895,HPO genes_to_phenotype; diseases=ORPHA:117;ORPHA:3287;ORPHA:36426;ORPHA:397,False,0.0,4.0,4.0,,ORPHA:117;ORPHA:3287;ORPHA:36426;ORPHA:397,4.0,0.0,,"[[""GENE:HLA-B"", -1.0, 1.0]]",4,4,0,0.9999942183170779,grade
HLA-DPA1,gene,HLA-DPA1,HLA-DPA1,cluster:BCL2,fatigue,induces,monogenic,A,1.0,0.895,HPO genes_to_phenotype; diseases=ORPHA:900,False,0.0,1.0,1.0,,ORPHA:900,1.0,0.0,,"[[""GENE:HLA-DPA1"", -1.0, 1.0]]",1,1,0,0.9997730446598188,grade
HLA-DPB1,gene,HLA-DPB1,HLA-DPB1,cluster:BCL2,fatigue,induces,monogenic,A,1.0,0.895,HPO genes_to_phenotype; diseases=ORPHA:133;ORPHA:900,False,0.0,2.0,2.0,,ORPHA:133;ORPHA:900,2.0,0.0,,"[[""GENE:HLA-DPB1"", -1.0, 1.0]]",2,2,0,0.9999332144392659,grade
HLA-DQA1,gene,HLA-DQA1,HLA-DQA1,cluster:BCL2,anxiety,induces,monogenic,A,1.0,,HPO genes_to_phenotype; diseases=OMIM:212750,False,1.0,0.0,1.0,,OMIM:212750,1.0,0.0,2009-02-17,"[[""GENE:HLA-DQA1"", -1.0, 1.0]]",1,1,0,0.999631621434846,grade
HLA-DQA1,gene,HLA-DQA1,HLA-DQA1,cluster:BCL2,depressed_mood,induces,monogenic,A,1.0,,HPO genes_to_phenotype; diseases=OMIM:212750,False,1.0,0.0,1.0,,OMIM:212750,1.0,0.0,2009-02-17,"[[""GENE:HLA-DQA1"", -1.0, 1.0]]",1,1,0,0.999631621434846,grade
HLA-DQB1,gene,HLA-DQB1,HLA-DQB1,cluster:BCL2,cognitive_impairment,induces,monogenic,A,1.0,0.895,HPO genes_to_phenotype; diseases=OMIM:123400;ORPHA:2073,False,1.0,1.0,4.0,,OMIM:123400;ORPHA:2073,2.0,0.0,2009-02-17,"[[""GENE:HLA-DQB1"", -1.0, 1.0]]",4,4,0,0.9999152539456482,grade
HLA-DQB1,gene,HLA-DQB1,HLA-DQB1,cluster:BCL2,somnolence_or_hypersomnia,induces,monogenic,A,1.0,0.895,HPO genes_to_phenotype; diseases=ORPHA:2073;ORPHA:83465,False,0.0,2.0,2.0,,ORPHA:2073;ORPHA:83465,2.0,0.0,,"[[""GENE:HLA-DQB1"", -1.0, 1.0]]",2,2,0,0.9998302394354796,grade
HLA-DQB1,gene,HLA-DQB1,HLA-DQB1,cluster:BCL2,insomnia,induces,monogenic,A,1.0,0.895,HPO genes_to_phenotype; diseases=ORPHA:83465,False,0.0,1.0,1.0,,ORPHA:83465,1.0,0.0,,"[[""GENE:HLA-DQB1"", -1.0, 1.0]]",1,1,0,0.9994232502804609,grade
HLA-DQB1,gene,HLA-DQB1,HLA-DQB1,cluster:BCL2,psychosis,induces,monogenic,A,1.0,0.895,HPO genes_to_phenotype; diseases=OMIM:123400;ORPHA:2073;ORPHA:83465,False,1.0,2.0,5.0,,OMIM:123400;ORPHA:2073;ORPHA:83465,3.0,0.0,2009-02-17,"[[""GENE:HLA-DQB1"", -1.0, 1.0]]",5,5,0,0.9999750645009944,grade
HLA-DQB1,gene,HLA-DQB1,HLA-DQB1,cluster:BCL2,irritability_or_aggression,induces,monogenic,A,1.0,,HPO genes_to_phenotype; diseases=OMIM:123400,False,1.0,0.0,1.0,,OMIM:123400,1.0,0.0,2009-02-17,"[[""GENE:HLA-DQB1"", -1.0, 1.0]]",1,1,0,0.997017116436691,grade
HLA-DQB1,gene,HLA-DQB1,HLA-DQB1,cluster:BCL2,anxiety,induces,monogenic,A,1.0,0.545,HPO genes_to_phenotype; diseases=OMIM:123400;OMIM:212750;ORPHA:2073,False,2.0,1.0,3.0,,OMIM:123400;OMIM:212750;ORPHA:2073,3.0,0.0,2009-02-17,"[[""GENE:HLA-DQB1"", -1.0, 1.0]]",3,3,0,0.9999595212869232,grade
HLA-DQB1,gene,HLA-DQB1,HLA-DQB1,cluster:BCL2,depressed_mood,induces,monogenic,A,0.68,0.17,HPO genes_to_phenotype; diseases=OMIM:123400;OMIM:126200;OMIM:212750;ORPHA:2073,False,3.0,1.0,4.0,,OMIM:123400;OMIM:126200;OMIM:212750;ORPHA:2073,4.0,0.0,2009-02-17,"[[""GENE:HLA-DQB1"", -1.0, 1.0]]",4,4,0,0.9999806659043347,grade
HLA-DQB1,gene,HLA-DQB1,HLA-DQB1,cluster:BCL2,psychomotor_agitation,induces,monogenic,A,0.68,0.17,HPO genes_to_phenotype; diseases=ORPHA:2073,False,0.0,1.0,1.0,,ORPHA:2073,1.0,0.0,,"[[""GENE:HLA-DQB1"", -1.0, 1.0]]",1,1,0,0.9994232502804609,grade
HLA-DRB1,gene,HLA-DRB1,HLA-DRB1,cluster:BCL2,somnolence_or_hypersomnia,induces,monogenic,A,1.0,0.895,HPO genes_to_phenotype; diseases=ORPHA:2073;ORPHA:83465,False,0.0,2.0,2.0,,ORPHA:2073;ORPHA:83465,2.0,0.0,,"[[""GENE:HLA-DRB1"", -1.0, 1.0]]",2,2,0,0.9998302394354796,grade
HLA-DRB1,gene,HLA-DRB1,HLA-DRB1,cluster:BCL2,cognitive_impairment,induces,monogenic,A,1.0,0.895,HPO genes_to_phenotype; diseases=ORPHA:2073;ORPHA:3437,False,0.0,2.0,2.0,,ORPHA:2073;ORPHA:3437,2.0,0.0,,"[[""GENE:HLA-DRB1"", -1.0, 1.0]]",2,2,0,0.9998302394354796,grade
HLA-DRB1,gene,HLA-DRB1,HLA-DRB1,cluster:BCL2,insomnia,induces,monogenic,A,1.0,0.895,HPO genes_to_phenotype; diseases=ORPHA:83465,False,0.0,1.0,1.0,,ORPHA:83465,1.0,0.0,,"[[""GENE:HLA-DRB1"", -1.0, 1.0]]",1,1,0,0.9994232502804609,grade
HLA-DRB1,gene,HLA-DRB1,HLA-DRB1,cluster:BCL2,psychosis,induces,monogenic,A,1.0,0.895,HPO genes_to_phenotype; diseases=ORPHA:2073;ORPHA:397;ORPHA:83465,False,0.0,3.0,4.0,,ORPHA:2073;ORPHA:397;ORPHA:83465,3.0,0.0,,"[[""GENE:HLA-DRB1"", -1.0, 1.0]]",4,4,0,0.9999500470146856,grade
HLA-DRB1,gene,HLA-DRB1,HLA-DRB1,cluster:BCL2,anxiety,induces,monogenic,A,1.0,0.545,HPO genes_to_phenotype; diseases=ORPHA:2073,False,0.0,1.0,1.0,,ORPHA:2073,1.0,0.0,,"[[""GENE:HLA-DRB1"", -1.0, 1.0]]",1,1,0,0.9994232502804609,grade
HLA-DRB1,gene,HLA-DRB1,HLA-DRB1,cluster:BCL2,depressed_mood,induces,monogenic,A,1.0,0.545,HPO genes_to_phenotype; diseases=OMIM:126200;ORPHA:2073;ORPHA:397;ORPHA:536,False,1.0,3.0,4.0,,OMIM:126200;ORPHA:2073;ORPHA:397;ORPHA:536,4.0,0.0,2009-02-17,"[[""GENE:HLA-DRB1"", -1.0, 1.0]]",4,4,0,0.9999906142693046,grade
HLA-DRB1,gene,HLA-DRB1,HLA-DRB1,cluster:BCL2,psychomotor_agitation,induces,monogenic,A,0.68,0.17,HPO genes_to_phenotype; diseases=ORPHA:2073,False,0.0,1.0,1.0,,ORPHA:2073,1.0,0.0,,"[[""GENE:HLA-DRB1"", -1.0, 1.0]]",1,1,0,0.9994232502804609,grade
HLA-DRB1,gene,HLA-DRB1,HLA-DRB1,cluster:BCL2,fatigue,induces,monogenic,A,1.0,0.895,HPO genes_to_phenotype; diseases=ORPHA:397;ORPHA:536;ORPHA:545;ORPHA:747;ORPHA:797,False,0.0,5.0,5.0,,ORPHA:397;ORPHA:536;ORPHA:545;ORPHA:747;ORPHA:797,5.0,0.0,,"[[""GENE:HLA-DRB1"", -1.0, 1.0]]",5,5,0,0.9999956755939741,grade
HLCS,gene,HLCS,HLCS,cluster:HLCS,irritability_or_aggression,induces,monogenic,A,1.0,0.895,HPO genes_to_phenotype; diseases=OMIM:253270;ORPHA:79242,True,1.0,1.0,2.0,,OMIM:253270;ORPHA:79242,2.0,0.0,2009-02-17,"[[""GENE:HLCS"", -1.0, 1.0]]",2,2,0,0.9998915873699763,grade
HMBS,gene,HMBS,HMBS,cluster:HMBS,cognitive_impairment,induces,monogenic,A,1.0,0.545,HPO genes_to_phenotype; diseases=OMIM:620711;ORPHA:79276,True,1.0,1.0,4.0,4.0,OMIM:620711;ORPHA:79276,3.0,2.0,2016-08-24,"[[""GENE:HMBS"", -1.0, 1.0]]",4,4,0,0.9999114470526677,grade
HMBS,gene,HMBS,HMBS,cluster:HMBS,somnolence_or_hypersomnia,induces,monogenic,A,0.68,0.17,HPO genes_to_phenotype; diseases=ORPHA:79276,True,0.0,1.0,1.0,,ORPHA:79276,1.0,0.0,,"[[""GENE:HMBS"", -1.0, 1.0]]",1,1,0,0.9994232502804609,grade
HMBS,gene,HMBS,HMBS,cluster:HMBS,insomnia,induces,monogenic,A,0.68,0.17,HPO genes_to_phenotype; diseases=ORPHA:79276,True,0.0,1.0,1.0,,ORPHA:79276,1.0,0.0,,"[[""GENE:HMBS"", -1.0, 1.0]]",1,1,0,0.9994232502804609,grade
HMBS,gene,HMBS,HMBS,cluster:HMBS,psychosis,induces,monogenic,A,0.68,0.17,HPO genes_to_phenotype; diseases=ORPHA:79276,True,0.0,1.0,1.0,,ORPHA:79276,1.0,0.0,,"[[""GENE:HMBS"", -1.0, 1.0]]",1,1,0,0.9994232502804609,grade
HMBS,gene,HMBS,HMBS,cluster:HMBS,anxiety,induces,monogenic,A,0.68,0.17,HPO genes_to_phenotype; diseases=OMIM:176000;ORPHA:79276,True,1.0,1.0,2.0,,OMIM:176000;ORPHA:79276,2.0,0.0,2009-02-17,"[[""GENE:HMBS"", -1.0, 1.0]]",2,2,0,0.9998915873699763,grade
HMBS,gene,HMBS,HMBS,cluster:HMBS,depressed_mood,induces,monogenic,A,0.68,0.17,HPO genes_to_phenotype; diseases=OMIM:176000;ORPHA:79276,True,1.0,1.0,2.0,,OMIM:176000;ORPHA:79276,2.0,0.0,2009-02-17,"[[""GENE:HMBS"", -1.0, 1.0]]",2,2,0,0.9998915873699763,grade
HMBS,gene,HMBS,HMBS,cluster:HMBS,psychomotor_agitation,induces,monogenic,A,0.68,0.17,HPO genes_to_phenotype; diseases=ORPHA:79276,True,0.0,1.0,1.0,,ORPHA:79276,1.0,0.0,,"[[""GENE:HMBS"", -1.0, 1.0]]",1,1,0,0.9994232502804609,grade
HMGCL,gene,HMGCL,HMGCL,cluster:HMGCL,somnolence_or_hypersomnia,induces,monogenic,A,1.0,,HPO genes_to_phenotype; diseases=OMIM:246450,True,1.0,0.0,1.0,,OMIM:246450,1.0,0.0,2009-02-17,"[[""GENE:HMGCL"", -1.0, 1.0]]",1,1,0,0.9961871887065212,grade
HMGCL,gene,HMGCL,HMGCL,cluster:HMGCL,fatigue,induces,monogenic,A,0.68,0.17,HPO genes_to_phenotype; diseases=ORPHA:20,True,0.0,1.0,1.0,,ORPHA:20,1.0,0.0,,"[[""GENE:HMGCL"", -1.0, 1.0]]",1,1,0,0.9994232502804609,grade
HMOX1,gene,HMOX1,HMOX1,cluster:BAZ1B,anxiety,induces,monogenic,A,0.68,0.17,HPO genes_to_phenotype; diseases=ORPHA:586,True,0.0,1.0,1.0,,ORPHA:586,1.0,0.0,,"[[""GENE:HMOX1"", -1.0, 1.0]]",1,1,0,0.9997730446598188,grade
HMOX1,gene,HMOX1,HMOX1,cluster:BAZ1B,depressed_mood,induces,monogenic,A,0.68,0.17,HPO genes_to_phenotype; diseases=ORPHA:586,True,0.0,1.0,1.0,,ORPHA:586,1.0,0.0,,"[[""GENE:HMOX1"", -1.0, 1.0]]",1,1,0,0.9997730446598188,grade
FOXA2,gene,FOXA2,FOXA2,cluster:ARNT2,fatigue,induces,monogenic,A,1.0,0.545,HPO genes_to_phenotype; diseases=ORPHA:95494,False,0.0,1.0,1.0,,ORPHA:95494,1.0,0.0,,"[[""GENE:FOXA2"", -1.0, 1.0]]",1,1,0,0.9997730446598188,grade
HNF4A,gene,HNF4A,HNF4A,cluster:HNF4A,psychomotor_agitation,induces,monogenic,A,1.0,0.895,HPO genes_to_phenotype; diseases=ORPHA:263455,False,0.0,1.0,1.0,,ORPHA:263455,1.0,0.0,,"[[""GENE:HNF4A"", -1.0, 1.0]]",1,1,0,0.9997730446598188,grade
HNF4A,gene,HNF4A,HNF4A,cluster:HNF4A,fatigue,induces,monogenic,A,1.0,0.895,HPO genes_to_phenotype; diseases=ORPHA:263455,False,0.0,1.0,1.0,,ORPHA:263455,1.0,0.0,,"[[""GENE:HNF4A"", -1.0, 1.0]]",1,1,0,0.9997730446598188,grade
HNRNPA1,gene,HNRNPA1,HNRNPA1,cluster:ADH1C,cognitive_impairment,induces,monogenic,A,1.0,0.545,HPO genes_to_phenotype; diseases=ORPHA:52430;ORPHA:803,False,0.0,2.0,3.0,,ORPHA:52430;ORPHA:803,2.0,0.0,,"[[""GENE:HNRNPA1"", -1.0, 1.0]]",3,3,0,0.9999332144392659,grade
HNRNPA1,gene,HNRNPA1,HNRNPA1,cluster:ADH1C,anxiety,induces,monogenic,A,1.0,0.545,HPO genes_to_phenotype; diseases=ORPHA:803,False,0.0,1.0,1.0,,ORPHA:803,1.0,0.0,,"[[""GENE:HNRNPA1"", -1.0, 1.0]]",1,1,0,0.9997730446598188,grade
HNRNPA1,gene,HNRNPA1,HNRNPA1,cluster:ADH1C,depressed_mood,induces,monogenic,A,1.0,0.545,HPO genes_to_phenotype; diseases=ORPHA:803,False,0.0,1.0,1.0,,ORPHA:803,1.0,0.0,,"[[""GENE:HNRNPA1"", -1.0, 1.0]]",1,1,0,0.9997730446598188,grade
HNRNPA1,gene,HNRNPA1,HNRNPA1,cluster:ADH1C,fatigue,induces,monogenic,A,1.0,0.545,HPO genes_to_phenotype; diseases=ORPHA:803,False,0.0,1.0,1.0,,ORPHA:803,1.0,0.0,,"[[""GENE:HNRNPA1"", -1.0, 1.0]]",1,1,0,0.9997730446598188,grade
HNRNPA2B1,gene,HNRNPA2B1,HNRNPA2B1,cluster:ADH1C,cognitive_impairment,induces,monogenic,A,1.0,0.545,HPO genes_to_phenotype; diseases=OMIM:615422;ORPHA:52430,False,1.0,1.0,3.0,5.0,OMIM:615422;ORPHA:52430,3.0,2.0,2015-08-29,"[[""GENE:HNRNPA2B1"", -1.0, 1.0]]",3,3,0,0.9999337544286306,grade
HNRNPC,gene,HNRNPC,HNRNPC,cluster:HNRNPC,cognitive_impairment,induces,monogenic,A,1.0,0.38461538461538464,HPO genes_to_phenotype; diseases=OMIM:620688,False,1.0,0.0,1.0,13.0,OMIM:620688,1.0,1.0,2024-04-01,"[[""GENE:HNRNPC"", -1.0, 1.0]]",1,1,0,0.9997556443495205,grade
HNRNPH2,gene,HNRNPH2,HNRNPH2,cluster:HNRNPH2,anxiety,induces,monogenic,A,1.0,0.3333333333333333,HPO genes_to_phenotype; diseases=OMIM:300986,False,1.0,0.0,1.0,6.0,OMIM:300986,1.0,1.0,2017-07-13,"[[""GENE:HNRNPH2"", -1.0, 1.0]]",1,1,0,0.9997188801487722,grade
HNRNPH2,gene,HNRNPH2,HNRNPH2,cluster:HNRNPH2,irritability_or_aggression,induces,monogenic,A,0.6666666666666666,0.16666666666666666,HPO genes_to_phenotype; diseases=OMIM:300986,False,1.0,0.0,1.0,6.0,OMIM:300986,1.0,1.0,2017-07-13,"[[""GENE:HNRNPH2"", -1.0, 1.0]]",1,1,0,0.9997188801487722,grade
HPD,gene,HPD,HPD,cluster:HPD,psychomotor_agitation,induces,monogenic,A,1.0,0.3333333333333333,HPO genes_to_phenotype; diseases=OMIM:140350,True,1.0,0.0,1.0,3.0,OMIM:140350,1.0,1.0,2000-11-01,"[[""GENE:HPD"", -1.0, 1.0]]",1,1,0,0.9996852014177682,grade
HSPG2,gene,HSPG2,HSPG2,cluster:HSPG2,irritability_or_aggression,induces,monogenic,A,0.68,0.17,HPO genes_to_phenotype; diseases=ORPHA:800,False,0.0,1.0,1.0,,ORPHA:800,1.0,0.0,,"[[""GENE:HSPG2"", -1.0, 1.0]]",1,1,0,0.9997730446598188,grade
HSPG2,gene,HSPG2,HSPG2,cluster:HSPG2,anxiety,induces,monogenic,A,0.68,0.17,HPO genes_to_phenotype; diseases=ORPHA:800,False,0.0,1.0,1.0,,ORPHA:800,1.0,0.0,,"[[""GENE:HSPG2"", -1.0, 1.0]]",1,1,0,0.9997730446598188,grade
NDST1,gene,NDST1,NDST1,cluster:NDST1,irritability_or_aggression,induces,monogenic,A,1.0,0.625,HPO genes_to_phenotype; diseases=OMIM:616116,True,1.0,0.0,1.0,8.0,OMIM:616116,1.0,1.0,2014-08-14,"[[""GENE:NDST1"", -1.0, 1.0]]",1,1,0,0.9997328086157783,grade
NDST1,gene,NDST1,NDST1,cluster:NDST1,psychomotor_agitation,induces,monogenic,A,1.0,,HPO genes_to_phenotype; diseases=OMIM:616116,True,1.0,0.0,1.0,,OMIM:616116,1.0,1.0,2014-08-14,"[[""GENE:NDST1"", -1.0, 1.0]]",1,1,0,0.9997748793976969,grade
HTR2A,gene,HTR2A,HTR2A,cluster:CHI3L1,cognitive_impairment,induces,monogenic,A,1.0,,HPO genes_to_phenotype; diseases=OMIM:181500,False,1.0,0.0,1.0,,OMIM:181500,1.0,0.0,2009-02-17,"[[""GENE:HTR2A"", -1.0, 1.0]]",1,1,0,0.999631621434846,grade
HTR2A,gene,HTR2A,HTR2A,cluster:CHI3L1,psychosis,induces,monogenic,A,1.0,,HPO genes_to_phenotype; diseases=OMIM:181500,False,1.0,0.0,2.0,,OMIM:181500,1.0,0.0,2009-02-17,"[[""GENE:HTR2A"", -1.0, 1.0]]",2,2,0,0.999631621434846,grade
HTR2A,gene,HTR2A,HTR2A,cluster:CHI3L1,anxiety,induces,monogenic,A,1.0,,HPO genes_to_phenotype; diseases=OMIM:164230,False,1.0,0.0,1.0,,OMIM:164230,1.0,1.0,2005-04-15,"[[""GENE:HTR2A"", -1.0, 1.0]]",1,1,0,0.9997748793976969,grade
HTR2A,gene,HTR2A,HTR2A,cluster:CHI3L1,depressed_mood,induces,monogenic,A,1.0,,HPO genes_to_phenotype; diseases=OMIM:164230;OMIM:608516,False,2.0,0.0,2.0,,OMIM:164230;OMIM:608516,2.0,1.0,2005-04-15,"[[""GENE:HTR2A"", -1.0, 1.0]]",2,2,0,0.9999159391409544,grade
IDUA,gene,IDUA,IDUA,cluster:IDUA,depressed_mood,induces,monogenic,A,1.0,0.545,HPO genes_to_phenotype; diseases=ORPHA:93473,True,0.0,1.0,1.0,,ORPHA:93473,1.0,0.0,,"[[""GENE:IDUA"", -1.0, 1.0]]",1,1,0,0.9997730446598188,grade
CFI,gene,CFI,CFI,cluster:CD46,fatigue,induces,monogenic,A,1.0,0.545,HPO genes_to_phenotype; diseases=ORPHA:244242,False,0.0,1.0,1.0,,ORPHA:244242,1.0,0.0,,"[[""GENE:CFI"", -1.0, 1.0]]",1,1,0,0.9997730446598188,grade
IFNG,gene,IFNG,IFNG,cluster:IFNG,anxiety,induces,monogenic,A,0.68,0.17,HPO genes_to_phenotype; diseases=ORPHA:805,False,0.0,1.0,1.0,,ORPHA:805,1.0,0.0,,"[[""GENE:IFNG"", -1.0, 1.0]]",1,1,0,0.9997730446598188,grade
IFNG,gene,IFNG,IFNG,cluster:IFNG,depressed_mood,induces,monogenic,A,1.0,0.545,HPO genes_to_phenotype; diseases=ORPHA:805,False,0.0,1.0,1.0,,ORPHA:805,1.0,0.0,,"[[""GENE:IFNG"", -1.0, 1.0]]",1,1,0,0.9997730446598188,grade
IFNG,gene,IFNG,IFNG,cluster:IFNG,irritability_or_aggression,induces,monogenic,A,1.0,0.545,HPO genes_to_phenotype; diseases=ORPHA:805,False,0.0,1.0,1.0,,ORPHA:805,1.0,0.0,,"[[""GENE:IFNG"", -1.0, 1.0]]",1,1,0,0.9997730446598188,grade
IFNGR1,gene,IFNGR1,IFNGR1,cluster:BCL2,cognitive_impairment,induces,monogenic,A,1.0,0.545,HPO genes_to_phenotype; diseases=ORPHA:117,False,0.0,1.0,2.0,,ORPHA:117,1.0,0.0,,"[[""GENE:IFNGR1"", -1.0, 1.0]]",2,2,0,0.9997730446598188,grade
IFNGR1,gene,IFNGR1,IFNGR1,cluster:BCL2,irritability_or_aggression,induces,monogenic,A,0.68,0.17,HPO genes_to_phenotype; diseases=ORPHA:117,False,0.0,1.0,1.0,,ORPHA:117,1.0,0.0,,"[[""GENE:IFNGR1"", -1.0, 1.0]]",1,1,0,0.9997730446598188,grade
IFNGR1,gene,IFNGR1,IFNGR1,cluster:BCL2,fatigue,induces,monogenic,A,1.0,0.895,HPO genes_to_phenotype; diseases=ORPHA:117,False,0.0,1.0,1.0,,ORPHA:117,1.0,0.0,,"[[""GENE:IFNGR1"", -1.0, 1.0]]",1,1,0,0.9997730446598188,grade
IGF1,gene,IGF1,IGF1,cluster:IGF1,cognitive_impairment,induces,monogenic,A,1.0,1.0,HPO genes_to_phenotype; diseases=OMIM:608747;ORPHA:73272,False,1.0,1.0,2.0,1.0,OMIM:608747;ORPHA:73272,2.0,1.0,2009-02-17,"[[""GENE:IGF1"", -1.0, 1.0]]",2,2,0,0.9998934187245915,grade
IGF1R,gene,IGF1R,IGF1R,cluster:IGF1R,anxiety,induces,monogenic,A,1.0,0.25,HPO genes_to_phenotype; diseases=OMIM:270450,False,1.0,0.0,1.0,4.0,OMIM:270450,1.0,0.0,2009-02-17,"[[""GENE:IGF1R"", -1.0, 1.0]]",1,1,0,0.9996367792860593,grade
IGF1R,gene,IGF1R,IGF1R,cluster:IGF1R,psychomotor_agitation,induces,monogenic,A,1.0,0.25,HPO genes_to_phenotype; diseases=OMIM:270450,False,1.0,0.0,1.0,4.0,OMIM:270450,1.0,0.0,2009-02-17,"[[""GENE:IGF1R"", -1.0, 1.0]]",1,1,0,0.9995615728570889,grade
IGHG1,gene,IGHG1,IGHG1,cluster:IGHG1,depressed_mood,induces,monogenic,A,0.68,0.17,HPO genes_to_phenotype; diseases=ORPHA:536,False,0.0,1.0,1.0,,ORPHA:536,1.0,0.0,,"[[""GENE:IGHG1"", -1.0, 1.0]]",1,1,0,0.9997730446598188,grade
IGHG1,gene,IGHG1,IGHG1,cluster:IGHG1,fatigue,induces,monogenic,A,1.0,0.895,HPO genes_to_phenotype; diseases=ORPHA:536,False,0.0,1.0,1.0,,ORPHA:536,1.0,0.0,,"[[""GENE:IGHG1"", -1.0, 1.0]]",1,1,0,0.9997730446598188,grade
IGHM,gene,IGHM,IGHM,cluster:BLNK,fatigue,induces,monogenic,A,1.0,0.895,HPO genes_to_phenotype; diseases=ORPHA:33110,False,0.0,1.0,1.0,,ORPHA:33110,1.0,0.0,,"[[""GENE:IGHM"", -1.0, 1.0]]",1,1,0,0.9997730446598188,grade
IGKC,gene,IGKC,IGKC,cluster:IGKC,fatigue,induces,monogenic,A,0.68,0.17,HPO genes_to_phenotype; diseases=ORPHA:183675,False,0.0,1.0,1.0,,ORPHA:183675,1.0,0.0,,"[[""GENE:IGKC"", -1.0, 1.0]]",1,1,0,0.9997730446598188,grade
IGLL1,gene,IGLL1,IGLL1,cluster:BLNK,fatigue,induces,monogenic,A,1.0,0.895,HPO genes_to_phenotype; diseases=ORPHA:33110,False,0.0,1.0,1.0,,ORPHA:33110,1.0,0.0,,"[[""GENE:IGLL1"", -1.0, 1.0]]",1,1,0,0.9997730446598188,grade
IL10,gene,IL10,IL10,cluster:BCL2,cognitive_impairment,induces,monogenic,A,1.0,0.545,HPO genes_to_phenotype; diseases=ORPHA:117,False,0.0,1.0,2.0,,ORPHA:117,1.0,0.0,,"[[""GENE:IL10"", -1.0, 1.0]]",2,2,0,0.9994232502804609,grade
IL10,gene,IL10,IL10,cluster:BCL2,irritability_or_aggression,induces,monogenic,A,0.68,0.17,HPO genes_to_phenotype; diseases=ORPHA:117,False,0.0,1.0,1.0,,ORPHA:117,1.0,0.0,,"[[""GENE:IL10"", -1.0, 1.0]]",1,1,0,0.9994232502804609,grade
IL10,gene,IL10,IL10,cluster:BCL2,depressed_mood,induces,monogenic,A,0.68,0.17,HPO genes_to_phenotype; diseases=ORPHA:536,False,0.0,1.0,1.0,,ORPHA:536,1.0,0.0,,"[[""GENE:IL10"", -1.0, 1.0]]",1,1,0,0.9994232502804609,grade
IL10,gene,IL10,IL10,cluster:BCL2,fatigue,induces,monogenic,A,1.0,0.895,HPO genes_to_phenotype; diseases=OMIM:180300;ORPHA:117;ORPHA:536,False,1.0,2.0,3.0,,OMIM:180300;ORPHA:117;ORPHA:536,3.0,1.0,1998-05-01,"[[""GENE:IL10"", -1.0, 1.0]]",3,3,0,0.99998050829833,grade
IL12A,gene,IL12A,IL12A,cluster:BCL2,cognitive_impairment,induces,monogenic,A,1.0,0.545,HPO genes_to_phenotype; diseases=ORPHA:117,False,0.0,1.0,2.0,,ORPHA:117,1.0,0.0,,"[[""GENE:IL12A"", -1.0, 1.0]]",2,2,0,0.9997730446598188,grade
IL12A,gene,IL12A,IL12A,cluster:BCL2,somnolence_or_hypersomnia,induces,monogenic,A,0.68,0.17,HPO genes_to_phenotype; diseases=ORPHA:186,False,0.0,1.0,1.0,,ORPHA:186,1.0,0.0,,"[[""GENE:IL12A"", -1.0, 1.0]]",1,1,0,0.9997730446598188,grade
IL12A,gene,IL12A,IL12A,cluster:BCL2,irritability_or_aggression,induces,monogenic,A,0.68,0.17,HPO genes_to_phenotype; diseases=ORPHA:117,False,0.0,1.0,1.0,,ORPHA:117,1.0,0.0,,"[[""GENE:IL12A"", -1.0, 1.0]]",1,1,0,0.9997730446598188,grade
IL12A,gene,IL12A,IL12A,cluster:BCL2,fatigue,induces,monogenic,A,1.0,0.895,HPO genes_to_phenotype; diseases=ORPHA:117;ORPHA:186,False,0.0,2.0,2.0,,ORPHA:117;ORPHA:186,2.0,0.0,,"[[""GENE:IL12A"", -1.0, 1.0]]",2,2,0,0.9999332144392659,grade
IL12B,gene,IL12B,IL12B,cluster:BCL2,fatigue,induces,monogenic,A,1.0,0.895,HPO genes_to_phenotype; diseases=ORPHA:3287,False,0.0,1.0,1.0,,ORPHA:3287,1.0,0.0,,"[[""GENE:IL12B"", -1.0, 1.0]]",1,1,0,0.9997730446598188,grade
IL12RB1,gene,IL12RB1,IL12RB1,cluster:BCL2,somnolence_or_hypersomnia,induces,monogenic,A,0.68,0.17,HPO genes_to_phenotype; diseases=ORPHA:186,False,0.0,1.0,1.0,,ORPHA:186,1.0,0.0,,"[[""GENE:IL12RB1"", -1.0, 1.0]]",1,1,0,0.9997730446598188,grade
IL12RB1,gene,IL12RB1,IL12RB1,cluster:BCL2,fatigue,induces,monogenic,A,0.68,0.17,HPO genes_to_phenotype; diseases=ORPHA:186,False,0.0,1.0,1.0,,ORPHA:186,1.0,0.0,,"[[""GENE:IL12RB1"", -1.0, 1.0]]",1,1,0,0.9997730446598188,grade
IMPA1,gene,IMPA1,IMPA1,cluster:IMPA1,irritability_or_aggression,induces,monogenic,A,1.0,0.6666666666666666,HPO genes_to_phenotype; diseases=OMIM:617323,True,1.0,0.0,1.0,9.0,OMIM:617323,1.0,1.0,2015-09-29,"[[""GENE:IMPA1"", -1.0, 1.0]]",1,1,0,0.9997384406959443,grade
IMPDH2,gene,IMPDH2,IMPDH2,cluster:ADH1C,anxiety,induces,monogenic,A,1.0,0.545,HPO genes_to_phenotype; diseases=ORPHA:98808,True,0.0,1.0,1.0,,ORPHA:98808,1.0,0.0,,"[[""GENE:IMPDH2"", -1.0, 1.0]]",1,1,0,0.9997730446598188,grade
IMPDH2,gene,IMPDH2,IMPDH2,cluster:ADH1C,depressed_mood,induces,monogenic,A,1.0,0.545,HPO genes_to_phenotype; diseases=ORPHA:98808,True,0.0,1.0,1.0,,ORPHA:98808,1.0,0.0,,"[[""GENE:IMPDH2"", -1.0, 1.0]]",1,1,0,0.9997730446598188,grade
IMPDH2,gene,IMPDH2,IMPDH2,cluster:ADH1C,fatigue,induces,monogenic,A,1.0,0.545,HPO genes_to_phenotype; diseases=ORPHA:98808,True,0.0,1.0,1.0,,ORPHA:98808,1.0,0.0,,"[[""GENE:IMPDH2"", -1.0, 1.0]]",1,1,0,0.9997730446598188,grade
INPP4A,gene,INPP4A,INPP4A,cluster:INPP4A,irritability_or_aggression,induces,monogenic,A,1.0,1.0,HPO genes_to_phenotype; diseases=OMIM:621354,True,1.0,0.0,1.0,3.0,OMIM:621354,1.0,1.0,2024-09-21,"[[""GENE:INPP4A"", -1.0, 1.0]]",1,1,0,0.9996852014177682,grade
INPP4A,gene,INPP4A,INPP4A,cluster:INPP4A,psychomotor_agitation,induces,monogenic,A,1.0,1.0,HPO genes_to_phenotype; diseases=OMIM:621354,True,1.0,0.0,1.0,2.0,OMIM:621354,1.0,1.0,2024-09-21,"[[""GENE:INPP4A"", -1.0, 1.0]]",1,1,0,0.9996663476591036,grade
INSR,gene,INSR,INSR,cluster:INSR,fatigue,induces,monogenic,A,1.0,0.545,HPO genes_to_phenotype; diseases=ORPHA:263458,False,0.0,1.0,1.0,,ORPHA:263458,1.0,0.0,,"[[""GENE:INSR"", -1.0, 1.0]]",1,1,0,0.9997730446598188,grade
IRAK1,gene,IRAK1,IRAK1,cluster:BCL2,cognitive_impairment,induces,monogenic,A,0.25,0.025,HPO genes_to_phenotype; diseases=ORPHA:93552,False,0.0,1.0,1.0,,ORPHA:93552,1.0,0.0,,"[[""GENE:IRAK1"", -1.0, 1.0]]",1,1,0,0.9997730446598188,grade
IRAK1,gene,IRAK1,IRAK1,cluster:BCL2,depressed_mood,induces,monogenic,A,0.68,0.17,HPO genes_to_phenotype; diseases=ORPHA:536,False,0.0,1.0,1.0,,ORPHA:536,1.0,0.0,,"[[""GENE:IRAK1"", -1.0, 1.0]]",1,1,0,0.9997730446598188,grade
IRAK1,gene,IRAK1,IRAK1,cluster:BCL2,psychosis,induces,monogenic,A,0.68,0.17,HPO genes_to_phenotype; diseases=ORPHA:93552,False,0.0,1.0,1.0,,ORPHA:93552,1.0,0.0,,"[[""GENE:IRAK1"", -1.0, 1.0]]",1,1,0,0.9997730446598188,grade
IRAK1,gene,IRAK1,IRAK1,cluster:BCL2,fatigue,induces,monogenic,A,1.0,0.895,HPO genes_to_phenotype; diseases=ORPHA:536,False,0.0,1.0,1.0,,ORPHA:536,1.0,0.0,,"[[""GENE:IRAK1"", -1.0, 1.0]]",1,1,0,0.9997730446598188,grade
IRF4,gene,IRF4,IRF4,cluster:CD4,depressed_mood,induces,monogenic,A,1.0,0.895,HPO genes_to_phenotype; diseases=ORPHA:3452,False,0.0,1.0,1.0,,ORPHA:3452,1.0,0.0,,"[[""GENE:IRF4"", -1.0, 1.0]]",1,1,0,0.9997730446598188,grade
IRF4,gene,IRF4,IRF4,cluster:CD4,fatigue,induces,monogenic,A,1.0,0.895,HPO genes_to_phenotype; diseases=ORPHA:3452,False,0.0,1.0,1.0,,ORPHA:3452,1.0,0.0,,"[[""GENE:IRF4"", -1.0, 1.0]]",1,1,0,0.9997730446598188,grade
IRF5,gene,IRF5,IRF5,cluster:BCL2,somnolence_or_hypersomnia,induces,monogenic,A,0.68,0.17,HPO genes_to_phenotype; diseases=ORPHA:186,False,0.0,1.0,1.0,,ORPHA:186,1.0,0.0,,"[[""GENE:IRF5"", -1.0, 1.0]]",1,1,0,0.9997730446598188,grade
IRF5,gene,IRF5,IRF5,cluster:BCL2,depressed_mood,induces,monogenic,A,0.68,0.17,HPO genes_to_phenotype; diseases=ORPHA:536,False,0.0,1.0,1.0,,ORPHA:536,1.0,0.0,,"[[""GENE:IRF5"", -1.0, 1.0]]",1,1,0,0.9997730446598188,grade
IRF5,gene,IRF5,IRF5,cluster:BCL2,fatigue,induces,monogenic,A,1.0,0.895,HPO genes_to_phenotype; diseases=ORPHA:186;ORPHA:536,False,0.0,2.0,2.0,,ORPHA:186;ORPHA:536,2.0,0.0,,"[[""GENE:IRF5"", -1.0, 1.0]]",2,2,0,0.9999332144392659,grade
IRF6,gene,IRF6,IRF6,cluster:IRF6,cognitive_impairment,induces,monogenic,A,1.0,,HPO genes_to_phenotype; diseases=OMIM:119500,False,1.0,0.0,1.0,,OMIM:119500,1.0,0.0,2009-02-17,"[[""GENE:IRF6"", -1.0, 1.0]]",1,1,0,0.999631621434846,grade
ITGA7,gene,ITGA7,ITGA7,cluster:ACTA1,fatigue,induces,monogenic,A,1.0,0.545,HPO genes_to_phenotype; diseases=ORPHA:2020,False,0.0,1.0,1.0,,ORPHA:2020,1.0,0.0,,"[[""GENE:ITGA7"", -1.0, 1.0]]",1,1,0,0.9997730446598188,grade
ITGAM,gene,ITGAM,ITGAM,cluster:ITGAM,depressed_mood,induces,monogenic,A,0.68,0.17,HPO genes_to_phenotype; diseases=ORPHA:536,False,0.0,1.0,1.0,,ORPHA:536,1.0,0.0,,"[[""GENE:ITGAM"", -1.0, 1.0]]",1,1,0,0.9997730446598188,grade
ITGAM,gene,ITGAM,ITGAM,cluster:ITGAM,fatigue,induces,monogenic,A,1.0,0.895,HPO genes_to_phenotype; diseases=ORPHA:536,False,0.0,1.0,1.0,,ORPHA:536,1.0,0.0,,"[[""GENE:ITGAM"", -1.0, 1.0]]",1,1,0,0.9997730446598188,grade
STT3A,gene,STT3A,STT3A,cluster:STT3A,irritability_or_aggression,induces,monogenic,A,0.5714285714285714,0.14285714285714285,HPO genes_to_phenotype; diseases=OMIM:619714,True,1.0,0.0,1.0,14.0,OMIM:619714,1.0,1.0,2021-10-14,"[[""GENE:STT3A"", -1.0, 1.0]]",1,1,0,0.9997590296450637,grade
ITPA,gene,ITPA,ITPA,cluster:ITPA,irritability_or_aggression,induces,monogenic,A,1.0,,HPO genes_to_phenotype; diseases=OMIM:616647,True,1.0,0.0,1.0,,OMIM:616647,1.0,1.0,2015-08-21,"[[""GENE:ITPA"", -1.0, 1.0]]",1,1,0,0.9997748793976969,grade
ITPR1,gene,ITPR1,ITPR1,cluster:ITPR1,cognitive_impairment,induces,monogenic,A,1.0,0.8,HPO genes_to_phenotype; diseases=OMIM:117360;ORPHA:208513,False,1.0,1.0,2.0,5.0,OMIM:117360;ORPHA:208513,3.0,2.0,2024-07-17,"[[""GENE:ITPR1"", -1.0, 1.0]]",2,2,0,0.9999146527490381,grade
ITPR1,gene,ITPR1,ITPR1,cluster:ITPR1,depressed_mood,induces,monogenic,A,1.0,1.0,HPO genes_to_phenotype; diseases=OMIM:206700,False,1.0,0.0,1.0,1.0,OMIM:206700,1.0,1.0,2024-07-17,"[[""GENE:ITPR1"", -1.0, 1.0]]",1,1,0,0.9962513618179513,grade
ITPR3,gene,ITPR3,ITPR3,cluster:ITPR3,fatigue,induces,monogenic,A,1.0,1.0,HPO genes_to_phenotype; diseases=OMIM:621254,False,1.0,0.0,1.0,1.0,OMIM:621254,1.0,1.0,2025-11-24,"[[""GENE:ITPR3"", -1.0, 1.0]]",1,1,0,0.99963784265969,grade
IVD,gene,IVD,IVD,cluster:IVD,cognitive_impairment,induces,monogenic,A,0.68,0.17,HPO genes_to_phenotype; diseases=ORPHA:33,True,0.0,1.0,1.0,,ORPHA:33,1.0,0.0,,"[[""GENE:IVD"", -1.0, 1.0]]",1,1,0,0.9997730446598188,grade
JAK2,gene,JAK2,JAK2,cluster:ABCA3,insomnia,induces,monogenic,A,1.0,0.545,HPO genes_to_phenotype; diseases=ORPHA:3318,False,0.0,1.0,1.0,,ORPHA:3318,1.0,0.0,,"[[""GENE:JAK2"", -1.0, 1.0]]",1,1,0,0.9994232502804609,grade
JAK2,gene,JAK2,JAK2,cluster:ABCA3,fatigue,induces,monogenic,A,1.0,0.895,HPO genes_to_phenotype; diseases=OMIM:133100;ORPHA:3318;ORPHA:729;ORPHA:824,False,1.0,3.0,4.0,,OMIM:133100;ORPHA:3318;ORPHA:729;ORPHA:824,4.0,0.0,2013-10-22,"[[""GENE:JAK2"", -1.0, 1.0]]",4,4,0,0.9999926633414649,grade
JARID2,gene,JARID2,JARID2,cluster:JARID2,irritability_or_aggression,induces,monogenic,A,1.0,0.25,HPO genes_to_phenotype; diseases=OMIM:620098,False,1.0,0.0,1.0,16.0,OMIM:620098,1.0,1.0,2023-03-04,"[[""GENE:JARID2"", -1.0, 1.0]]",1,1,0,0.999765051825854,grade
JARID2,gene,JARID2,JARID2,cluster:JARID2,psychosis,induces,monogenic,A,0.25,0.0625,HPO genes_to_phenotype; diseases=OMIM:620098,False,1.0,0.0,1.0,16.0,OMIM:620098,1.0,1.0,2023-03-04,"[[""GENE:JARID2"", -1.0, 1.0]]",1,1,0,0.999765051825854,grade
KARS1,gene,KARS1,KARS1,cluster:KARS1,cognitive_impairment,induces,monogenic,A,1.0,1.0,HPO genes_to_phenotype; diseases=OMIM:619196,True,1.0,0.0,2.0,3.0,OMIM:619196,2.0,2.0,2017-09-29,"[[""GENE:KARS1"", -1.0, 1.0]]",2,2,0,0.9996663476591036,grade
KCNA2,gene,KCNA2,KCNA2,cluster:KCNA2,cognitive_impairment,induces,monogenic,A,0.68,0.17,HPO genes_to_phenotype; diseases=ORPHA:442835,False,0.0,1.0,1.0,,ORPHA:442835,1.0,0.0,,"[[""GENE:KCNA2"", -1.0, 1.0]]",1,1,0,0.9997730446598188,grade
KCNA5,gene,KCNA5,KCNA5,cluster:KCNA5,fatigue,induces,monogenic,A,1.0,0.545,HPO genes_to_phenotype; diseases=ORPHA:334,False,0.0,1.0,1.0,,ORPHA:334,1.0,0.0,,"[[""GENE:KCNA5"", -1.0, 1.0]]",1,1,0,0.9997730446598188,grade
KCNB1,gene,KCNB1,KCNB1,cluster:KCNB1,cognitive_impairment,induces,monogenic,A,0.68,0.17,HPO genes_to_phenotype; diseases=ORPHA:442835,False,0.0,1.0,1.0,,ORPHA:442835,1.0,0.0,,"[[""GENE:KCNB1"", -1.0, 1.0]]",1,1,0,0.9997730446598188,grade
KCNC1,gene,KCNC1,KCNC1,cluster:KCNC1,cognitive_impairment,induces,monogenic,A,1.0,0.6,HPO genes_to_phenotype; diseases=OMIM:616187,False,1.0,0.0,1.0,15.0,OMIM:616187,1.0,1.0,2015-02-22,"[[""GENE:KCNC1"", -1.0, 1.0]]",1,1,0,0.9997621539193791,grade
KCNC3,gene,KCNC3,KCNC3,cluster:KCNC3,cognitive_impairment,induces,monogenic,A,1.0,0.6666666666666666,HPO genes_to_phenotype; diseases=OMIM:605259,False,1.0,0.0,1.0,21.0,OMIM:605259,1.0,1.0,2022-11-09,"[[""GENE:KCNC3"", -1.0, 1.0]]",1,1,0,0.9997748793976969,grade
KCND3,gene,KCND3,KCND3,cluster:KCND3,cognitive_impairment,induces,monogenic,A,0.68,0.17,HPO genes_to_phenotype; diseases=OMIM:607346,False,1.0,0.0,1.0,,OMIM:607346,1.0,0.0,2012-04-01,"[[""GENE:KCND3"", -1.0, 1.0]]",1,1,0,0.999631621434846,grade
KCNE1,gene,KCNE1,KCNE1,cluster:KCNE1,fatigue,induces,monogenic,A,1.0,0.545,HPO genes_to_phenotype; diseases=ORPHA:334,False,0.0,1.0,1.0,,ORPHA:334,1.0,0.0,,"[[""GENE:KCNE1"", -1.0, 1.0]]",1,1,0,0.9997730446598188,grade
KCNJ2,gene,KCNJ2,KCNJ2,cluster:KCNJ2,depressed_mood,induces,monogenic,A,1.0,,HPO genes_to_phenotype; diseases=OMIM:170390,False,1.0,0.0,1.0,,OMIM:170390,1.0,0.0,2015-12-30,"[[""GENE:KCNJ2"", -1.0, 1.0]]",1,1,0,0.997017116436691,grade
KCNJ2,gene,KCNJ2,KCNJ2,cluster:KCNJ2,fatigue,induces,monogenic,A,1.0,0.545,HPO genes_to_phenotype; diseases=ORPHA:334,False,0.0,1.0,1.0,,ORPHA:334,1.0,0.0,,"[[""GENE:KCNJ2"", -1.0, 1.0]]",1,1,0,0.9994232502804609,grade
KCNJ3,gene,KCNJ3,KCNJ3,cluster:KCNJ3,fatigue,induces,monogenic,A,1.0,0.545,HPO genes_to_phenotype; diseases=ORPHA:334,False,0.0,1.0,1.0,,ORPHA:334,1.0,0.0,,"[[""GENE:KCNJ3"", -1.0, 1.0]]",1,1,0,0.9997730446598188,grade
KCNJ5,gene,KCNJ5,KCNJ5,cluster:KCNJ5,fatigue,induces,monogenic,A,1.0,0.545,HPO genes_to_phenotype; diseases=ORPHA:334,False,0.0,1.0,1.0,,ORPHA:334,1.0,0.0,,"[[""GENE:KCNJ5"", -1.0, 1.0]]",1,1,0,0.9997730446598188,grade
KCNJ11,gene,KCNJ11,KCNJ11,cluster:KCNJ11,psychomotor_agitation,induces,monogenic,A,1.0,0.545,HPO genes_to_phenotype; diseases=ORPHA:276580,True,0.0,1.0,1.0,,ORPHA:276580,1.0,0.0,,"[[""GENE:KCNJ11"", -1.0, 1.0]]",1,1,0,0.9997730446598188,grade
KCNN2,gene,KCNN2,KCNN2,cluster:KCNN2,anxiety,induces,monogenic,A,1.0,0.3,HPO genes_to_phenotype; diseases=OMIM:619725,False,1.0,0.0,2.0,20.0,OMIM:619725,1.0,1.0,2022-03-05,"[[""GENE:KCNN2"", -1.0, 1.0]]",2,2,0,0.9997434332184604,grade
KCNN2,gene,KCNN2,KCNN2,cluster:KCNN2,psychosis,induces,monogenic,A,0.4,0.1,HPO genes_to_phenotype; diseases=OMIM:619725,False,1.0,0.0,1.0,10.0,OMIM:619725,1.0,1.0,2022-03-05,"[[""GENE:KCNN2"", -1.0, 1.0]]",1,1,0,0.9997434332184604,grade
KCNN4,gene,KCNN4,KCNN4,cluster:BAZ1B,anxiety,induces,monogenic,A,0.68,0.17,HPO genes_to_phenotype; diseases=ORPHA:586,False,0.0,1.0,1.0,,ORPHA:586,1.0,0.0,,"[[""GENE:KCNN4"", -1.0, 1.0]]",1,1,0,0.9997730446598188,grade
KCNN4,gene,KCNN4,KCNN4,cluster:BAZ1B,depressed_mood,induces,monogenic,A,0.68,0.17,HPO genes_to_phenotype; diseases=ORPHA:586,False,0.0,1.0,1.0,,ORPHA:586,1.0,0.0,,"[[""GENE:KCNN4"", -1.0, 1.0]]",1,1,0,0.9997730446598188,grade
KCNN4,gene,KCNN4,KCNN4,cluster:BAZ1B,fatigue,induces,monogenic,A,0.68,0.17,HPO genes_to_phenotype; diseases=ORPHA:3202,False,0.0,1.0,1.0,,ORPHA:3202,1.0,0.0,,"[[""GENE:KCNN4"", -1.0, 1.0]]",1,1,0,0.9997730446598188,grade
KCNQ1,gene,KCNQ1,KCNQ1,cluster:KCNQ1,fatigue,induces,monogenic,A,1.0,0.545,HPO genes_to_phenotype; diseases=ORPHA:334,False,0.0,1.0,1.0,,ORPHA:334,1.0,0.0,,"[[""GENE:KCNQ1"", -1.0, 1.0]]",1,1,0,0.9997730446598188,grade
KCNQ2,gene,KCNQ2,KCNQ2,cluster:ABCA3,cognitive_impairment,induces,monogenic,A,1.0,0.895,HPO genes_to_phenotype; diseases=ORPHA:140927;ORPHA:293181,False,0.0,2.0,2.0,,ORPHA:140927;ORPHA:293181,2.0,0.0,,"[[""GENE:KCNQ2"", -1.0, 1.0]]",2,2,0,0.9999332144392659,grade
KCNQ3,gene,KCNQ3,KCNQ3,cluster:ABCA3,irritability_or_aggression,induces,monogenic,A,0.25,0.025,HPO genes_to_phenotype; diseases=ORPHA:307,False,0.0,1.0,1.0,,ORPHA:307,1.0,0.0,,"[[""GENE:KCNQ3"", -1.0, 1.0]]",1,1,0,0.9997730446598188,grade
KIF5A,gene,KIF5A,KIF5A,cluster:KIF5A,cognitive_impairment,induces,monogenic,A,0.25,0.025,HPO genes_to_phenotype; diseases=ORPHA:100991,False,0.0,1.0,1.0,,ORPHA:100991,1.0,0.0,,"[[""GENE:KIF5A"", -1.0, 1.0]]",1,1,0,0.9997730446598188,grade
KISS1,gene,KISS1,KISS1,cluster:ARNT2,anxiety,induces,monogenic,A,1.0,0.545,HPO genes_to_phenotype; diseases=ORPHA:432,False,0.0,1.0,1.0,,ORPHA:432,1.0,0.0,,"[[""GENE:KISS1"", -1.0, 1.0]]",1,1,0,0.9997730446598188,grade
KISS1,gene,KISS1,KISS1,cluster:ARNT2,depressed_mood,induces,monogenic,A,1.0,0.545,HPO genes_to_phenotype; diseases=ORPHA:432,False,0.0,1.0,1.0,,ORPHA:432,1.0,0.0,,"[[""GENE:KISS1"", -1.0, 1.0]]",1,1,0,0.9997730446598188,grade
KIT,gene,KIT,KIT,cluster:ABCA3,fatigue,induces,monogenic,A,1.0,0.545,HPO genes_to_phenotype; diseases=ORPHA:44890;ORPHA:98849,False,0.0,2.0,2.0,,ORPHA:44890;ORPHA:98849,2.0,0.0,,"[[""GENE:KIT"", -1.0, 1.0]]",2,2,0,0.9999332144392659,grade
KIF11,gene,KIF11,KIF11,cluster:KIF11,irritability_or_aggression,induces,monogenic,A,0.68,0.17,HPO genes_to_phenotype; diseases=OMIM:152950,False,1.0,0.0,1.0,,OMIM:152950,1.0,0.0,2017-07-13,"[[""GENE:KIF11"", -1.0, 1.0]]",1,1,0,0.9997120224657162,grade
KIF11,gene,KIF11,KIF11,cluster:KIF11,psychomotor_agitation,induces,monogenic,A,0.68,0.17,HPO genes_to_phenotype; diseases=OMIM:152950,False,1.0,0.0,1.0,,OMIM:152950,1.0,0.0,2017-07-13,"[[""GENE:KIF11"", -1.0, 1.0]]",1,1,0,0.9997120224657162,grade
KPNA3,gene,KPNA3,KPNA3,cluster:KPNA3,fatigue,induces,monogenic,A,0.68,0.17,HPO genes_to_phenotype; diseases=ORPHA:171612,False,0.0,1.0,1.0,,ORPHA:171612,1.0,0.0,,"[[""GENE:KPNA3"", -1.0, 1.0]]",1,1,0,0.9997730446598188,grade
KRAS,gene,KRAS,KRAS,cluster:ABCA3,cognitive_impairment,induces,monogenic,A,0.68,0.17,HPO genes_to_phenotype; diseases=ORPHA:144,False,0.0,1.0,1.0,,ORPHA:144,1.0,0.0,,"[[""GENE:KRAS"", -1.0, 1.0]]",1,1,0,0.9997730446598188,grade
KRAS,gene,KRAS,KRAS,cluster:ABCA3,psychosis,induces,monogenic,A,0.68,0.17,HPO genes_to_phenotype; diseases=ORPHA:144,False,0.0,1.0,1.0,,ORPHA:144,1.0,0.0,,"[[""GENE:KRAS"", -1.0, 1.0]]",1,1,0,0.9997730446598188,grade
KRAS,gene,KRAS,KRAS,cluster:ABCA3,irritability_or_aggression,induces,monogenic,A,1.0,0.545,HPO genes_to_phenotype; diseases=ORPHA:144,False,0.0,1.0,1.0,,ORPHA:144,1.0,0.0,,"[[""GENE:KRAS"", -1.0, 1.0]]",1,1,0,0.9997730446598188,grade
KRAS,gene,KRAS,KRAS,cluster:ABCA3,anxiety,induces,monogenic,A,1.0,0.545,HPO genes_to_phenotype; diseases=ORPHA:144,False,0.0,1.0,1.0,,ORPHA:144,1.0,0.0,,"[[""GENE:KRAS"", -1.0, 1.0]]",1,1,0,0.9997730446598188,grade
KRAS,gene,KRAS,KRAS,cluster:ABCA3,depressed_mood,induces,monogenic,A,1.0,0.545,HPO genes_to_phenotype; diseases=ORPHA:144,False,0.0,1.0,1.0,,ORPHA:144,1.0,0.0,,"[[""GENE:KRAS"", -1.0, 1.0]]",1,1,0,0.9997730446598188,grade
KRAS,gene,KRAS,KRAS,cluster:ABCA3,fatigue,induces,monogenic,A,1.0,0.895,HPO genes_to_phenotype; diseases=ORPHA:1333;ORPHA:144,False,0.0,2.0,2.0,,ORPHA:1333;ORPHA:144,2.0,0.0,,"[[""GENE:KRAS"", -1.0, 1.0]]",2,2,0,0.9999332144392659,grade
L1CAM,gene,L1CAM,L1CAM,cluster:L1CAM,cognitive_impairment,induces,monogenic,A,1.0,0.545,HPO genes_to_phenotype; diseases=ORPHA:306617,False,0.0,1.0,2.0,,ORPHA:306617,1.0,0.0,,"[[""GENE:L1CAM"", -1.0, 1.0]]",2,2,0,0.9997730446598188,grade
LAMA2,gene,LAMA2,LAMA2,cluster:LAMA2,cognitive_impairment,induces,monogenic,A,0.68,0.17,HPO genes_to_phenotype; diseases=ORPHA:258,False,0.0,1.0,1.0,,ORPHA:258,1.0,0.0,,"[[""GENE:LAMA2"", -1.0, 1.0]]",1,1,0,0.9997730446598188,grade
LAMA4,gene,LAMA4,LAMA4,cluster:LAMA4,fatigue,induces,monogenic,A,1.0,0.545,HPO genes_to_phenotype; diseases=ORPHA:154,False,0.0,1.0,1.0,,ORPHA:154,1.0,0.0,,"[[""GENE:LAMA4"", -1.0, 1.0]]",1,1,0,0.9997730446598188,grade
LAMA5,gene,LAMA5,LAMA5,cluster:LAMA5,irritability_or_aggression,induces,monogenic,A,0.68,0.17,HPO genes_to_phenotype; diseases=ORPHA:656,False,0.0,1.0,1.0,,ORPHA:656,1.0,0.0,,"[[""GENE:LAMA5"", -1.0, 1.0]]",1,1,0,0.9997730446598188,grade
LAMB1,gene,LAMB1,LAMB1,cluster:LAMB1,cognitive_impairment,induces,monogenic,A,1.0,1.0,HPO genes_to_phenotype; diseases=OMIM:621424,False,1.0,0.0,4.0,14.0,OMIM:621424,2.0,2.0,2025-12-18,"[[""GENE:LAMB1"", -1.0, 1.0]]",4,3,1,0.9994697379694991,grade
LAMB1,gene,LAMB1,LAMB1,cluster:LAMB1,depressed_mood,induces,monogenic,A,1.0,1.0,HPO genes_to_phenotype; diseases=OMIM:621424,False,1.0,0.0,1.0,1.0,OMIM:621424,1.0,1.0,2025-12-18,"[[""GENE:LAMB1"", -1.0, 1.0]]",1,1,0,0.99963784265969,grade
LAMP2,gene,LAMP2,LAMP2,cluster:LAMP2,cognitive_impairment,induces,monogenic,A,0.25,0.0,HPO genes_to_phenotype; diseases=OMIM:300257,False,1.0,0.0,1.0,2.0,OMIM:300257,1.0,1.0,2014-04-04,"[[""GENE:LAMP2"", -1.0, 1.0]]",1,0,1,0.9851061604107044,grade
LAMP2,gene,LAMP2,LAMP2,cluster:LAMP2,anxiety,induces,monogenic,A,0.68,0.17,HPO genes_to_phenotype; diseases=ORPHA:34587,False,0.0,1.0,1.0,,ORPHA:34587,1.0,0.0,,"[[""GENE:LAMP2"", -1.0, 1.0]]",1,1,0,0.9994232502804609,grade
LAMP2,gene,LAMP2,LAMP2,cluster:LAMP2,depressed_mood,induces,monogenic,A,0.68,0.17,HPO genes_to_phenotype; diseases=ORPHA:34587,False,0.0,1.0,1.0,,ORPHA:34587,1.0,0.0,,"[[""GENE:LAMP2"", -1.0, 1.0]]",1,1,0,0.9994232502804609,grade
LBR,gene,LBR,LBR,cluster:LBR,fatigue,induces,monogenic,A,1.0,0.895,HPO genes_to_phenotype; diseases=ORPHA:779,True,0.0,1.0,1.0,,ORPHA:779,1.0,0.0,,"[[""GENE:LBR"", -1.0, 1.0]]",1,1,0,0.9997730446598188,grade
LEPR,gene,LEPR,LEPR,cluster:LEPR,irritability_or_aggression,induces,monogenic,A,1.0,1.0,HPO genes_to_phenotype; diseases=OMIM:614963,False,1.0,0.0,1.0,3.0,OMIM:614963,1.0,1.0,2013-01-11,"[[""GENE:LEPR"", -1.0, 1.0]]",1,1,0,0.9996852014177682,grade
LIG3,gene,LIG3,LIG3,cluster:LIG3,cognitive_impairment,induces,monogenic,A,1.0,0.2857142857142857,HPO genes_to_phenotype; diseases=OMIM:619780;ORPHA:298,False,1.0,1.0,2.0,7.0,OMIM:619780;ORPHA:298,2.0,1.0,2022-05-29,"[[""GENE:LIG3"", -1.0, 1.0]]",2,2,0,0.999919476613192,grade
LIMK1,gene,LIMK1,LIMK1,cluster:BAZ1B,insomnia,induces,monogenic,A,1.0,0.545,HPO genes_to_phenotype; diseases=ORPHA:904,False,0.0,1.0,1.0,,ORPHA:904,1.0,0.0,,"[[""GENE:LIMK1"", -1.0, 1.0]]",1,1,0,0.9997730446598188,grade
LIMK1,gene,LIMK1,LIMK1,cluster:BAZ1B,anxiety,induces,monogenic,A,1.0,0.895,HPO genes_to_phenotype; diseases=ORPHA:904,False,0.0,1.0,1.0,,ORPHA:904,1.0,0.0,,"[[""GENE:LIMK1"", -1.0, 1.0]]",1,1,0,0.9997730446598188,grade
LIMK1,gene,LIMK1,LIMK1,cluster:BAZ1B,depressed_mood,induces,monogenic,A,1.0,0.895,HPO genes_to_phenotype; diseases=ORPHA:904,False,0.0,1.0,1.0,,ORPHA:904,1.0,0.0,,"[[""GENE:LIMK1"", -1.0, 1.0]]",1,1,0,0.9997730446598188,grade
LMNA,gene,LMNA,LMNA,cluster:LMNA,fatigue,induces,monogenic,A,1.0,1.0,HPO genes_to_phenotype; diseases=OMIM:181350;ORPHA:154,False,1.0,1.0,2.0,7.0,OMIM:181350;ORPHA:154,2.0,1.0,2024-11-05,"[[""GENE:LMNA"", -1.0, 1.0]]",2,2,0,0.999919476613192,grade
LMNB1,gene,LMNB1,LMNB1,cluster:LMNB1,cognitive_impairment,induces,monogenic,A,0.68,0.17,HPO genes_to_phenotype; diseases=ORPHA:99027,False,0.0,1.0,2.0,,ORPHA:99027,1.0,0.0,,"[[""GENE:LMNB1"", -1.0, 1.0]]",2,2,0,0.9997730446598188,grade
LMO1,gene,LMO1,LMO1,cluster:ALK,irritability_or_aggression,induces,monogenic,A,0.68,0.17,HPO genes_to_phenotype; diseases=ORPHA:635,False,0.0,1.0,1.0,,ORPHA:635,1.0,0.0,,"[[""GENE:LMO1"", -1.0, 1.0]]",1,1,0,0.9997730446598188,grade
LMO1,gene,LMO1,LMO1,cluster:ALK,fatigue,induces,monogenic,A,1.0,0.545,HPO genes_to_phenotype; diseases=ORPHA:635,False,0.0,1.0,1.0,,ORPHA:635,1.0,0.0,,"[[""GENE:LMO1"", -1.0, 1.0]]",1,1,0,0.9997730446598188,grade
LSS,gene,LSS,LSS,cluster:LSS,psychomotor_agitation,induces,monogenic,A,0.36363636363636365,0.09090909090909091,HPO genes_to_phenotype; diseases=OMIM:618840,True,1.0,0.0,1.0,11.0,OMIM:618840,1.0,1.0,2019-02-06,"[[""GENE:LSS"", -1.0, 1.0]]",1,1,0,0.9997479077991037,grade
LYN,gene,LYN,LYN,cluster:LYN,fatigue,induces,monogenic,A,1.0,1.0,HPO genes_to_phenotype; diseases=OMIM:620376,False,1.0,0.0,1.0,2.0,OMIM:620376,1.0,1.0,2024-04-01,"[[""GENE:LYN"", -1.0, 1.0]]",1,1,0,0.9996663476591036,grade
EPCAM,gene,EPCAM,EPCAM,cluster:ABCA3,cognitive_impairment,induces,monogenic,A,0.68,0.17,HPO genes_to_phenotype; diseases=ORPHA:144,False,0.0,1.0,1.0,,ORPHA:144,1.0,0.0,,"[[""GENE:EPCAM"", -1.0, 1.0]]",1,1,0,0.9997730446598188,grade
EPCAM,gene,EPCAM,EPCAM,cluster:ABCA3,psychosis,induces,monogenic,A,0.68,0.17,HPO genes_to_phenotype; diseases=ORPHA:144,False,0.0,1.0,1.0,,ORPHA:144,1.0,0.0,,"[[""GENE:EPCAM"", -1.0, 1.0]]",1,1,0,0.9997730446598188,grade
EPCAM,gene,EPCAM,EPCAM,cluster:ABCA3,irritability_or_aggression,induces,monogenic,A,1.0,0.545,HPO genes_to_phenotype; diseases=ORPHA:144;ORPHA:92050,False,0.0,2.0,2.0,,ORPHA:144;ORPHA:92050,2.0,0.0,,"[[""GENE:EPCAM"", -1.0, 1.0]]",2,2,0,0.9999332144392659,grade
EPCAM,gene,EPCAM,EPCAM,cluster:ABCA3,anxiety,induces,monogenic,A,1.0,0.545,HPO genes_to_phenotype; diseases=ORPHA:144,False,0.0,1.0,1.0,,ORPHA:144,1.0,0.0,,"[[""GENE:EPCAM"", -1.0, 1.0]]",1,1,0,0.9997730446598188,grade
EPCAM,gene,EPCAM,EPCAM,cluster:ABCA3,depressed_mood,induces,monogenic,A,1.0,0.545,HPO genes_to_phenotype; diseases=ORPHA:144,False,0.0,1.0,1.0,,ORPHA:144,1.0,0.0,,"[[""GENE:EPCAM"", -1.0, 1.0]]",1,1,0,0.9997730446598188,grade
EPCAM,gene,EPCAM,EPCAM,cluster:ABCA3,fatigue,induces,monogenic,A,1.0,0.895,HPO genes_to_phenotype; diseases=ORPHA:144,False,0.0,1.0,1.0,,ORPHA:144,1.0,0.0,,"[[""GENE:EPCAM"", -1.0, 1.0]]",1,1,0,0.9997730446598188,grade
CAPRIN1,gene,CAPRIN1,CAPRIN1,cluster:CAPRIN1,anxiety,induces,monogenic,A,0.3333333333333333,0.08333333333333333,HPO genes_to_phenotype; diseases=OMIM:620782,False,1.0,0.0,1.0,12.0,OMIM:620782,1.0,1.0,2024-07-22,"[[""GENE:CAPRIN1"", -1.0, 1.0]]",1,1,0,0.9997519550861653,grade
CAPRIN1,gene,CAPRIN1,CAPRIN1,cluster:CAPRIN1,irritability_or_aggression,induces,monogenic,A,0.3333333333333333,0.08333333333333333,HPO genes_to_phenotype; diseases=OMIM:620782,False,1.0,0.0,1.0,12.0,OMIM:620782,1.0,1.0,2024-07-22,"[[""GENE:CAPRIN1"", -1.0, 1.0]]",1,1,0,0.9997519550861653,grade
MAB21L1,gene,MAB21L1,MAB21L1,cluster:MAB21L1,irritability_or_aggression,induces,monogenic,A,0.68,0.17,HPO genes_to_phenotype; diseases=OMIM:618479;ORPHA:495875,False,1.0,1.0,2.0,,OMIM:618479;ORPHA:495875,2.0,0.0,2019-09-07,"[[""GENE:MAB21L1"", -1.0, 1.0]]",2,2,0,0.9998915873699763,grade
SMAD2,gene,SMAD2,SMAD2,cluster:SMAD2,fatigue,induces,monogenic,A,1.0,0.5,HPO genes_to_phenotype; diseases=OMIM:619656,False,1.0,0.0,1.0,4.0,OMIM:619656,1.0,1.0,2022-02-19,"[[""GENE:SMAD2"", -1.0, 1.0]]",1,1,0,0.9996990889216895,grade
SMAD3,gene,SMAD3,SMAD3,cluster:SMAD3,fatigue,induces,monogenic,A,1.0,0.545,HPO genes_to_phenotype; diseases=OMIM:613795;ORPHA:284984,False,1.0,1.0,2.0,56.0,OMIM:613795;ORPHA:284984,3.0,2.0,2019-04-13,"[[""GENE:SMAD3"", -1.0, 1.0]]",2,2,0,0.9999337544286306,grade
SMAD4,gene,SMAD4,SMAD4,cluster:ABCA3,psychosis,induces,monogenic,A,0.6666666666666666,0.16666666666666666,HPO genes_to_phenotype; diseases=OMIM:139210,False,1.0,0.0,1.0,12.0,OMIM:139210,2.0,2.0,2024-05-11,"[[""GENE:SMAD4"", -1.0, 1.0]]",1,1,0,0.9974297794744186,grade
SMAD4,gene,SMAD4,SMAD4,cluster:ABCA3,fatigue,induces,monogenic,A,1.0,0.895,HPO genes_to_phenotype; diseases=ORPHA:1333,False,0.0,1.0,1.0,,ORPHA:1333,1.0,0.0,,"[[""GENE:SMAD4"", -1.0, 1.0]]",1,1,0,0.9994232502804609,grade
MAG,gene,MAG,MAG,cluster:MAG,cognitive_impairment,induces,monogenic,A,1.0,,HPO genes_to_phenotype; diseases=OMIM:616680,False,1.0,0.0,1.0,,OMIM:616680,1.0,0.0,2017-07-13,"[[""GENE:MAG"", -1.0, 1.0]]",1,1,0,0.9997120224657162,grade
MAN2B1,gene,MAN2B1,MAN2B1,cluster:MAN2B1,cognitive_impairment,induces,monogenic,A,1.0,0.545,HPO genes_to_phenotype; diseases=ORPHA:309282;ORPHA:309288,True,0.0,2.0,3.0,,ORPHA:309282;ORPHA:309288,2.0,0.0,,"[[""GENE:MAN2B1"", -1.0, 1.0]]",3,3,0,0.9999332144392659,grade
MAN2B1,gene,MAN2B1,MAN2B1,cluster:MAN2B1,psychosis,induces,monogenic,A,0.68,0.17,HPO genes_to_phenotype; diseases=ORPHA:309282;ORPHA:309288,True,0.0,2.0,4.0,,ORPHA:309282;ORPHA:309288,2.0,0.0,,"[[""GENE:MAN2B1"", -1.0, 1.0]]",4,4,0,0.9999332144392659,grade
MAN2B1,gene,MAN2B1,MAN2B1,cluster:MAN2B1,anxiety,induces,monogenic,A,0.68,0.17,HPO genes_to_phenotype; diseases=ORPHA:309282;ORPHA:309288,True,0.0,2.0,2.0,,ORPHA:309282;ORPHA:309288,2.0,0.0,,"[[""GENE:MAN2B1"", -1.0, 1.0]]",2,2,0,0.9999332144392659,grade
MAN2B1,gene,MAN2B1,MAN2B1,cluster:MAN2B1,depressed_mood,induces,monogenic,A,0.68,0.17,HPO genes_to_phenotype; diseases=ORPHA:309282;ORPHA:309288,True,0.0,2.0,2.0,,ORPHA:309282;ORPHA:309288,2.0,0.0,,"[[""GENE:MAN2B1"", -1.0, 1.0]]",2,2,0,0.9999332144392659,grade
MANBA,gene,MANBA,MANBA,cluster:MANBA,irritability_or_aggression,induces,monogenic,A,1.0,,HPO genes_to_phenotype; diseases=OMIM:248510,True,1.0,0.0,1.0,,OMIM:248510,1.0,0.0,2009-02-17,"[[""GENE:MANBA"", -1.0, 1.0]]",1,1,0,0.9997120224657162,grade
MAOA,gene,MAOA,MAOA,cluster:MAOA,cognitive_impairment,induces,monogenic,A,1.0,0.895,HPO genes_to_phenotype; diseases=ORPHA:3057,True,0.0,1.0,1.0,,ORPHA:3057,1.0,0.0,,"[[""GENE:MAOA"", -1.0, 1.0]]",1,1,0,0.9994232502804609,grade
MAOA,gene,MAOA,MAOA,cluster:MAOA,irritability_or_aggression,induces,monogenic,A,1.0,,HPO genes_to_phenotype; diseases=OMIM:300615,True,1.0,0.0,1.0,,OMIM:300615,1.0,1.0,2013-10-30,"[[""GENE:MAOA"", -1.0, 1.0]]",1,1,0,0.9976668184004441,grade
MAPT,gene,MAPT,MAPT,cluster:ADH1C,cognitive_impairment,induces,monogenic,A,1.0,0.895,HPO genes_to_phenotype; diseases=OMIM:168600;OMIM:172700;OMIM:260540;OMIM:600274;OMIM:601104;ORPHA:100069;ORPHA:100070;ORPHA:240071;ORPHA:240085;ORPHA:240094;ORPHA:240103;ORPHA:240112;ORPHA:275864,False,5.0,8.0,24.0,10.0,OMIM:168600;OMIM:172700;OMIM:260540;OMIM:600274;OMIM:601104;ORPHA:100069;ORPHA:100070;ORPHA:240071;ORPHA:240085;ORPHA:240094;ORPHA:240103;ORPHA:240112;ORPHA:275864,14.0,1.0,2009-02-17,"[[""GENE:MAPT"", -1.0, 1.0]]",24,24,0,0.9999999995417492,grade
MAPT,gene,MAPT,MAPT,cluster:ADH1C,psychosis,induces,monogenic,A,0.68,0.17,HPO genes_to_phenotype; diseases=OMIM:168600;ORPHA:275864,False,1.0,1.0,2.0,,OMIM:168600;ORPHA:275864,2.0,0.0,2012-11-21,"[[""GENE:MAPT"", -1.0, 1.0]]",2,2,0,0.9999152539456482,grade
MAPT,gene,MAPT,MAPT,cluster:ADH1C,irritability_or_aggression,induces,monogenic,A,1.0,0.895,HPO genes_to_phenotype; diseases=OMIM:172700;OMIM:600274;OMIM:601104;ORPHA:275864,False,3.0,1.0,5.0,,OMIM:172700;OMIM:600274;OMIM:601104;ORPHA:275864,4.0,0.0,2009-02-17,"[[""GENE:MAPT"", -1.0, 1.0]]",5,5,0,0.9999752661233676,grade
MAPT,gene,MAPT,MAPT,cluster:ADH1C,anxiety,induces,monogenic,A,1.0,0.545,HPO genes_to_phenotype; diseases=ORPHA:100070;ORPHA:240085,False,0.0,2.0,2.0,,ORPHA:100070;ORPHA:240085,1.0,0.0,,"[[""GENE:MAPT"", -1.0, 1.0]]",2,1,1,0.9962608661743991,grade
MAPT,gene,MAPT,MAPT,cluster:ADH1C,depressed_mood,induces,monogenic,A,1.0,0.545,HPO genes_to_phenotype; diseases=OMIM:168600;ORPHA:100070;ORPHA:240085,False,1.0,2.0,3.0,,OMIM:168600;ORPHA:100070;ORPHA:240085,3.0,0.0,2009-02-17,"[[""GENE:MAPT"", -1.0, 1.0]]",3,3,0,0.99996810036518,grade
MAPT,gene,MAPT,MAPT,cluster:ADH1C,psychomotor_agitation,induces,monogenic,A,1.0,0.895,HPO genes_to_phenotype; diseases=ORPHA:100070;ORPHA:275864,False,0.0,2.0,2.0,,ORPHA:100070;ORPHA:275864,2.0,0.0,,"[[""GENE:MAPT"", -1.0, 1.0]]",2,2,0,0.9998302394354796,grade
MAX,gene,MAX,MAX,cluster:ABCA3,anxiety,induces,monogenic,A,1.0,0.545,HPO genes_to_phenotype; diseases=ORPHA:29072,False,0.0,1.0,2.0,,ORPHA:29072,1.0,0.0,,"[[""GENE:MAX"", -1.0, 1.0]]",2,2,0,0.9997730446598188,grade
MAX,gene,MAX,MAX,cluster:ABCA3,fatigue,induces,monogenic,A,1.0,0.545,HPO genes_to_phenotype; diseases=ORPHA:29072,False,0.0,1.0,1.0,,ORPHA:29072,1.0,0.0,,"[[""GENE:MAX"", -1.0, 1.0]]",1,1,0,0.9997730446598188,grade
MC2R,gene,MC2R,MC2R,cluster:MC2R,fatigue,induces,monogenic,A,1.0,0.545,HPO genes_to_phenotype; diseases=ORPHA:361,False,0.0,1.0,1.0,,ORPHA:361,1.0,0.0,,"[[""GENE:MC2R"", -1.0, 1.0]]",1,1,0,0.9997730446598188,grade
CD46,gene,CD46,CD46,cluster:CD46,fatigue,induces,monogenic,A,1.0,0.545,HPO genes_to_phenotype; diseases=ORPHA:244242,False,0.0,1.0,1.0,,ORPHA:244242,1.0,0.0,,"[[""GENE:CD46"", -1.0, 1.0]]",1,1,0,0.9997730446598188,grade
MDH2,gene,MDH2,MDH2,cluster:ABCA3,anxiety,induces,monogenic,A,1.0,0.545,HPO genes_to_phenotype; diseases=ORPHA:29072,True,0.0,1.0,2.0,,ORPHA:29072,1.0,0.0,,"[[""GENE:MDH2"", -1.0, 1.0]]",2,2,0,0.9997730446598188,grade
MDH2,gene,MDH2,MDH2,cluster:ABCA3,fatigue,induces,monogenic,A,1.0,0.545,HPO genes_to_phenotype; diseases=ORPHA:29072,True,0.0,1.0,1.0,,ORPHA:29072,1.0,0.0,,"[[""GENE:MDH2"", -1.0, 1.0]]",1,1,0,0.9997730446598188,grade
MDM4,gene,MDM4,MDM4,cluster:MDM4,fatigue,induces,monogenic,A,1.0,0.5,HPO genes_to_phenotype; diseases=OMIM:618849,False,1.0,0.0,1.0,4.0,OMIM:618849,1.0,1.0,2020-06-20,"[[""GENE:MDM4"", -1.0, 1.0]]",1,1,0,0.9996990889216895,grade
MECP2,gene,MECP2,MECP2,cluster:ARNT2,anxiety,induces,monogenic,A,1.0,0.6666666666666666,HPO genes_to_phenotype; diseases=OMIM:300260;ORPHA:3095,False,1.0,1.0,2.0,9.0,OMIM:300260;ORPHA:3095,2.0,1.0,2010-06-18,"[[""GENE:MECP2"", -1.0, 1.0]]",2,2,0,0.9999230297402218,grade
MECP2,gene,MECP2,MECP2,cluster:ARNT2,irritability_or_aggression,induces,monogenic,A,1.0,0.895,HPO genes_to_phenotype; diseases=ORPHA:3077,False,0.0,1.0,2.0,,ORPHA:3077,1.0,0.0,,"[[""GENE:MECP2"", -1.0, 1.0]]",3,3,0,0.9994232502804609,grade
MECP2,gene,MECP2,MECP2,cluster:ARNT2,depressed_mood,induces,monogenic,A,0.68,0.17,HPO genes_to_phenotype; diseases=OMIM:300260;ORPHA:536,False,1.0,1.0,2.0,,OMIM:300260;ORPHA:536,2.0,0.0,2010-06-18,"[[""GENE:MECP2"", -1.0, 1.0]]",2,2,0,0.9998915873699763,grade
MECP2,gene,MECP2,MECP2,cluster:ARNT2,psychomotor_agitation,induces,monogenic,A,1.0,1.0,HPO genes_to_phenotype; diseases=OMIM:300055;ORPHA:3095;ORPHA:778,False,1.0,2.0,3.0,1.0,OMIM:300055;ORPHA:3095;ORPHA:778,3.0,1.0,2021-09-28,"[[""GENE:MECP2"", -1.0, 1.0]]",3,3,0,0.9999686392686109,grade
MECP2,gene,MECP2,MECP2,cluster:ARNT2,psychosis,induces,monogenic,A,0.25,0.05,HPO genes_to_phenotype; diseases=OMIM:300055,False,1.0,0.0,1.0,20.0,OMIM:300055,1.0,1.0,2009-02-17,"[[""GENE:MECP2"", -1.0, 1.0]]",1,1,0,0.9976668184004441,grade
MECP2,gene,MECP2,MECP2,cluster:ARNT2,fatigue,induces,monogenic,A,1.0,0.895,HPO genes_to_phenotype; diseases=ORPHA:536,False,0.0,1.0,1.0,,ORPHA:536,1.0,0.0,,"[[""GENE:MECP2"", -1.0, 1.0]]",1,1,0,0.9994232502804609,grade
MEFV,gene,MEFV,MEFV,cluster:BCL2,cognitive_impairment,induces,monogenic,A,1.0,0.545,HPO genes_to_phenotype; diseases=ORPHA:117,False,0.0,1.0,2.0,,ORPHA:117,1.0,0.0,,"[[""GENE:MEFV"", -1.0, 1.0]]",2,2,0,0.9997730446598188,grade
MEFV,gene,MEFV,MEFV,cluster:BCL2,irritability_or_aggression,induces,monogenic,A,1.0,0.545,HPO genes_to_phenotype; diseases=ORPHA:117;ORPHA:342,False,0.0,2.0,2.0,,ORPHA:117;ORPHA:342,2.0,0.0,,"[[""GENE:MEFV"", -1.0, 1.0]]",2,2,0,0.9999332144392659,grade
MEFV,gene,MEFV,MEFV,cluster:BCL2,anxiety,induces,monogenic,A,0.68,0.17,HPO genes_to_phenotype; diseases=ORPHA:342,False,0.0,1.0,1.0,,ORPHA:342,1.0,0.0,,"[[""GENE:MEFV"", -1.0, 1.0]]",1,1,0,0.9997730446598188,grade
MEFV,gene,MEFV,MEFV,cluster:BCL2,depressed_mood,induces,monogenic,A,0.68,0.17,HPO genes_to_phenotype; diseases=ORPHA:342,False,0.0,1.0,1.0,,ORPHA:342,1.0,0.0,,"[[""GENE:MEFV"", -1.0, 1.0]]",1,1,0,0.9997730446598188,grade
MEFV,gene,MEFV,MEFV,cluster:BCL2,fatigue,induces,monogenic,A,1.0,0.895,HPO genes_to_phenotype; diseases=ORPHA:117;ORPHA:342,False,0.0,2.0,2.0,,ORPHA:117;ORPHA:342,2.0,0.0,,"[[""GENE:MEFV"", -1.0, 1.0]]",2,2,0,0.9999332144392659,grade
MEN1,gene,MEN1,MEN1,cluster:ABCA3,cognitive_impairment,induces,monogenic,A,1.0,0.895,HPO genes_to_phenotype; diseases=ORPHA:652;ORPHA:97279,False,0.0,2.0,3.0,,ORPHA:652;ORPHA:97279,2.0,0.0,,"[[""GENE:MEN1"", -1.0, 1.0]]",3,3,0,0.9999332144392659,grade
MEN1,gene,MEN1,MEN1,cluster:ABCA3,insomnia,induces,monogenic,A,0.68,0.17,HPO genes_to_phenotype; diseases=ORPHA:97279,False,0.0,1.0,1.0,,ORPHA:97279,1.0,0.0,,"[[""GENE:MEN1"", -1.0, 1.0]]",1,1,0,0.9997730446598188,grade
MEN1,gene,MEN1,MEN1,cluster:ABCA3,anxiety,induces,monogenic,A,0.68,0.17,HPO genes_to_phenotype; diseases=ORPHA:97279,False,0.0,1.0,1.0,,ORPHA:97279,1.0,0.0,,"[[""GENE:MEN1"", -1.0, 1.0]]",1,1,0,0.9997730446598188,grade
MEN1,gene,MEN1,MEN1,cluster:ABCA3,depressed_mood,induces,monogenic,A,0.68,0.17,HPO genes_to_phenotype; diseases=ORPHA:652,False,0.0,1.0,1.0,,ORPHA:652,1.0,0.0,,"[[""GENE:MEN1"", -1.0, 1.0]]",1,1,0,0.9997730446598188,grade
MEN1,gene,MEN1,MEN1,cluster:ABCA3,fatigue,induces,monogenic,A,1.0,0.545,HPO genes_to_phenotype; diseases=ORPHA:2965;ORPHA:97279,False,0.0,2.0,2.0,,ORPHA:2965;ORPHA:97279,2.0,0.0,,"[[""GENE:MEN1"", -1.0, 1.0]]",2,2,0,0.9999332144392659,grade
MEOX1,gene,MEOX1,MEOX1,cluster:GDF3,cognitive_impairment,induces,monogenic,A,0.68,0.17,HPO genes_to_phenotype; diseases=ORPHA:2345,False,0.0,1.0,1.0,,ORPHA:2345,1.0,0.0,,"[[""GENE:MEOX1"", -1.0, 1.0]]",1,1,0,0.9997730446598188,grade
MET,gene,MET,MET,cluster:ABCA3,fatigue,induces,monogenic,A,1.0,0.545,HPO genes_to_phenotype; diseases=ORPHA:33402,False,0.0,1.0,1.0,,ORPHA:33402,1.0,0.0,,"[[""GENE:MET"", -1.0, 1.0]]",1,1,0,0.9997730446598188,grade
MGAT2,gene,MGAT2,MGAT2,cluster:MGAT2,irritability_or_aggression,induces,monogenic,A,1.0,,HPO genes_to_phenotype; diseases=OMIM:212066,True,1.0,0.0,1.0,,OMIM:212066,1.0,0.0,2012-10-17,"[[""GENE:MGAT2"", -1.0, 1.0]]",1,1,0,0.9997120224657162,grade
CIITA,gene,CIITA,CIITA,cluster:BCL2,fatigue,induces,monogenic,A,1.0,,HPO genes_to_phenotype; diseases=OMIM:180300,False,1.0,0.0,1.0,,OMIM:180300,1.0,1.0,1998-05-01,"[[""GENE:CIITA"", -1.0, 1.0]]",1,1,0,0.9997748793976969,grade
MID1,gene,MID1,MID1,cluster:MID1,cognitive_impairment,induces,monogenic,A,1.0,0.545,HPO genes_to_phenotype; diseases=ORPHA:2745,True,0.0,1.0,1.0,,ORPHA:2745,1.0,0.0,,"[[""GENE:MID1"", -1.0, 1.0]]",1,1,0,0.9997730446598188,grade
MIF,gene,MIF,MIF,cluster:BAZ1B,anxiety,induces,monogenic,A,0.68,0.17,HPO genes_to_phenotype; diseases=ORPHA:586,True,0.0,1.0,1.0,,ORPHA:586,1.0,0.0,,"[[""GENE:MIF"", -1.0, 1.0]]",1,1,0,0.9997730446598188,grade
MIF,gene,MIF,MIF,cluster:BAZ1B,depressed_mood,induces,monogenic,A,0.68,0.17,HPO genes_to_phenotype; diseases=ORPHA:586,True,0.0,1.0,1.0,,ORPHA:586,1.0,0.0,,"[[""GENE:MIF"", -1.0, 1.0]]",1,1,0,0.9997730446598188,grade
ATXN3,gene,ATXN3,ATXN3,cluster:ADH1C,cognitive_impairment,induces,monogenic,A,0.68,0.17,HPO genes_to_phenotype; diseases=OMIM:109150;OMIM:168600;ORPHA:276238;ORPHA:276241;ORPHA:276244,False,2.0,3.0,5.0,,OMIM:109150;OMIM:168600;ORPHA:276238;ORPHA:276241;ORPHA:276244,5.0,0.0,2009-02-17,"[[""GENE:ATXN3"", -1.0, 1.0]]",5,5,0,0.9999955171087722,grade
ATXN3,gene,ATXN3,ATXN3,cluster:ADH1C,psychosis,induces,monogenic,A,0.68,0.17,HPO genes_to_phenotype; diseases=OMIM:168600,False,1.0,0.0,1.0,,OMIM:168600,1.0,0.0,2012-11-21,"[[""GENE:ATXN3"", -1.0, 1.0]]",1,1,0,0.997017116436691,grade
ATXN3,gene,ATXN3,ATXN3,cluster:ADH1C,depressed_mood,induces,monogenic,A,1.0,,HPO genes_to_phenotype; diseases=OMIM:168600,False,1.0,0.0,1.0,,OMIM:168600,1.0,0.0,2009-02-17,"[[""GENE:ATXN3"", -1.0, 1.0]]",1,1,0,0.9961871887065212,grade
MLH1,gene,MLH1,MLH1,cluster:ABCA3,cognitive_impairment,induces,monogenic,A,0.68,0.17,HPO genes_to_phenotype; diseases=ORPHA:144,False,0.0,1.0,1.0,,ORPHA:144,1.0,0.0,,"[[""GENE:MLH1"", -1.0, 1.0]]",1,1,0,0.9997730446598188,grade
MLH1,gene,MLH1,MLH1,cluster:ABCA3,psychosis,induces,monogenic,A,0.68,0.17,HPO genes_to_phenotype; diseases=ORPHA:144,False,0.0,1.0,1.0,,ORPHA:144,1.0,0.0,,"[[""GENE:MLH1"", -1.0, 1.0]]",1,1,0,0.9997730446598188,grade
MLH1,gene,MLH1,MLH1,cluster:ABCA3,irritability_or_aggression,induces,monogenic,A,1.0,0.545,HPO genes_to_phenotype; diseases=ORPHA:144,False,0.0,1.0,1.0,,ORPHA:144,1.0,0.0,,"[[""GENE:MLH1"", -1.0, 1.0]]",1,1,0,0.9997730446598188,grade
MLH1,gene,MLH1,MLH1,cluster:ABCA3,anxiety,induces,monogenic,A,1.0,0.545,HPO genes_to_phenotype; diseases=ORPHA:144,False,0.0,1.0,1.0,,ORPHA:144,1.0,0.0,,"[[""GENE:MLH1"", -1.0, 1.0]]",1,1,0,0.9997730446598188,grade
MLH1,gene,MLH1,MLH1,cluster:ABCA3,depressed_mood,induces,monogenic,A,1.0,0.545,HPO genes_to_phenotype; diseases=ORPHA:144,False,0.0,1.0,1.0,,ORPHA:144,1.0,0.0,,"[[""GENE:MLH1"", -1.0, 1.0]]",1,1,0,0.9997730446598188,grade
MLH1,gene,MLH1,MLH1,cluster:ABCA3,fatigue,induces,monogenic,A,1.0,0.895,HPO genes_to_phenotype; diseases=ORPHA:144,False,0.0,1.0,1.0,,ORPHA:144,1.0,0.0,,"[[""GENE:MLH1"", -1.0, 1.0]]",1,1,0,0.9997730446598188,grade
KMT2A,gene,KMT2A,KMT2A,cluster:KMT2A,anxiety,induces,monogenic,A,1.0,0.545,HPO genes_to_phenotype; diseases=ORPHA:319182,True,0.0,1.0,1.0,,ORPHA:319182,1.0,0.0,,"[[""GENE:KMT2A"", -1.0, 1.0]]",1,1,0,0.9994232502804609,grade
KMT2A,gene,KMT2A,KMT2A,cluster:KMT2A,cognitive_impairment,induces,monogenic,A,1.0,0.545,HPO genes_to_phenotype; diseases=ORPHA:319182,True,0.0,1.0,1.0,,ORPHA:319182,1.0,0.0,,"[[""GENE:KMT2A"", -1.0, 1.0]]",1,1,0,0.9994232502804609,grade
KMT2A,gene,KMT2A,KMT2A,cluster:KMT2A,irritability_or_aggression,induces,monogenic,A,1.0,0.545,HPO genes_to_phenotype; diseases=OMIM:605130;ORPHA:319182,True,1.0,1.0,2.0,11.0,OMIM:605130;ORPHA:319182,3.0,2.0,2012-07-12,"[[""GENE:KMT2A"", -1.0, 1.0]]",2,2,0,0.9999258161639892,grade
MME,gene,MME,MME,cluster:MME,cognitive_impairment,induces,monogenic,A,0.25,0.0,HPO genes_to_phenotype; diseases=OMIM:617017;ORPHA:497764,False,1.0,1.0,2.0,10.0,OMIM:617017;ORPHA:497764,1.0,1.0,2017-07-13,"[[""GENE:MME"", -1.0, 1.0]]",2,0,2,0.988578937237024,grade
MMP1,gene,MMP1,MMP1,cluster:COL7A1,anxiety,induces,monogenic,A,1.0,0.545,HPO genes_to_phenotype; diseases=ORPHA:79408,False,0.0,1.0,1.0,,ORPHA:79408,1.0,0.0,,"[[""GENE:MMP1"", -1.0, 1.0]]",1,1,0,0.9997730446598188,grade
MMP1,gene,MMP1,MMP1,cluster:COL7A1,depressed_mood,induces,monogenic,A,1.0,0.545,HPO genes_to_phenotype; diseases=ORPHA:79408,False,0.0,1.0,1.0,,ORPHA:79408,1.0,0.0,,"[[""GENE:MMP1"", -1.0, 1.0]]",1,1,0,0.9997730446598188,grade
MOCS2,gene,MOCS2,MOCS2,cluster:MOCS2,irritability_or_aggression,induces,monogenic,A,1.0,1.0,HPO genes_to_phenotype; diseases=OMIM:252160,True,1.0,0.0,1.0,1.0,OMIM:252160,1.0,1.0,2005-07-14,"[[""GENE:MOCS2"", -1.0, 1.0]]",1,1,0,0.99963784265969,grade
MOG,gene,MOG,MOG,cluster:BCL2,somnolence_or_hypersomnia,induces,monogenic,A,1.0,1.0,HPO genes_to_phenotype; diseases=OMIM:614250;ORPHA:2073,False,1.0,1.0,2.0,6.0,OMIM:614250;ORPHA:2073,2.0,1.0,2012-10-17,"[[""GENE:MOG"", -1.0, 1.0]]",2,2,0,0.9999172724257107,grade
MOG,gene,MOG,MOG,cluster:BCL2,cognitive_impairment,induces,monogenic,A,1.0,0.895,HPO genes_to_phenotype; diseases=ORPHA:2073,False,0.0,1.0,1.0,,ORPHA:2073,1.0,0.0,,"[[""GENE:MOG"", -1.0, 1.0]]",1,1,0,0.9994232502804609,grade
MOG,gene,MOG,MOG,cluster:BCL2,psychosis,induces,monogenic,A,1.0,0.895,HPO genes_to_phenotype; diseases=ORPHA:2073,False,0.0,1.0,2.0,,ORPHA:2073,1.0,0.0,,"[[""GENE:MOG"", -1.0, 1.0]]",2,2,0,0.9994232502804609,grade
MOG,gene,MOG,MOG,cluster:BCL2,anxiety,induces,monogenic,A,1.0,0.545,HPO genes_to_phenotype; diseases=ORPHA:2073,False,0.0,1.0,1.0,,ORPHA:2073,1.0,0.0,,"[[""GENE:MOG"", -1.0, 1.0]]",1,1,0,0.9994232502804609,grade
MOG,gene,MOG,MOG,cluster:BCL2,depressed_mood,induces,monogenic,A,0.68,0.17,HPO genes_to_phenotype; diseases=ORPHA:2073,False,0.0,1.0,1.0,,ORPHA:2073,1.0,0.0,,"[[""GENE:MOG"", -1.0, 1.0]]",1,1,0,0.9994232502804609,grade
MOG,gene,MOG,MOG,cluster:BCL2,psychomotor_agitation,induces,monogenic,A,0.68,0.17,HPO genes_to_phenotype; diseases=ORPHA:2073,False,0.0,1.0,1.0,,ORPHA:2073,1.0,0.0,,"[[""GENE:MOG"", -1.0, 1.0]]",1,1,0,0.9994232502804609,grade
MPL,gene,MPL,MPL,cluster:ABCA3,insomnia,induces,monogenic,A,1.0,0.545,HPO genes_to_phenotype; diseases=ORPHA:3318,False,0.0,1.0,1.0,,ORPHA:3318,1.0,0.0,,"[[""GENE:MPL"", -1.0, 1.0]]",1,1,0,0.9997730446598188,grade
MPL,gene,MPL,MPL,cluster:ABCA3,fatigue,induces,monogenic,A,1.0,0.895,HPO genes_to_phenotype; diseases=ORPHA:3318;ORPHA:824,False,0.0,2.0,2.0,,ORPHA:3318;ORPHA:824,2.0,0.0,,"[[""GENE:MPL"", -1.0, 1.0]]",2,2,0,0.9999332144392659,grade
MPO,gene,MPO,MPO,cluster:ADH1C,cognitive_impairment,induces,monogenic,A,1.0,,HPO genes_to_phenotype; diseases=OMIM:104300,True,1.0,0.0,1.0,,OMIM:104300,1.0,0.0,2010-06-20,"[[""GENE:MPO"", -1.0, 1.0]]",1,1,0,0.9997120224657162,grade
MPV17,gene,MPV17,MPV17,cluster:MPV17,cognitive_impairment,induces,monogenic,A,1.0,1.0,HPO genes_to_phenotype; diseases=OMIM:256810,False,1.0,0.0,1.0,1.0,OMIM:256810,1.0,1.0,2024-10-26,"[[""GENE:MPV17"", -1.0, 1.0]]",1,1,0,0.99963784265969,grade
MPV17,gene,MPV17,MPV17,cluster:MPV17,depressed_mood,induces,monogenic,A,1.0,1.0,HPO genes_to_phenotype; diseases=OMIM:256810,False,1.0,0.0,1.0,1.0,OMIM:256810,1.0,1.0,2024-10-26,"[[""GENE:MPV17"", -1.0, 1.0]]",1,1,0,0.99963784265969,grade
MSH2,gene,MSH2,MSH2,cluster:ABCA3,cognitive_impairment,induces,monogenic,A,0.68,0.17,HPO genes_to_phenotype; diseases=ORPHA:144,False,0.0,1.0,1.0,,ORPHA:144,1.0,0.0,,"[[""GENE:MSH2"", -1.0, 1.0]]",1,1,0,0.9997730446598188,grade
MSH2,gene,MSH2,MSH2,cluster:ABCA3,psychosis,induces,monogenic,A,0.68,0.17,HPO genes_to_phenotype; diseases=ORPHA:144,False,0.0,1.0,1.0,,ORPHA:144,1.0,0.0,,"[[""GENE:MSH2"", -1.0, 1.0]]",1,1,0,0.9997730446598188,grade
MSH2,gene,MSH2,MSH2,cluster:ABCA3,irritability_or_aggression,induces,monogenic,A,1.0,0.545,HPO genes_to_phenotype; diseases=ORPHA:144,False,0.0,1.0,1.0,,ORPHA:144,1.0,0.0,,"[[""GENE:MSH2"", -1.0, 1.0]]",1,1,0,0.9997730446598188,grade
MSH2,gene,MSH2,MSH2,cluster:ABCA3,anxiety,induces,monogenic,A,1.0,0.545,HPO genes_to_phenotype; diseases=ORPHA:144,False,0.0,1.0,1.0,,ORPHA:144,1.0,0.0,,"[[""GENE:MSH2"", -1.0, 1.0]]",1,1,0,0.9997730446598188,grade
MSH2,gene,MSH2,MSH2,cluster:ABCA3,depressed_mood,induces,monogenic,A,1.0,0.545,HPO genes_to_phenotype; diseases=ORPHA:144,False,0.0,1.0,1.0,,ORPHA:144,1.0,0.0,,"[[""GENE:MSH2"", -1.0, 1.0]]",1,1,0,0.9997730446598188,grade
MSH2,gene,MSH2,MSH2,cluster:ABCA3,fatigue,induces,monogenic,A,1.0,0.895,HPO genes_to_phenotype; diseases=ORPHA:144,False,0.0,1.0,1.0,,ORPHA:144,1.0,0.0,,"[[""GENE:MSH2"", -1.0, 1.0]]",1,1,0,0.9997730446598188,grade
MST1,gene,MST1,MST1,cluster:GPR35,depressed_mood,induces,monogenic,A,0.68,0.17,HPO genes_to_phenotype; diseases=ORPHA:171,False,0.0,1.0,1.0,,ORPHA:171,1.0,0.0,,"[[""GENE:MST1"", -1.0, 1.0]]",1,1,0,0.9997730446598188,grade
MST1,gene,MST1,MST1,cluster:GPR35,fatigue,induces,monogenic,A,0.68,0.17,HPO genes_to_phenotype; diseases=ORPHA:171,False,0.0,1.0,1.0,,ORPHA:171,1.0,0.0,,"[[""GENE:MST1"", -1.0, 1.0]]",1,1,0,0.9997730446598188,grade
MT-ATP6,gene,MT-ATP6,MT-ATP6,cluster:MT-ATP6,irritability_or_aggression,induces,monogenic,A,1.0,0.545,HPO genes_to_phenotype; diseases=ORPHA:644,True,0.0,1.0,1.0,,ORPHA:644,1.0,0.0,,"[[""GENE:MT-ATP6"", -1.0, 1.0]]",1,1,0,0.9994232502804609,grade
MT-ATP6,gene,MT-ATP6,MT-ATP6,cluster:MT-ATP6,cognitive_impairment,induces,monogenic,A,1.0,0.545,HPO genes_to_phenotype; diseases=OMIM:551500;ORPHA:644,True,1.0,1.0,2.0,,OMIM:551500;ORPHA:644,2.0,0.0,2009-02-17,"[[""GENE:MT-ATP6"", -1.0, 1.0]]",2,2,0,0.9998915873699763,grade
MT-ATP8,gene,MT-ATP8,MT-ATP8,cluster:LIG3,cognitive_impairment,induces,monogenic,A,0.68,0.17,HPO genes_to_phenotype; diseases=ORPHA:480,True,0.0,1.0,2.0,,ORPHA:480,1.0,0.0,,"[[""GENE:MT-ATP8"", -1.0, 1.0]]",2,2,0,0.9997730446598188,grade
MT-CO1,gene,MT-CO1,MT-CO1,cluster:MT-CO1,cognitive_impairment,induces,monogenic,A,1.0,0.895,HPO genes_to_phenotype; diseases=OMIM:540000;ORPHA:550,True,1.0,1.0,4.0,,OMIM:540000;ORPHA:550,2.0,0.0,2009-02-17,"[[""GENE:MT-CO1"", -1.0, 1.0]]",4,4,0,0.9998915873699763,grade
MT-CO1,gene,MT-CO1,MT-CO1,cluster:MT-CO1,anxiety,induces,monogenic,A,1.0,0.545,HPO genes_to_phenotype; diseases=ORPHA:550,True,0.0,1.0,1.0,,ORPHA:550,1.0,0.0,,"[[""GENE:MT-CO1"", -1.0, 1.0]]",1,1,0,0.9994232502804609,grade
MT-CO1,gene,MT-CO1,MT-CO1,cluster:MT-CO1,depressed_mood,induces,monogenic,A,1.0,0.545,HPO genes_to_phenotype; diseases=ORPHA:550,True,0.0,1.0,1.0,,ORPHA:550,1.0,0.0,,"[[""GENE:MT-CO1"", -1.0, 1.0]]",1,1,0,0.9994232502804609,grade
MT-CO1,gene,MT-CO1,MT-CO1,cluster:MT-CO1,psychosis,induces,monogenic,A,1.0,0.545,HPO genes_to_phenotype; diseases=ORPHA:550,True,0.0,1.0,1.0,,ORPHA:550,1.0,0.0,,"[[""GENE:MT-CO1"", -1.0, 1.0]]",1,1,0,0.9994232502804609,grade
MT-CO2,gene,MT-CO2,MT-CO2,cluster:MT-CO1,cognitive_impairment,induces,monogenic,A,1.0,0.895,HPO genes_to_phenotype; diseases=OMIM:540000;ORPHA:550,True,1.0,1.0,4.0,,OMIM:540000;ORPHA:550,2.0,0.0,2009-02-17,"[[""GENE:MT-CO2"", -1.0, 1.0]]",4,4,0,0.9998915873699763,grade
MT-CO2,gene,MT-CO2,MT-CO2,cluster:MT-CO1,anxiety,induces,monogenic,A,1.0,0.545,HPO genes_to_phenotype; diseases=ORPHA:550,True,0.0,1.0,1.0,,ORPHA:550,1.0,0.0,,"[[""GENE:MT-CO2"", -1.0, 1.0]]",1,1,0,0.9994232502804609,grade
MT-CO2,gene,MT-CO2,MT-CO2,cluster:MT-CO1,depressed_mood,induces,monogenic,A,1.0,0.545,HPO genes_to_phenotype; diseases=ORPHA:550,True,0.0,1.0,1.0,,ORPHA:550,1.0,0.0,,"[[""GENE:MT-CO2"", -1.0, 1.0]]",1,1,0,0.9994232502804609,grade
MT-CO2,gene,MT-CO2,MT-CO2,cluster:MT-CO1,psychosis,induces,monogenic,A,1.0,0.545,HPO genes_to_phenotype; diseases=ORPHA:550,True,0.0,1.0,1.0,,ORPHA:550,1.0,0.0,,"[[""GENE:MT-CO2"", -1.0, 1.0]]",1,1,0,0.9994232502804609,grade
MT-CO3,gene,MT-CO3,MT-CO3,cluster:MT-CO1,cognitive_impairment,induces,monogenic,A,1.0,0.895,HPO genes_to_phenotype; diseases=OMIM:540000;ORPHA:550,True,1.0,1.0,4.0,,OMIM:540000;ORPHA:550,2.0,0.0,2009-02-17,"[[""GENE:MT-CO3"", -1.0, 1.0]]",4,4,0,0.9998915873699763,grade
MT-CO3,gene,MT-CO3,MT-CO3,cluster:MT-CO1,anxiety,induces,monogenic,A,1.0,0.545,HPO genes_to_phenotype; diseases=ORPHA:550,True,0.0,1.0,1.0,,ORPHA:550,1.0,0.0,,"[[""GENE:MT-CO3"", -1.0, 1.0]]",1,1,0,0.9994232502804609,grade
MT-CO3,gene,MT-CO3,MT-CO3,cluster:MT-CO1,depressed_mood,induces,monogenic,A,1.0,0.545,HPO genes_to_phenotype; diseases=ORPHA:550,True,0.0,1.0,1.0,,ORPHA:550,1.0,0.0,,"[[""GENE:MT-CO3"", -1.0, 1.0]]",1,1,0,0.9994232502804609,grade
MT-CO3,gene,MT-CO3,MT-CO3,cluster:MT-CO1,psychosis,induces,monogenic,A,1.0,0.545,HPO genes_to_phenotype; diseases=ORPHA:550,True,0.0,1.0,1.0,,ORPHA:550,1.0,0.0,,"[[""GENE:MT-CO3"", -1.0, 1.0]]",1,1,0,0.9994232502804609,grade
MT-CYB,gene,MT-CYB,MT-CYB,cluster:MT-CO1,cognitive_impairment,induces,monogenic,A,1.0,,HPO genes_to_phenotype; diseases=OMIM:540000,True,1.0,0.0,1.0,,OMIM:540000,1.0,0.0,2009-02-17,"[[""GENE:MT-CYB"", -1.0, 1.0]]",1,1,0,0.999631621434846,grade
MTHFR,gene,MTHFR,MTHFR,cluster:CHI3L1,cognitive_impairment,induces,monogenic,A,1.0,0.545,HPO genes_to_phenotype; diseases=OMIM:181500;ORPHA:395,True,1.0,1.0,3.0,,OMIM:181500;ORPHA:395,2.0,0.0,2009-02-17,"[[""GENE:MTHFR"", -1.0, 1.0]]",3,3,0,0.9998915873699763,grade
MTHFR,gene,MTHFR,MTHFR,cluster:CHI3L1,psychosis,induces,monogenic,A,0.68,0.17,HPO genes_to_phenotype; diseases=OMIM:181500;ORPHA:395,True,1.0,1.0,3.0,,OMIM:181500;ORPHA:395,2.0,0.0,2009-02-17,"[[""GENE:MTHFR"", -1.0, 1.0]]",3,3,0,0.9998915873699763,grade
MT-ND1,gene,MT-ND1,MT-ND1,cluster:MT-CO1,cognitive_impairment,induces,monogenic,A,1.0,0.895,HPO genes_to_phenotype; diseases=OMIM:540000;ORPHA:550,True,1.0,1.0,4.0,,OMIM:540000;ORPHA:550,2.0,0.0,2009-02-17,"[[""GENE:MT-ND1"", -1.0, 1.0]]",4,4,0,0.9998915873699763,grade
MT-ND1,gene,MT-ND1,MT-ND1,cluster:MT-CO1,anxiety,induces,monogenic,A,1.0,0.545,HPO genes_to_phenotype; diseases=ORPHA:550,True,0.0,1.0,1.0,,ORPHA:550,1.0,0.0,,"[[""GENE:MT-ND1"", -1.0, 1.0]]",1,1,0,0.9994232502804609,grade
MT-ND1,gene,MT-ND1,MT-ND1,cluster:MT-CO1,depressed_mood,induces,monogenic,A,1.0,0.545,HPO genes_to_phenotype; diseases=ORPHA:550,True,0.0,1.0,1.0,,ORPHA:550,1.0,0.0,,"[[""GENE:MT-ND1"", -1.0, 1.0]]",1,1,0,0.9994232502804609,grade
MT-ND1,gene,MT-ND1,MT-ND1,cluster:MT-CO1,psychosis,induces,monogenic,A,1.0,0.545,HPO genes_to_phenotype; diseases=ORPHA:550,True,0.0,1.0,1.0,,ORPHA:550,1.0,0.0,,"[[""GENE:MT-ND1"", -1.0, 1.0]]",1,1,0,0.9994232502804609,grade
MT-ND4,gene,MT-ND4,MT-ND4,cluster:MT-CO1,cognitive_impairment,induces,monogenic,A,1.0,0.895,HPO genes_to_phenotype; diseases=ORPHA:550,True,0.0,1.0,3.0,,ORPHA:550,1.0,0.0,,"[[""GENE:MT-ND4"", -1.0, 1.0]]",3,3,0,0.9997730446598188,grade
MT-ND4,gene,MT-ND4,MT-ND4,cluster:MT-CO1,anxiety,induces,monogenic,A,1.0,0.545,HPO genes_to_phenotype; diseases=ORPHA:550,True,0.0,1.0,1.0,,ORPHA:550,1.0,0.0,,"[[""GENE:MT-ND4"", -1.0, 1.0]]",1,1,0,0.9997730446598188,grade
MT-ND4,gene,MT-ND4,MT-ND4,cluster:MT-CO1,depressed_mood,induces,monogenic,A,1.0,0.545,HPO genes_to_phenotype; diseases=ORPHA:550,True,0.0,1.0,1.0,,ORPHA:550,1.0,0.0,,"[[""GENE:MT-ND4"", -1.0, 1.0]]",1,1,0,0.9997730446598188,grade
MT-ND4,gene,MT-ND4,MT-ND4,cluster:MT-CO1,psychosis,induces,monogenic,A,1.0,0.545,HPO genes_to_phenotype; diseases=ORPHA:550,True,0.0,1.0,1.0,,ORPHA:550,1.0,0.0,,"[[""GENE:MT-ND4"", -1.0, 1.0]]",1,1,0,0.9997730446598188,grade
MT-ND5,gene,MT-ND5,MT-ND5,cluster:MT-CO1,cognitive_impairment,induces,monogenic,A,1.0,0.895,HPO genes_to_phenotype; diseases=OMIM:540000;ORPHA:550;ORPHA:551,True,1.0,2.0,5.0,,OMIM:540000;ORPHA:550;ORPHA:551,3.0,0.0,2009-02-17,"[[""GENE:MT-ND5"", -1.0, 1.0]]",5,5,0,0.99996810036518,grade
MT-ND5,gene,MT-ND5,MT-ND5,cluster:MT-CO1,anxiety,induces,monogenic,A,1.0,0.545,HPO genes_to_phenotype; diseases=ORPHA:550,True,0.0,1.0,1.0,,ORPHA:550,1.0,0.0,,"[[""GENE:MT-ND5"", -1.0, 1.0]]",1,1,0,0.9994232502804609,grade
MT-ND5,gene,MT-ND5,MT-ND5,cluster:MT-CO1,depressed_mood,induces,monogenic,A,1.0,0.545,HPO genes_to_phenotype; diseases=ORPHA:550,True,0.0,1.0,1.0,,ORPHA:550,1.0,0.0,,"[[""GENE:MT-ND5"", -1.0, 1.0]]",1,1,0,0.9994232502804609,grade
MT-ND5,gene,MT-ND5,MT-ND5,cluster:MT-CO1,psychosis,induces,monogenic,A,1.0,0.545,HPO genes_to_phenotype; diseases=ORPHA:550,True,0.0,1.0,1.0,,ORPHA:550,1.0,0.0,,"[[""GENE:MT-ND5"", -1.0, 1.0]]",1,1,0,0.9994232502804609,grade
MT-ND6,gene,MT-ND6,MT-ND6,cluster:MT-CO1,cognitive_impairment,induces,monogenic,A,1.0,0.895,HPO genes_to_phenotype; diseases=OMIM:540000;ORPHA:550,True,1.0,1.0,4.0,,OMIM:540000;ORPHA:550,2.0,0.0,2009-02-17,"[[""GENE:MT-ND6"", -1.0, 1.0]]",4,4,0,0.9998915873699763,grade
MT-ND6,gene,MT-ND6,MT-ND6,cluster:MT-CO1,anxiety,induces,monogenic,A,1.0,0.545,HPO genes_to_phenotype; diseases=ORPHA:550,True,0.0,1.0,1.0,,ORPHA:550,1.0,0.0,,"[[""GENE:MT-ND6"", -1.0, 1.0]]",1,1,0,0.9994232502804609,grade
MT-ND6,gene,MT-ND6,MT-ND6,cluster:MT-CO1,depressed_mood,induces,monogenic,A,1.0,0.545,HPO genes_to_phenotype; diseases=ORPHA:550,True,0.0,1.0,1.0,,ORPHA:550,1.0,0.0,,"[[""GENE:MT-ND6"", -1.0, 1.0]]",1,1,0,0.9994232502804609,grade
MT-ND6,gene,MT-ND6,MT-ND6,cluster:MT-CO1,psychosis,induces,monogenic,A,1.0,0.545,HPO genes_to_phenotype; diseases=ORPHA:550,True,0.0,1.0,1.0,,ORPHA:550,1.0,0.0,,"[[""GENE:MT-ND6"", -1.0, 1.0]]",1,1,0,0.9994232502804609,grade
MTRR,gene,MTRR,MTRR,cluster:MTRR,somnolence_or_hypersomnia,induces,monogenic,A,0.68,0.17,HPO genes_to_phenotype; diseases=ORPHA:2169,True,0.0,1.0,1.0,,ORPHA:2169,1.0,0.0,,"[[""GENE:MTRR"", -1.0, 1.0]]",1,1,0,0.9997730446598188,grade
MUSK,gene,MUSK,MUSK,cluster:ATP10A,somnolence_or_hypersomnia,induces,monogenic,A,1.0,0.895,HPO genes_to_phenotype; diseases=ORPHA:994,False,0.0,1.0,1.0,,ORPHA:994,1.0,0.0,,"[[""GENE:MUSK"", -1.0, 1.0]]",1,1,0,0.9997730446598188,grade
MUTYH,gene,MUTYH,MUTYH,cluster:ABCA3,cognitive_impairment,induces,monogenic,A,0.68,0.17,HPO genes_to_phenotype; diseases=ORPHA:440437,False,0.0,1.0,1.0,,ORPHA:440437,1.0,0.0,,"[[""GENE:MUTYH"", -1.0, 1.0]]",1,1,0,0.9997730446598188,grade
MUTYH,gene,MUTYH,MUTYH,cluster:ABCA3,psychosis,induces,monogenic,A,0.68,0.17,HPO genes_to_phenotype; diseases=ORPHA:440437,False,0.0,1.0,1.0,,ORPHA:440437,1.0,0.0,,"[[""GENE:MUTYH"", -1.0, 1.0]]",1,1,0,0.9997730446598188,grade
MUTYH,gene,MUTYH,MUTYH,cluster:ABCA3,irritability_or_aggression,induces,monogenic,A,1.0,0.545,HPO genes_to_phenotype; diseases=ORPHA:440437,False,0.0,1.0,1.0,,ORPHA:440437,1.0,0.0,,"[[""GENE:MUTYH"", -1.0, 1.0]]",1,1,0,0.9997730446598188,grade
MUTYH,gene,MUTYH,MUTYH,cluster:ABCA3,anxiety,induces,monogenic,A,1.0,0.545,HPO genes_to_phenotype; diseases=ORPHA:440437,False,0.0,1.0,1.0,,ORPHA:440437,1.0,0.0,,"[[""GENE:MUTYH"", -1.0, 1.0]]",1,1,0,0.9997730446598188,grade
MUTYH,gene,MUTYH,MUTYH,cluster:ABCA3,depressed_mood,induces,monogenic,A,1.0,0.545,HPO genes_to_phenotype; diseases=ORPHA:440437,False,0.0,1.0,1.0,,ORPHA:440437,1.0,0.0,,"[[""GENE:MUTYH"", -1.0, 1.0]]",1,1,0,0.9997730446598188,grade
MUTYH,gene,MUTYH,MUTYH,cluster:ABCA3,fatigue,induces,monogenic,A,1.0,0.895,HPO genes_to_phenotype; diseases=ORPHA:440437,False,0.0,1.0,1.0,,ORPHA:440437,1.0,0.0,,"[[""GENE:MUTYH"", -1.0, 1.0]]",1,1,0,0.9997730446598188,grade
MYBPC3,gene,MYBPC3,MYBPC3,cluster:MYBPC3,fatigue,induces,monogenic,A,1.0,0.545,HPO genes_to_phenotype; diseases=ORPHA:154,False,0.0,1.0,1.0,,ORPHA:154,1.0,0.0,,"[[""GENE:MYBPC3"", -1.0, 1.0]]",1,1,0,0.9997730446598188,grade
MYCN,gene,MYCN,MYCN,cluster:ALK,irritability_or_aggression,induces,monogenic,A,0.68,0.17,HPO genes_to_phenotype; diseases=ORPHA:635,False,0.0,1.0,1.0,,ORPHA:635,1.0,0.0,,"[[""GENE:MYCN"", -1.0, 1.0]]",1,1,0,0.9997730446598188,grade
MYCN,gene,MYCN,MYCN,cluster:ALK,fatigue,induces,monogenic,A,1.0,0.545,HPO genes_to_phenotype; diseases=ORPHA:635,False,0.0,1.0,1.0,,ORPHA:635,1.0,0.0,,"[[""GENE:MYCN"", -1.0, 1.0]]",1,1,0,0.9997730446598188,grade
MYD88,gene,MYD88,MYD88,cluster:MYD88,cognitive_impairment,induces,monogenic,A,0.68,0.17,HPO genes_to_phenotype; diseases=ORPHA:33226,False,0.0,1.0,1.0,,ORPHA:33226,1.0,0.0,,"[[""GENE:MYD88"", -1.0, 1.0]]",1,1,0,0.9997730446598188,grade
MYD88,gene,MYD88,MYD88,cluster:MYD88,fatigue,induces,monogenic,A,0.68,0.17,HPO genes_to_phenotype; diseases=ORPHA:33226,False,0.0,1.0,1.0,,ORPHA:33226,1.0,0.0,,"[[""GENE:MYD88"", -1.0, 1.0]]",1,1,0,0.9997730446598188,grade
MYH3,gene,MYH3,MYH3,cluster:CHRNG,cognitive_impairment,induces,monogenic,A,0.68,0.17,HPO genes_to_phenotype; diseases=ORPHA:2990,False,0.0,1.0,1.0,,ORPHA:2990,1.0,0.0,,"[[""GENE:MYH3"", -1.0, 1.0]]",1,1,0,0.9997730446598188,grade
MYH6,gene,MYH6,MYH6,cluster:ACTC1,fatigue,induces,monogenic,A,1.0,0.545,HPO genes_to_phenotype; diseases=ORPHA:154;ORPHA:99103,False,0.0,2.0,2.0,,ORPHA:154;ORPHA:99103,2.0,0.0,,"[[""GENE:MYH6"", -1.0, 1.0]]",2,2,0,0.9999332144392659,grade
MYH7,gene,MYH7,MYH7,cluster:MYH7,fatigue,induces,monogenic,A,1.0,0.895,HPO genes_to_phenotype; diseases=ORPHA:154;ORPHA:1880,False,0.0,2.0,2.0,,ORPHA:154;ORPHA:1880,2.0,0.0,,"[[""GENE:MYH7"", -1.0, 1.0]]",2,2,0,0.9999332144392659,grade
MYL2,gene,MYL2,MYL2,cluster:ACTA1,fatigue,induces,monogenic,A,1.0,0.545,HPO genes_to_phenotype; diseases=ORPHA:2020,False,0.0,1.0,1.0,,ORPHA:2020,1.0,0.0,,"[[""GENE:MYL2"", -1.0, 1.0]]",1,1,0,0.9997730446598188,grade
MYL4,gene,MYL4,MYL4,cluster:MYL4,fatigue,induces,monogenic,A,1.0,0.545,HPO genes_to_phenotype; diseases=ORPHA:334,False,0.0,1.0,1.0,,ORPHA:334,1.0,0.0,,"[[""GENE:MYL4"", -1.0, 1.0]]",1,1,0,0.9997730446598188,grade
MYO1E,gene,MYO1E,MYO1E,cluster:MYO1E,irritability_or_aggression,induces,monogenic,A,0.68,0.17,HPO genes_to_phenotype; diseases=ORPHA:656,False,0.0,1.0,1.0,,ORPHA:656,1.0,0.0,,"[[""GENE:MYO1E"", -1.0, 1.0]]",1,1,0,0.9997730446598188,grade
MYO7A,gene,MYO7A,MYO7A,cluster:ABCA3,anxiety,induces,monogenic,A,0.68,0.17,HPO genes_to_phenotype; diseases=ORPHA:231169;ORPHA:231178,False,0.0,2.0,2.0,,ORPHA:231169;ORPHA:231178,2.0,0.0,,"[[""GENE:MYO7A"", -1.0, 1.0]]",2,2,0,0.9999332144392659,grade
MYO7A,gene,MYO7A,MYO7A,cluster:ABCA3,depressed_mood,induces,monogenic,A,0.68,0.17,HPO genes_to_phenotype; diseases=ORPHA:231169;ORPHA:231178,False,0.0,2.0,2.0,,ORPHA:231169;ORPHA:231178,2.0,0.0,,"[[""GENE:MYO7A"", -1.0, 1.0]]",2,2,0,0.9999332144392659,grade
MYO7A,gene,MYO7A,MYO7A,cluster:ABCA3,fatigue,induces,monogenic,A,1.0,0.545,HPO genes_to_phenotype; diseases=ORPHA:231178,False,0.0,1.0,1.0,,ORPHA:231178,1.0,0.0,,"[[""GENE:MYO7A"", -1.0, 1.0]]",1,1,0,0.9997730446598188,grade
MYOD1,gene,MYOD1,MYOD1,cluster:ATP10A,somnolence_or_hypersomnia,induces,monogenic,A,1.0,0.895,HPO genes_to_phenotype; diseases=ORPHA:994,False,0.0,1.0,1.0,,ORPHA:994,1.0,0.0,,"[[""GENE:MYOD1"", -1.0, 1.0]]",1,1,0,0.9997730446598188,grade
NAB2,gene,NAB2,NAB2,cluster:NAB2,fatigue,induces,monogenic,A,0.68,0.17,HPO genes_to_phenotype; diseases=ORPHA:2126,False,0.0,1.0,1.0,,ORPHA:2126,1.0,0.0,,"[[""GENE:NAB2"", -1.0, 1.0]]",1,1,0,0.9997730446598188,grade
NAGA,gene,NAGA,NAGA,cluster:NAGA,cognitive_impairment,induces,monogenic,A,1.0,,HPO genes_to_phenotype; diseases=OMIM:609242,True,1.0,0.0,1.0,,OMIM:609242,1.0,0.0,2014-04-04,"[[""GENE:NAGA"", -1.0, 1.0]]",1,1,0,0.9997120224657162,grade
NAGLU,gene,NAGLU,NAGLU,cluster:NAGLU,irritability_or_aggression,induces,monogenic,A,1.0,,HPO genes_to_phenotype; diseases=OMIM:252920,True,1.0,0.0,1.0,,OMIM:252920,1.0,0.0,2009-02-17,"[[""GENE:NAGLU"", -1.0, 1.0]]",1,1,0,0.999631621434846,grade
CEACAM6,gene,CEACAM6,CEACAM6,cluster:BAZ1B,anxiety,induces,monogenic,A,0.68,0.17,HPO genes_to_phenotype; diseases=ORPHA:586,False,0.0,1.0,1.0,,ORPHA:586,1.0,0.0,,"[[""GENE:CEACAM6"", -1.0, 1.0]]",1,1,0,0.9997730446598188,grade
CEACAM6,gene,CEACAM6,CEACAM6,cluster:BAZ1B,depressed_mood,induces,monogenic,A,0.68,0.17,HPO genes_to_phenotype; diseases=ORPHA:586,False,0.0,1.0,1.0,,ORPHA:586,1.0,0.0,,"[[""GENE:CEACAM6"", -1.0, 1.0]]",1,1,0,0.9997730446598188,grade
NBN,gene,NBN,NBN,cluster:NBN,cognitive_impairment,induces,monogenic,A,1.0,0.895,HPO genes_to_phenotype; diseases=ORPHA:647,False,0.0,1.0,1.0,,ORPHA:647,1.0,0.0,,"[[""GENE:NBN"", -1.0, 1.0]]",1,1,0,0.9997730446598188,grade
NDN,gene,NDN,NDN,cluster:ATP10A,psychosis,induces,monogenic,A,1.0,0.545,HPO genes_to_phenotype; diseases=ORPHA:177901;ORPHA:177904;ORPHA:98754,False,0.0,3.0,3.0,,ORPHA:177901;ORPHA:177904;ORPHA:98754,3.0,0.0,,"[[""GENE:NDN"", -1.0, 1.0]]",3,3,0,0.9999803494075916,grade
NDP,gene,NDP,NDP,cluster:NDP,psychosis,induces,monogenic,A,1.0,0.545,HPO genes_to_phenotype; diseases=OMIM:310600;ORPHA:649,False,1.0,1.0,4.0,,OMIM:310600;ORPHA:649,2.0,0.0,2009-02-17,"[[""GENE:NDP"", -1.0, 1.0]]",4,4,0,0.9998915873699763,grade
NDP,gene,NDP,NDP,cluster:NDP,irritability_or_aggression,induces,monogenic,A,1.0,0.545,HPO genes_to_phenotype; diseases=OMIM:310600;ORPHA:649,False,1.0,1.0,2.0,,OMIM:310600;ORPHA:649,2.0,0.0,2009-02-17,"[[""GENE:NDP"", -1.0, 1.0]]",2,2,0,0.9998915873699763,grade
NDP,gene,NDP,NDP,cluster:NDP,anxiety,induces,monogenic,A,1.0,0.545,HPO genes_to_phenotype; diseases=ORPHA:649,False,0.0,1.0,1.0,,ORPHA:649,1.0,0.0,,"[[""GENE:NDP"", -1.0, 1.0]]",1,1,0,0.9994232502804609,grade
NDP,gene,NDP,NDP,cluster:NDP,cognitive_impairment,induces,monogenic,A,1.0,,HPO genes_to_phenotype; diseases=OMIM:310600,False,1.0,0.0,1.0,,OMIM:310600,1.0,0.0,2009-02-17,"[[""GENE:NDP"", -1.0, 1.0]]",1,1,0,0.9961871887065212,grade
NDUFA1,gene,NDUFA1,NDUFA1,cluster:NDUFA1,cognitive_impairment,induces,monogenic,A,1.0,0.6666666666666666,HPO genes_to_phenotype; diseases=OMIM:301020,True,1.0,0.0,1.0,3.0,OMIM:301020,1.0,1.0,2009-01-29,"[[""GENE:NDUFA1"", -1.0, 1.0]]",1,1,0,0.9996852014177682,grade
NDUFA2,gene,NDUFA2,NDUFA2,cluster:NDUFA2,irritability_or_aggression,induces,monogenic,A,1.0,0.5,HPO genes_to_phenotype; diseases=OMIM:618235,True,1.0,0.0,1.0,2.0,OMIM:618235,1.0,1.0,2017-12-21,"[[""GENE:NDUFA2"", -1.0, 1.0]]",1,1,0,0.9996663476591036,grade
NDUFA6,gene,NDUFA6,NDUFA6,cluster:NDUFA6,irritability_or_aggression,induces,monogenic,A,1.0,0.25,HPO genes_to_phenotype; diseases=OMIM:618253,True,1.0,0.0,1.0,4.0,OMIM:618253,1.0,1.0,2018-09-20,"[[""GENE:NDUFA6"", -1.0, 1.0]]",1,1,0,0.9996990889216895,grade
NDUFS1,gene,NDUFS1,NDUFS1,cluster:NDUFS1,irritability_or_aggression,induces,monogenic,A,1.0,,HPO genes_to_phenotype; diseases=OMIM:618226,True,1.0,0.0,1.0,,OMIM:618226,1.0,0.0,2019-02-15,"[[""GENE:NDUFS1"", -1.0, 1.0]]",1,1,0,0.999631621434846,grade
NEFH,gene,NEFH,NEFH,cluster:NEFH,cognitive_impairment,induces,monogenic,A,1.0,0.545,HPO genes_to_phenotype; diseases=ORPHA:803,False,0.0,1.0,2.0,,ORPHA:803,1.0,0.0,,"[[""GENE:NEFH"", -1.0, 1.0]]",2,2,0,0.9997730446598188,grade
NEFH,gene,NEFH,NEFH,cluster:NEFH,anxiety,induces,monogenic,A,1.0,0.545,HPO genes_to_phenotype; diseases=ORPHA:803,False,0.0,1.0,1.0,,ORPHA:803,1.0,0.0,,"[[""GENE:NEFH"", -1.0, 1.0]]",1,1,0,0.9997730446598188,grade
NEFH,gene,NEFH,NEFH,cluster:NEFH,depressed_mood,induces,monogenic,A,1.0,0.545,HPO genes_to_phenotype; diseases=ORPHA:803,False,0.0,1.0,1.0,,ORPHA:803,1.0,0.0,,"[[""GENE:NEFH"", -1.0, 1.0]]",1,1,0,0.9997730446598188,grade
NEFH,gene,NEFH,NEFH,cluster:NEFH,fatigue,induces,monogenic,A,1.0,0.545,HPO genes_to_phenotype; diseases=ORPHA:803,False,0.0,1.0,1.0,,ORPHA:803,1.0,0.0,,"[[""GENE:NEFH"", -1.0, 1.0]]",1,1,0,0.9997730446598188,grade
NEFL,gene,NEFL,NEFL,cluster:NEFL,cognitive_impairment,induces,monogenic,A,0.68,0.17,HPO genes_to_phenotype; diseases=ORPHA:101085,False,0.0,1.0,1.0,,ORPHA:101085,1.0,0.0,,"[[""GENE:NEFL"", -1.0, 1.0]]",1,1,0,0.9997730446598188,grade
NEK1,gene,NEK1,NEK1,cluster:NEK1,cognitive_impairment,induces,monogenic,A,1.0,0.545,HPO genes_to_phenotype; diseases=ORPHA:803,False,0.0,1.0,2.0,,ORPHA:803,1.0,0.0,,"[[""GENE:NEK1"", -1.0, 1.0]]",2,2,0,0.9997730446598188,grade
NEK1,gene,NEK1,NEK1,cluster:NEK1,anxiety,induces,monogenic,A,1.0,0.545,HPO genes_to_phenotype; diseases=ORPHA:803,False,0.0,1.0,1.0,,ORPHA:803,1.0,0.0,,"[[""GENE:NEK1"", -1.0, 1.0]]",1,1,0,0.9997730446598188,grade
NEK1,gene,NEK1,NEK1,cluster:NEK1,depressed_mood,induces,monogenic,A,1.0,0.545,HPO genes_to_phenotype; diseases=ORPHA:803,False,0.0,1.0,1.0,,ORPHA:803,1.0,0.0,,"[[""GENE:NEK1"", -1.0, 1.0]]",1,1,0,0.9997730446598188,grade
NEK1,gene,NEK1,NEK1,cluster:NEK1,fatigue,induces,monogenic,A,1.0,0.545,HPO genes_to_phenotype; diseases=ORPHA:803,False,0.0,1.0,1.0,,ORPHA:803,1.0,0.0,,"[[""GENE:NEK1"", -1.0, 1.0]]",1,1,0,0.9997730446598188,grade
NEUROG1,gene,NEUROG1,NEUROG1,cluster:NEUROG1,insomnia,induces,monogenic,A,1.0,1.0,HPO genes_to_phenotype; diseases=OMIM:620469,False,1.0,0.0,1.0,1.0,OMIM:620469,1.0,1.0,2024-03-10,"[[""GENE:NEUROG1"", -1.0, 1.0]]",1,1,0,0.99963784265969,grade
NF1,gene,NF1,NF1,cluster:ABCA3,anxiety,induces,monogenic,A,1.0,0.545,HPO genes_to_phenotype; diseases=ORPHA:29072,False,0.0,1.0,2.0,,ORPHA:29072,1.0,0.0,,"[[""GENE:NF1"", -1.0, 1.0]]",2,2,0,0.9997730446598188,grade
NF1,gene,NF1,NF1,cluster:ABCA3,cognitive_impairment,induces,monogenic,A,1.0,0.895,HPO genes_to_phenotype; diseases=ORPHA:97685,False,0.0,1.0,2.0,,ORPHA:97685,1.0,0.0,,"[[""GENE:NF1"", -1.0, 1.0]]",2,2,0,0.9997730446598188,grade
NF1,gene,NF1,NF1,cluster:ABCA3,fatigue,induces,monogenic,A,1.0,0.545,HPO genes_to_phenotype; diseases=ORPHA:29072,False,0.0,1.0,1.0,,ORPHA:29072,1.0,0.0,,"[[""GENE:NF1"", -1.0, 1.0]]",1,1,0,0.9997730446598188,grade
NF2,gene,NF2,NF2,cluster:ABCA3,somnolence_or_hypersomnia,induces,monogenic,A,0.25,0.025,HPO genes_to_phenotype; diseases=ORPHA:2495,False,0.0,1.0,1.0,,ORPHA:2495,1.0,0.0,,"[[""GENE:NF2"", -1.0, 1.0]]",1,1,0,0.9997730446598188,grade
NF2,gene,NF2,NF2,cluster:ABCA3,cognitive_impairment,induces,monogenic,A,0.68,0.17,HPO genes_to_phenotype; diseases=ORPHA:2495;ORPHA:637,False,0.0,2.0,4.0,,ORPHA:2495;ORPHA:637,2.0,0.0,,"[[""GENE:NF2"", -1.0, 1.0]]",4,4,0,0.9999332144392659,grade
NFIA,gene,NFIA,NFIA,cluster:NFIA,cognitive_impairment,induces,monogenic,A,1.0,,HPO genes_to_phenotype; diseases=OMIM:613735,False,1.0,0.0,1.0,,OMIM:613735,1.0,0.0,2017-07-13,"[[""GENE:NFIA"", -1.0, 1.0]]",1,1,0,0.9997120224657162,grade
NFIB,gene,NFIB,NFIB,cluster:NFIB,anxiety,induces,monogenic,A,0.8,0.2,HPO genes_to_phenotype; diseases=OMIM:618286,False,1.0,0.0,1.0,15.0,OMIM:618286,1.0,1.0,2019-02-15,"[[""GENE:NFIB"", -1.0, 1.0]]",1,1,0,0.9997621539193791,grade
NFIB,gene,NFIB,NFIB,cluster:NFIB,irritability_or_aggression,induces,monogenic,A,0.26666666666666666,0.06666666666666667,HPO genes_to_phenotype; diseases=OMIM:618286,False,1.0,0.0,1.0,15.0,OMIM:618286,1.0,1.0,2019-02-15,"[[""GENE:NFIB"", -1.0, 1.0]]",1,1,0,0.9997621539193791,grade
NFIX,gene,NFIX,NFIX,cluster:NFIX,irritability_or_aggression,induces,monogenic,A,0.68,0.17,HPO genes_to_phenotype; diseases=ORPHA:447980,False,0.0,1.0,1.0,,ORPHA:447980,1.0,0.0,,"[[""GENE:NFIX"", -1.0, 1.0]]",1,1,0,0.9994232502804609,grade
NFIX,gene,NFIX,NFIX,cluster:NFIX,anxiety,induces,monogenic,A,1.0,1.0,HPO genes_to_phenotype; diseases=OMIM:614753;ORPHA:420179,False,1.0,1.0,2.0,3.0,OMIM:614753;ORPHA:420179,2.0,1.0,2013-08-10,"[[""GENE:NFIX"", -1.0, 1.0]]",2,2,0,0.9999073592912551,grade
NFKB2,gene,NFKB2,NFKB2,cluster:NFKB2,fatigue,induces,monogenic,A,1.0,0.895,HPO genes_to_phenotype; diseases=ORPHA:293978,False,0.0,1.0,1.0,,ORPHA:293978,1.0,0.0,,"[[""GENE:NFKB2"", -1.0, 1.0]]",1,1,0,0.9997730446598188,grade
NFKBIL1,gene,NFKBIL1,NFKBIL1,cluster:BCL2,fatigue,induces,monogenic,A,1.0,,HPO genes_to_phenotype; diseases=OMIM:180300,False,1.0,0.0,1.0,,OMIM:180300,1.0,1.0,1998-05-01,"[[""GENE:NFKBIL1"", -1.0, 1.0]]",1,1,0,0.9997748793976969,grade
NHLH2,gene,NHLH2,NHLH2,cluster:ARNT2,anxiety,induces,monogenic,A,1.0,0.545,HPO genes_to_phenotype; diseases=ORPHA:432,False,0.0,1.0,1.0,,ORPHA:432,1.0,0.0,,"[[""GENE:NHLH2"", -1.0, 1.0]]",1,1,0,0.9997730446598188,grade
NHLH2,gene,NHLH2,NHLH2,cluster:ARNT2,depressed_mood,induces,monogenic,A,1.0,0.545,HPO genes_to_phenotype; diseases=ORPHA:432,False,0.0,1.0,1.0,,ORPHA:432,1.0,0.0,,"[[""GENE:NHLH2"", -1.0, 1.0]]",1,1,0,0.9997730446598188,grade
NIT1,gene,NIT1,NIT1,cluster:NIT1,cognitive_impairment,induces,monogenic,A,1.0,1.0,HPO genes_to_phenotype; diseases=OMIM:621313,False,1.0,0.0,1.0,5.0,OMIM:621313,1.0,1.0,2025-10-24,"[[""GENE:NIT1"", -1.0, 1.0]]",1,1,0,0.9997099799437312,grade
NIT1,gene,NIT1,NIT1,cluster:NIT1,depressed_mood,induces,monogenic,A,0.6666666666666666,0.16666666666666666,HPO genes_to_phenotype; diseases=OMIM:621313,False,1.0,0.0,1.0,6.0,OMIM:621313,1.0,1.0,2025-10-24,"[[""GENE:NIT1"", -1.0, 1.0]]",1,1,0,0.9997188801487722,grade
NIT1,gene,NIT1,NIT1,cluster:NIT1,psychosis,induces,monogenic,A,0.6666666666666666,0.16666666666666666,HPO genes_to_phenotype; diseases=OMIM:621313,False,1.0,0.0,1.0,6.0,OMIM:621313,1.0,1.0,2025-10-24,"[[""GENE:NIT1"", -1.0, 1.0]]",1,1,0,0.9997188801487722,grade
NIT1,gene,NIT1,NIT1,cluster:NIT1,fatigue,induces,monogenic,A,1.0,0.6,HPO genes_to_phenotype; diseases=OMIM:621313,False,1.0,0.0,1.0,5.0,OMIM:621313,1.0,1.0,2025-10-24,"[[""GENE:NIT1"", -1.0, 1.0]]",1,1,0,0.9997099799437312,grade
NODAL,gene,NODAL,NODAL,cluster:ARNT2,irritability_or_aggression,induces,monogenic,A,1.0,0.545,HPO genes_to_phenotype; diseases=ORPHA:220386;ORPHA:93924;ORPHA:93925;ORPHA:93926,False,0.0,4.0,4.0,,ORPHA:220386;ORPHA:93924;ORPHA:93925;ORPHA:93926,4.0,0.0,,"[[""GENE:NODAL"", -1.0, 1.0]]",4,4,0,0.9999942183170779,grade
NODAL,gene,NODAL,NODAL,cluster:ARNT2,anxiety,induces,monogenic,A,1.0,0.545,HPO genes_to_phenotype; diseases=ORPHA:220386;ORPHA:93924;ORPHA:93925;ORPHA:93926,False,0.0,4.0,4.0,,ORPHA:220386;ORPHA:93924;ORPHA:93925;ORPHA:93926,4.0,0.0,,"[[""GENE:NODAL"", -1.0, 1.0]]",4,4,0,0.9999942183170779,grade
NODAL,gene,NODAL,NODAL,cluster:ARNT2,cognitive_impairment,induces,monogenic,A,1.0,0.545,HPO genes_to_phenotype; diseases=ORPHA:280195,False,0.0,1.0,1.0,,ORPHA:280195,1.0,0.0,,"[[""GENE:NODAL"", -1.0, 1.0]]",1,1,0,0.9997730446598188,grade
NODAL,gene,NODAL,NODAL,cluster:ARNT2,depressed_mood,induces,monogenic,A,1.0,0.545,HPO genes_to_phenotype; diseases=ORPHA:220386;ORPHA:93924;ORPHA:93925;ORPHA:93926,False,0.0,4.0,4.0,,ORPHA:220386;ORPHA:93924;ORPHA:93925;ORPHA:93926,4.0,0.0,,"[[""GENE:NODAL"", -1.0, 1.0]]",4,4,0,0.9999942183170779,grade
NONO,gene,NONO,NONO,cluster:NONO,anxiety,induces,monogenic,A,1.0,0.545,HPO genes_to_phenotype; diseases=ORPHA:466791,False,0.0,1.0,1.0,,ORPHA:466791,1.0,0.0,,"[[""GENE:NONO"", -1.0, 1.0]]",1,1,0,0.9994232502804609,grade
NONO,gene,NONO,NONO,cluster:NONO,irritability_or_aggression,induces,monogenic,A,0.68,0.17,HPO genes_to_phenotype; diseases=OMIM:300967;ORPHA:466791,False,1.0,1.0,2.0,,OMIM:300967;ORPHA:466791,2.0,1.0,2017-06-17,"[[""GENE:NONO"", -1.0, 1.0]]",2,2,0,0.9999337544286306,grade
NOTCH3,gene,NOTCH3,NOTCH3,cluster:NOTCH3,cognitive_impairment,induces,monogenic,A,1.0,1.0,HPO genes_to_phenotype; diseases=OMIM:125310;OMIM:621295;ORPHA:136,False,2.0,1.0,8.0,13.0,OMIM:125310;OMIM:621295;ORPHA:136,5.0,3.0,2009-02-17,"[[""GENE:NOTCH3"", -1.0, 1.0]]",8,8,0,0.9999673379829424,grade
NOTCH3,gene,NOTCH3,NOTCH3,cluster:NOTCH3,psychosis,induces,monogenic,A,1.0,1.0,HPO genes_to_phenotype; diseases=OMIM:125310;OMIM:621295,False,2.0,0.0,3.0,3.0,OMIM:125310;OMIM:621295,2.0,2.0,2022-04-24,"[[""GENE:NOTCH3"", -1.0, 1.0]]",3,3,0,0.9982362940795505,grade
NOTCH3,gene,NOTCH3,NOTCH3,cluster:NOTCH3,irritability_or_aggression,induces,monogenic,A,1.0,1.0,HPO genes_to_phenotype; diseases=OMIM:621295,False,1.0,0.0,1.0,1.0,OMIM:621295,1.0,1.0,2026-01-19,"[[""GENE:NOTCH3"", -1.0, 1.0]]",1,1,0,0.9962513618179513,grade
NOTCH3,gene,NOTCH3,NOTCH3,cluster:NOTCH3,anxiety,induces,monogenic,A,0.68,0.17,HPO genes_to_phenotype; diseases=ORPHA:136,False,0.0,1.0,1.0,,ORPHA:136,1.0,0.0,,"[[""GENE:NOTCH3"", -1.0, 1.0]]",1,1,0,0.9994232502804609,grade
NOTCH3,gene,NOTCH3,NOTCH3,cluster:NOTCH3,depressed_mood,induces,monogenic,A,0.68,0.17,HPO genes_to_phenotype; diseases=ORPHA:136,False,0.0,1.0,1.0,,ORPHA:136,1.0,0.0,,"[[""GENE:NOTCH3"", -1.0, 1.0]]",1,1,0,0.9994232502804609,grade
NOTCH3,gene,NOTCH3,NOTCH3,cluster:NOTCH3,fatigue,induces,monogenic,A,1.0,1.0,HPO genes_to_phenotype; diseases=OMIM:621295,False,1.0,0.0,1.0,1.0,OMIM:621295,1.0,1.0,2026-01-19,"[[""GENE:NOTCH3"", -1.0, 1.0]]",1,1,0,0.9962513618179513,grade
NPAT,gene,NPAT,NPAT,cluster:ABCA3,cognitive_impairment,induces,monogenic,A,0.68,0.17,HPO genes_to_phenotype; diseases=ORPHA:440437,False,0.0,1.0,1.0,,ORPHA:440437,1.0,0.0,,"[[""GENE:NPAT"", -1.0, 1.0]]",1,1,0,0.9997730446598188,grade
NPAT,gene,NPAT,NPAT,cluster:ABCA3,psychosis,induces,monogenic,A,0.68,0.17,HPO genes_to_phenotype; diseases=ORPHA:440437,False,0.0,1.0,1.0,,ORPHA:440437,1.0,0.0,,"[[""GENE:NPAT"", -1.0, 1.0]]",1,1,0,0.9997730446598188,grade
NPAT,gene,NPAT,NPAT,cluster:ABCA3,irritability_or_aggression,induces,monogenic,A,1.0,0.545,HPO genes_to_phenotype; diseases=ORPHA:440437,False,0.0,1.0,1.0,,ORPHA:440437,1.0,0.0,,"[[""GENE:NPAT"", -1.0, 1.0]]",1,1,0,0.9997730446598188,grade
NPAT,gene,NPAT,NPAT,cluster:ABCA3,anxiety,induces,monogenic,A,1.0,0.545,HPO genes_to_phenotype; diseases=ORPHA:440437,False,0.0,1.0,1.0,,ORPHA:440437,1.0,0.0,,"[[""GENE:NPAT"", -1.0, 1.0]]",1,1,0,0.9997730446598188,grade
NPAT,gene,NPAT,NPAT,cluster:ABCA3,depressed_mood,induces,monogenic,A,1.0,0.545,HPO genes_to_phenotype; diseases=ORPHA:440437,False,0.0,1.0,1.0,,ORPHA:440437,1.0,0.0,,"[[""GENE:NPAT"", -1.0, 1.0]]",1,1,0,0.9997730446598188,grade
NPAT,gene,NPAT,NPAT,cluster:ABCA3,fatigue,induces,monogenic,A,1.0,0.895,HPO genes_to_phenotype; diseases=ORPHA:440437,False,0.0,1.0,1.0,,ORPHA:440437,1.0,0.0,,"[[""GENE:NPAT"", -1.0, 1.0]]",1,1,0,0.9997730446598188,grade
NPC1,gene,NPC1,NPC1,cluster:NPC1,cognitive_impairment,induces,monogenic,A,1.0,,HPO genes_to_phenotype; diseases=OMIM:257220,True,1.0,0.0,1.0,,OMIM:257220,1.0,0.0,2009-02-17,"[[""GENE:NPC1"", -1.0, 1.0]]",1,1,0,0.999631621434846,grade
NPC1,gene,NPC1,NPC1,cluster:NPC1,psychosis,induces,monogenic,A,1.0,,HPO genes_to_phenotype; diseases=OMIM:257220,True,1.0,0.0,1.0,,OMIM:257220,1.0,0.0,2009-02-17,"[[""GENE:NPC1"", -1.0, 1.0]]",1,1,0,0.999631621434846,grade
NPHP1,gene,NPHP1,NPHP1,cluster:BBIP1,cognitive_impairment,induces,monogenic,A,1.0,0.545,HPO genes_to_phenotype; diseases=ORPHA:110,False,0.0,1.0,2.0,,ORPHA:110,1.0,0.0,,"[[""GENE:NPHP1"", -1.0, 1.0]]",2,2,0,0.9997730446598188,grade
NPHP1,gene,NPHP1,NPHP1,cluster:BBIP1,anxiety,induces,monogenic,A,0.68,0.17,HPO genes_to_phenotype; diseases=ORPHA:110,False,0.0,1.0,1.0,,ORPHA:110,1.0,0.0,,"[[""GENE:NPHP1"", -1.0, 1.0]]",1,1,0,0.9997730446598188,grade
NPHP1,gene,NPHP1,NPHP1,cluster:BBIP1,depressed_mood,induces,monogenic,A,1.0,0.545,HPO genes_to_phenotype; diseases=ORPHA:110,False,0.0,1.0,1.0,,ORPHA:110,1.0,0.0,,"[[""GENE:NPHP1"", -1.0, 1.0]]",1,1,0,0.9997730446598188,grade
NPHS1,gene,NPHS1,NPHS1,cluster:NPHS1,irritability_or_aggression,induces,monogenic,A,0.68,0.17,HPO genes_to_phenotype; diseases=ORPHA:656,False,0.0,1.0,1.0,,ORPHA:656,1.0,0.0,,"[[""GENE:NPHS1"", -1.0, 1.0]]",1,1,0,0.9997730446598188,grade
NPM1,gene,NPM1,NPM1,cluster:ABCA3,fatigue,induces,monogenic,A,1.0,0.545,HPO genes_to_phenotype; diseases=ORPHA:520,False,0.0,1.0,1.0,,ORPHA:520,1.0,0.0,,"[[""GENE:NPM1"", -1.0, 1.0]]",1,1,0,0.9997730446598188,grade
NPPA,gene,NPPA,NPPA,cluster:NPPA,fatigue,induces,monogenic,A,1.0,0.545,HPO genes_to_phenotype; diseases=ORPHA:1344;ORPHA:334,False,0.0,2.0,2.0,,ORPHA:1344;ORPHA:334,2.0,0.0,,"[[""GENE:NPPA"", -1.0, 1.0]]",2,2,0,0.9999332144392659,grade
NPTX1,gene,NPTX1,NPTX1,cluster:NPTX1,cognitive_impairment,induces,monogenic,A,0.25,0.0625,HPO genes_to_phenotype; diseases=OMIM:620158,False,1.0,0.0,1.0,16.0,OMIM:620158,1.0,1.0,2023-03-04,"[[""GENE:NPTX1"", -1.0, 1.0]]",1,1,0,0.999765051825854,grade
NRAS,gene,NRAS,NRAS,cluster:MAP2K1,cognitive_impairment,induces,monogenic,A,0.68,0.17,HPO genes_to_phenotype; diseases=OMIM:249400;ORPHA:389,False,1.0,1.0,2.0,,OMIM:249400;ORPHA:389,2.0,0.0,2009-02-17,"[[""GENE:NRAS"", -1.0, 1.0]]",2,2,0,0.9998915873699763,grade
NRCAM,gene,NRCAM,NRCAM,cluster:NRCAM,irritability_or_aggression,induces,monogenic,A,1.0,0.4,HPO genes_to_phenotype; diseases=OMIM:619833,False,1.0,0.0,2.0,10.0,OMIM:619833,1.0,1.0,2022-07-03,"[[""GENE:NRCAM"", -1.0, 1.0]]",2,2,0,0.9997099799437312,grade
NTRK1,gene,NTRK1,NTRK1,cluster:NTRK1,cognitive_impairment,induces,monogenic,A,0.68,0.17,HPO genes_to_phenotype; diseases=ORPHA:642,False,0.0,1.0,1.0,,ORPHA:642,1.0,0.0,,"[[""GENE:NTRK1"", -1.0, 1.0]]",1,1,0,0.9997730446598188,grade
NTRK2,gene,NTRK2,NTRK2,cluster:NTRK2,cognitive_impairment,induces,monogenic,A,0.68,0.17,HPO genes_to_phenotype; diseases=ORPHA:442835,False,0.0,1.0,1.0,,ORPHA:442835,1.0,0.0,,"[[""GENE:NTRK2"", -1.0, 1.0]]",1,1,0,0.9997730446598188,grade
NUMA1,gene,NUMA1,NUMA1,cluster:ABCA3,fatigue,induces,monogenic,A,1.0,0.545,HPO genes_to_phenotype; diseases=ORPHA:520,False,0.0,1.0,1.0,,ORPHA:520,1.0,0.0,,"[[""GENE:NUMA1"", -1.0, 1.0]]",1,1,0,0.9997730446598188,grade
NUP88,gene,NUP88,NUP88,cluster:ATP10A,somnolence_or_hypersomnia,induces,monogenic,A,1.0,0.895,HPO genes_to_phenotype; diseases=ORPHA:994,True,0.0,1.0,1.0,,ORPHA:994,1.0,0.0,,"[[""GENE:NUP88"", -1.0, 1.0]]",1,1,0,0.9997730446598188,grade
NR4A2,gene,NR4A2,NR4A2,cluster:ADH1C,psychosis,induces,monogenic,A,0.68,0.17,HPO genes_to_phenotype; diseases=OMIM:168600,False,1.0,0.0,1.0,,OMIM:168600,1.0,0.0,2012-11-21,"[[""GENE:NR4A2"", -1.0, 1.0]]",1,1,0,0.997017116436691,grade
NR4A2,gene,NR4A2,NR4A2,cluster:ADH1C,anxiety,induces,monogenic,A,1.0,0.545,HPO genes_to_phenotype; diseases=ORPHA:98808,False,0.0,1.0,1.0,,ORPHA:98808,1.0,0.0,,"[[""GENE:NR4A2"", -1.0, 1.0]]",1,1,0,0.9994232502804609,grade
NR4A2,gene,NR4A2,NR4A2,cluster:ADH1C,depressed_mood,induces,monogenic,A,1.0,0.545,HPO genes_to_phenotype; diseases=OMIM:168600;ORPHA:98808,False,1.0,1.0,2.0,,OMIM:168600;ORPHA:98808,2.0,0.0,2009-02-17,"[[""GENE:NR4A2"", -1.0, 1.0]]",2,2,0,0.9998915873699763,grade
NR4A2,gene,NR4A2,NR4A2,cluster:ADH1C,cognitive_impairment,induces,monogenic,A,1.0,,HPO genes_to_phenotype; diseases=OMIM:168600,False,1.0,0.0,1.0,,OMIM:168600,1.0,0.0,2009-02-17,"[[""GENE:NR4A2"", -1.0, 1.0]]",1,1,0,0.9961871887065212,grade
NR4A2,gene,NR4A2,NR4A2,cluster:ADH1C,fatigue,induces,monogenic,A,1.0,0.545,HPO genes_to_phenotype; diseases=ORPHA:98808,False,0.0,1.0,1.0,,ORPHA:98808,1.0,0.0,,"[[""GENE:NR4A2"", -1.0, 1.0]]",1,1,0,0.9994232502804609,grade
OCA2,gene,OCA2,OCA2,cluster:ATP10A,cognitive_impairment,induces,monogenic,A,1.0,0.545,HPO genes_to_phenotype; diseases=ORPHA:98794,True,0.0,1.0,1.0,,ORPHA:98794,1.0,0.0,,"[[""GENE:OCA2"", -1.0, 1.0]]",1,1,0,0.9997730446598188,grade
OCA2,gene,OCA2,OCA2,cluster:ATP10A,psychosis,induces,monogenic,A,1.0,0.545,HPO genes_to_phenotype; diseases=ORPHA:177901;ORPHA:177904;ORPHA:98754,True,0.0,3.0,3.0,,ORPHA:177901;ORPHA:177904;ORPHA:98754,3.0,0.0,,"[[""GENE:OCA2"", -1.0, 1.0]]",3,3,0,0.9999803494075916,grade
OCRL,gene,OCRL,OCRL,cluster:OCRL,cognitive_impairment,induces,monogenic,A,1.0,,HPO genes_to_phenotype; diseases=OMIM:300555,True,1.0,0.0,1.0,,OMIM:300555,1.0,0.0,2012-10-14,"[[""GENE:OCRL"", -1.0, 1.0]]",1,1,0,0.997017116436691,grade
OCRL,gene,OCRL,OCRL,cluster:OCRL,anxiety,induces,monogenic,A,1.0,0.895,HPO genes_to_phenotype; diseases=ORPHA:534,True,0.0,1.0,1.0,,ORPHA:534,1.0,0.0,,"[[""GENE:OCRL"", -1.0, 1.0]]",1,1,0,0.9994232502804609,grade
OCRL,gene,OCRL,OCRL,cluster:OCRL,depressed_mood,induces,monogenic,A,1.0,0.895,HPO genes_to_phenotype; diseases=ORPHA:534,True,0.0,1.0,1.0,,ORPHA:534,1.0,0.0,,"[[""GENE:OCRL"", -1.0, 1.0]]",1,1,0,0.9994232502804609,grade
OCRL,gene,OCRL,OCRL,cluster:OCRL,irritability_or_aggression,induces,monogenic,A,1.0,,HPO genes_to_phenotype; diseases=OMIM:309000,True,1.0,0.0,1.0,,OMIM:309000,1.0,0.0,2010-06-20,"[[""GENE:OCRL"", -1.0, 1.0]]",1,1,0,0.9961871887065212,grade
ODC1,gene,ODC1,ODC1,cluster:ODC1,irritability_or_aggression,induces,monogenic,A,1.0,0.545,HPO genes_to_phenotype; diseases=OMIM:619075;ORPHA:544488,True,1.0,1.0,2.0,3.0,OMIM:619075;ORPHA:544488,2.0,1.0,2018-11-26,"[[""GENE:ODC1"", -1.0, 1.0]]",2,2,0,0.9999073592912551,grade
OPA1,gene,OPA1,OPA1,cluster:DNM1L,cognitive_impairment,induces,monogenic,A,0.25,0.025,HPO genes_to_phenotype; diseases=ORPHA:98673,False,0.0,1.0,2.0,,ORPHA:98673,1.0,0.0,,"[[""GENE:OPA1"", -1.0, 1.0]]",2,2,0,0.9997730446598188,grade
OPA1,gene,OPA1,OPA1,cluster:DNM1L,psychosis,induces,monogenic,A,0.25,0.025,HPO genes_to_phenotype; diseases=ORPHA:98673,False,0.0,1.0,1.0,,ORPHA:98673,1.0,0.0,,"[[""GENE:OPA1"", -1.0, 1.0]]",1,1,0,0.9997730446598188,grade
OPA1,gene,OPA1,OPA1,cluster:DNM1L,fatigue,induces,monogenic,A,1.0,0.545,HPO genes_to_phenotype; diseases=ORPHA:1215;ORPHA:98673,False,0.0,2.0,2.0,,ORPHA:1215;ORPHA:98673,2.0,0.0,,"[[""GENE:OPA1"", -1.0, 1.0]]",2,2,0,0.9999332144392659,grade
OTC,gene,OTC,OTC,cluster:OTC,cognitive_impairment,induces,monogenic,A,0.68,0.17,HPO genes_to_phenotype; diseases=ORPHA:664,True,0.0,1.0,1.0,,ORPHA:664,1.0,0.0,,"[[""GENE:OTC"", -1.0, 1.0]]",1,1,0,0.9994232502804609,grade
OTC,gene,OTC,OTC,cluster:OTC,irritability_or_aggression,induces,monogenic,A,0.9855072463768116,0.2463768115942029,HPO genes_to_phenotype; diseases=OMIM:311250,True,1.0,0.0,1.0,69.0,OMIM:311250,1.0,1.0,2009-02-17,"[[""GENE:OTC"", -1.0, 1.0]]",1,1,0,0.9976668184004441,grade
OTC,gene,OTC,OTC,cluster:OTC,anxiety,induces,monogenic,A,0.68,0.17,HPO genes_to_phenotype; diseases=ORPHA:664,True,0.0,1.0,1.0,,ORPHA:664,1.0,0.0,,"[[""GENE:OTC"", -1.0, 1.0]]",1,1,0,0.9994232502804609,grade
OTC,gene,OTC,OTC,cluster:OTC,depressed_mood,induces,monogenic,A,0.68,0.17,HPO genes_to_phenotype; diseases=ORPHA:664,True,0.0,1.0,1.0,,ORPHA:664,1.0,0.0,,"[[""GENE:OTC"", -1.0, 1.0]]",1,1,0,0.9994232502804609,grade
OTX2,gene,OTX2,OTX2,cluster:ARNT2,fatigue,induces,monogenic,A,1.0,0.545,HPO genes_to_phenotype; diseases=ORPHA:3157;ORPHA:95494,False,0.0,2.0,2.0,,ORPHA:3157;ORPHA:95494,2.0,0.0,,"[[""GENE:OTX2"", -1.0, 1.0]]",2,2,0,0.9999332144392659,grade
P2RY11,gene,P2RY11,P2RY11,cluster:BCL2,somnolence_or_hypersomnia,induces,monogenic,A,1.0,0.895,HPO genes_to_phenotype; diseases=ORPHA:2073,False,0.0,1.0,1.0,,ORPHA:2073,1.0,0.0,,"[[""GENE:P2RY11"", -1.0, 1.0]]",1,1,0,0.9997730446598188,grade
P2RY11,gene,P2RY11,P2RY11,cluster:BCL2,cognitive_impairment,induces,monogenic,A,1.0,0.895,HPO genes_to_phenotype; diseases=ORPHA:2073,False,0.0,1.0,1.0,,ORPHA:2073,1.0,0.0,,"[[""GENE:P2RY11"", -1.0, 1.0]]",1,1,0,0.9997730446598188,grade
P2RY11,gene,P2RY11,P2RY11,cluster:BCL2,psychosis,induces,monogenic,A,1.0,0.895,HPO genes_to_phenotype; diseases=ORPHA:2073,False,0.0,1.0,2.0,,ORPHA:2073,1.0,0.0,,"[[""GENE:P2RY11"", -1.0, 1.0]]",2,2,0,0.9997730446598188,grade
P2RY11,gene,P2RY11,P2RY11,cluster:BCL2,anxiety,induces,monogenic,A,1.0,0.545,HPO genes_to_phenotype; diseases=ORPHA:2073,False,0.0,1.0,1.0,,ORPHA:2073,1.0,0.0,,"[[""GENE:P2RY11"", -1.0, 1.0]]",1,1,0,0.9997730446598188,grade
P2RY11,gene,P2RY11,P2RY11,cluster:BCL2,depressed_mood,induces,monogenic,A,0.68,0.17,HPO genes_to_phenotype; diseases=ORPHA:2073,False,0.0,1.0,1.0,,ORPHA:2073,1.0,0.0,,"[[""GENE:P2RY11"", -1.0, 1.0]]",1,1,0,0.9997730446598188,grade
P2RY11,gene,P2RY11,P2RY11,cluster:BCL2,psychomotor_agitation,induces,monogenic,A,0.68,0.17,HPO genes_to_phenotype; diseases=ORPHA:2073,False,0.0,1.0,1.0,,ORPHA:2073,1.0,0.0,,"[[""GENE:P2RY11"", -1.0, 1.0]]",1,1,0,0.9997730446598188,grade
PRDX1,gene,PRDX1,PRDX1,cluster:MMACHC,cognitive_impairment,induces,monogenic,A,1.0,,HPO genes_to_phenotype; diseases=OMIM:277400,True,1.0,0.0,3.0,,OMIM:277400,1.0,0.0,2009-02-17,"[[""GENE:PRDX1"", -1.0, 1.0]]",3,3,0,0.999631621434846,grade
PAH,gene,PAH,PAH,cluster:PAH,irritability_or_aggression,induces,monogenic,A,1.0,,HPO genes_to_phenotype; diseases=OMIM:261600,True,1.0,0.0,2.0,,OMIM:261600,1.0,0.0,2012-11-20,"[[""GENE:PAH"", -1.0, 1.0]]",2,2,0,0.9997120224657162,grade
PAH,gene,PAH,PAH,cluster:PAH,anxiety,induces,monogenic,A,1.0,,HPO genes_to_phenotype; diseases=OMIM:261600,True,1.0,0.0,1.0,,OMIM:261600,1.0,0.0,2012-11-20,"[[""GENE:PAH"", -1.0, 1.0]]",1,1,0,0.9997120224657162,grade
PAH,gene,PAH,PAH,cluster:PAH,depressed_mood,induces,monogenic,A,1.0,,HPO genes_to_phenotype; diseases=OMIM:261600,True,1.0,0.0,1.0,,OMIM:261600,1.0,0.0,2015-12-30,"[[""GENE:PAH"", -1.0, 1.0]]",1,1,0,0.9997120224657162,grade
PAH,gene,PAH,PAH,cluster:PAH,psychosis,induces,monogenic,A,1.0,,HPO genes_to_phenotype; diseases=OMIM:261600,True,1.0,0.0,1.0,,OMIM:261600,1.0,0.0,2012-11-20,"[[""GENE:PAH"", -1.0, 1.0]]",1,1,0,0.9997120224657162,grade
PAK3,gene,PAK3,PAK3,cluster:PAK3,anxiety,induces,monogenic,A,0.8,0.2,HPO genes_to_phenotype; diseases=OMIM:300558,False,1.0,0.0,1.0,5.0,OMIM:300558,1.0,1.0,2009-02-17,"[[""GENE:PAK3"", -1.0, 1.0]]",1,1,0,0.9997099799437312,grade
PAK3,gene,PAK3,PAK3,cluster:PAK3,cognitive_impairment,induces,monogenic,A,1.0,0.6,HPO genes_to_phenotype; diseases=OMIM:300558,False,1.0,0.0,1.0,5.0,OMIM:300558,1.0,1.0,2009-02-17,"[[""GENE:PAK3"", -1.0, 1.0]]",1,1,0,0.9997099799437312,grade
PAK3,gene,PAK3,PAK3,cluster:PAK3,irritability_or_aggression,induces,monogenic,A,1.0,0.8,HPO genes_to_phenotype; diseases=OMIM:300558,False,1.0,0.0,1.0,5.0,OMIM:300558,1.0,1.0,2009-02-17,"[[""GENE:PAK3"", -1.0, 1.0]]",1,1,0,0.9997099799437312,grade
PAK3,gene,PAK3,PAK3,cluster:PAK3,psychomotor_agitation,induces,monogenic,A,1.0,0.4,HPO genes_to_phenotype; diseases=OMIM:300558,False,1.0,0.0,2.0,10.0,OMIM:300558,1.0,1.0,2009-02-17,"[[""GENE:PAK3"", -1.0, 1.0]]",2,2,0,0.9997099799437312,grade
PAK3,gene,PAK3,PAK3,cluster:PAK3,psychosis,induces,monogenic,A,0.8,0.2,HPO genes_to_phenotype; diseases=OMIM:300558,False,1.0,0.0,1.0,5.0,OMIM:300558,1.0,1.0,2009-02-17,"[[""GENE:PAK3"", -1.0, 1.0]]",1,1,0,0.9997099799437312,grade
PRKN,gene,PRKN,PRKN,cluster:ADH1C,anxiety,induces,monogenic,A,0.68,0.17,HPO genes_to_phenotype; diseases=ORPHA:2828,True,0.0,1.0,2.0,,ORPHA:2828,1.0,0.0,,"[[""GENE:PRKN"", -1.0, 1.0]]",2,2,0,0.9994232502804609,grade
PRKN,gene,PRKN,PRKN,cluster:ADH1C,cognitive_impairment,induces,monogenic,A,0.68,0.17,HPO genes_to_phenotype; diseases=OMIM:600116;ORPHA:2828,True,1.0,1.0,5.0,10.0,OMIM:600116;ORPHA:2828,2.0,1.0,2005-11-22,"[[""GENE:PRKN"", -1.0, 1.0]]",5,4,1,0.9994776268485559,grade
PRKN,gene,PRKN,PRKN,cluster:ADH1C,insomnia,induces,monogenic,A,0.68,0.17,HPO genes_to_phenotype; diseases=ORPHA:2828,True,0.0,1.0,1.0,,ORPHA:2828,1.0,0.0,,"[[""GENE:PRKN"", -1.0, 1.0]]",1,1,0,0.9994232502804609,grade
PRKN,gene,PRKN,PRKN,cluster:ADH1C,psychosis,induces,monogenic,A,1.0,0.545,HPO genes_to_phenotype; diseases=ORPHA:2828,True,0.0,1.0,1.0,,ORPHA:2828,1.0,0.0,,"[[""GENE:PRKN"", -1.0, 1.0]]",1,1,0,0.9994232502804609,grade
PRKN,gene,PRKN,PRKN,cluster:ADH1C,depressed_mood,induces,monogenic,A,1.0,0.545,HPO genes_to_phenotype; diseases=ORPHA:2828,True,0.0,1.0,1.0,,ORPHA:2828,1.0,0.0,,"[[""GENE:PRKN"", -1.0, 1.0]]",1,1,0,0.9994232502804609,grade
PRKN,gene,PRKN,PRKN,cluster:ADH1C,psychomotor_agitation,induces,monogenic,A,0.25,0.025,HPO genes_to_phenotype; diseases=ORPHA:2828,True,0.0,1.0,1.0,,ORPHA:2828,1.0,0.0,,"[[""GENE:PRKN"", -1.0, 1.0]]",1,1,0,0.9994232502804609,grade
PARN,gene,PARN,PARN,cluster:ABCA3,fatigue,induces,monogenic,A,1.0,0.545,HPO genes_to_phenotype; diseases=ORPHA:2032,False,0.0,1.0,1.0,,ORPHA:2032,1.0,0.0,,"[[""GENE:PARN"", -1.0, 1.0]]",1,1,0,0.9997730446598188,grade
PAX2,gene,PAX2,PAX2,cluster:PAX2,irritability_or_aggression,induces,monogenic,A,0.68,0.17,HPO genes_to_phenotype; diseases=ORPHA:656,False,0.0,1.0,1.0,,ORPHA:656,1.0,0.0,,"[[""GENE:PAX2"", -1.0, 1.0]]",1,1,0,0.9997730446598188,grade
PCBD1,gene,PCBD1,PCBD1,cluster:PCBD1,irritability_or_aggression,induces,monogenic,A,0.68,0.17,HPO genes_to_phenotype; diseases=ORPHA:1578,True,0.0,1.0,1.0,,ORPHA:1578,1.0,0.0,,"[[""GENE:PCBD1"", -1.0, 1.0]]",1,1,0,0.9997730446598188,grade
PCNT,gene,PCNT,PCNT,cluster:ATR,cognitive_impairment,induces,monogenic,A,1.0,0.895,HPO genes_to_phenotype; diseases=ORPHA:808,False,0.0,1.0,1.0,,ORPHA:808,1.0,0.0,,"[[""GENE:PCNT"", -1.0, 1.0]]",1,1,0,0.9997730446598188,grade
PDCD1,gene,PDCD1,PDCD1,cluster:PDCD1,depressed_mood,induces,monogenic,A,0.68,0.17,HPO genes_to_phenotype; diseases=ORPHA:536,False,0.0,1.0,1.0,,ORPHA:536,1.0,0.0,,"[[""GENE:PDCD1"", -1.0, 1.0]]",1,1,0,0.9997730446598188,grade
PDCD1,gene,PDCD1,PDCD1,cluster:PDCD1,fatigue,induces,monogenic,A,1.0,0.895,HPO genes_to_phenotype; diseases=ORPHA:536,False,0.0,1.0,1.0,,ORPHA:536,1.0,0.0,,"[[""GENE:PDCD1"", -1.0, 1.0]]",1,1,0,0.9997730446598188,grade
PDE2A,gene,PDE2A,PDE2A,cluster:PDE2A,insomnia,induces,monogenic,A,1.0,0.5,HPO genes_to_phenotype; diseases=OMIM:619150,True,1.0,0.0,1.0,2.0,OMIM:619150,1.0,1.0,2020-03-20,"[[""GENE:PDE2A"", -1.0, 1.0]]",1,1,0,0.9996663476591036,grade
PDE2A,gene,PDE2A,PDE2A,cluster:PDE2A,irritability_or_aggression,induces,monogenic,A,1.0,0.5,HPO genes_to_phenotype; diseases=OMIM:619150,True,1.0,0.0,1.0,2.0,OMIM:619150,1.0,1.0,2020-03-20,"[[""GENE:PDE2A"", -1.0, 1.0]]",1,1,0,0.9996663476591036,grade
PDGFB,gene,PDGFB,PDGFB,cluster:ABCA3,cognitive_impairment,induces,monogenic,A,1.0,0.545,HPO genes_to_phenotype; diseases=OMIM:213600;OMIM:615483;ORPHA:1980;ORPHA:2495,False,2.0,2.0,11.0,62.0,OMIM:213600;OMIM:615483;ORPHA:1980;ORPHA:2495,4.0,1.0,2009-02-17,"[[""GENE:PDGFB"", -1.0, 1.0]]",11,11,0,0.9999906901612082,grade
PDGFB,gene,PDGFB,PDGFB,cluster:ABCA3,somnolence_or_hypersomnia,induces,monogenic,A,0.25,0.025,HPO genes_to_phenotype; diseases=ORPHA:2495,False,0.0,1.0,1.0,,ORPHA:2495,1.0,0.0,,"[[""GENE:PDGFB"", -1.0, 1.0]]",1,1,0,0.9994232502804609,grade
PDGFB,gene,PDGFB,PDGFB,cluster:ABCA3,anxiety,induces,monogenic,A,1.0,0.545,HPO genes_to_phenotype; diseases=OMIM:615483;ORPHA:1980,False,1.0,1.0,2.0,31.0,OMIM:615483;ORPHA:1980,2.0,1.0,2013-11-18,"[[""GENE:PDGFB"", -1.0, 1.0]]",2,2,0,0.9999337544286306,grade
PDGFB,gene,PDGFB,PDGFB,cluster:ABCA3,depressed_mood,induces,monogenic,A,0.5161290322580645,0.12903225806451613,HPO genes_to_phenotype; diseases=OMIM:213600;OMIM:615483,False,2.0,0.0,2.0,31.0,OMIM:213600;OMIM:615483,2.0,1.0,2009-02-17,"[[""GENE:PDGFB"", -1.0, 1.0]]",2,2,0,0.9988842518793823,grade
PDGFB,gene,PDGFB,PDGFB,cluster:ABCA3,psychosis,induces,monogenic,A,1.0,0.545,HPO genes_to_phenotype; diseases=OMIM:213600;OMIM:615483;ORPHA:1980,False,2.0,1.0,3.0,31.0,OMIM:213600;OMIM:615483;ORPHA:1980,3.0,1.0,2009-02-17,"[[""GENE:PDGFB"", -1.0, 1.0]]",3,3,0,0.9999683582960779,grade
PDGFRA,gene,PDGFRA,PDGFRA,cluster:ABCA3,fatigue,induces,monogenic,A,1.0,0.545,HPO genes_to_phenotype; diseases=ORPHA:44890,False,0.0,1.0,1.0,,ORPHA:44890,1.0,0.0,,"[[""GENE:PDGFRA"", -1.0, 1.0]]",1,1,0,0.9997730446598188,grade
PDGFRB,gene,PDGFRB,PDGFRB,cluster:ABCA3,cognitive_impairment,induces,monogenic,A,1.0,0.545,HPO genes_to_phenotype; diseases=OMIM:213600;OMIM:615007;ORPHA:1980,False,2.0,1.0,6.0,13.0,OMIM:213600;OMIM:615007;ORPHA:1980,3.0,1.0,2009-02-17,"[[""GENE:PDGFRB"", -1.0, 1.0]]",6,6,0,0.9999656541564188,grade
PDGFRB,gene,PDGFRB,PDGFRB,cluster:ABCA3,psychosis,induces,monogenic,A,1.0,0.545,HPO genes_to_phenotype; diseases=OMIM:213600;OMIM:616592;ORPHA:1980,False,2.0,1.0,3.0,2.0,OMIM:213600;OMIM:616592;ORPHA:1980,3.0,1.0,2009-02-17,"[[""GENE:PDGFRB"", -1.0, 1.0]]",3,3,0,0.999953099300791,grade
PDGFRB,gene,PDGFRB,PDGFRB,cluster:ABCA3,anxiety,induces,monogenic,A,1.0,0.545,HPO genes_to_phenotype; diseases=OMIM:616592;ORPHA:1980,False,1.0,1.0,2.0,2.0,OMIM:616592;ORPHA:1980,2.0,1.0,2015-10-16,"[[""GENE:PDGFRB"", -1.0, 1.0]]",2,2,0,0.9999018095935599,grade
PDGFRB,gene,PDGFRB,PDGFRB,cluster:ABCA3,depressed_mood,induces,monogenic,A,1.0,0.5,HPO genes_to_phenotype; diseases=OMIM:213600;OMIM:615007;OMIM:616592,False,3.0,0.0,3.0,2.0,OMIM:213600;OMIM:615007;OMIM:616592,3.0,0.0,2009-02-17,"[[""GENE:PDGFRB"", -1.0, 1.0]]",3,3,0,0.9992695970463965,grade
PDHA1,gene,PDHA1,PDHA1,cluster:PDHA1,irritability_or_aggression,induces,monogenic,A,1.0,1.0,HPO genes_to_phenotype; diseases=OMIM:312170,True,1.0,0.0,1.0,1.0,OMIM:312170,1.0,1.0,2006-10-01,"[[""GENE:PDHA1"", -1.0, 1.0]]",1,1,0,0.99963784265969,grade
ENPP1,gene,ENPP1,ENPP1,cluster:ABCC6,irritability_or_aggression,induces,monogenic,A,0.68,0.17,HPO genes_to_phenotype; diseases=ORPHA:51608,True,0.0,1.0,1.0,,ORPHA:51608,1.0,0.0,,"[[""GENE:ENPP1"", -1.0, 1.0]]",1,1,0,0.9997730446598188,grade
SLC26A4,gene,SLC26A4,SLC26A4,cluster:ACTC1,somnolence_or_hypersomnia,induces,monogenic,A,1.0,0.895,HPO genes_to_phenotype; diseases=ORPHA:95713,True,0.0,1.0,1.0,,ORPHA:95713,1.0,0.0,,"[[""GENE:SLC26A4"", -1.0, 1.0]]",1,1,0,0.9997730446598188,grade
SLC26A4,gene,SLC26A4,SLC26A4,cluster:ACTC1,fatigue,induces,monogenic,A,1.0,0.895,HPO genes_to_phenotype; diseases=ORPHA:95713;ORPHA:95720,True,0.0,2.0,2.0,,ORPHA:95713;ORPHA:95720,2.0,0.0,,"[[""GENE:SLC26A4"", -1.0, 1.0]]",2,2,0,0.9999332144392659,grade
PEX1,gene,PEX1,PEX1,cluster:PEX1,cognitive_impairment,induces,monogenic,A,1.0,0.895,HPO genes_to_phenotype; diseases=ORPHA:912,False,0.0,1.0,1.0,,ORPHA:912,1.0,0.0,,"[[""GENE:PEX1"", -1.0, 1.0]]",1,1,0,0.9997730446598188,grade
PEX6,gene,PEX6,PEX6,cluster:PEX1,cognitive_impairment,induces,monogenic,A,1.0,0.895,HPO genes_to_phenotype; diseases=ORPHA:912,False,0.0,1.0,1.0,,ORPHA:912,1.0,0.0,,"[[""GENE:PEX6"", -1.0, 1.0]]",1,1,0,0.9997730446598188,grade
PEX10,gene,PEX10,PEX10,cluster:PEX1,cognitive_impairment,induces,monogenic,A,1.0,0.895,HPO genes_to_phenotype; diseases=ORPHA:912,False,0.0,1.0,1.0,,ORPHA:912,1.0,0.0,,"[[""GENE:PEX10"", -1.0, 1.0]]",1,1,0,0.9997730446598188,grade
PEX12,gene,PEX12,PEX12,cluster:PEX1,cognitive_impairment,induces,monogenic,A,1.0,0.895,HPO genes_to_phenotype; diseases=ORPHA:912,False,0.0,1.0,1.0,,ORPHA:912,1.0,0.0,,"[[""GENE:PEX12"", -1.0, 1.0]]",1,1,0,0.9997730446598188,grade
PEX13,gene,PEX13,PEX13,cluster:PEX1,cognitive_impairment,induces,monogenic,A,1.0,0.895,HPO genes_to_phenotype; diseases=ORPHA:912,False,0.0,1.0,1.0,,ORPHA:912,1.0,0.0,,"[[""GENE:PEX13"", -1.0, 1.0]]",1,1,0,0.9997730446598188,grade
PEX14,gene,PEX14,PEX14,cluster:PEX1,cognitive_impairment,induces,monogenic,A,1.0,0.895,HPO genes_to_phenotype; diseases=ORPHA:912,False,0.0,1.0,1.0,,ORPHA:912,1.0,0.0,,"[[""GENE:PEX14"", -1.0, 1.0]]",1,1,0,0.9997730446598188,grade
ATP8B1,gene,ATP8B1,ATP8B1,cluster:ABCB11,insomnia,induces,monogenic,A,1.0,0.545,HPO genes_to_phenotype; diseases=ORPHA:69665,True,0.0,1.0,1.0,,ORPHA:69665,1.0,0.0,,"[[""GENE:ATP8B1"", -1.0, 1.0]]",1,1,0,0.9997730446598188,grade
ATP8B1,gene,ATP8B1,ATP8B1,cluster:ABCB11,depressed_mood,induces,monogenic,A,0.68,0.17,HPO genes_to_phenotype; diseases=ORPHA:69665,True,0.0,1.0,1.0,,ORPHA:69665,1.0,0.0,,"[[""GENE:ATP8B1"", -1.0, 1.0]]",1,1,0,0.9997730446598188,grade
PFN1,gene,PFN1,PFN1,cluster:PFN1,cognitive_impairment,induces,monogenic,A,1.0,0.545,HPO genes_to_phenotype; diseases=ORPHA:803,False,0.0,1.0,2.0,,ORPHA:803,1.0,0.0,,"[[""GENE:PFN1"", -1.0, 1.0]]",2,2,0,0.9997730446598188,grade
PFN1,gene,PFN1,PFN1,cluster:PFN1,anxiety,induces,monogenic,A,1.0,0.545,HPO genes_to_phenotype; diseases=ORPHA:803,False,0.0,1.0,1.0,,ORPHA:803,1.0,0.0,,"[[""GENE:PFN1"", -1.0, 1.0]]",1,1,0,0.9997730446598188,grade
PFN1,gene,PFN1,PFN1,cluster:PFN1,depressed_mood,induces,monogenic,A,1.0,0.545,HPO genes_to_phenotype; diseases=ORPHA:803,False,0.0,1.0,1.0,,ORPHA:803,1.0,0.0,,"[[""GENE:PFN1"", -1.0, 1.0]]",1,1,0,0.9997730446598188,grade
PFN1,gene,PFN1,PFN1,cluster:PFN1,fatigue,induces,monogenic,A,1.0,0.545,HPO genes_to_phenotype; diseases=ORPHA:803,False,0.0,1.0,1.0,,ORPHA:803,1.0,0.0,,"[[""GENE:PFN1"", -1.0, 1.0]]",1,1,0,0.9997730446598188,grade
PGM1,gene,PGM1,PGM1,cluster:PGM1,fatigue,induces,monogenic,A,0.9230769230769231,0.23076923076923078,HPO genes_to_phenotype; diseases=OMIM:614921,True,1.0,0.0,1.0,13.0,OMIM:614921,2.0,2.0,2012-04-05,"[[""GENE:PGM1"", -1.0, 1.0]]",1,1,0,0.9997556443495205,grade
ABCB1,gene,ABCB1,ABCB1,cluster:ABCB1,psychosis,induces,monogenic,A,1.0,1.0,HPO genes_to_phenotype; diseases=OMIM:620950,True,1.0,0.0,1.0,2.0,OMIM:620950,1.0,1.0,2020-07-05,"[[""GENE:ABCB1"", -1.0, 1.0]]",1,1,0,0.9996663476591036,grade
ABCB4,gene,ABCB4,ABCB4,cluster:ABCB11,insomnia,induces,monogenic,A,1.0,0.545,HPO genes_to_phenotype; diseases=ORPHA:69665,True,0.0,1.0,1.0,,ORPHA:69665,1.0,0.0,,"[[""GENE:ABCB4"", -1.0, 1.0]]",1,1,0,0.9997730446598188,grade
ABCB4,gene,ABCB4,ABCB4,cluster:ABCB11,depressed_mood,induces,monogenic,A,0.68,0.17,HPO genes_to_phenotype; diseases=ORPHA:69665,True,0.0,1.0,1.0,,ORPHA:69665,1.0,0.0,,"[[""GENE:ABCB4"", -1.0, 1.0]]",1,1,0,0.9997730446598188,grade
PHEX,gene,PHEX,PHEX,cluster:PHEX,fatigue,induces,monogenic,A,0.68,0.17,HPO genes_to_phenotype; diseases=ORPHA:89936,False,0.0,1.0,1.0,,ORPHA:89936,1.0,0.0,,"[[""GENE:PHEX"", -1.0, 1.0]]",1,1,0,0.9997730446598188,grade
PHKA1,gene,PHKA1,PHKA1,cluster:PHKA1,fatigue,induces,monogenic,A,1.0,0.545,HPO genes_to_phenotype; diseases=ORPHA:715,True,0.0,1.0,1.0,,ORPHA:715,1.0,0.0,,"[[""GENE:PHKA1"", -1.0, 1.0]]",1,1,0,0.9997730446598188,grade
PHKA2,gene,PHKA2,PHKA2,cluster:PHKA2,fatigue,induces,monogenic,A,0.8,0.2,HPO genes_to_phenotype; diseases=OMIM:306000;ORPHA:264580,True,1.0,1.0,2.0,15.0,OMIM:306000;ORPHA:264580,2.0,1.0,2007-08-03,"[[""GENE:PHKA2"", -1.0, 1.0]]",2,2,0,0.9999300091111867,grade
PHKB,gene,PHKB,PHKB,cluster:PHKB,fatigue,induces,monogenic,A,0.68,0.17,HPO genes_to_phenotype; diseases=ORPHA:79240,True,0.0,1.0,1.0,,ORPHA:79240,1.0,0.0,,"[[""GENE:PHKB"", -1.0, 1.0]]",1,1,0,0.9997730446598188,grade
PHKG1,gene,PHKG1,PHKG1,cluster:PHKA1,fatigue,induces,monogenic,A,1.0,0.545,HPO genes_to_phenotype; diseases=ORPHA:715,True,0.0,1.0,1.0,,ORPHA:715,1.0,0.0,,"[[""GENE:PHKG1"", -1.0, 1.0]]",1,1,0,0.9997730446598188,grade
PHKG2,gene,PHKG2,PHKG2,cluster:PHKA2,fatigue,induces,monogenic,A,0.68,0.17,HPO genes_to_phenotype; diseases=ORPHA:264580,True,0.0,1.0,1.0,,ORPHA:264580,1.0,0.0,,"[[""GENE:PHKG2"", -1.0, 1.0]]",1,1,0,0.9997730446598188,grade
SERPINA1,gene,SERPINA1,SERPINA1,cluster:BAZ1B,anxiety,induces,monogenic,A,0.68,0.17,HPO genes_to_phenotype; diseases=ORPHA:586,True,0.0,1.0,1.0,,ORPHA:586,1.0,0.0,,"[[""GENE:SERPINA1"", -1.0, 1.0]]",1,1,0,0.9997730446598188,grade
SERPINA1,gene,SERPINA1,SERPINA1,cluster:BAZ1B,depressed_mood,induces,monogenic,A,0.68,0.17,HPO genes_to_phenotype; diseases=ORPHA:586,True,0.0,1.0,1.0,,ORPHA:586,1.0,0.0,,"[[""GENE:SERPINA1"", -1.0, 1.0]]",1,1,0,0.9997730446598188,grade
SERPINI1,gene,SERPINI1,SERPINI1,cluster:SERPINI1,cognitive_impairment,induces,monogenic,A,1.0,,HPO genes_to_phenotype; diseases=OMIM:604218,False,1.0,0.0,1.0,,OMIM:604218,1.0,0.0,2010-06-19,"[[""GENE:SERPINI1"", -1.0, 1.0]]",1,1,0,0.999631621434846,grade
PIGA,gene,PIGA,PIGA,cluster:ABCA3,cognitive_impairment,induces,monogenic,A,1.0,0.895,HPO genes_to_phenotype; diseases=ORPHA:293181,True,0.0,1.0,1.0,,ORPHA:293181,1.0,0.0,,"[[""GENE:PIGA"", -1.0, 1.0]]",1,1,0,0.9997730446598188,grade
PIGH,gene,PIGH,PIGH,cluster:PIGH,irritability_or_aggression,induces,monogenic,A,1.0,1.0,HPO genes_to_phenotype; diseases=OMIM:618010,True,1.0,0.0,1.0,2.0,OMIM:618010,1.0,1.0,2018-03-30,"[[""GENE:PIGH"", -1.0, 1.0]]",1,1,0,0.9996663476591036,grade
PIK3CA,gene,PIK3CA,PIK3CA,cluster:ABCA3,somnolence_or_hypersomnia,induces,monogenic,A,0.25,0.025,HPO genes_to_phenotype; diseases=ORPHA:2495,True,0.0,1.0,1.0,,ORPHA:2495,1.0,0.0,,"[[""GENE:PIK3CA"", -1.0, 1.0]]",1,1,0,0.9997730446598188,grade
PIK3CA,gene,PIK3CA,PIK3CA,cluster:ABCA3,cognitive_impairment,induces,monogenic,A,0.68,0.17,HPO genes_to_phenotype; diseases=ORPHA:144;ORPHA:221061;ORPHA:2495,True,0.0,3.0,5.0,,ORPHA:144;ORPHA:221061;ORPHA:2495,3.0,0.0,,"[[""GENE:PIK3CA"", -1.0, 1.0]]",5,5,0,0.9999803494075916,grade
PIK3CA,gene,PIK3CA,PIK3CA,cluster:ABCA3,psychosis,induces,monogenic,A,0.68,0.17,HPO genes_to_phenotype; diseases=ORPHA:144,True,0.0,1.0,1.0,,ORPHA:144,1.0,0.0,,"[[""GENE:PIK3CA"", -1.0, 1.0]]",1,1,0,0.9997730446598188,grade
PIK3CA,gene,PIK3CA,PIK3CA,cluster:ABCA3,irritability_or_aggression,induces,monogenic,A,1.0,0.545,HPO genes_to_phenotype; diseases=ORPHA:144,True,0.0,1.0,1.0,,ORPHA:144,1.0,0.0,,"[[""GENE:PIK3CA"", -1.0, 1.0]]",1,1,0,0.9997730446598188,grade
PIK3CA,gene,PIK3CA,PIK3CA,cluster:ABCA3,anxiety,induces,monogenic,A,1.0,0.545,HPO genes_to_phenotype; diseases=ORPHA:144,True,0.0,1.0,1.0,,ORPHA:144,1.0,0.0,,"[[""GENE:PIK3CA"", -1.0, 1.0]]",1,1,0,0.9997730446598188,grade
PIK3CA,gene,PIK3CA,PIK3CA,cluster:ABCA3,depressed_mood,induces,monogenic,A,1.0,0.545,HPO genes_to_phenotype; diseases=ORPHA:144,True,0.0,1.0,1.0,,ORPHA:144,1.0,0.0,,"[[""GENE:PIK3CA"", -1.0, 1.0]]",1,1,0,0.9997730446598188,grade
PIK3CA,gene,PIK3CA,PIK3CA,cluster:ABCA3,fatigue,induces,monogenic,A,1.0,0.895,HPO genes_to_phenotype; diseases=ORPHA:144,True,0.0,1.0,1.0,,ORPHA:144,1.0,0.0,,"[[""GENE:PIK3CA"", -1.0, 1.0]]",1,1,0,0.9997730446598188,grade
PIK3CD,gene,PIK3CD,PIK3CD,cluster:BLNK,fatigue,induces,monogenic,A,1.0,0.895,HPO genes_to_phenotype; diseases=ORPHA:33110,True,0.0,1.0,1.0,,ORPHA:33110,1.0,0.0,,"[[""GENE:PIK3CD"", -1.0, 1.0]]",1,1,0,0.9997730446598188,grade
PIK3CG,gene,PIK3CG,PIK3CG,cluster:PIK3CG,fatigue,induces,monogenic,A,1.0,1.0,HPO genes_to_phenotype; diseases=OMIM:619802,True,1.0,0.0,1.0,1.0,OMIM:619802,1.0,1.0,2019-09-25,"[[""GENE:PIK3CG"", -1.0, 1.0]]",1,1,0,0.99963784265969,grade
PIK3R1,gene,PIK3R1,PIK3R1,cluster:BLNK,fatigue,induces,monogenic,A,1.0,0.895,HPO genes_to_phenotype; diseases=ORPHA:33110,True,0.0,1.0,1.0,,ORPHA:33110,1.0,0.0,,"[[""GENE:PIK3R1"", -1.0, 1.0]]",1,1,0,0.9997730446598188,grade
PI4KA,gene,PI4KA,PI4KA,cluster:PI4KA,cognitive_impairment,induces,monogenic,A,1.0,0.5,HPO genes_to_phenotype; diseases=OMIM:619621,True,1.0,0.0,1.0,2.0,OMIM:619621,1.0,1.0,2021-10-22,"[[""GENE:PI4KA"", -1.0, 1.0]]",1,1,0,0.9996663476591036,grade
PITX2,gene,PITX2,PITX2,cluster:PITX2,fatigue,induces,monogenic,A,1.0,0.545,HPO genes_to_phenotype; diseases=ORPHA:334,False,0.0,1.0,1.0,,ORPHA:334,1.0,0.0,,"[[""GENE:PITX2"", -1.0, 1.0]]",1,1,0,0.9997730446598188,grade
PKHD1,gene,PKHD1,PKHD1,cluster:PKHD1,cognitive_impairment,induces,monogenic,A,0.25,0.025,HPO genes_to_phenotype; diseases=ORPHA:731,False,0.0,1.0,1.0,,ORPHA:731,1.0,0.0,,"[[""GENE:PKHD1"", -1.0, 1.0]]",1,1,0,0.9997730446598188,grade
PLAU,gene,PLAU,PLAU,cluster:ADH1C,cognitive_impairment,induces,monogenic,A,1.0,,HPO genes_to_phenotype; diseases=OMIM:104300,False,1.0,0.0,1.0,,OMIM:104300,1.0,0.0,2010-06-20,"[[""GENE:PLAU"", -1.0, 1.0]]",1,1,0,0.9997120224657162,grade
PLEC,gene,PLEC,PLEC,cluster:PLEC,fatigue,induces,monogenic,A,0.68,0.17,HPO genes_to_phenotype; diseases=ORPHA:257,False,0.0,1.0,1.0,,ORPHA:257,1.0,0.0,,"[[""GENE:PLEC"", -1.0, 1.0]]",1,1,0,0.9997730446598188,grade
PLN,gene,PLN,PLN,cluster:PLN,fatigue,induces,monogenic,A,1.0,0.545,HPO genes_to_phenotype; diseases=ORPHA:154,False,0.0,1.0,1.0,,ORPHA:154,1.0,0.0,,"[[""GENE:PLN"", -1.0, 1.0]]",1,1,0,0.9997730446598188,grade
PLP1,gene,PLP1,PLP1,cluster:PLP1,cognitive_impairment,induces,monogenic,A,1.0,1.0,HPO genes_to_phenotype; diseases=OMIM:312080;ORPHA:280219;ORPHA:280229,False,1.0,2.0,4.0,1.0,OMIM:312080;ORPHA:280219;ORPHA:280229,4.0,2.0,2012-04-24,"[[""GENE:PLP1"", -1.0, 1.0]]",4,4,0,0.99998050829833,grade
PLP1,gene,PLP1,PLP1,cluster:PLP1,depressed_mood,induces,monogenic,A,1.0,1.0,HPO genes_to_phenotype; diseases=OMIM:312080,False,1.0,0.0,1.0,1.0,OMIM:312080,1.0,1.0,2022-03-23,"[[""GENE:PLP1"", -1.0, 1.0]]",1,1,0,0.9962513618179513,grade
PML,gene,PML,PML,cluster:ABCA3,fatigue,induces,monogenic,A,1.0,0.545,HPO genes_to_phenotype; diseases=ORPHA:520,False,0.0,1.0,1.0,,ORPHA:520,1.0,0.0,,"[[""GENE:PML"", -1.0, 1.0]]",1,1,0,0.9997730446598188,grade
PMS1,gene,PMS1,PMS1,cluster:ABCA3,cognitive_impairment,induces,monogenic,A,0.68,0.17,HPO genes_to_phenotype; diseases=ORPHA:144,False,0.0,1.0,1.0,,ORPHA:144,1.0,0.0,,"[[""GENE:PMS1"", -1.0, 1.0]]",1,1,0,0.9997730446598188,grade
PMS1,gene,PMS1,PMS1,cluster:ABCA3,psychosis,induces,monogenic,A,0.68,0.17,HPO genes_to_phenotype; diseases=ORPHA:144,False,0.0,1.0,1.0,,ORPHA:144,1.0,0.0,,"[[""GENE:PMS1"", -1.0, 1.0]]",1,1,0,0.9997730446598188,grade
PMS1,gene,PMS1,PMS1,cluster:ABCA3,irritability_or_aggression,induces,monogenic,A,1.0,0.545,HPO genes_to_phenotype; diseases=ORPHA:144,False,0.0,1.0,1.0,,ORPHA:144,1.0,0.0,,"[[""GENE:PMS1"", -1.0, 1.0]]",1,1,0,0.9997730446598188,grade
PMS1,gene,PMS1,PMS1,cluster:ABCA3,anxiety,induces,monogenic,A,1.0,0.545,HPO genes_to_phenotype; diseases=ORPHA:144,False,0.0,1.0,1.0,,ORPHA:144,1.0,0.0,,"[[""GENE:PMS1"", -1.0, 1.0]]",1,1,0,0.9997730446598188,grade
PMS1,gene,PMS1,PMS1,cluster:ABCA3,depressed_mood,induces,monogenic,A,1.0,0.545,HPO genes_to_phenotype; diseases=ORPHA:144,False,0.0,1.0,1.0,,ORPHA:144,1.0,0.0,,"[[""GENE:PMS1"", -1.0, 1.0]]",1,1,0,0.9997730446598188,grade
PMS1,gene,PMS1,PMS1,cluster:ABCA3,fatigue,induces,monogenic,A,1.0,0.895,HPO genes_to_phenotype; diseases=ORPHA:144,False,0.0,1.0,1.0,,ORPHA:144,1.0,0.0,,"[[""GENE:PMS1"", -1.0, 1.0]]",1,1,0,0.9997730446598188,grade
PMS2,gene,PMS2,PMS2,cluster:ABCA3,cognitive_impairment,induces,monogenic,A,0.68,0.17,HPO genes_to_phenotype; diseases=ORPHA:144,False,0.0,1.0,1.0,,ORPHA:144,1.0,0.0,,"[[""GENE:PMS2"", -1.0, 1.0]]",1,1,0,0.9997730446598188,grade
PMS2,gene,PMS2,PMS2,cluster:ABCA3,psychosis,induces,monogenic,A,0.68,0.17,HPO genes_to_phenotype; diseases=ORPHA:144,False,0.0,1.0,1.0,,ORPHA:144,1.0,0.0,,"[[""GENE:PMS2"", -1.0, 1.0]]",1,1,0,0.9997730446598188,grade
PMS2,gene,PMS2,PMS2,cluster:ABCA3,irritability_or_aggression,induces,monogenic,A,1.0,0.545,HPO genes_to_phenotype; diseases=ORPHA:144,False,0.0,1.0,1.0,,ORPHA:144,1.0,0.0,,"[[""GENE:PMS2"", -1.0, 1.0]]",1,1,0,0.9997730446598188,grade
PMS2,gene,PMS2,PMS2,cluster:ABCA3,anxiety,induces,monogenic,A,1.0,0.545,HPO genes_to_phenotype; diseases=ORPHA:144,False,0.0,1.0,1.0,,ORPHA:144,1.0,0.0,,"[[""GENE:PMS2"", -1.0, 1.0]]",1,1,0,0.9997730446598188,grade
PMS2,gene,PMS2,PMS2,cluster:ABCA3,depressed_mood,induces,monogenic,A,1.0,0.545,HPO genes_to_phenotype; diseases=ORPHA:144,False,0.0,1.0,1.0,,ORPHA:144,1.0,0.0,,"[[""GENE:PMS2"", -1.0, 1.0]]",1,1,0,0.9997730446598188,grade
PMS2,gene,PMS2,PMS2,cluster:ABCA3,fatigue,induces,monogenic,A,1.0,0.895,HPO genes_to_phenotype; diseases=ORPHA:144,False,0.0,1.0,1.0,,ORPHA:144,1.0,0.0,,"[[""GENE:PMS2"", -1.0, 1.0]]",1,1,0,0.9997730446598188,grade
PODXL,gene,PODXL,PODXL,cluster:ADH1C,anxiety,induces,monogenic,A,0.68,0.17,HPO genes_to_phenotype; diseases=ORPHA:2828,False,0.0,1.0,2.0,,ORPHA:2828,1.0,0.0,,"[[""GENE:PODXL"", -1.0, 1.0]]",2,2,0,0.9997730446598188,grade
PODXL,gene,PODXL,PODXL,cluster:ADH1C,cognitive_impairment,induces,monogenic,A,0.68,0.17,HPO genes_to_phenotype; diseases=ORPHA:2828,False,0.0,1.0,4.0,,ORPHA:2828,1.0,0.0,,"[[""GENE:PODXL"", -1.0, 1.0]]",4,4,0,0.9997730446598188,grade
PODXL,gene,PODXL,PODXL,cluster:ADH1C,insomnia,induces,monogenic,A,0.68,0.17,HPO genes_to_phenotype; diseases=ORPHA:2828,False,0.0,1.0,1.0,,ORPHA:2828,1.0,0.0,,"[[""GENE:PODXL"", -1.0, 1.0]]",1,1,0,0.9997730446598188,grade
PODXL,gene,PODXL,PODXL,cluster:ADH1C,psychosis,induces,monogenic,A,1.0,0.545,HPO genes_to_phenotype; diseases=ORPHA:2828,False,0.0,1.0,1.0,,ORPHA:2828,1.0,0.0,,"[[""GENE:PODXL"", -1.0, 1.0]]",1,1,0,0.9997730446598188,grade
PODXL,gene,PODXL,PODXL,cluster:ADH1C,depressed_mood,induces,monogenic,A,1.0,0.545,HPO genes_to_phenotype; diseases=ORPHA:2828,False,0.0,1.0,1.0,,ORPHA:2828,1.0,0.0,,"[[""GENE:PODXL"", -1.0, 1.0]]",1,1,0,0.9997730446598188,grade
PODXL,gene,PODXL,PODXL,cluster:ADH1C,psychomotor_agitation,induces,monogenic,A,0.25,0.025,HPO genes_to_phenotype; diseases=ORPHA:2828,False,0.0,1.0,1.0,,ORPHA:2828,1.0,0.0,,"[[""GENE:PODXL"", -1.0, 1.0]]",1,1,0,0.9997730446598188,grade
PODXL,gene,PODXL,PODXL,cluster:ADH1C,fatigue,induces,monogenic,A,1.0,0.545,HPO genes_to_phenotype; diseases=ORPHA:391411,False,0.0,1.0,1.0,,ORPHA:391411,1.0,0.0,,"[[""GENE:PODXL"", -1.0, 1.0]]",1,1,0,0.9997730446598188,grade
POLD1,gene,POLD1,POLD1,cluster:ABCA3,cognitive_impairment,induces,monogenic,A,0.68,0.17,HPO genes_to_phenotype; diseases=ORPHA:440437,True,0.0,1.0,1.0,,ORPHA:440437,1.0,0.0,,"[[""GENE:POLD1"", -1.0, 1.0]]",1,1,0,0.9997730446598188,grade
POLD1,gene,POLD1,POLD1,cluster:ABCA3,psychosis,induces,monogenic,A,0.68,0.17,HPO genes_to_phenotype; diseases=ORPHA:440437,True,0.0,1.0,1.0,,ORPHA:440437,1.0,0.0,,"[[""GENE:POLD1"", -1.0, 1.0]]",1,1,0,0.9997730446598188,grade
POLD1,gene,POLD1,POLD1,cluster:ABCA3,irritability_or_aggression,induces,monogenic,A,1.0,0.545,HPO genes_to_phenotype; diseases=ORPHA:440437,True,0.0,1.0,1.0,,ORPHA:440437,1.0,0.0,,"[[""GENE:POLD1"", -1.0, 1.0]]",1,1,0,0.9997730446598188,grade
POLD1,gene,POLD1,POLD1,cluster:ABCA3,anxiety,induces,monogenic,A,1.0,0.545,HPO genes_to_phenotype; diseases=ORPHA:440437,True,0.0,1.0,1.0,,ORPHA:440437,1.0,0.0,,"[[""GENE:POLD1"", -1.0, 1.0]]",1,1,0,0.9997730446598188,grade
POLD1,gene,POLD1,POLD1,cluster:ABCA3,depressed_mood,induces,monogenic,A,1.0,0.545,HPO genes_to_phenotype; diseases=ORPHA:440437,True,0.0,1.0,1.0,,ORPHA:440437,1.0,0.0,,"[[""GENE:POLD1"", -1.0, 1.0]]",1,1,0,0.9997730446598188,grade
POLD1,gene,POLD1,POLD1,cluster:ABCA3,fatigue,induces,monogenic,A,1.0,0.895,HPO genes_to_phenotype; diseases=ORPHA:440437,True,0.0,1.0,1.0,,ORPHA:440437,1.0,0.0,,"[[""GENE:POLD1"", -1.0, 1.0]]",1,1,0,0.9997730446598188,grade
POLE,gene,POLE,POLE,cluster:ABCA3,cognitive_impairment,induces,monogenic,A,0.68,0.17,HPO genes_to_phenotype; diseases=ORPHA:440437,True,0.0,1.0,1.0,,ORPHA:440437,1.0,0.0,,"[[""GENE:POLE"", -1.0, 1.0]]",1,1,0,0.9997730446598188,grade
POLE,gene,POLE,POLE,cluster:ABCA3,psychosis,induces,monogenic,A,0.68,0.17,HPO genes_to_phenotype; diseases=ORPHA:440437,True,0.0,1.0,1.0,,ORPHA:440437,1.0,0.0,,"[[""GENE:POLE"", -1.0, 1.0]]",1,1,0,0.9997730446598188,grade
POLE,gene,POLE,POLE,cluster:ABCA3,irritability_or_aggression,induces,monogenic,A,1.0,0.545,HPO genes_to_phenotype; diseases=ORPHA:440437,True,0.0,1.0,1.0,,ORPHA:440437,1.0,0.0,,"[[""GENE:POLE"", -1.0, 1.0]]",1,1,0,0.9997730446598188,grade
POLE,gene,POLE,POLE,cluster:ABCA3,anxiety,induces,monogenic,A,1.0,0.545,HPO genes_to_phenotype; diseases=ORPHA:440437,True,0.0,1.0,1.0,,ORPHA:440437,1.0,0.0,,"[[""GENE:POLE"", -1.0, 1.0]]",1,1,0,0.9997730446598188,grade
POLE,gene,POLE,POLE,cluster:ABCA3,depressed_mood,induces,monogenic,A,1.0,0.545,HPO genes_to_phenotype; diseases=ORPHA:440437,True,0.0,1.0,1.0,,ORPHA:440437,1.0,0.0,,"[[""GENE:POLE"", -1.0, 1.0]]",1,1,0,0.9997730446598188,grade
POLE,gene,POLE,POLE,cluster:ABCA3,fatigue,induces,monogenic,A,1.0,0.895,HPO genes_to_phenotype; diseases=ORPHA:440437,True,0.0,1.0,1.0,,ORPHA:440437,1.0,0.0,,"[[""GENE:POLE"", -1.0, 1.0]]",1,1,0,0.9997730446598188,grade
POLG,gene,POLG,POLG,cluster:LIG3,cognitive_impairment,induces,monogenic,A,1.0,0.545,HPO genes_to_phenotype; diseases=OMIM:203700;OMIM:603041;OMIM:607459;ORPHA:254886;ORPHA:254892;ORPHA:298;ORPHA:70595;ORPHA:94125,True,3.0,5.0,11.0,42.0,OMIM:203700;OMIM:603041;OMIM:607459;ORPHA:254886;ORPHA:254892;ORPHA:298;ORPHA:70595;ORPHA:94125,9.0,2.0,2000-06-01,"[[""GENE:POLG"", -1.0, 1.0]]",11,10,1,0.9999992672867763,grade
POLG,gene,POLG,POLG,cluster:LIG3,anxiety,induces,monogenic,A,1.0,0.545,HPO genes_to_phenotype; diseases=ORPHA:254881;ORPHA:254892,True,0.0,2.0,2.0,,ORPHA:254881;ORPHA:254892,2.0,0.0,,"[[""GENE:POLG"", -1.0, 1.0]]",2,2,0,0.9998302394354796,grade
POLG,gene,POLG,POLG,cluster:LIG3,depressed_mood,induces,monogenic,A,1.0,0.545,HPO genes_to_phenotype; diseases=OMIM:157640;OMIM:258450;OMIM:607459;ORPHA:254881;ORPHA:254886;ORPHA:254892;ORPHA:70595,True,3.0,4.0,7.0,7.0,OMIM:157640;OMIM:258450;OMIM:607459;ORPHA:254881;ORPHA:254886;ORPHA:254892;ORPHA:70595,7.0,1.0,2003-02-01,"[[""GENE:POLG"", -1.0, 1.0]]",7,7,0,0.9999995321026696,grade
POLG,gene,POLG,POLG,cluster:LIG3,fatigue,induces,monogenic,A,1.0,0.545,HPO genes_to_phenotype; diseases=ORPHA:254892,True,0.0,1.0,1.0,,ORPHA:254892,1.0,0.0,,"[[""GENE:POLG"", -1.0, 1.0]]",1,1,0,0.9994232502804609,grade
POU1F1,gene,POU1F1,POU1F1,cluster:ARNT2,fatigue,induces,monogenic,A,1.0,0.545,HPO genes_to_phenotype; diseases=ORPHA:226307;ORPHA:95494,False,0.0,2.0,2.0,,ORPHA:226307;ORPHA:95494,2.0,0.0,,"[[""GENE:POU1F1"", -1.0, 1.0]]",2,2,0,0.9999332144392659,grade
POU2AF1,gene,POU2AF1,POU2AF1,cluster:BCL2,somnolence_or_hypersomnia,induces,monogenic,A,0.68,0.17,HPO genes_to_phenotype; diseases=ORPHA:186,False,0.0,1.0,1.0,,ORPHA:186,1.0,0.0,,"[[""GENE:POU2AF1"", -1.0, 1.0]]",1,1,0,0.9997730446598188,grade
POU2AF1,gene,POU2AF1,POU2AF1,cluster:BCL2,fatigue,induces,monogenic,A,0.68,0.17,HPO genes_to_phenotype; diseases=ORPHA:186,False,0.0,1.0,1.0,,ORPHA:186,1.0,0.0,,"[[""GENE:POU2AF1"", -1.0, 1.0]]",1,1,0,0.9997730446598188,grade
POU4F1,gene,POU4F1,POU4F1,cluster:CAMTA1,cognitive_impairment,induces,monogenic,A,1.0,0.545,HPO genes_to_phenotype; diseases=ORPHA:314647,False,0.0,1.0,1.0,,ORPHA:314647,1.0,0.0,,"[[""GENE:POU4F1"", -1.0, 1.0]]",1,1,0,0.9997730446598188,grade
POU4F1,gene,POU4F1,POU4F1,cluster:CAMTA1,irritability_or_aggression,induces,monogenic,A,1.0,0.545,HPO genes_to_phenotype; diseases=ORPHA:314647,False,0.0,1.0,1.0,,ORPHA:314647,1.0,0.0,,"[[""GENE:POU4F1"", -1.0, 1.0]]",1,1,0,0.9997730446598188,grade
CTSA,gene,CTSA,CTSA,cluster:CTSA,cognitive_impairment,induces,monogenic,A,1.0,1.0,HPO genes_to_phenotype; diseases=OMIM:621394,True,1.0,0.0,2.0,3.0,OMIM:621394,1.0,1.0,2022-07-29,"[[""GENE:CTSA"", -1.0, 1.0]]",2,2,0,0.9996663476591036,grade
CTSA,gene,CTSA,CTSA,cluster:CTSA,depressed_mood,induces,monogenic,A,1.0,1.0,HPO genes_to_phenotype; diseases=OMIM:621394,True,1.0,0.0,1.0,1.0,OMIM:621394,1.0,1.0,2022-07-29,"[[""GENE:CTSA"", -1.0, 1.0]]",1,1,0,0.99963784265969,grade
PPIB,gene,PPIB,PPIB,cluster:DNM1L,cognitive_impairment,induces,monogenic,A,0.25,0.025,HPO genes_to_phenotype; diseases=ORPHA:98673,True,0.0,1.0,2.0,,ORPHA:98673,1.0,0.0,,"[[""GENE:PPIB"", -1.0, 1.0]]",2,2,0,0.9997730446598188,grade
PPIB,gene,PPIB,PPIB,cluster:DNM1L,psychosis,induces,monogenic,A,0.25,0.025,HPO genes_to_phenotype; diseases=ORPHA:98673,True,0.0,1.0,1.0,,ORPHA:98673,1.0,0.0,,"[[""GENE:PPIB"", -1.0, 1.0]]",1,1,0,0.9997730446598188,grade
PPIB,gene,PPIB,PPIB,cluster:DNM1L,fatigue,induces,monogenic,A,0.25,0.025,HPO genes_to_phenotype; diseases=ORPHA:98673,True,0.0,1.0,1.0,,ORPHA:98673,1.0,0.0,,"[[""GENE:PPIB"", -1.0, 1.0]]",1,1,0,0.9997730446598188,grade
PPOX,gene,PPOX,PPOX,cluster:PPOX,psychosis,induces,monogenic,A,0.25,0.025,HPO genes_to_phenotype; diseases=OMIM:176200;ORPHA:79473,True,1.0,1.0,2.0,,OMIM:176200;ORPHA:79473,2.0,0.0,2009-02-17,"[[""GENE:PPOX"", -1.0, 1.0]]",2,2,0,0.9999152539456482,grade
PPOX,gene,PPOX,PPOX,cluster:PPOX,anxiety,induces,monogenic,A,1.0,0.545,HPO genes_to_phenotype; diseases=ORPHA:79473,True,0.0,1.0,1.0,,ORPHA:79473,1.0,0.0,,"[[""GENE:PPOX"", -1.0, 1.0]]",1,1,0,0.9994232502804609,grade
PPP1CB,gene,PPP1CB,PPP1CB,cluster:PPP1CB,anxiety,induces,monogenic,A,1.0,0.5,HPO genes_to_phenotype; diseases=OMIM:617506,False,1.0,0.0,1.0,4.0,OMIM:617506,1.0,1.0,2021-08-17,"[[""GENE:PPP1CB"", -1.0, 1.0]]",1,1,0,0.9996990889216895,grade
PPP2R2B,gene,PPP2R2B,PPP2R2B,cluster:PPP2R2B,cognitive_impairment,induces,monogenic,A,0.68,0.17,HPO genes_to_phenotype; diseases=OMIM:604326;ORPHA:98762,False,1.0,1.0,3.0,,OMIM:604326;ORPHA:98762,2.0,0.0,2009-02-17,"[[""GENE:PPP2R2B"", -1.0, 1.0]]",3,3,0,0.9998915873699763,grade
PPP2R2B,gene,PPP2R2B,PPP2R2B,cluster:PPP2R2B,anxiety,induces,monogenic,A,1.0,,HPO genes_to_phenotype; diseases=OMIM:604326,False,1.0,0.0,1.0,,OMIM:604326,1.0,0.0,2009-02-17,"[[""GENE:PPP2R2B"", -1.0, 1.0]]",1,1,0,0.9961871887065212,grade
PPP2R2B,gene,PPP2R2B,PPP2R2B,cluster:PPP2R2B,psychosis,induces,monogenic,A,1.0,,HPO genes_to_phenotype; diseases=OMIM:604326,False,1.0,0.0,1.0,,OMIM:604326,1.0,0.0,2009-02-17,"[[""GENE:PPP2R2B"", -1.0, 1.0]]",1,1,0,0.9961871887065212,grade
PPP2R2B,gene,PPP2R2B,PPP2R2B,cluster:PPP2R2B,depressed_mood,induces,monogenic,A,1.0,,HPO genes_to_phenotype; diseases=OMIM:604326,False,1.0,0.0,1.0,,OMIM:604326,1.0,0.0,2009-02-17,"[[""GENE:PPP2R2B"", -1.0, 1.0]]",1,1,0,0.9961871887065212,grade
PTPA,gene,PTPA,PTPA,cluster:PTPA,anxiety,induces,monogenic,A,1.0,0.25,HPO genes_to_phenotype; diseases=OMIM:620482,False,1.0,0.0,1.0,4.0,OMIM:620482,1.0,1.0,2024-02-11,"[[""GENE:PTPA"", -1.0, 1.0]]",1,1,0,0.9996990889216895,grade
PTPA,gene,PTPA,PTPA,cluster:PTPA,depressed_mood,induces,monogenic,A,1.0,0.25,HPO genes_to_phenotype; diseases=OMIM:620482,False,1.0,0.0,1.0,4.0,OMIM:620482,1.0,1.0,2024-02-11,"[[""GENE:PTPA"", -1.0, 1.0]]",1,1,0,0.9996990889216895,grade
PPP2R5C,gene,PPP2R5C,PPP2R5C,cluster:PPP2R5C,insomnia,induces,monogenic,A,1.0,0.5,HPO genes_to_phenotype; diseases=OMIM:621185,False,1.0,0.0,1.0,2.0,OMIM:621185,1.0,1.0,2025-11-12,"[[""GENE:PPP2R5C"", -1.0, 1.0]]",1,1,0,0.9996663476591036,grade
PPP2R5C,gene,PPP2R5C,PPP2R5C,cluster:PPP2R5C,irritability_or_aggression,induces,monogenic,A,0.25,0.0,HPO genes_to_phenotype; diseases=OMIM:621185,False,1.0,0.0,1.0,24.0,OMIM:621185,1.0,1.0,2025-11-12,"[[""GENE:PPP2R5C"", -1.0, 1.0]]",1,0,1,0.9980424432797996,grade
PPP2R5C,gene,PPP2R5C,PPP2R5C,cluster:PPP2R5C,anxiety,induces,monogenic,A,0.25,0.045454545454545456,HPO genes_to_phenotype; diseases=OMIM:621185,False,1.0,0.0,1.0,22.0,OMIM:621185,1.0,1.0,2025-11-12,"[[""GENE:PPP2R5C"", -1.0, 1.0]]",1,1,0,0.9997748793976969,grade
PPP2R5C,gene,PPP2R5C,PPP2R5C,cluster:PPP2R5C,psychomotor_agitation,induces,monogenic,A,0.25,0.045454545454545456,HPO genes_to_phenotype; diseases=OMIM:621185,False,1.0,0.0,1.0,22.0,OMIM:621185,1.0,1.0,2025-11-12,"[[""GENE:PPP2R5C"", -1.0, 1.0]]",1,1,0,0.9997748793976969,grade
PPP2R5D,gene,PPP2R5D,PPP2R5D,cluster:PPP2R5D,irritability_or_aggression,induces,monogenic,A,1.0,0.545,HPO genes_to_phenotype; diseases=ORPHA:457279,False,0.0,1.0,1.0,,ORPHA:457279,1.0,0.0,,"[[""GENE:PPP2R5D"", -1.0, 1.0]]",1,1,0,0.9994232502804609,grade
PPP2R5D,gene,PPP2R5D,PPP2R5D,cluster:PPP2R5D,fatigue,induces,monogenic,A,0.7272727272727273,0.18181818181818182,HPO genes_to_phenotype; diseases=OMIM:616355,False,1.0,0.0,1.0,11.0,OMIM:616355,1.0,1.0,2022-04-12,"[[""GENE:PPP2R5D"", -1.0, 1.0]]",1,1,0,0.9973879408228635,grade
PPP3CA,gene,PPP3CA,PPP3CA,cluster:PPP3CA,cognitive_impairment,induces,monogenic,A,0.68,0.17,HPO genes_to_phenotype; diseases=ORPHA:442835,False,0.0,1.0,1.0,,ORPHA:442835,1.0,0.0,,"[[""GENE:PPP3CA"", -1.0, 1.0]]",1,1,0,0.9997730446598188,grade
PPT1,gene,PPT1,PPT1,cluster:PPT1,psychosis,induces,monogenic,A,1.0,,HPO genes_to_phenotype; diseases=OMIM:256730,True,1.0,0.0,1.0,,OMIM:256730,1.0,0.0,2009-02-17,"[[""GENE:PPT1"", -1.0, 1.0]]",1,1,0,0.999631621434846,grade
PPT1,gene,PPT1,PPT1,cluster:PPT1,irritability_or_aggression,induces,monogenic,A,1.0,,HPO genes_to_phenotype; diseases=OMIM:256730,True,1.0,0.0,1.0,,OMIM:256730,1.0,0.0,2009-02-17,"[[""GENE:PPT1"", -1.0, 1.0]]",1,1,0,0.999631621434846,grade
PPT1,gene,PPT1,PPT1,cluster:PPT1,depressed_mood,induces,monogenic,A,1.0,,HPO genes_to_phenotype; diseases=OMIM:256730,True,1.0,0.0,1.0,,OMIM:256730,1.0,0.0,2009-02-17,"[[""GENE:PPT1"", -1.0, 1.0]]",1,1,0,0.999631621434846,grade
PRF1,gene,PRF1,PRF1,cluster:PRF1,irritability_or_aggression,induces,monogenic,A,1.0,,HPO genes_to_phenotype; diseases=OMIM:603553,False,1.0,0.0,1.0,,OMIM:603553,1.0,0.0,2012-10-17,"[[""GENE:PRF1"", -1.0, 1.0]]",1,1,0,0.9997120224657162,grade
PRKACA,gene,PRKACA,PRKACA,cluster:PRKACA,depressed_mood,induces,monogenic,A,1.0,,HPO genes_to_phenotype; diseases=OMIM:615830,False,1.0,0.0,1.0,,OMIM:615830,1.0,0.0,2015-12-30,"[[""GENE:PRKACA"", -1.0, 1.0]]",1,1,0,0.9997120224657162,grade
PRKAR1A,gene,PRKAR1A,PRKAR1A,cluster:ABCA3,anxiety,induces,monogenic,A,1.0,0.545,HPO genes_to_phenotype; diseases=OMIM:610489;ORPHA:1501,False,1.0,1.0,3.0,,OMIM:610489;ORPHA:1501,2.0,0.0,2009-02-17,"[[""GENE:PRKAR1A"", -1.0, 1.0]]",3,3,0,0.9998915873699763,grade
PRKAR1A,gene,PRKAR1A,PRKAR1A,cluster:ABCA3,cognitive_impairment,induces,monogenic,A,1.0,,HPO genes_to_phenotype; diseases=OMIM:610489,False,1.0,0.0,1.0,,OMIM:610489,1.0,0.0,2009-02-17,"[[""GENE:PRKAR1A"", -1.0, 1.0]]",1,1,0,0.9961871887065212,grade
PRKAR1A,gene,PRKAR1A,PRKAR1A,cluster:ABCA3,irritability_or_aggression,induces,monogenic,A,1.0,0.545,HPO genes_to_phenotype; diseases=ORPHA:1501,False,0.0,1.0,1.0,,ORPHA:1501,1.0,0.0,,"[[""GENE:PRKAR1A"", -1.0, 1.0]]",1,1,0,0.9994232502804609,grade
PRKAR1A,gene,PRKAR1A,PRKAR1A,cluster:ABCA3,depressed_mood,induces,monogenic,A,1.0,,HPO genes_to_phenotype; diseases=OMIM:610489,False,1.0,0.0,1.0,,OMIM:610489,1.0,0.0,2009-02-17,"[[""GENE:PRKAR1A"", -1.0, 1.0]]",1,1,0,0.9961871887065212,grade
PRKAR1A,gene,PRKAR1A,PRKAR1A,cluster:ABCA3,psychomotor_agitation,induces,monogenic,A,1.0,,HPO genes_to_phenotype; diseases=OMIM:610489,False,1.0,0.0,1.0,,OMIM:610489,1.0,0.0,2009-02-17,"[[""GENE:PRKAR1A"", -1.0, 1.0]]",1,1,0,0.9961871887065212,grade
PRKAR1A,gene,PRKAR1A,PRKAR1A,cluster:ABCA3,psychosis,induces,monogenic,A,1.0,,HPO genes_to_phenotype; diseases=OMIM:610489,False,1.0,0.0,1.0,,OMIM:610489,1.0,0.0,2009-02-17,"[[""GENE:PRKAR1A"", -1.0, 1.0]]",1,1,0,0.9961871887065212,grade
PRKAR1A,gene,PRKAR1A,PRKAR1A,cluster:ABCA3,fatigue,induces,monogenic,A,1.0,1.0,HPO genes_to_phenotype; diseases=OMIM:160980;ORPHA:520,False,1.0,1.0,2.0,1.0,OMIM:160980;ORPHA:520,2.0,1.0,2026-06-06,"[[""GENE:PRKAR1A"", -1.0, 1.0]]",2,2,0,0.9998934187245915,grade
PRKAR1B,gene,PRKAR1B,PRKAR1B,cluster:PRKAR1B,cognitive_impairment,induces,monogenic,A,1.0,1.0,HPO genes_to_phenotype; diseases=ORPHA:412066,False,0.0,1.0,4.0,,ORPHA:412066,1.0,0.0,,"[[""GENE:PRKAR1B"", -1.0, 1.0]]",4,4,0,0.9994232502804609,grade
PRKAR1B,gene,PRKAR1B,PRKAR1B,cluster:PRKAR1B,anxiety,induces,monogenic,A,1.0,0.545,HPO genes_to_phenotype; diseases=ORPHA:412066,False,0.0,1.0,1.0,,ORPHA:412066,1.0,0.0,,"[[""GENE:PRKAR1B"", -1.0, 1.0]]",1,1,0,0.9994232502804609,grade
PRKAR1B,gene,PRKAR1B,PRKAR1B,cluster:PRKAR1B,irritability_or_aggression,induces,monogenic,A,1.0,0.5,HPO genes_to_phenotype; diseases=OMIM:619680,False,1.0,0.0,1.0,6.0,OMIM:619680,1.0,1.0,2022-02-19,"[[""GENE:PRKAR1B"", -1.0, 1.0]]",1,1,0,0.9970879616774058,grade
PRKCG,gene,PRKCG,PRKCG,cluster:PRKCG,cognitive_impairment,induces,monogenic,A,0.68,0.17,HPO genes_to_phenotype; diseases=OMIM:605361;ORPHA:98763,False,1.0,1.0,3.0,,OMIM:605361;ORPHA:98763,2.0,0.0,2009-02-17,"[[""GENE:PRKCG"", -1.0, 1.0]]",3,3,0,0.9998915873699763,grade
PRKCG,gene,PRKCG,PRKCG,cluster:PRKCG,depressed_mood,induces,monogenic,A,1.0,,HPO genes_to_phenotype; diseases=OMIM:605361,False,1.0,0.0,1.0,,OMIM:605361,1.0,0.0,2009-02-17,"[[""GENE:PRKCG"", -1.0, 1.0]]",1,1,0,0.9961871887065212,grade
MAPK1,gene,MAPK1,MAPK1,cluster:ABCA3,anxiety,induces,monogenic,A,0.5714285714285714,0.14285714285714285,HPO genes_to_phenotype; diseases=OMIM:619087,False,1.0,0.0,1.0,7.0,OMIM:619087,1.0,1.0,2020-12-21,"[[""GENE:MAPK1"", -1.0, 1.0]]",1,1,0,0.9971653361091469,grade
MAPK1,gene,MAPK1,MAPK1,cluster:ABCA3,depressed_mood,induces,monogenic,A,0.68,0.17,HPO genes_to_phenotype; diseases=ORPHA:261330,False,0.0,1.0,1.0,,ORPHA:261330,1.0,0.0,,"[[""GENE:MAPK1"", -1.0, 1.0]]",1,1,0,0.9994232502804609,grade
MAPK1,gene,MAPK1,MAPK1,cluster:ABCA3,irritability_or_aggression,induces,monogenic,A,1.0,0.2857142857142857,HPO genes_to_phenotype; diseases=OMIM:619087,False,1.0,0.0,1.0,7.0,OMIM:619087,1.0,1.0,2020-12-21,"[[""GENE:MAPK1"", -1.0, 1.0]]",1,1,0,0.9971653361091469,grade
MAPK10,gene,MAPK10,MAPK10,cluster:ABCA3,cognitive_impairment,induces,monogenic,A,1.0,0.545,HPO genes_to_phenotype; diseases=ORPHA:2382,False,0.0,1.0,1.0,,ORPHA:2382,1.0,0.0,,"[[""GENE:MAPK10"", -1.0, 1.0]]",1,1,0,0.9997730446598188,grade
MAPK10,gene,MAPK10,MAPK10,cluster:ABCA3,irritability_or_aggression,induces,monogenic,A,1.0,0.545,HPO genes_to_phenotype; diseases=ORPHA:2382,False,0.0,1.0,2.0,,ORPHA:2382,1.0,0.0,,"[[""GENE:MAPK10"", -1.0, 1.0]]",2,2,0,0.9997730446598188,grade
MAPK10,gene,MAPK10,MAPK10,cluster:ABCA3,psychosis,induces,monogenic,A,0.68,0.17,HPO genes_to_phenotype; diseases=ORPHA:2382,False,0.0,1.0,1.0,,ORPHA:2382,1.0,0.0,,"[[""GENE:MAPK10"", -1.0, 1.0]]",1,1,0,0.9997730446598188,grade
MAP2K1,gene,MAP2K1,MAP2K1,cluster:MAP2K1,cognitive_impairment,induces,monogenic,A,0.68,0.17,HPO genes_to_phenotype; diseases=ORPHA:389,False,0.0,1.0,1.0,,ORPHA:389,1.0,0.0,,"[[""GENE:MAP2K1"", -1.0, 1.0]]",1,1,0,0.9997730446598188,grade
DNAJC3,gene,DNAJC3,DNAJC3,cluster:DNAJC3,cognitive_impairment,induces,monogenic,A,0.8,0.2,HPO genes_to_phenotype; diseases=OMIM:616192,False,1.0,0.0,1.0,5.0,OMIM:616192,1.0,1.0,2017-07-13,"[[""GENE:DNAJC3"", -1.0, 1.0]]",1,1,0,0.9997099799437312,grade
PRNP,gene,PRNP,PRNP,cluster:BCL2,cognitive_impairment,induces,monogenic,A,1.0,1.0,HPO genes_to_phenotype; diseases=OMIM:123400;OMIM:137440;OMIM:245300;OMIM:600072;OMIM:603218;OMIM:606688;ORPHA:157941;ORPHA:280397;ORPHA:282166;ORPHA:356;ORPHA:466,False,6.0,5.0,26.0,18.0,OMIM:123400;OMIM:137440;OMIM:245300;OMIM:600072;OMIM:603218;OMIM:606688;ORPHA:157941;ORPHA:280397;ORPHA:282166;ORPHA:356;ORPHA:466,11.0,2.0,2009-02-17,"[[""GENE:PRNP"", -1.0, 1.0]]",26,26,0,0.9999999946469167,grade
PRNP,gene,PRNP,PRNP,cluster:BCL2,somnolence_or_hypersomnia,induces,monogenic,A,1.0,0.545,HPO genes_to_phenotype; diseases=ORPHA:282166,False,0.0,1.0,1.0,,ORPHA:282166,1.0,0.0,,"[[""GENE:PRNP"", -1.0, 1.0]]",1,1,0,0.9994232502804609,grade
PRNP,gene,PRNP,PRNP,cluster:BCL2,insomnia,induces,monogenic,A,1.0,0.895,HPO genes_to_phenotype; diseases=OMIM:600072;ORPHA:282166;ORPHA:466,False,1.0,2.0,3.0,15.0,OMIM:600072;ORPHA:282166;ORPHA:466,3.0,1.0,2013-01-22,"[[""GENE:PRNP"", -1.0, 1.0]]",3,3,0,0.999979406244032,grade
PRNP,gene,PRNP,PRNP,cluster:BCL2,elevated_mood_or_mania,induces,monogenic,A,1.0,,HPO genes_to_phenotype; diseases=OMIM:603218,False,1.0,0.0,1.0,,OMIM:603218,1.0,1.0,2022-11-04,"[[""GENE:PRNP"", -1.0, 1.0]]",1,1,0,0.9976668184004441,grade
PRNP,gene,PRNP,PRNP,cluster:BCL2,psychosis,induces,monogenic,A,1.0,0.545,HPO genes_to_phenotype; diseases=OMIM:123400;OMIM:137440;OMIM:603218;ORPHA:157941;ORPHA:282166;ORPHA:466,False,3.0,3.0,8.0,,OMIM:123400;OMIM:137440;OMIM:603218;ORPHA:157941;ORPHA:282166;ORPHA:466,6.0,0.0,2009-02-17,"[[""GENE:PRNP"", -1.0, 1.0]]",8,8,0,0.9999986917033822,grade
PRNP,gene,PRNP,PRNP,cluster:BCL2,irritability_or_aggression,induces,monogenic,A,1.0,0.545,HPO genes_to_phenotype; diseases=OMIM:123400;OMIM:137440;OMIM:603218;OMIM:606688;ORPHA:282166,False,4.0,1.0,5.0,9.0,OMIM:123400;OMIM:137440;OMIM:603218;OMIM:606688;ORPHA:282166,5.0,1.0,2009-02-17,"[[""GENE:PRNP"", -1.0, 1.0]]",5,5,0,0.9999948752018952,grade
PRNP,gene,PRNP,PRNP,cluster:BCL2,anxiety,induces,monogenic,A,1.0,0.895,HPO genes_to_phenotype; diseases=OMIM:123400;OMIM:603218;ORPHA:280397;ORPHA:282166;ORPHA:466,False,2.0,3.0,5.0,,OMIM:123400;OMIM:603218;ORPHA:280397;ORPHA:282166;ORPHA:466,5.0,0.0,2009-02-17,"[[""GENE:PRNP"", -1.0, 1.0]]",5,5,0,0.9999964958075135,grade
PRNP,gene,PRNP,PRNP,cluster:BCL2,depressed_mood,induces,monogenic,A,1.0,0.895,HPO genes_to_phenotype; diseases=OMIM:123400;OMIM:137440;OMIM:603218;ORPHA:157941;ORPHA:280397;ORPHA:282166;ORPHA:466,False,3.0,4.0,7.0,,OMIM:123400;OMIM:137440;OMIM:603218;ORPHA:157941;ORPHA:280397;ORPHA:282166;ORPHA:466,7.0,1.0,2009-02-17,"[[""GENE:PRNP"", -1.0, 1.0]]",7,7,0,0.9999997647996628,grade
PRNP,gene,PRNP,PRNP,cluster:BCL2,psychomotor_agitation,induces,monogenic,A,0.68,0.17,HPO genes_to_phenotype; diseases=OMIM:603218;ORPHA:157941,False,1.0,1.0,2.0,,OMIM:603218;ORPHA:157941,2.0,0.0,2009-02-17,"[[""GENE:PRNP"", -1.0, 1.0]]",2,2,0,0.9998915873699763,grade
PRODH,gene,PRODH,PRODH,cluster:PRODH,irritability_or_aggression,induces,monogenic,A,1.0,,HPO genes_to_phenotype; diseases=OMIM:239500,True,1.0,0.0,1.0,,OMIM:239500,1.0,0.0,2009-02-17,"[[""GENE:PRODH"", -1.0, 1.0]]",1,1,0,0.999631621434846,grade
PROP1,gene,PROP1,PROP1,cluster:ARNT2,fatigue,induces,monogenic,A,1.0,0.545,HPO genes_to_phenotype; diseases=ORPHA:226307;ORPHA:90695;ORPHA:95494,False,0.0,3.0,3.0,,ORPHA:226307;ORPHA:90695;ORPHA:95494,3.0,0.0,,"[[""GENE:PROP1"", -1.0, 1.0]]",3,3,0,0.9999803494075916,grade
PRPH,gene,PRPH,PRPH,cluster:PRPH,cognitive_impairment,induces,monogenic,A,1.0,0.545,HPO genes_to_phenotype; diseases=ORPHA:803,False,0.0,1.0,2.0,,ORPHA:803,1.0,0.0,,"[[""GENE:PRPH"", -1.0, 1.0]]",2,2,0,0.9997730446598188,grade
PRPH,gene,PRPH,PRPH,cluster:PRPH,anxiety,induces,monogenic,A,1.0,0.545,HPO genes_to_phenotype; diseases=ORPHA:803,False,0.0,1.0,1.0,,ORPHA:803,1.0,0.0,,"[[""GENE:PRPH"", -1.0, 1.0]]",1,1,0,0.9997730446598188,grade
PRPH,gene,PRPH,PRPH,cluster:PRPH,depressed_mood,induces,monogenic,A,1.0,0.545,HPO genes_to_phenotype; diseases=ORPHA:803,False,0.0,1.0,1.0,,ORPHA:803,1.0,0.0,,"[[""GENE:PRPH"", -1.0, 1.0]]",1,1,0,0.9997730446598188,grade
PRPH,gene,PRPH,PRPH,cluster:PRPH,fatigue,induces,monogenic,A,1.0,0.545,HPO genes_to_phenotype; diseases=ORPHA:803,False,0.0,1.0,1.0,,ORPHA:803,1.0,0.0,,"[[""GENE:PRPH"", -1.0, 1.0]]",1,1,0,0.9997730446598188,grade
PRPS1,gene,PRPS1,PRPS1,cluster:PRPS1,somnolence_or_hypersomnia,induces,monogenic,A,0.68,0.17,HPO genes_to_phenotype; diseases=ORPHA:99014,True,0.0,1.0,1.0,,ORPHA:99014,1.0,0.0,,"[[""GENE:PRPS1"", -1.0, 1.0]]",1,1,0,0.9997730446598188,grade
RELN,gene,RELN,RELN,cluster:LGI1,psychosis,induces,monogenic,A,1.0,0.895,HPO genes_to_phenotype; diseases=ORPHA:101046,False,0.0,1.0,2.0,,ORPHA:101046,1.0,0.0,,"[[""GENE:RELN"", -1.0, 1.0]]",2,2,0,0.9997730446598188,grade
RELN,gene,RELN,RELN,cluster:LGI1,depressed_mood,induces,monogenic,A,0.25,0.025,HPO genes_to_phenotype; diseases=ORPHA:101046,False,0.0,1.0,1.0,,ORPHA:101046,1.0,0.0,,"[[""GENE:RELN"", -1.0, 1.0]]",1,1,0,0.9997730446598188,grade
HTRA1,gene,HTRA1,HTRA1,cluster:HTRA1,cognitive_impairment,induces,monogenic,A,1.0,0.8571428571428571,HPO genes_to_phenotype; diseases=OMIM:600142;OMIM:616779;ORPHA:199354,False,2.0,1.0,7.0,28.0,OMIM:600142;OMIM:616779;ORPHA:199354,4.0,3.0,2009-02-17,"[[""GENE:HTRA1"", -1.0, 1.0]]",7,7,0,0.999976498616077,grade
HTRA1,gene,HTRA1,HTRA1,cluster:HTRA1,psychosis,induces,monogenic,A,1.0,1.0,HPO genes_to_phenotype; diseases=OMIM:600142,False,1.0,0.0,2.0,2.0,OMIM:600142,1.0,1.0,2022-05-29,"[[""GENE:HTRA1"", -1.0, 1.0]]",2,2,0,0.9962513618179513,grade
HTRA1,gene,HTRA1,HTRA1,cluster:HTRA1,irritability_or_aggression,induces,monogenic,A,0.68,0.17,HPO genes_to_phenotype; diseases=ORPHA:199354,False,0.0,1.0,2.0,,ORPHA:199354,1.0,0.0,,"[[""GENE:HTRA1"", -1.0, 1.0]]",2,2,0,0.9994232502804609,grade
HTRA1,gene,HTRA1,HTRA1,cluster:HTRA1,anxiety,induces,monogenic,A,1.0,1.0,HPO genes_to_phenotype; diseases=OMIM:600142,False,1.0,0.0,1.0,1.0,OMIM:600142,1.0,1.0,2022-05-29,"[[""GENE:HTRA1"", -1.0, 1.0]]",1,1,0,0.9962513618179513,grade
PRTN3,gene,PRTN3,PRTN3,cluster:BCL2,fatigue,induces,monogenic,A,1.0,0.895,HPO genes_to_phenotype; diseases=ORPHA:900,False,0.0,1.0,1.0,,ORPHA:900,1.0,0.0,,"[[""GENE:PRTN3"", -1.0, 1.0]]",1,1,0,0.9997730446598188,grade
PSAP,gene,PSAP,PSAP,cluster:ARSA,cognitive_impairment,induces,monogenic,A,1.0,0.895,HPO genes_to_phenotype; diseases=OMIM:249900;ORPHA:206436;ORPHA:309263;ORPHA:309271,True,1.0,3.0,6.0,,OMIM:249900;ORPHA:206436;ORPHA:309263;ORPHA:309271,4.0,0.0,2012-10-17,"[[""GENE:PSAP"", -1.0, 1.0]]",6,6,0,0.9999926633414649,grade
PSAP,gene,PSAP,PSAP,cluster:ARSA,psychosis,induces,monogenic,A,1.0,0.545,HPO genes_to_phenotype; diseases=ORPHA:309256;ORPHA:309263;ORPHA:309271,True,0.0,3.0,6.0,,ORPHA:309256;ORPHA:309263;ORPHA:309271,3.0,0.0,,"[[""GENE:PSAP"", -1.0, 1.0]]",6,6,0,0.9999500470146856,grade
PSAP,gene,PSAP,PSAP,cluster:ARSA,irritability_or_aggression,induces,monogenic,A,1.0,0.895,HPO genes_to_phenotype; diseases=ORPHA:206436,True,0.0,1.0,1.0,,ORPHA:206436,1.0,0.0,,"[[""GENE:PSAP"", -1.0, 1.0]]",1,1,0,0.9994232502804609,grade
PSAP,gene,PSAP,PSAP,cluster:ARSA,depressed_mood,induces,monogenic,A,1.0,0.3333333333333333,HPO genes_to_phenotype; diseases=OMIM:619491;ORPHA:309271,True,1.0,1.0,2.0,6.0,OMIM:619491;ORPHA:309271,2.0,1.0,2020-04-01,"[[""GENE:PSAP"", -1.0, 1.0]]",2,2,0,0.9999172724257107,grade
PSAP,gene,PSAP,PSAP,cluster:ARSA,fatigue,induces,monogenic,A,1.0,1.0,HPO genes_to_phenotype; diseases=OMIM:610539,True,1.0,0.0,1.0,2.0,OMIM:610539,1.0,1.0,2007-10-07,"[[""GENE:PSAP"", -1.0, 1.0]]",1,1,0,0.9965454918194486,grade
PSEN1,gene,PSEN1,PSEN1,cluster:ADH1C,cognitive_impairment,induces,monogenic,A,1.0,0.895,HPO genes_to_phenotype; diseases=OMIM:172700;OMIM:600274;OMIM:607822;ORPHA:100069;ORPHA:100070;ORPHA:1020;ORPHA:275864,False,3.0,4.0,17.0,10.0,OMIM:172700;OMIM:600274;OMIM:607822;ORPHA:100069;ORPHA:100070;ORPHA:1020;ORPHA:275864,8.0,1.0,2009-02-17,"[[""GENE:PSEN1"", -1.0, 1.0]]",17,17,0,0.9999995612894883,grade
PSEN1,gene,PSEN1,PSEN1,cluster:ADH1C,psychosis,induces,monogenic,A,1.0,0.895,HPO genes_to_phenotype; diseases=ORPHA:1020;ORPHA:275864,False,0.0,2.0,2.0,,ORPHA:1020;ORPHA:275864,2.0,0.0,,"[[""GENE:PSEN1"", -1.0, 1.0]]",2,2,0,0.9998302394354796,grade
PSEN1,gene,PSEN1,PSEN1,cluster:ADH1C,irritability_or_aggression,induces,monogenic,A,1.0,0.895,HPO genes_to_phenotype; diseases=OMIM:172700;OMIM:600274;ORPHA:275864,False,2.0,1.0,4.0,,OMIM:172700;OMIM:600274;ORPHA:275864,3.0,0.0,2009-02-17,"[[""GENE:PSEN1"", -1.0, 1.0]]",4,4,0,0.9999482163737975,grade
PSEN1,gene,PSEN1,PSEN1,cluster:ADH1C,anxiety,induces,monogenic,A,1.0,0.545,HPO genes_to_phenotype; diseases=ORPHA:100070,False,0.0,1.0,1.0,,ORPHA:100070,1.0,0.0,,"[[""GENE:PSEN1"", -1.0, 1.0]]",1,1,0,0.9994232502804609,grade
PSEN1,gene,PSEN1,PSEN1,cluster:ADH1C,depressed_mood,induces,monogenic,A,1.0,0.545,HPO genes_to_phenotype; diseases=ORPHA:100070,False,0.0,1.0,1.0,,ORPHA:100070,1.0,0.0,,"[[""GENE:PSEN1"", -1.0, 1.0]]",1,1,0,0.9994232502804609,grade
PSEN1,gene,PSEN1,PSEN1,cluster:ADH1C,psychomotor_agitation,induces,monogenic,A,1.0,0.895,HPO genes_to_phenotype; diseases=ORPHA:100070;ORPHA:1020;ORPHA:275864,False,0.0,3.0,3.0,,ORPHA:100070;ORPHA:1020;ORPHA:275864,3.0,0.0,,"[[""GENE:PSEN1"", -1.0, 1.0]]",3,3,0,0.9999500470146856,grade
PSEN1,gene,PSEN1,PSEN1,cluster:ADH1C,fatigue,induces,monogenic,A,1.0,0.545,HPO genes_to_phenotype; diseases=ORPHA:154,False,0.0,1.0,1.0,,ORPHA:154,1.0,0.0,,"[[""GENE:PSEN1"", -1.0, 1.0]]",1,1,0,0.9994232502804609,grade
PSEN2,gene,PSEN2,PSEN2,cluster:ADH1C,cognitive_impairment,induces,monogenic,A,1.0,1.0,HPO genes_to_phenotype; diseases=OMIM:606889;OMIM:613697;ORPHA:1020,False,2.0,1.0,9.0,36.0,OMIM:606889;OMIM:613697;ORPHA:1020,6.0,5.0,1996-12-01,"[[""GENE:PSEN2"", -1.0, 1.0]]",13,13,0,0.9999802705542332,grade
PSEN2,gene,PSEN2,PSEN2,cluster:ADH1C,psychosis,induces,monogenic,A,1.0,0.895,HPO genes_to_phenotype; diseases=ORPHA:1020,False,0.0,1.0,1.0,,ORPHA:1020,1.0,0.0,,"[[""GENE:PSEN2"", -1.0, 1.0]]",1,1,0,0.9994232502804609,grade
PSEN2,gene,PSEN2,PSEN2,cluster:ADH1C,irritability_or_aggression,induces,monogenic,A,1.0,0.5,HPO genes_to_phenotype; diseases=OMIM:606889,False,1.0,0.0,1.0,2.0,OMIM:606889,2.0,2.0,2003-08-01,"[[""GENE:PSEN2"", -1.0, 1.0]]",1,1,0,0.9965454918194486,grade
PSEN2,gene,PSEN2,PSEN2,cluster:ADH1C,psychomotor_agitation,induces,monogenic,A,1.0,0.895,HPO genes_to_phenotype; diseases=ORPHA:1020,False,0.0,1.0,1.0,,ORPHA:1020,1.0,0.0,,"[[""GENE:PSEN2"", -1.0, 1.0]]",1,1,0,0.9994232502804609,grade
PSEN2,gene,PSEN2,PSEN2,cluster:ADH1C,fatigue,induces,monogenic,A,1.0,0.545,HPO genes_to_phenotype; diseases=ORPHA:154,False,0.0,1.0,1.0,,ORPHA:154,1.0,0.0,,"[[""GENE:PSEN2"", -1.0, 1.0]]",1,1,0,0.9994232502804609,grade
PSMB1,gene,PSMB1,PSMB1,cluster:PSMB1,irritability_or_aggression,induces,monogenic,A,1.0,1.0,HPO genes_to_phenotype; diseases=OMIM:620038,False,1.0,0.0,1.0,2.0,OMIM:620038,1.0,1.0,2022-10-03,"[[""GENE:PSMB1"", -1.0, 1.0]]",1,1,0,0.9996663476591036,grade
PSMD12,gene,PSMD12,PSMD12,cluster:BPTF,psychosis,induces,monogenic,A,0.68,0.17,HPO genes_to_phenotype; diseases=ORPHA:529962,False,0.0,1.0,1.0,,ORPHA:529962,1.0,0.0,,"[[""GENE:PSMD12"", -1.0, 1.0]]",1,1,0,0.9994232502804609,grade
PSMD12,gene,PSMD12,PSMD12,cluster:BPTF,irritability_or_aggression,induces,monogenic,A,1.0,1.0,HPO genes_to_phenotype; diseases=OMIM:617516;ORPHA:529962,False,1.0,1.0,3.0,2.0,OMIM:617516;ORPHA:529962,2.0,1.0,2026-01-13,"[[""GENE:PSMD12"", -1.0, 1.0]]",3,3,0,0.9998934187245915,grade
PSMD12,gene,PSMD12,PSMD12,cluster:BPTF,anxiety,induces,monogenic,A,1.0,0.545,HPO genes_to_phenotype; diseases=ORPHA:529962,False,0.0,1.0,1.0,,ORPHA:529962,1.0,0.0,,"[[""GENE:PSMD12"", -1.0, 1.0]]",1,1,0,0.9994232502804609,grade
PTBP1,gene,PTBP1,PTBP1,cluster:PTBP1,anxiety,induces,monogenic,A,0.5714285714285714,0.14285714285714285,HPO genes_to_phenotype; diseases=OMIM:621495,False,1.0,0.0,1.0,7.0,OMIM:621495,1.0,1.0,2026-05-24,"[[""GENE:PTBP1"", -1.0, 1.0]]",1,1,0,0.999726368839152,grade
PTBP1,gene,PTBP1,PTBP1,cluster:PTBP1,irritability_or_aggression,induces,monogenic,A,0.8,0.2,HPO genes_to_phenotype; diseases=OMIM:621495,False,1.0,0.0,1.0,5.0,OMIM:621495,1.0,1.0,2026-05-24,"[[""GENE:PTBP1"", -1.0, 1.0]]",1,1,0,0.9997099799437312,grade
PTCH1,gene,PTCH1,PTCH1,cluster:ARNT2,irritability_or_aggression,induces,monogenic,A,1.0,0.545,HPO genes_to_phenotype; diseases=ORPHA:220386;ORPHA:93924;ORPHA:93925;ORPHA:93926,False,0.0,4.0,4.0,,ORPHA:220386;ORPHA:93924;ORPHA:93925;ORPHA:93926,4.0,0.0,,"[[""GENE:PTCH1"", -1.0, 1.0]]",4,4,0,0.9999942183170779,grade
PTCH1,gene,PTCH1,PTCH1,cluster:ARNT2,anxiety,induces,monogenic,A,1.0,0.545,HPO genes_to_phenotype; diseases=ORPHA:220386;ORPHA:93924;ORPHA:93925;ORPHA:93926,False,0.0,4.0,4.0,,ORPHA:220386;ORPHA:93924;ORPHA:93925;ORPHA:93926,4.0,0.0,,"[[""GENE:PTCH1"", -1.0, 1.0]]",4,4,0,0.9999942183170779,grade
PTCH1,gene,PTCH1,PTCH1,cluster:ARNT2,cognitive_impairment,induces,monogenic,A,1.0,0.545,HPO genes_to_phenotype; diseases=ORPHA:280195,False,0.0,1.0,1.0,,ORPHA:280195,1.0,0.0,,"[[""GENE:PTCH1"", -1.0, 1.0]]",1,1,0,0.9997730446598188,grade
PTCH1,gene,PTCH1,PTCH1,cluster:ARNT2,depressed_mood,induces,monogenic,A,1.0,0.545,HPO genes_to_phenotype; diseases=ORPHA:220386;ORPHA:93924;ORPHA:93925;ORPHA:93926,False,0.0,4.0,4.0,,ORPHA:220386;ORPHA:93924;ORPHA:93925;ORPHA:93926,4.0,0.0,,"[[""GENE:PTCH1"", -1.0, 1.0]]",4,4,0,0.9999942183170779,grade
PTEN,gene,PTEN,PTEN,cluster:PTEN,cognitive_impairment,induces,monogenic,A,1.0,0.545,HPO genes_to_phenotype; diseases=OMIM:605309;ORPHA:201,True,1.0,1.0,2.0,3.0,OMIM:605309;ORPHA:201,2.0,1.0,2005-04-01,"[[""GENE:PTEN"", -1.0, 1.0]]",2,2,0,0.9999073592912551,grade
PTH,gene,PTH,PTH,cluster:PTH,irritability_or_aggression,induces,monogenic,A,1.0,0.5,HPO genes_to_phenotype; diseases=OMIM:146200,False,1.0,0.0,1.0,2.0,OMIM:146200,1.0,1.0,2022-08-17,"[[""GENE:PTH"", -1.0, 1.0]]",1,1,0,0.9996663476591036,grade
PTPN3,gene,PTPN3,PTPN3,cluster:ABCA3,fatigue,induces,monogenic,A,1.0,0.545,HPO genes_to_phenotype; diseases=ORPHA:70567,False,0.0,1.0,1.0,,ORPHA:70567,1.0,0.0,,"[[""GENE:PTPN3"", -1.0, 1.0]]",1,1,0,0.9997730446598188,grade
PTPRO,gene,PTPRO,PTPRO,cluster:PTPRO,irritability_or_aggression,induces,monogenic,A,0.68,0.17,HPO genes_to_phenotype; diseases=ORPHA:656,False,0.0,1.0,1.0,,ORPHA:656,1.0,0.0,,"[[""GENE:PTPRO"", -1.0, 1.0]]",1,1,0,0.9997730446598188,grade
PTS,gene,PTS,PTS,cluster:PTS,somnolence_or_hypersomnia,induces,monogenic,A,1.0,,HPO genes_to_phenotype; diseases=OMIM:261640,True,1.0,0.0,1.0,,OMIM:261640,1.0,0.0,2010-06-18,"[[""GENE:PTS"", -1.0, 1.0]]",1,1,0,0.9961871887065212,grade
PTS,gene,PTS,PTS,cluster:PTS,irritability_or_aggression,induces,monogenic,A,1.0,,HPO genes_to_phenotype; diseases=OMIM:261640,True,1.0,0.0,1.0,,OMIM:261640,1.0,0.0,2010-06-18,"[[""GENE:PTS"", -1.0, 1.0]]",1,1,0,0.9961871887065212,grade
PTS,gene,PTS,PTS,cluster:PTS,depressed_mood,induces,monogenic,A,0.68,0.17,HPO genes_to_phenotype; diseases=ORPHA:13,True,0.0,1.0,1.0,,ORPHA:13,1.0,0.0,,"[[""GENE:PTS"", -1.0, 1.0]]",1,1,0,0.9994232502804609,grade
PTS,gene,PTS,PTS,cluster:PTS,psychomotor_agitation,induces,monogenic,A,0.68,0.17,HPO genes_to_phenotype; diseases=ORPHA:13,True,0.0,1.0,2.0,,ORPHA:13,1.0,0.0,,"[[""GENE:PTS"", -1.0, 1.0]]",2,2,0,0.9994232502804609,grade
PURA,gene,PURA,PURA,cluster:PURA,anxiety,induces,monogenic,A,0.68,0.17,HPO genes_to_phenotype; diseases=ORPHA:438216,False,0.0,1.0,1.0,,ORPHA:438216,1.0,0.0,,"[[""GENE:PURA"", -1.0, 1.0]]",1,1,0,0.9997730446598188,grade
PURA,gene,PURA,PURA,cluster:PURA,cognitive_impairment,induces,monogenic,A,0.68,0.17,HPO genes_to_phenotype; diseases=ORPHA:438216,False,0.0,1.0,1.0,,ORPHA:438216,1.0,0.0,,"[[""GENE:PURA"", -1.0, 1.0]]",1,1,0,0.9997730446598188,grade
PEX19,gene,PEX19,PEX19,cluster:PEX1,cognitive_impairment,induces,monogenic,A,1.0,0.895,HPO genes_to_phenotype; diseases=ORPHA:912,False,0.0,1.0,1.0,,ORPHA:912,1.0,0.0,,"[[""GENE:PEX19"", -1.0, 1.0]]",1,1,0,0.9997730446598188,grade
PEX2,gene,PEX2,PEX2,cluster:PEX1,cognitive_impairment,induces,monogenic,A,1.0,0.895,HPO genes_to_phenotype; diseases=ORPHA:912,False,0.0,1.0,1.0,,ORPHA:912,1.0,0.0,,"[[""GENE:PEX2"", -1.0, 1.0]]",1,1,0,0.9997730446598188,grade
PEX5,gene,PEX5,PEX5,cluster:PEX1,cognitive_impairment,induces,monogenic,A,1.0,0.895,HPO genes_to_phenotype; diseases=ORPHA:912,False,0.0,1.0,1.0,,ORPHA:912,1.0,0.0,,"[[""GENE:PEX5"", -1.0, 1.0]]",1,1,0,0.9997730446598188,grade
ALDH18A1,gene,ALDH18A1,ALDH18A1,cluster:ALDH18A1,cognitive_impairment,induces,monogenic,A,0.68,0.17,HPO genes_to_phenotype; diseases=ORPHA:447753;ORPHA:447757,True,0.0,2.0,3.0,,ORPHA:447753;ORPHA:447757,2.0,0.0,,"[[""GENE:ALDH18A1"", -1.0, 1.0]]",3,3,0,0.9999332144392659,grade
ALDH18A1,gene,ALDH18A1,ALDH18A1,cluster:ALDH18A1,psychosis,induces,monogenic,A,0.68,0.17,HPO genes_to_phenotype; diseases=ORPHA:447753,True,0.0,1.0,1.0,,ORPHA:447753,1.0,0.0,,"[[""GENE:ALDH18A1"", -1.0, 1.0]]",1,1,0,0.9997730446598188,grade
PYGL,gene,PYGL,PYGL,cluster:PYGL,irritability_or_aggression,induces,monogenic,A,0.68,0.17,HPO genes_to_phenotype; diseases=ORPHA:369,True,0.0,1.0,1.0,,ORPHA:369,1.0,0.0,,"[[""GENE:PYGL"", -1.0, 1.0]]",1,1,0,0.9997730446598188,grade
PYGM,gene,PYGM,PYGM,cluster:PYGM,fatigue,induces,monogenic,A,0.68,0.17,HPO genes_to_phenotype; diseases=ORPHA:368,True,0.0,1.0,1.0,,ORPHA:368,1.0,0.0,,"[[""GENE:PYGM"", -1.0, 1.0]]",1,1,0,0.9997730446598188,grade
QDPR,gene,QDPR,QDPR,cluster:QDPR,irritability_or_aggression,induces,monogenic,A,1.0,,HPO genes_to_phenotype; diseases=OMIM:261630,True,1.0,0.0,1.0,,OMIM:261630,1.0,0.0,2010-06-18,"[[""GENE:QDPR"", -1.0, 1.0]]",1,1,0,0.999631621434846,grade
RAB3A,gene,RAB3A,RAB3A,cluster:RAB3A,cognitive_impairment,induces,monogenic,A,1.0,1.0,HPO genes_to_phenotype; diseases=OMIM:621535,False,1.0,0.0,3.0,19.0,OMIM:621535,2.0,2.0,2026-05-31,"[[""GENE:RAB3A"", -1.0, 1.0]]",3,2,1,0.9992814222785816,grade
RAB3A,gene,RAB3A,RAB3A,cluster:RAB3A,psychosis,induces,monogenic,A,1.0,1.0,HPO genes_to_phenotype; diseases=OMIM:621535,False,1.0,0.0,1.0,2.0,OMIM:621535,2.0,2.0,2026-05-31,"[[""GENE:RAB3A"", -1.0, 1.0]]",1,1,0,0.9996663476591036,grade
RAB3A,gene,RAB3A,RAB3A,cluster:RAB3A,irritability_or_aggression,induces,monogenic,A,1.0,1.0,HPO genes_to_phenotype; diseases=OMIM:621535,False,1.0,0.0,1.0,2.0,OMIM:621535,2.0,2.0,2026-05-31,"[[""GENE:RAB3A"", -1.0, 1.0]]",1,1,0,0.9996663476591036,grade
RAB3A,gene,RAB3A,RAB3A,cluster:RAB3A,anxiety,induces,monogenic,A,1.0,1.0,HPO genes_to_phenotype; diseases=OMIM:621535,False,1.0,0.0,1.0,2.0,OMIM:621535,1.0,1.0,2026-05-31,"[[""GENE:RAB3A"", -1.0, 1.0]]",1,1,0,0.9996663476591036,grade
RAB3A,gene,RAB3A,RAB3A,cluster:RAB3A,depressed_mood,induces,monogenic,A,1.0,1.0,HPO genes_to_phenotype; diseases=OMIM:621535,False,1.0,0.0,1.0,2.0,OMIM:621535,2.0,2.0,2026-05-31,"[[""GENE:RAB3A"", -1.0, 1.0]]",1,1,0,0.9996663476591036,grade
RAD21,gene,RAD21,RAD21,cluster:ARNT2,anxiety,induces,monogenic,A,1.0,0.545,HPO genes_to_phenotype; diseases=ORPHA:199,False,0.0,1.0,1.0,,ORPHA:199,1.0,0.0,,"[[""GENE:RAD21"", -1.0, 1.0]]",1,1,0,0.9997730446598188,grade
RAF1,gene,RAF1,RAF1,cluster:RAF1,fatigue,induces,monogenic,A,1.0,0.545,HPO genes_to_phenotype; diseases=ORPHA:154,False,0.0,1.0,1.0,,ORPHA:154,1.0,0.0,,"[[""GENE:RAF1"", -1.0, 1.0]]",1,1,0,0.9997730446598188,grade
RAP1GDS1,gene,RAP1GDS1,RAP1GDS1,cluster:RAP1GDS1,irritability_or_aggression,induces,monogenic,A,1.0,1.0,HPO genes_to_phenotype; diseases=OMIM:620655,False,1.0,0.0,1.0,1.0,OMIM:620655,1.0,1.0,2024-04-01,"[[""GENE:RAP1GDS1"", -1.0, 1.0]]",1,1,0,0.99963784265969,grade
RAPSN,gene,RAPSN,RAPSN,cluster:ATP10A,somnolence_or_hypersomnia,induces,monogenic,A,1.0,0.895,HPO genes_to_phenotype; diseases=ORPHA:994,False,0.0,1.0,1.0,,ORPHA:994,1.0,0.0,,"[[""GENE:RAPSN"", -1.0, 1.0]]",1,1,0,0.9994232502804609,grade
RAPSN,gene,RAPSN,RAPSN,cluster:ATP10A,fatigue,induces,monogenic,A,1.0,0.5,HPO genes_to_phenotype; diseases=OMIM:616326,False,1.0,0.0,1.0,4.0,OMIM:616326,1.0,1.0,2022-09-06,"[[""GENE:RAPSN"", -1.0, 1.0]]",1,1,0,0.9968835275404955,grade
RARA,gene,RARA,RARA,cluster:ABCA3,fatigue,induces,monogenic,A,1.0,0.545,HPO genes_to_phenotype; diseases=ORPHA:520,False,0.0,1.0,1.0,,ORPHA:520,1.0,0.0,,"[[""GENE:RARA"", -1.0, 1.0]]",1,1,0,0.9997730446598188,grade
RBBP8,gene,RBBP8,RBBP8,cluster:ATR,cognitive_impairment,induces,monogenic,A,1.0,0.895,HPO genes_to_phenotype; diseases=ORPHA:808,False,0.0,1.0,1.0,,ORPHA:808,1.0,0.0,,"[[""GENE:RBBP8"", -1.0, 1.0]]",1,1,0,0.9994232502804609,grade
RBBP8,gene,RBBP8,RBBP8,cluster:ATR,irritability_or_aggression,induces,monogenic,A,1.0,,HPO genes_to_phenotype; diseases=OMIM:251255,False,1.0,0.0,1.0,,OMIM:251255,1.0,0.0,2013-07-30,"[[""GENE:RBBP8"", -1.0, 1.0]]",1,1,0,0.997017116436691,grade
DPF2,gene,DPF2,DPF2,cluster:ABCA3,irritability_or_aggression,induces,monogenic,A,0.68,0.17,HPO genes_to_phenotype; diseases=ORPHA:1465,False,0.0,1.0,1.0,,ORPHA:1465,1.0,0.0,,"[[""GENE:DPF2"", -1.0, 1.0]]",1,1,0,0.9997730446598188,grade
RET,gene,RET,RET,cluster:ABCA3,anxiety,induces,monogenic,A,1.0,0.545,HPO genes_to_phenotype; diseases=ORPHA:276621;ORPHA:29072,False,0.0,2.0,4.0,,ORPHA:276621;ORPHA:29072,2.0,0.0,,"[[""GENE:RET"", -1.0, 1.0]]",4,4,0,0.9999332144392659,grade
RET,gene,RET,RET,cluster:ABCA3,fatigue,induces,monogenic,A,1.0,0.545,HPO genes_to_phenotype; diseases=ORPHA:276621;ORPHA:29072,False,0.0,2.0,2.0,,ORPHA:276621;ORPHA:29072,2.0,0.0,,"[[""GENE:RET"", -1.0, 1.0]]",2,2,0,0.9999332144392659,grade
RFC2,gene,RFC2,RFC2,cluster:BAZ1B,insomnia,induces,monogenic,A,1.0,0.545,HPO genes_to_phenotype; diseases=ORPHA:904,False,0.0,1.0,1.0,,ORPHA:904,1.0,0.0,,"[[""GENE:RFC2"", -1.0, 1.0]]",1,1,0,0.9997730446598188,grade
RFC2,gene,RFC2,RFC2,cluster:BAZ1B,anxiety,induces,monogenic,A,1.0,0.895,HPO genes_to_phenotype; diseases=ORPHA:904,False,0.0,1.0,1.0,,ORPHA:904,1.0,0.0,,"[[""GENE:RFC2"", -1.0, 1.0]]",1,1,0,0.9997730446598188,grade
RFC2,gene,RFC2,RFC2,cluster:BAZ1B,depressed_mood,induces,monogenic,A,1.0,0.895,HPO genes_to_phenotype; diseases=ORPHA:904,False,0.0,1.0,1.0,,ORPHA:904,1.0,0.0,,"[[""GENE:RFC2"", -1.0, 1.0]]",1,1,0,0.9997730446598188,grade
RFC4,gene,RFC4,RFC4,cluster:RFC4,psychosis,induces,monogenic,A,1.0,1.0,HPO genes_to_phenotype; diseases=OMIM:621010,False,1.0,0.0,1.0,1.0,OMIM:621010,1.0,1.0,2025-12-10,"[[""GENE:RFC4"", -1.0, 1.0]]",1,1,0,0.99963784265969,grade
RHAG,gene,RHAG,RHAG,cluster:RHAG,fatigue,induces,monogenic,A,1.0,0.25,HPO genes_to_phenotype; diseases=OMIM:185000,True,1.0,0.0,1.0,4.0,OMIM:185000,1.0,1.0,2011-08-17,"[[""GENE:RHAG"", -1.0, 1.0]]",1,1,0,0.9996990889216895,grade
RORB,gene,RORB,RORB,cluster:RORB,irritability_or_aggression,induces,monogenic,A,1.0,,HPO genes_to_phenotype; diseases=OMIM:618357,False,1.0,0.0,1.0,,OMIM:618357,1.0,0.0,2019-04-18,"[[""GENE:RORB"", -1.0, 1.0]]",1,1,0,0.999631621434846,grade
ROS1,gene,ROS1,ROS1,cluster:ABCA3,fatigue,induces,monogenic,A,1.0,0.545,HPO genes_to_phenotype; diseases=ORPHA:70567,False,0.0,1.0,1.0,,ORPHA:70567,1.0,0.0,,"[[""GENE:ROS1"", -1.0, 1.0]]",1,1,0,0.9997730446598188,grade
RPL3L,gene,RPL3L,RPL3L,cluster:RPL3L,fatigue,induces,monogenic,A,1.0,0.545,HPO genes_to_phenotype; diseases=ORPHA:154,False,0.0,1.0,1.0,,ORPHA:154,1.0,0.0,,"[[""GENE:RPL3L"", -1.0, 1.0]]",1,1,0,0.9997730446598188,grade
RPS6KA3,gene,RPS6KA3,RPS6KA3,cluster:RPS6KA3,depressed_mood,induces,monogenic,A,0.68,0.17,HPO genes_to_phenotype; diseases=ORPHA:276630,False,0.0,1.0,1.0,,ORPHA:276630,1.0,0.0,,"[[""GENE:RPS6KA3"", -1.0, 1.0]]",1,1,0,0.9997730446598188,grade
RPS6KA3,gene,RPS6KA3,RPS6KA3,cluster:RPS6KA3,psychosis,induces,monogenic,A,0.68,0.17,HPO genes_to_phenotype; diseases=ORPHA:276630,False,0.0,1.0,1.0,,ORPHA:276630,1.0,0.0,,"[[""GENE:RPS6KA3"", -1.0, 1.0]]",1,1,0,0.9997730446598188,grade
RPS20,gene,RPS20,RPS20,cluster:ABCA3,cognitive_impairment,induces,monogenic,A,0.68,0.17,HPO genes_to_phenotype; diseases=ORPHA:440437,False,0.0,1.0,1.0,,ORPHA:440437,1.0,0.0,,"[[""GENE:RPS20"", -1.0, 1.0]]",1,1,0,0.9997730446598188,grade
RPS20,gene,RPS20,RPS20,cluster:ABCA3,psychosis,induces,monogenic,A,0.68,0.17,HPO genes_to_phenotype; diseases=ORPHA:440437,False,0.0,1.0,1.0,,ORPHA:440437,1.0,0.0,,"[[""GENE:RPS20"", -1.0, 1.0]]",1,1,0,0.9997730446598188,grade
RPS20,gene,RPS20,RPS20,cluster:ABCA3,irritability_or_aggression,induces,monogenic,A,1.0,0.545,HPO genes_to_phenotype; diseases=ORPHA:440437,False,0.0,1.0,1.0,,ORPHA:440437,1.0,0.0,,"[[""GENE:RPS20"", -1.0, 1.0]]",1,1,0,0.9997730446598188,grade
RPS20,gene,RPS20,RPS20,cluster:ABCA3,anxiety,induces,monogenic,A,1.0,0.545,HPO genes_to_phenotype; diseases=ORPHA:440437,False,0.0,1.0,1.0,,ORPHA:440437,1.0,0.0,,"[[""GENE:RPS20"", -1.0, 1.0]]",1,1,0,0.9997730446598188,grade
RPS20,gene,RPS20,RPS20,cluster:ABCA3,depressed_mood,induces,monogenic,A,1.0,0.545,HPO genes_to_phenotype; diseases=ORPHA:440437,False,0.0,1.0,1.0,,ORPHA:440437,1.0,0.0,,"[[""GENE:RPS20"", -1.0, 1.0]]",1,1,0,0.9997730446598188,grade
RPS20,gene,RPS20,RPS20,cluster:ABCA3,fatigue,induces,monogenic,A,1.0,0.895,HPO genes_to_phenotype; diseases=ORPHA:440437,False,0.0,1.0,1.0,,ORPHA:440437,1.0,0.0,,"[[""GENE:RPS20"", -1.0, 1.0]]",1,1,0,0.9997730446598188,grade
RREB1,gene,RREB1,RREB1,cluster:ARVCF,anxiety,induces,monogenic,A,1.0,0.545,HPO genes_to_phenotype; diseases=ORPHA:567,False,0.0,1.0,1.0,,ORPHA:567,1.0,0.0,,"[[""GENE:RREB1"", -1.0, 1.0]]",1,1,0,0.9997730446598188,grade
RREB1,gene,RREB1,RREB1,cluster:ARVCF,depressed_mood,induces,monogenic,A,0.68,0.17,HPO genes_to_phenotype; diseases=ORPHA:567,False,0.0,1.0,1.0,,ORPHA:567,1.0,0.0,,"[[""GENE:RREB1"", -1.0, 1.0]]",1,1,0,0.9997730446598188,grade
RRM1,gene,RRM1,RRM1,cluster:LIG3,cognitive_impairment,induces,monogenic,A,0.25,0.025,HPO genes_to_phenotype; diseases=ORPHA:254886,True,0.0,1.0,1.0,,ORPHA:254886,1.0,0.0,,"[[""GENE:RRM1"", -1.0, 1.0]]",1,1,0,0.9997730446598188,grade
RRM1,gene,RRM1,RRM1,cluster:LIG3,depressed_mood,induces,monogenic,A,0.68,0.17,HPO genes_to_phenotype; diseases=ORPHA:254886,True,0.0,1.0,1.0,,ORPHA:254886,1.0,0.0,,"[[""GENE:RRM1"", -1.0, 1.0]]",1,1,0,0.9997730446598188,grade
RYR1,gene,RYR1,RYR1,cluster:RYR1,cognitive_impairment,induces,monogenic,A,0.68,0.17,HPO genes_to_phenotype; diseases=ORPHA:466650,False,0.0,1.0,2.0,,ORPHA:466650,1.0,0.0,,"[[""GENE:RYR1"", -1.0, 1.0]]",2,2,0,0.9997730446598188,grade
RYR1,gene,RYR1,RYR1,cluster:RYR1,fatigue,induces,monogenic,A,1.0,0.545,HPO genes_to_phenotype; diseases=ORPHA:466650,False,0.0,1.0,1.0,,ORPHA:466650,1.0,0.0,,"[[""GENE:RYR1"", -1.0, 1.0]]",1,1,0,0.9997730446598188,grade
SARS1,gene,SARS1,SARS1,cluster:SARS1,irritability_or_aggression,induces,monogenic,A,1.0,1.0,HPO genes_to_phenotype; diseases=OMIM:617709,True,1.0,0.0,1.0,4.0,OMIM:617709,1.0,1.0,2017-03-23,"[[""GENE:SARS1"", -1.0, 1.0]]",1,1,0,0.9996990889216895,grade
SAT1,gene,SAT1,SAT1,cluster:BCL2,cognitive_impairment,induces,monogenic,A,0.25,0.025,HPO genes_to_phenotype; diseases=ORPHA:93552,True,0.0,1.0,1.0,,ORPHA:93552,1.0,0.0,,"[[""GENE:SAT1"", -1.0, 1.0]]",1,1,0,0.9997730446598188,grade
SAT1,gene,SAT1,SAT1,cluster:BCL2,psychosis,induces,monogenic,A,0.68,0.17,HPO genes_to_phenotype; diseases=ORPHA:93552,True,0.0,1.0,1.0,,ORPHA:93552,1.0,0.0,,"[[""GENE:SAT1"", -1.0, 1.0]]",1,1,0,0.9997730446598188,grade
SATB1,gene,SATB1,SATB1,cluster:SATB1,cognitive_impairment,induces,monogenic,A,0.32,0.08,HPO genes_to_phenotype; diseases=OMIM:619229,False,1.0,0.0,1.0,25.0,OMIM:619229,1.0,1.0,2021-06-20,"[[""GENE:SATB1"", -1.0, 1.0]]",1,1,0,0.9997748793976969,grade
SATB1,gene,SATB1,SATB1,cluster:SATB1,psychomotor_agitation,induces,monogenic,A,0.32,0.08,HPO genes_to_phenotype; diseases=OMIM:619229,False,1.0,0.0,1.0,25.0,OMIM:619229,1.0,1.0,2021-06-20,"[[""GENE:SATB1"", -1.0, 1.0]]",1,1,0,0.9997748793976969,grade
SATB1,gene,SATB1,SATB1,cluster:SATB1,insomnia,induces,monogenic,A,0.32,0.08,HPO genes_to_phenotype; diseases=OMIM:619229,False,1.0,0.0,1.0,25.0,OMIM:619229,1.0,1.0,2021-06-20,"[[""GENE:SATB1"", -1.0, 1.0]]",1,1,0,0.9997748793976969,grade
ATXN1,gene,ATXN1,ATXN1,cluster:ATXN1,cognitive_impairment,induces,monogenic,A,1.0,0.545,HPO genes_to_phenotype; diseases=OMIM:164400;ORPHA:98755,False,1.0,1.0,3.0,,OMIM:164400;ORPHA:98755,2.0,0.0,2009-02-17,"[[""GENE:ATXN1"", -1.0, 1.0]]",3,3,0,0.9999337544286306,grade
ATXN2,gene,ATXN2,ATXN2,cluster:ADH1C,cognitive_impairment,induces,monogenic,A,1.0,0.545,HPO genes_to_phenotype; diseases=OMIM:168600;OMIM:183090;ORPHA:803;ORPHA:98756,False,2.0,2.0,5.0,,OMIM:168600;OMIM:183090;ORPHA:803;ORPHA:98756,4.0,0.0,2009-02-17,"[[""GENE:ATXN2"", -1.0, 1.0]]",5,5,0,0.9999847636503136,grade
ATXN2,gene,ATXN2,ATXN2,cluster:ADH1C,psychosis,induces,monogenic,A,0.68,0.17,HPO genes_to_phenotype; diseases=OMIM:168600,False,1.0,0.0,1.0,,OMIM:168600,1.0,0.0,2012-11-21,"[[""GENE:ATXN2"", -1.0, 1.0]]",1,1,0,0.997017116436691,grade
ATXN2,gene,ATXN2,ATXN2,cluster:ADH1C,anxiety,induces,monogenic,A,1.0,0.545,HPO genes_to_phenotype; diseases=ORPHA:803,False,0.0,1.0,1.0,,ORPHA:803,1.0,0.0,,"[[""GENE:ATXN2"", -1.0, 1.0]]",1,1,0,0.9994232502804609,grade
ATXN2,gene,ATXN2,ATXN2,cluster:ADH1C,depressed_mood,induces,monogenic,A,1.0,0.545,HPO genes_to_phenotype; diseases=OMIM:168600;ORPHA:803,False,1.0,1.0,2.0,,OMIM:168600;ORPHA:803,2.0,0.0,2009-02-17,"[[""GENE:ATXN2"", -1.0, 1.0]]",2,2,0,0.9998915873699763,grade
ATXN2,gene,ATXN2,ATXN2,cluster:ADH1C,fatigue,induces,monogenic,A,1.0,0.545,HPO genes_to_phenotype; diseases=ORPHA:803,False,0.0,1.0,1.0,,ORPHA:803,1.0,0.0,,"[[""GENE:ATXN2"", -1.0, 1.0]]",1,1,0,0.9994232502804609,grade
ATXN7,gene,ATXN7,ATXN7,cluster:ATXN7,cognitive_impairment,induces,monogenic,A,1.0,0.545,HPO genes_to_phenotype; diseases=OMIM:164500;ORPHA:94147,False,1.0,1.0,2.0,,OMIM:164500;ORPHA:94147,2.0,1.0,2009-02-17,"[[""GENE:ATXN7"", -1.0, 1.0]]",2,2,0,0.9999337544286306,grade
ATXN7,gene,ATXN7,ATXN7,cluster:ATXN7,psychosis,induces,monogenic,A,0.68,0.17,HPO genes_to_phenotype; diseases=ORPHA:94147,False,0.0,1.0,1.0,,ORPHA:94147,1.0,0.0,,"[[""GENE:ATXN7"", -1.0, 1.0]]",1,1,0,0.9994232502804609,grade
SCN1A,gene,SCN1A,SCN1A,cluster:ABCA3,cognitive_impairment,induces,monogenic,A,1.0,0.895,HPO genes_to_phenotype; diseases=OMIM:607208;ORPHA:2382;ORPHA:293181;ORPHA:33069;ORPHA:36387;ORPHA:442835;ORPHA:569,True,1.0,6.0,8.0,,OMIM:607208;ORPHA:2382;ORPHA:293181;ORPHA:33069;ORPHA:36387;ORPHA:442835;ORPHA:569,7.0,0.0,2009-02-17,"[[""GENE:SCN1A"", -1.0, 1.0]]",8,8,0,0.9999997609493879,grade
SCN1A,gene,SCN1A,SCN1A,cluster:ABCA3,irritability_or_aggression,induces,monogenic,A,1.0,0.545,HPO genes_to_phenotype; diseases=ORPHA:2382,True,0.0,1.0,2.0,,ORPHA:2382,1.0,0.0,,"[[""GENE:SCN1A"", -1.0, 1.0]]",2,2,0,0.9994232502804609,grade
SCN1A,gene,SCN1A,SCN1A,cluster:ABCA3,anxiety,induces,monogenic,A,1.0,0.545,HPO genes_to_phenotype; diseases=ORPHA:33069;ORPHA:36387,True,0.0,2.0,2.0,,ORPHA:33069;ORPHA:36387,2.0,0.0,,"[[""GENE:SCN1A"", -1.0, 1.0]]",2,2,0,0.9998302394354796,grade
SCN1A,gene,SCN1A,SCN1A,cluster:ABCA3,psychosis,induces,monogenic,A,0.68,0.17,HPO genes_to_phenotype; diseases=ORPHA:2382,True,0.0,1.0,1.0,,ORPHA:2382,1.0,0.0,,"[[""GENE:SCN1A"", -1.0, 1.0]]",1,1,0,0.9994232502804609,grade
SCN1B,gene,SCN1B,SCN1B,cluster:ABCA3,cognitive_impairment,induces,monogenic,A,1.0,0.545,HPO genes_to_phenotype; diseases=ORPHA:33069;ORPHA:36387,False,0.0,2.0,3.0,,ORPHA:33069;ORPHA:36387,2.0,0.0,,"[[""GENE:SCN1B"", -1.0, 1.0]]",3,3,0,0.9999332144392659,grade
SCN1B,gene,SCN1B,SCN1B,cluster:ABCA3,anxiety,induces,monogenic,A,1.0,0.545,HPO genes_to_phenotype; diseases=ORPHA:33069;ORPHA:36387,False,0.0,2.0,2.0,,ORPHA:33069;ORPHA:36387,2.0,0.0,,"[[""GENE:SCN1B"", -1.0, 1.0]]",2,2,0,0.9999332144392659,grade
SCN1B,gene,SCN1B,SCN1B,cluster:ABCA3,fatigue,induces,monogenic,A,1.0,0.545,HPO genes_to_phenotype; diseases=ORPHA:334,False,0.0,1.0,1.0,,ORPHA:334,1.0,0.0,,"[[""GENE:SCN1B"", -1.0, 1.0]]",1,1,0,0.9997730446598188,grade
SCN2A,gene,SCN2A,SCN2A,cluster:ABCA3,cognitive_impairment,induces,monogenic,A,1.0,0.895,HPO genes_to_phenotype; diseases=ORPHA:140927;ORPHA:293181;ORPHA:33069;ORPHA:36387,True,0.0,4.0,5.0,,ORPHA:140927;ORPHA:293181;ORPHA:33069;ORPHA:36387,4.0,0.0,,"[[""GENE:SCN2A"", -1.0, 1.0]]",5,5,0,0.9999942183170779,grade
SCN2A,gene,SCN2A,SCN2A,cluster:ABCA3,anxiety,induces,monogenic,A,1.0,0.545,HPO genes_to_phenotype; diseases=ORPHA:33069;ORPHA:36387,True,0.0,2.0,2.0,,ORPHA:33069;ORPHA:36387,2.0,0.0,,"[[""GENE:SCN2A"", -1.0, 1.0]]",2,2,0,0.9999332144392659,grade
SCN2A,gene,SCN2A,SCN2A,cluster:ABCA3,irritability_or_aggression,induces,monogenic,A,0.68,0.17,HPO genes_to_phenotype; diseases=ORPHA:2131,True,0.0,1.0,1.0,,ORPHA:2131,1.0,0.0,,"[[""GENE:SCN2A"", -1.0, 1.0]]",1,1,0,0.9997730446598188,grade
SCN2B,gene,SCN2B,SCN2B,cluster:SCN2B,fatigue,induces,monogenic,A,1.0,0.545,HPO genes_to_phenotype; diseases=ORPHA:334,False,0.0,1.0,1.0,,ORPHA:334,1.0,0.0,,"[[""GENE:SCN2B"", -1.0, 1.0]]",1,1,0,0.9997730446598188,grade
SCN3A,gene,SCN3A,SCN3A,cluster:CHRNA2,cognitive_impairment,induces,monogenic,A,0.68,0.17,HPO genes_to_phenotype; diseases=ORPHA:442835;ORPHA:98820,True,0.0,2.0,2.0,,ORPHA:442835;ORPHA:98820,2.0,0.0,,"[[""GENE:SCN3A"", -1.0, 1.0]]",2,2,0,0.9999332144392659,grade
SCN3A,gene,SCN3A,SCN3A,cluster:CHRNA2,psychosis,induces,monogenic,A,0.68,0.17,HPO genes_to_phenotype; diseases=ORPHA:98820,True,0.0,1.0,2.0,,ORPHA:98820,1.0,0.0,,"[[""GENE:SCN3A"", -1.0, 1.0]]",2,2,0,0.9997730446598188,grade
SCN4A,gene,SCN4A,SCN4A,cluster:SCN4A,fatigue,induces,monogenic,A,1.0,1.0,HPO genes_to_phenotype; diseases=OMIM:620351;ORPHA:99734,True,1.0,1.0,2.0,1.0,OMIM:620351;ORPHA:99734,2.0,1.0,2022-08-26,"[[""GENE:SCN4A"", -1.0, 1.0]]",2,2,0,0.9998934187245915,grade
SCN5A,gene,SCN5A,SCN5A,cluster:NPPA,fatigue,induces,monogenic,A,1.0,0.545,HPO genes_to_phenotype; diseases=ORPHA:1344;ORPHA:154;ORPHA:334,True,0.0,3.0,3.0,,ORPHA:1344;ORPHA:154;ORPHA:334,3.0,0.0,,"[[""GENE:SCN5A"", -1.0, 1.0]]",3,3,0,0.9999803494075916,grade
SCN8A,gene,SCN8A,SCN8A,cluster:ABCA3,cognitive_impairment,induces,monogenic,A,1.0,0.545,HPO genes_to_phenotype; diseases=ORPHA:442835;ORPHA:86909,True,0.0,2.0,2.0,,ORPHA:442835;ORPHA:86909,2.0,0.0,,"[[""GENE:SCN8A"", -1.0, 1.0]]",2,2,0,0.9999332144392659,grade
SCN8A,gene,SCN8A,SCN8A,cluster:ABCA3,irritability_or_aggression,induces,monogenic,A,1.0,0.545,HPO genes_to_phenotype; diseases=ORPHA:86909,True,0.0,1.0,2.0,,ORPHA:86909,1.0,0.0,,"[[""GENE:SCN8A"", -1.0, 1.0]]",2,2,0,0.9997730446598188,grade
SCN9A,gene,SCN9A,SCN9A,cluster:ABCA3,cognitive_impairment,induces,monogenic,A,1.0,0.545,HPO genes_to_phenotype; diseases=ORPHA:33069;ORPHA:36387,True,0.0,2.0,3.0,,ORPHA:33069;ORPHA:36387,2.0,0.0,,"[[""GENE:SCN9A"", -1.0, 1.0]]",3,3,0,0.9999332144392659,grade
SCN9A,gene,SCN9A,SCN9A,cluster:ABCA3,anxiety,induces,monogenic,A,1.0,0.545,HPO genes_to_phenotype; diseases=ORPHA:33069;ORPHA:36387,True,0.0,2.0,2.0,,ORPHA:33069;ORPHA:36387,2.0,0.0,,"[[""GENE:SCN9A"", -1.0, 1.0]]",2,2,0,0.9999332144392659,grade
SCNN1A,gene,SCNN1A,SCNN1A,cluster:SCNN1A,fatigue,induces,monogenic,A,1.0,0.545,HPO genes_to_phenotype; diseases=ORPHA:526,True,0.0,1.0,1.0,,ORPHA:526,1.0,0.0,,"[[""GENE:SCNN1A"", -1.0, 1.0]]",1,1,0,0.9997730446598188,grade
SCNN1B,gene,SCNN1B,SCNN1B,cluster:SCNN1A,fatigue,induces,monogenic,A,1.0,0.545,HPO genes_to_phenotype; diseases=ORPHA:526,True,0.0,1.0,1.0,,ORPHA:526,1.0,0.0,,"[[""GENE:SCNN1B"", -1.0, 1.0]]",1,1,0,0.9997730446598188,grade
SCNN1G,gene,SCNN1G,SCNN1G,cluster:SCNN1A,fatigue,induces,monogenic,A,1.0,0.545,HPO genes_to_phenotype; diseases=ORPHA:526,True,0.0,1.0,1.0,,ORPHA:526,1.0,0.0,,"[[""GENE:SCNN1G"", -1.0, 1.0]]",1,1,0,0.9997730446598188,grade
SDHA,gene,SDHA,SDHA,cluster:ABCA3,anxiety,induces,monogenic,A,1.0,0.545,HPO genes_to_phenotype; diseases=ORPHA:29072,True,0.0,1.0,2.0,,ORPHA:29072,1.0,0.0,,"[[""GENE:SDHA"", -1.0, 1.0]]",2,2,0,0.9994232502804609,grade
SDHA,gene,SDHA,SDHA,cluster:ABCA3,cognitive_impairment,induces,monogenic,A,0.25,0.025,HPO genes_to_phenotype; diseases=OMIM:252011;ORPHA:3208,True,1.0,1.0,2.0,,OMIM:252011;ORPHA:3208,2.0,0.0,2014-04-04,"[[""GENE:SDHA"", -1.0, 1.0]]",2,2,0,0.9999152539456482,grade
SDHA,gene,SDHA,SDHA,cluster:ABCA3,irritability_or_aggression,induces,monogenic,A,0.68,0.17,HPO genes_to_phenotype; diseases=ORPHA:3208,True,0.0,1.0,1.0,,ORPHA:3208,1.0,0.0,,"[[""GENE:SDHA"", -1.0, 1.0]]",1,1,0,0.9994232502804609,grade
SDHA,gene,SDHA,SDHA,cluster:ABCA3,depressed_mood,induces,monogenic,A,1.0,0.3333333333333333,HPO genes_to_phenotype; diseases=OMIM:619259,True,1.0,0.0,1.0,3.0,OMIM:619259,1.0,1.0,2016-09-28,"[[""GENE:SDHA"", -1.0, 1.0]]",1,1,0,0.9967401213207226,grade
SDHA,gene,SDHA,SDHA,cluster:ABCA3,fatigue,induces,monogenic,A,1.0,0.895,HPO genes_to_phenotype; diseases=OMIM:619259;ORPHA:139411;ORPHA:154;ORPHA:29072;ORPHA:44890,True,1.0,4.0,5.0,3.0,OMIM:619259;ORPHA:139411;ORPHA:154;ORPHA:29072;ORPHA:44890,5.0,1.0,2016-09-28,"[[""GENE:SDHA"", -1.0, 1.0]]",5,5,0,0.9999976402886677,grade
SDHB,gene,SDHB,SDHB,cluster:ABCA3,anxiety,induces,monogenic,A,1.0,0.545,HPO genes_to_phenotype; diseases=OMIM:115310;ORPHA:276621;ORPHA:29072,True,1.0,2.0,5.0,,OMIM:115310;ORPHA:276621;ORPHA:29072,3.0,0.0,2018-03-07,"[[""GENE:SDHB"", -1.0, 1.0]]",5,5,0,0.99996810036518,grade
SDHB,gene,SDHB,SDHB,cluster:ABCA3,irritability_or_aggression,induces,monogenic,A,1.0,1.0,HPO genes_to_phenotype; diseases=OMIM:619224;ORPHA:3208,True,1.0,1.0,2.0,1.0,OMIM:619224;ORPHA:3208,2.0,1.0,2015-12-01,"[[""GENE:SDHB"", -1.0, 1.0]]",2,2,0,0.9998934187245915,grade
SDHB,gene,SDHB,SDHB,cluster:ABCA3,cognitive_impairment,induces,monogenic,A,0.25,0.025,HPO genes_to_phenotype; diseases=ORPHA:3208,True,0.0,1.0,1.0,,ORPHA:3208,1.0,0.0,,"[[""GENE:SDHB"", -1.0, 1.0]]",1,1,0,0.9994232502804609,grade
SDHB,gene,SDHB,SDHB,cluster:ABCA3,fatigue,induces,monogenic,A,1.0,0.895,HPO genes_to_phenotype; diseases=ORPHA:139411;ORPHA:276621;ORPHA:29072;ORPHA:44890,True,0.0,4.0,4.0,,ORPHA:139411;ORPHA:276621;ORPHA:29072;ORPHA:44890,4.0,0.0,,"[[""GENE:SDHB"", -1.0, 1.0]]",4,4,0,0.9999853023006585,grade
SDHC,gene,SDHC,SDHC,cluster:ABCA3,anxiety,induces,monogenic,A,1.0,0.545,HPO genes_to_phenotype; diseases=OMIM:605373;ORPHA:29072,True,1.0,1.0,3.0,,OMIM:605373;ORPHA:29072,2.0,0.0,2018-03-07,"[[""GENE:SDHC"", -1.0, 1.0]]",3,3,0,0.9998915873699763,grade
SDHC,gene,SDHC,SDHC,cluster:ABCA3,fatigue,induces,monogenic,A,1.0,0.895,HPO genes_to_phenotype; diseases=ORPHA:139411;ORPHA:29072;ORPHA:44890,True,0.0,3.0,3.0,,ORPHA:139411;ORPHA:29072;ORPHA:44890,3.0,0.0,,"[[""GENE:SDHC"", -1.0, 1.0]]",3,3,0,0.9999500470146856,grade
SDHD,gene,SDHD,SDHD,cluster:ABCA3,anxiety,induces,monogenic,A,1.0,0.545,HPO genes_to_phenotype; diseases=OMIM:168000;ORPHA:276621;ORPHA:29072,True,1.0,2.0,5.0,,OMIM:168000;ORPHA:276621;ORPHA:29072,3.0,0.0,2009-02-17,"[[""GENE:SDHD"", -1.0, 1.0]]",5,5,0,0.99996810036518,grade
SDHD,gene,SDHD,SDHD,cluster:ABCA3,irritability_or_aggression,induces,monogenic,A,0.68,0.17,HPO genes_to_phenotype; diseases=ORPHA:3208,True,0.0,1.0,1.0,,ORPHA:3208,1.0,0.0,,"[[""GENE:SDHD"", -1.0, 1.0]]",1,1,0,0.9994232502804609,grade
SDHD,gene,SDHD,SDHD,cluster:ABCA3,cognitive_impairment,induces,monogenic,A,0.25,0.025,HPO genes_to_phenotype; diseases=ORPHA:3208,True,0.0,1.0,1.0,,ORPHA:3208,1.0,0.0,,"[[""GENE:SDHD"", -1.0, 1.0]]",1,1,0,0.9994232502804609,grade
SDHD,gene,SDHD,SDHD,cluster:ABCA3,fatigue,induces,monogenic,A,1.0,0.545,HPO genes_to_phenotype; diseases=ORPHA:276621;ORPHA:29072,True,0.0,2.0,2.0,,ORPHA:276621;ORPHA:29072,2.0,0.0,,"[[""GENE:SDHD"", -1.0, 1.0]]",2,2,0,0.9998302394354796,grade
SRSF2,gene,SRSF2,SRSF2,cluster:ABCA3,fatigue,induces,monogenic,A,1.0,0.545,HPO genes_to_phenotype; diseases=ORPHA:98849;ORPHA:98850,False,0.0,2.0,2.0,,ORPHA:98849;ORPHA:98850,2.0,0.0,,"[[""GENE:SRSF2"", -1.0, 1.0]]",2,2,0,0.9999332144392659,grade
TRA2B,gene,TRA2B,TRA2B,cluster:TRA2B,irritability_or_aggression,induces,monogenic,A,0.3333333333333333,0.08333333333333333,HPO genes_to_phenotype; diseases=OMIM:621421,False,1.0,0.0,1.0,12.0,OMIM:621421,1.0,1.0,2025-12-18,"[[""GENE:TRA2B"", -1.0, 1.0]]",1,1,0,0.9997519550861653,grade
TRA2B,gene,TRA2B,TRA2B,cluster:TRA2B,insomnia,induces,monogenic,A,1.0,1.0,HPO genes_to_phenotype; diseases=OMIM:621421,False,1.0,0.0,1.0,3.0,OMIM:621421,1.0,1.0,2025-12-18,"[[""GENE:TRA2B"", -1.0, 1.0]]",1,1,0,0.9996852014177682,grade
SFTPC,gene,SFTPC,SFTPC,cluster:ABCA3,fatigue,induces,monogenic,A,1.0,0.545,HPO genes_to_phenotype; diseases=ORPHA:2032,False,0.0,1.0,1.0,,ORPHA:2032,1.0,0.0,,"[[""GENE:SFTPC"", -1.0, 1.0]]",1,1,0,0.9997730446598188,grade
SGCD,gene,SGCD,SGCD,cluster:SGCD,fatigue,induces,monogenic,A,1.0,0.545,HPO genes_to_phenotype; diseases=ORPHA:154,False,0.0,1.0,1.0,,ORPHA:154,1.0,0.0,,"[[""GENE:SGCD"", -1.0, 1.0]]",1,1,0,0.9997730446598188,grade
SHH,gene,SHH,SHH,cluster:ARNT2,irritability_or_aggression,induces,monogenic,A,1.0,0.545,HPO genes_to_phenotype; diseases=ORPHA:220386;ORPHA:93924;ORPHA:93925;ORPHA:93926,False,0.0,4.0,4.0,,ORPHA:220386;ORPHA:93924;ORPHA:93925;ORPHA:93926,4.0,0.0,,"[[""GENE:SHH"", -1.0, 1.0]]",4,4,0,0.9999942183170779,grade
SHH,gene,SHH,SHH,cluster:ARNT2,anxiety,induces,monogenic,A,1.0,0.545,HPO genes_to_phenotype; diseases=ORPHA:220386;ORPHA:93924;ORPHA:93925;ORPHA:93926,False,0.0,4.0,4.0,,ORPHA:220386;ORPHA:93924;ORPHA:93925;ORPHA:93926,4.0,0.0,,"[[""GENE:SHH"", -1.0, 1.0]]",4,4,0,0.9999942183170779,grade
SHH,gene,SHH,SHH,cluster:ARNT2,cognitive_impairment,induces,monogenic,A,1.0,0.545,HPO genes_to_phenotype; diseases=ORPHA:280195,False,0.0,1.0,1.0,,ORPHA:280195,1.0,0.0,,"[[""GENE:SHH"", -1.0, 1.0]]",1,1,0,0.9997730446598188,grade
SHH,gene,SHH,SHH,cluster:ARNT2,depressed_mood,induces,monogenic,A,1.0,0.545,HPO genes_to_phenotype; diseases=ORPHA:220386;ORPHA:93924;ORPHA:93925;ORPHA:93926,False,0.0,4.0,4.0,,ORPHA:220386;ORPHA:93924;ORPHA:93925;ORPHA:93926,4.0,0.0,,"[[""GENE:SHH"", -1.0, 1.0]]",4,4,0,0.9999942183170779,grade
SHMT2,gene,SHMT2,SHMT2,cluster:SHMT2,irritability_or_aggression,induces,monogenic,A,0.8,0.2,HPO genes_to_phenotype; diseases=OMIM:619121,True,1.0,0.0,1.0,5.0,OMIM:619121,1.0,1.0,2020-10-05,"[[""GENE:SHMT2"", -1.0, 1.0]]",1,1,0,0.9997099799437312,grade
SI,gene,SI,SI,cluster:SI,fatigue,induces,monogenic,A,0.68,0.17,HPO genes_to_phenotype; diseases=ORPHA:35122,True,0.0,1.0,1.0,,ORPHA:35122,1.0,0.0,,"[[""GENE:SI"", -1.0, 1.0]]",1,1,0,0.9997730446598188,grade
ST3GAL3,gene,ST3GAL3,ST3GAL3,cluster:ST3GAL3,irritability_or_aggression,induces,monogenic,A,1.0,1.0,HPO genes_to_phenotype; diseases=OMIM:615006,True,1.0,0.0,1.0,1.0,OMIM:615006,1.0,0.0,2013-01-11,"[[""GENE:ST3GAL3"", -1.0, 1.0]]",1,1,0,0.999510033403093,grade
STIL,gene,STIL,STIL,cluster:ARNT2,irritability_or_aggression,induces,monogenic,A,1.0,0.545,HPO genes_to_phenotype; diseases=ORPHA:220386;ORPHA:93924;ORPHA:93925;ORPHA:93926,False,0.0,4.0,4.0,,ORPHA:220386;ORPHA:93924;ORPHA:93925;ORPHA:93926,4.0,0.0,,"[[""GENE:STIL"", -1.0, 1.0]]",4,4,0,0.9999942183170779,grade
STIL,gene,STIL,STIL,cluster:ARNT2,anxiety,induces,monogenic,A,1.0,0.545,HPO genes_to_phenotype; diseases=ORPHA:220386;ORPHA:93924;ORPHA:93925;ORPHA:93926,False,0.0,4.0,4.0,,ORPHA:220386;ORPHA:93924;ORPHA:93925;ORPHA:93926,4.0,0.0,,"[[""GENE:STIL"", -1.0, 1.0]]",4,4,0,0.9999942183170779,grade
STIL,gene,STIL,STIL,cluster:ARNT2,cognitive_impairment,induces,monogenic,A,1.0,0.545,HPO genes_to_phenotype; diseases=ORPHA:280195,False,0.0,1.0,1.0,,ORPHA:280195,1.0,0.0,,"[[""GENE:STIL"", -1.0, 1.0]]",1,1,0,0.9997730446598188,grade
STIL,gene,STIL,STIL,cluster:ARNT2,depressed_mood,induces,monogenic,A,1.0,0.545,HPO genes_to_phenotype; diseases=ORPHA:220386;ORPHA:93924;ORPHA:93925;ORPHA:93926,False,0.0,4.0,4.0,,ORPHA:220386;ORPHA:93924;ORPHA:93925;ORPHA:93926,4.0,0.0,,"[[""GENE:STIL"", -1.0, 1.0]]",4,4,0,0.9999942183170779,grade
SIM1,gene,SIM1,SIM1,cluster:SIM1,cognitive_impairment,induces,monogenic,A,1.0,0.895,HPO genes_to_phenotype; diseases=ORPHA:369873,False,0.0,1.0,2.0,,ORPHA:369873,1.0,0.0,,"[[""GENE:SIM1"", -1.0, 1.0]]",2,2,0,0.9997730446598188,grade
SIM1,gene,SIM1,SIM1,cluster:SIM1,psychosis,induces,monogenic,A,0.68,0.17,HPO genes_to_phenotype; diseases=ORPHA:398079,False,0.0,1.0,1.0,,ORPHA:398079,1.0,0.0,,"[[""GENE:SIM1"", -1.0, 1.0]]",1,1,0,0.9997730446598188,grade
SIX3,gene,SIX3,SIX3,cluster:ARNT2,irritability_or_aggression,induces,monogenic,A,1.0,0.545,HPO genes_to_phenotype; diseases=ORPHA:220386;ORPHA:93924;ORPHA:93925;ORPHA:93926,False,0.0,4.0,4.0,,ORPHA:220386;ORPHA:93924;ORPHA:93925;ORPHA:93926,4.0,0.0,,"[[""GENE:SIX3"", -1.0, 1.0]]",4,4,0,0.9999942183170779,grade
SIX3,gene,SIX3,SIX3,cluster:ARNT2,anxiety,induces,monogenic,A,1.0,0.545,HPO genes_to_phenotype; diseases=ORPHA:220386;ORPHA:93924;ORPHA:93925;ORPHA:93926,False,0.0,4.0,4.0,,ORPHA:220386;ORPHA:93924;ORPHA:93925;ORPHA:93926,4.0,0.0,,"[[""GENE:SIX3"", -1.0, 1.0]]",4,4,0,0.9999942183170779,grade
SIX3,gene,SIX3,SIX3,cluster:ARNT2,cognitive_impairment,induces,monogenic,A,1.0,0.545,HPO genes_to_phenotype; diseases=ORPHA:280195,False,0.0,1.0,1.0,,ORPHA:280195,1.0,0.0,,"[[""GENE:SIX3"", -1.0, 1.0]]",1,1,0,0.9997730446598188,grade
SIX3,gene,SIX3,SIX3,cluster:ARNT2,depressed_mood,induces,monogenic,A,1.0,0.545,HPO genes_to_phenotype; diseases=ORPHA:220386;ORPHA:93924;ORPHA:93925;ORPHA:93926,False,0.0,4.0,4.0,,ORPHA:220386;ORPHA:93924;ORPHA:93925;ORPHA:93926,4.0,0.0,,"[[""GENE:SIX3"", -1.0, 1.0]]",4,4,0,0.9999942183170779,grade
SLC1A2,gene,SLC1A2,SLC1A2,cluster:SLC1A2,cognitive_impairment,induces,monogenic,A,0.68,0.17,HPO genes_to_phenotype; diseases=ORPHA:442835,True,0.0,1.0,1.0,,ORPHA:442835,1.0,0.0,,"[[""GENE:SLC1A2"", -1.0, 1.0]]",1,1,0,0.9994232502804609,grade
SLC1A2,gene,SLC1A2,SLC1A2,cluster:SLC1A2,irritability_or_aggression,induces,monogenic,A,1.0,,HPO genes_to_phenotype; diseases=OMIM:617105,True,1.0,0.0,1.0,,OMIM:617105,1.0,0.0,2018-10-08,"[[""GENE:SLC1A2"", -1.0, 1.0]]",1,1,0,0.9961871887065212,grade
SLC1A3,gene,SLC1A3,SLC1A3,cluster:ABCA3,irritability_or_aggression,induces,monogenic,A,0.68,0.17,HPO genes_to_phenotype; diseases=ORPHA:2131,True,0.0,1.0,1.0,,ORPHA:2131,1.0,0.0,,"[[""GENE:SLC1A3"", -1.0, 1.0]]",1,1,0,0.9997730446598188,grade
SLC1A4,gene,SLC1A4,SLC1A4,cluster:SLC1A4,irritability_or_aggression,induces,monogenic,A,0.68,0.17,HPO genes_to_phenotype; diseases=OMIM:616657;ORPHA:447997,True,1.0,1.0,2.0,,OMIM:616657;ORPHA:447997,2.0,0.0,2015-12-30,"[[""GENE:SLC1A4"", -1.0, 1.0]]",2,2,0,0.9999152539456482,grade
SLC2A1,gene,SLC2A1,SLC2A1,cluster:ABCA3,cognitive_impairment,induces,monogenic,A,1.0,0.545,HPO genes_to_phenotype; diseases=OMIM:601042;OMIM:606777;ORPHA:71277,True,2.0,1.0,3.0,,OMIM:601042;OMIM:606777;ORPHA:71277,3.0,0.0,2009-02-17,"[[""GENE:SLC2A1"", -1.0, 1.0]]",3,3,0,0.9999683582960779,grade
SLC2A1,gene,SLC2A1,SLC2A1,cluster:ABCA3,irritability_or_aggression,induces,monogenic,A,0.68,0.17,HPO genes_to_phenotype; diseases=OMIM:612126;ORPHA:2131;ORPHA:98811,True,1.0,2.0,4.0,,OMIM:612126;ORPHA:2131;ORPHA:98811,3.0,0.0,2012-11-18,"[[""GENE:SLC2A1"", -1.0, 1.0]]",4,4,0,0.9999750645009944,grade
SLC2A3,gene,SLC2A3,SLC2A3,cluster:HTT,cognitive_impairment,induces,monogenic,A,1.0,0.895,HPO genes_to_phenotype; diseases=ORPHA:399,True,0.0,1.0,2.0,,ORPHA:399,1.0,0.0,,"[[""GENE:SLC2A3"", -1.0, 1.0]]",2,2,0,0.9997730446598188,grade
SLC2A3,gene,SLC2A3,SLC2A3,cluster:HTT,somnolence_or_hypersomnia,induces,monogenic,A,0.68,0.17,HPO genes_to_phenotype; diseases=ORPHA:399,True,0.0,1.0,1.0,,ORPHA:399,1.0,0.0,,"[[""GENE:SLC2A3"", -1.0, 1.0]]",1,1,0,0.9997730446598188,grade
SLC2A3,gene,SLC2A3,SLC2A3,cluster:HTT,insomnia,induces,monogenic,A,0.68,0.17,HPO genes_to_phenotype; diseases=ORPHA:399,True,0.0,1.0,1.0,,ORPHA:399,1.0,0.0,,"[[""GENE:SLC2A3"", -1.0, 1.0]]",1,1,0,0.9997730446598188,grade
SLC2A3,gene,SLC2A3,SLC2A3,cluster:HTT,psychosis,induces,monogenic,A,1.0,0.545,HPO genes_to_phenotype; diseases=ORPHA:399,True,0.0,1.0,2.0,,ORPHA:399,1.0,0.0,,"[[""GENE:SLC2A3"", -1.0, 1.0]]",2,2,0,0.9997730446598188,grade
SLC2A3,gene,SLC2A3,SLC2A3,cluster:HTT,irritability_or_aggression,induces,monogenic,A,1.0,0.545,HPO genes_to_phenotype; diseases=ORPHA:399,True,0.0,1.0,2.0,,ORPHA:399,1.0,0.0,,"[[""GENE:SLC2A3"", -1.0, 1.0]]",2,2,0,0.9997730446598188,grade
SLC2A3,gene,SLC2A3,SLC2A3,cluster:HTT,anxiety,induces,monogenic,A,1.0,0.545,HPO genes_to_phenotype; diseases=ORPHA:399,True,0.0,1.0,1.0,,ORPHA:399,1.0,0.0,,"[[""GENE:SLC2A3"", -1.0, 1.0]]",1,1,0,0.9997730446598188,grade
SLC2A3,gene,SLC2A3,SLC2A3,cluster:HTT,depressed_mood,induces,monogenic,A,1.0,0.545,HPO genes_to_phenotype; diseases=ORPHA:399,True,0.0,1.0,1.0,,ORPHA:399,1.0,0.0,,"[[""GENE:SLC2A3"", -1.0, 1.0]]",1,1,0,0.9997730446598188,grade
SLC2A3,gene,SLC2A3,SLC2A3,cluster:HTT,psychomotor_agitation,induces,monogenic,A,1.0,0.545,HPO genes_to_phenotype; diseases=ORPHA:399,True,0.0,1.0,1.0,,ORPHA:399,1.0,0.0,,"[[""GENE:SLC2A3"", -1.0, 1.0]]",1,1,0,0.9997730446598188,grade
SLC3A1,gene,SLC3A1,SLC3A1,cluster:SLC3A1,fatigue,induces,monogenic,A,1.0,0.545,HPO genes_to_phenotype; diseases=ORPHA:163690,True,0.0,1.0,1.0,,ORPHA:163690,1.0,0.0,,"[[""GENE:SLC3A1"", -1.0, 1.0]]",1,1,0,0.9997730446598188,grade
SLC4A1,gene,SLC4A1,SLC4A1,cluster:BAZ1B,fatigue,induces,monogenic,A,1.0,0.545,HPO genes_to_phenotype; diseases=ORPHA:3202;ORPHA:98868,True,0.0,2.0,2.0,,ORPHA:3202;ORPHA:98868,2.0,0.0,,"[[""GENE:SLC4A1"", -1.0, 1.0]]",2,2,0,0.9999332144392659,grade
SLC6A3,gene,SLC6A3,SLC6A3,cluster:SLC6A3,irritability_or_aggression,induces,monogenic,A,1.0,0.545,HPO genes_to_phenotype; diseases=ORPHA:238455,True,0.0,1.0,1.0,,ORPHA:238455,1.0,0.0,,"[[""GENE:SLC6A3"", -1.0, 1.0]]",1,1,0,0.9997730446598188,grade
SLC6A4,gene,SLC6A4,SLC6A4,cluster:CHI3L1,anxiety,induces,monogenic,A,1.0,,HPO genes_to_phenotype; diseases=OMIM:164230,True,1.0,0.0,1.0,,OMIM:164230,1.0,1.0,2005-04-15,"[[""GENE:SLC6A4"", -1.0, 1.0]]",1,1,0,0.9997748793976969,grade
SLC6A4,gene,SLC6A4,SLC6A4,cluster:CHI3L1,depressed_mood,induces,monogenic,A,1.0,,HPO genes_to_phenotype; diseases=OMIM:164230,True,1.0,0.0,1.0,,OMIM:164230,1.0,1.0,2005-04-15,"[[""GENE:SLC6A4"", -1.0, 1.0]]",1,1,0,0.9997748793976969,grade
SLC6A8,gene,SLC6A8,SLC6A8,cluster:SLC6A8,irritability_or_aggression,induces,monogenic,A,1.0,,HPO genes_to_phenotype; diseases=OMIM:300352,True,1.0,0.0,1.0,,OMIM:300352,1.0,0.0,2009-02-17,"[[""GENE:SLC6A8"", -1.0, 1.0]]",1,1,0,0.999631621434846,grade
SLC9A3,gene,SLC9A3,SLC9A3,cluster:BAZ1B,anxiety,induces,monogenic,A,0.68,0.17,HPO genes_to_phenotype; diseases=ORPHA:586,True,0.0,1.0,1.0,,ORPHA:586,1.0,0.0,,"[[""GENE:SLC9A3"", -1.0, 1.0]]",1,1,0,0.9997730446598188,grade
SLC9A3,gene,SLC9A3,SLC9A3,cluster:BAZ1B,depressed_mood,induces,monogenic,A,0.68,0.17,HPO genes_to_phenotype; diseases=ORPHA:586,True,0.0,1.0,1.0,,ORPHA:586,1.0,0.0,,"[[""GENE:SLC9A3"", -1.0, 1.0]]",1,1,0,0.9997730446598188,grade
SLC11A1,gene,SLC11A1,SLC11A1,cluster:BAZ1B,anxiety,induces,monogenic,A,0.68,0.17,HPO genes_to_phenotype; diseases=ORPHA:586,True,0.0,1.0,1.0,,ORPHA:586,1.0,0.0,,"[[""GENE:SLC11A1"", -1.0, 1.0]]",1,1,0,0.9997730446598188,grade
SLC11A1,gene,SLC11A1,SLC11A1,cluster:BAZ1B,depressed_mood,induces,monogenic,A,0.68,0.17,HPO genes_to_phenotype; diseases=ORPHA:586,True,0.0,1.0,1.0,,ORPHA:586,1.0,0.0,,"[[""GENE:SLC11A1"", -1.0, 1.0]]",1,1,0,0.9997730446598188,grade
SLC12A3,gene,SLC12A3,SLC12A3,cluster:SLC12A3,somnolence_or_hypersomnia,induces,monogenic,A,0.25,0.025,HPO genes_to_phenotype; diseases=ORPHA:358,True,0.0,1.0,1.0,,ORPHA:358,1.0,0.0,,"[[""GENE:SLC12A3"", -1.0, 1.0]]",1,1,0,0.9994232502804609,grade
SLC12A3,gene,SLC12A3,SLC12A3,cluster:SLC12A3,insomnia,induces,monogenic,A,0.25,0.025,HPO genes_to_phenotype; diseases=ORPHA:358,True,0.0,1.0,1.0,,ORPHA:358,1.0,0.0,,"[[""GENE:SLC12A3"", -1.0, 1.0]]",1,1,0,0.9994232502804609,grade
SLC12A3,gene,SLC12A3,SLC12A3,cluster:SLC12A3,fatigue,induces,monogenic,A,1.0,,HPO genes_to_phenotype; diseases=OMIM:263800,True,1.0,0.0,1.0,,OMIM:263800,1.0,1.0,2017-01-01,"[[""GENE:SLC12A3"", -1.0, 1.0]]",1,1,0,0.9976668184004441,grade
SLC13A1,gene,SLC13A1,SLC13A1,cluster:SLC13A1,anxiety,induces,monogenic,A,1.0,1.0,HPO genes_to_phenotype; diseases=OMIM:621654,True,1.0,0.0,1.0,1.0,OMIM:621654,1.0,1.0,2024-12-26,"[[""GENE:SLC13A1"", -1.0, 1.0]]",1,1,0,0.99963784265969,grade
SLC13A1,gene,SLC13A1,SLC13A1,cluster:SLC13A1,cognitive_impairment,induces,monogenic,A,1.0,1.0,HPO genes_to_phenotype; diseases=OMIM:621654,True,1.0,0.0,1.0,1.0,OMIM:621654,1.0,1.0,2024-12-26,"[[""GENE:SLC13A1"", -1.0, 1.0]]",1,1,0,0.99963784265969,grade
SLC13A1,gene,SLC13A1,SLC13A1,cluster:SLC13A1,fatigue,induces,monogenic,A,1.0,1.0,HPO genes_to_phenotype; diseases=OMIM:621654,True,1.0,0.0,1.0,1.0,OMIM:621654,1.0,1.0,2022-10-03,"[[""GENE:SLC13A1"", -1.0, 1.0]]",1,1,0,0.99963784265969,grade
SLC16A2,gene,SLC16A2,SLC16A2,cluster:SLC16A2,irritability_or_aggression,induces,monogenic,A,1.0,,HPO genes_to_phenotype; diseases=OMIM:300523,True,1.0,0.0,1.0,,OMIM:300523,1.0,0.0,2018-03-07,"[[""GENE:SLC16A2"", -1.0, 1.0]]",1,1,0,0.999631621434846,grade
SLC18A2,gene,SLC18A2,SLC18A2,cluster:SLC18A2,cognitive_impairment,induces,monogenic,A,1.0,0.895,HPO genes_to_phenotype; diseases=ORPHA:352649,True,0.0,1.0,1.0,,ORPHA:352649,1.0,0.0,,"[[""GENE:SLC18A2"", -1.0, 1.0]]",1,1,0,0.9994232502804609,grade
SLC18A2,gene,SLC18A2,SLC18A2,cluster:SLC18A2,fatigue,induces,monogenic,A,1.0,1.0,HPO genes_to_phenotype; diseases=OMIM:618049;ORPHA:352649,True,1.0,1.0,2.0,1.0,OMIM:618049;ORPHA:352649,2.0,1.0,2013-01-30,"[[""GENE:SLC18A2"", -1.0, 1.0]]",2,2,0,0.9998934187245915,grade
SLC18A3,gene,SLC18A3,SLC18A3,cluster:ATP10A,somnolence_or_hypersomnia,induces,monogenic,A,1.0,0.895,HPO genes_to_phenotype; diseases=ORPHA:994,True,0.0,1.0,1.0,,ORPHA:994,1.0,0.0,,"[[""GENE:SLC18A3"", -1.0, 1.0]]",1,1,0,0.9994232502804609,grade
SLC18A3,gene,SLC18A3,SLC18A3,cluster:ATP10A,fatigue,induces,monogenic,A,1.0,,HPO genes_to_phenotype; diseases=OMIM:617239,True,1.0,0.0,1.0,,OMIM:617239,1.0,1.0,2016-09-02,"[[""GENE:SLC18A3"", -1.0, 1.0]]",1,1,0,0.9976668184004441,grade
SLC20A2,gene,SLC20A2,SLC20A2,cluster:ABCA3,cognitive_impairment,induces,monogenic,A,1.0,0.545,HPO genes_to_phenotype; diseases=OMIM:213600;ORPHA:1980,True,1.0,1.0,5.0,,OMIM:213600;ORPHA:1980,2.0,0.0,2009-02-17,"[[""GENE:SLC20A2"", -1.0, 1.0]]",5,5,0,0.9998915873699763,grade
SLC20A2,gene,SLC20A2,SLC20A2,cluster:ABCA3,anxiety,induces,monogenic,A,1.0,0.545,HPO genes_to_phenotype; diseases=ORPHA:1980,True,0.0,1.0,1.0,,ORPHA:1980,1.0,0.0,,"[[""GENE:SLC20A2"", -1.0, 1.0]]",1,1,0,0.9994232502804609,grade
SLC20A2,gene,SLC20A2,SLC20A2,cluster:ABCA3,depressed_mood,induces,monogenic,A,1.0,,HPO genes_to_phenotype; diseases=OMIM:213600,True,1.0,0.0,1.0,,OMIM:213600,1.0,0.0,2009-02-17,"[[""GENE:SLC20A2"", -1.0, 1.0]]",1,1,0,0.9961871887065212,grade
SLC20A2,gene,SLC20A2,SLC20A2,cluster:ABCA3,psychosis,induces,monogenic,A,1.0,0.545,HPO genes_to_phenotype; diseases=OMIM:213600;ORPHA:1980,True,1.0,1.0,2.0,,OMIM:213600;ORPHA:1980,2.0,0.0,2009-02-17,"[[""GENE:SLC20A2"", -1.0, 1.0]]",2,2,0,0.9998915873699763,grade
SLC25A1,gene,SLC25A1,SLC25A1,cluster:SLC25A1,irritability_or_aggression,induces,monogenic,A,1.0,,HPO genes_to_phenotype; diseases=OMIM:615182,True,1.0,0.0,1.0,,OMIM:615182,1.0,0.0,2013-05-03,"[[""GENE:SLC25A1"", -1.0, 1.0]]",1,1,0,0.9997120224657162,grade
SLC22A4,gene,SLC22A4,SLC22A4,cluster:BCL2,fatigue,induces,monogenic,A,1.0,,HPO genes_to_phenotype; diseases=OMIM:180300,True,1.0,0.0,1.0,,OMIM:180300,1.0,1.0,1998-05-01,"[[""GENE:SLC22A4"", -1.0, 1.0]]",1,1,0,0.9997748793976969,grade
SLC22A5,gene,SLC22A5,SLC22A5,cluster:SLC22A5,cognitive_impairment,induces,monogenic,A,1.0,0.895,HPO genes_to_phenotype; diseases=OMIM:212140;ORPHA:158,True,1.0,1.0,2.0,,OMIM:212140;ORPHA:158,2.0,0.0,2015-12-23,"[[""GENE:SLC22A5"", -1.0, 1.0]]",2,2,0,0.9998915873699763,grade
SLC22A5,gene,SLC22A5,SLC22A5,cluster:SLC22A5,somnolence_or_hypersomnia,induces,monogenic,A,1.0,,HPO genes_to_phenotype; diseases=OMIM:212140,True,1.0,0.0,1.0,,OMIM:212140,1.0,0.0,2015-12-23,"[[""GENE:SLC22A5"", -1.0, 1.0]]",1,1,0,0.9961871887065212,grade
SMARCA2,gene,SMARCA2,SMARCA2,cluster:SMARCA2,cognitive_impairment,induces,monogenic,A,1.0,0.6666666666666666,HPO genes_to_phenotype; diseases=OMIM:601358,False,1.0,0.0,1.0,3.0,OMIM:601358,1.0,1.0,2022-09-28,"[[""GENE:SMARCA2"", -1.0, 1.0]]",1,1,0,0.9996852014177682,grade
SMARCA2,gene,SMARCA2,SMARCA2,cluster:SMARCA2,irritability_or_aggression,induces,monogenic,A,1.0,0.3333333333333333,HPO genes_to_phenotype; diseases=OMIM:601358,False,1.0,0.0,1.0,3.0,OMIM:601358,1.0,1.0,2012-10-17,"[[""GENE:SMARCA2"", -1.0, 1.0]]",1,1,0,0.9996852014177682,grade
SMARCA4,gene,SMARCA4,SMARCA4,cluster:ABCA3,irritability_or_aggression,induces,monogenic,A,0.68,0.17,HPO genes_to_phenotype; diseases=ORPHA:1465,False,0.0,1.0,1.0,,ORPHA:1465,1.0,0.0,,"[[""GENE:SMARCA4"", -1.0, 1.0]]",1,1,0,0.9997730446598188,grade
SMARCB1,gene,SMARCB1,SMARCB1,cluster:ABCA3,somnolence_or_hypersomnia,induces,monogenic,A,0.25,0.025,HPO genes_to_phenotype; diseases=ORPHA:2495,False,0.0,1.0,1.0,,ORPHA:2495,1.0,0.0,,"[[""GENE:SMARCB1"", -1.0, 1.0]]",1,1,0,0.9997730446598188,grade
SMARCB1,gene,SMARCB1,SMARCB1,cluster:ABCA3,cognitive_impairment,induces,monogenic,A,0.68,0.17,HPO genes_to_phenotype; diseases=ORPHA:2495,False,0.0,1.0,3.0,,ORPHA:2495,1.0,0.0,,"[[""GENE:SMARCB1"", -1.0, 1.0]]",3,3,0,0.9997730446598188,grade
SMARCB1,gene,SMARCB1,SMARCB1,cluster:ABCA3,irritability_or_aggression,induces,monogenic,A,1.0,0.895,HPO genes_to_phenotype; diseases=ORPHA:1465;ORPHA:99966,False,0.0,2.0,2.0,,ORPHA:1465;ORPHA:99966,2.0,0.0,,"[[""GENE:SMARCB1"", -1.0, 1.0]]",2,2,0,0.9999332144392659,grade
SMARCC2,gene,SMARCC2,SMARCC2,cluster:ABCA3,irritability_or_aggression,induces,monogenic,A,1.0,0.6666666666666666,HPO genes_to_phenotype; diseases=OMIM:618362;ORPHA:1465,False,1.0,1.0,2.0,15.0,OMIM:618362;ORPHA:1465,2.0,1.0,2019-04-18,"[[""GENE:SMARCC2"", -1.0, 1.0]]",2,2,0,0.9999300091111867,grade
SMARCD1,gene,SMARCD1,SMARCD1,cluster:ABCA3,irritability_or_aggression,induces,monogenic,A,0.68,0.17,HPO genes_to_phenotype; diseases=ORPHA:1465,False,0.0,1.0,1.0,,ORPHA:1465,1.0,0.0,,"[[""GENE:SMARCD1"", -1.0, 1.0]]",1,1,0,0.9997730446598188,grade
SMARCE1,gene,SMARCE1,SMARCE1,cluster:ABCA3,somnolence_or_hypersomnia,induces,monogenic,A,0.25,0.025,HPO genes_to_phenotype; diseases=ORPHA:2495,False,0.0,1.0,1.0,,ORPHA:2495,1.0,0.0,,"[[""GENE:SMARCE1"", -1.0, 1.0]]",1,1,0,0.9997730446598188,grade
SMARCE1,gene,SMARCE1,SMARCE1,cluster:ABCA3,cognitive_impairment,induces,monogenic,A,0.68,0.17,HPO genes_to_phenotype; diseases=ORPHA:2495,False,0.0,1.0,3.0,,ORPHA:2495,1.0,0.0,,"[[""GENE:SMARCE1"", -1.0, 1.0]]",3,3,0,0.9997730446598188,grade
SMARCE1,gene,SMARCE1,SMARCE1,cluster:ABCA3,irritability_or_aggression,induces,monogenic,A,0.68,0.17,HPO genes_to_phenotype; diseases=ORPHA:1465,False,0.0,1.0,1.0,,ORPHA:1465,1.0,0.0,,"[[""GENE:SMARCE1"", -1.0, 1.0]]",1,1,0,0.9997730446598188,grade
SMO,gene,SMO,SMO,cluster:ABCA3,somnolence_or_hypersomnia,induces,monogenic,A,0.25,0.025,HPO genes_to_phenotype; diseases=ORPHA:2495,False,0.0,1.0,1.0,,ORPHA:2495,1.0,0.0,,"[[""GENE:SMO"", -1.0, 1.0]]",1,1,0,0.9997730446598188,grade
SMO,gene,SMO,SMO,cluster:ABCA3,cognitive_impairment,induces,monogenic,A,0.68,0.17,HPO genes_to_phenotype; diseases=ORPHA:2495,False,0.0,1.0,3.0,,ORPHA:2495,1.0,0.0,,"[[""GENE:SMO"", -1.0, 1.0]]",3,3,0,0.9997730446598188,grade
SMPD1,gene,SMPD1,SMPD1,cluster:SMPD1,cognitive_impairment,induces,monogenic,A,1.0,0.545,HPO genes_to_phenotype; diseases=OMIM:607616;ORPHA:618891,True,1.0,1.0,3.0,15.0,OMIM:607616;ORPHA:618891,2.0,1.0,2012-06-30,"[[""GENE:SMPD1"", -1.0, 1.0]]",3,2,1,0.9994467752127076,grade
SMPD1,gene,SMPD1,SMPD1,cluster:SMPD1,irritability_or_aggression,induces,monogenic,A,1.0,1.0,HPO genes_to_phenotype; diseases=OMIM:257200;ORPHA:77292,True,1.0,1.0,2.0,10.0,OMIM:257200;ORPHA:77292,2.0,1.0,2006-01-24,"[[""GENE:SMPD1"", -1.0, 1.0]]",2,2,0,0.9999244991788775,grade
SMPD1,gene,SMPD1,SMPD1,cluster:SMPD1,depressed_mood,induces,monogenic,A,0.25,0.025,HPO genes_to_phenotype; diseases=ORPHA:77293,True,0.0,1.0,1.0,,ORPHA:77293,1.0,0.0,,"[[""GENE:SMPD1"", -1.0, 1.0]]",1,1,0,0.9994232502804609,grade
SNCB,gene,SNCB,SNCB,cluster:ADH1C,psychosis,induces,monogenic,A,1.0,,HPO genes_to_phenotype; diseases=OMIM:127750,False,1.0,0.0,2.0,,OMIM:127750,1.0,0.0,2009-02-17,"[[""GENE:SNCB"", -1.0, 1.0]]",2,2,0,0.999631621434846,grade
SNCB,gene,SNCB,SNCB,cluster:ADH1C,cognitive_impairment,induces,monogenic,A,1.0,,HPO genes_to_phenotype; diseases=OMIM:127750,False,1.0,0.0,1.0,,OMIM:127750,1.0,0.0,2009-02-17,"[[""GENE:SNCB"", -1.0, 1.0]]",1,1,0,0.999631621434846,grade
SNCA,gene,SNCA,SNCA,cluster:ADH1C,anxiety,induces,monogenic,A,0.68,0.17,HPO genes_to_phenotype; diseases=ORPHA:2828,False,0.0,1.0,2.0,,ORPHA:2828,1.0,0.0,,"[[""GENE:SNCA"", -1.0, 1.0]]",2,2,0,0.9994232502804609,grade
SNCA,gene,SNCA,SNCA,cluster:ADH1C,cognitive_impairment,induces,monogenic,A,1.0,0.545,HPO genes_to_phenotype; diseases=OMIM:127750;OMIM:168601;OMIM:605543;ORPHA:171695;ORPHA:2828;ORPHA:411602,False,3.0,3.0,12.0,,OMIM:127750;OMIM:168601;OMIM:605543;ORPHA:171695;ORPHA:2828;ORPHA:411602,6.0,0.0,2009-02-17,"[[""GENE:SNCA"", -1.0, 1.0]]",12,12,0,0.9999986917033822,grade
SNCA,gene,SNCA,SNCA,cluster:ADH1C,insomnia,induces,monogenic,A,0.68,0.17,HPO genes_to_phenotype; diseases=ORPHA:2828,False,0.0,1.0,1.0,,ORPHA:2828,1.0,0.0,,"[[""GENE:SNCA"", -1.0, 1.0]]",1,1,0,0.9994232502804609,grade
SNCA,gene,SNCA,SNCA,cluster:ADH1C,psychosis,induces,monogenic,A,1.0,0.545,HPO genes_to_phenotype; diseases=OMIM:127750;OMIM:168601;OMIM:605543;ORPHA:171695;ORPHA:2828;ORPHA:411602,False,3.0,3.0,7.0,3.0,OMIM:127750;OMIM:168601;OMIM:605543;ORPHA:171695;ORPHA:2828;ORPHA:411602,6.0,1.0,2009-02-17,"[[""GENE:SNCA"", -1.0, 1.0]]",7,7,0,0.9999985698157983,grade
SNCA,gene,SNCA,SNCA,cluster:ADH1C,depressed_mood,induces,monogenic,A,1.0,0.545,HPO genes_to_phenotype; diseases=OMIM:168601;ORPHA:2828;ORPHA:411602,False,1.0,2.0,3.0,,OMIM:168601;ORPHA:2828;ORPHA:411602,3.0,0.0,2015-12-30,"[[""GENE:SNCA"", -1.0, 1.0]]",3,3,0,0.9999750645009944,grade
SNCA,gene,SNCA,SNCA,cluster:ADH1C,psychomotor_agitation,induces,monogenic,A,0.68,0.17,HPO genes_to_phenotype; diseases=ORPHA:2828;ORPHA:411602,False,0.0,2.0,2.0,,ORPHA:2828;ORPHA:411602,2.0,0.0,,"[[""GENE:SNCA"", -1.0, 1.0]]",2,2,0,0.9998302394354796,grade
SNRPN,gene,SNRPN,SNRPN,cluster:ATP10A,anxiety,induces,monogenic,A,0.68,0.17,HPO genes_to_phenotype; diseases=ORPHA:177907,False,0.0,1.0,1.0,,ORPHA:177907,1.0,0.0,,"[[""GENE:SNRPN"", -1.0, 1.0]]",1,1,0,0.9997730446598188,grade
SNRPN,gene,SNRPN,SNRPN,cluster:ATP10A,cognitive_impairment,induces,monogenic,A,0.68,0.17,HPO genes_to_phenotype; diseases=ORPHA:411515,False,0.0,1.0,1.0,,ORPHA:411515,1.0,0.0,,"[[""GENE:SNRPN"", -1.0, 1.0]]",1,1,0,0.9997730446598188,grade
SNRPN,gene,SNRPN,SNRPN,cluster:ATP10A,psychosis,induces,monogenic,A,1.0,0.545,HPO genes_to_phenotype; diseases=ORPHA:177901;ORPHA:177904;ORPHA:98754,False,0.0,3.0,3.0,,ORPHA:177901;ORPHA:177904;ORPHA:98754,3.0,0.0,,"[[""GENE:SNRPN"", -1.0, 1.0]]",3,3,0,0.9999803494075916,grade
SOD1,gene,SOD1,SOD1,cluster:SOD1,cognitive_impairment,induces,monogenic,A,1.0,0.545,HPO genes_to_phenotype; diseases=ORPHA:803,True,0.0,1.0,2.0,,ORPHA:803,1.0,0.0,,"[[""GENE:SOD1"", -1.0, 1.0]]",2,2,0,0.9997730446598188,grade
SOD1,gene,SOD1,SOD1,cluster:SOD1,anxiety,induces,monogenic,A,1.0,0.545,HPO genes_to_phenotype; diseases=ORPHA:803,True,0.0,1.0,1.0,,ORPHA:803,1.0,0.0,,"[[""GENE:SOD1"", -1.0, 1.0]]",1,1,0,0.9997730446598188,grade
SOD1,gene,SOD1,SOD1,cluster:SOD1,depressed_mood,induces,monogenic,A,1.0,0.545,HPO genes_to_phenotype; diseases=ORPHA:803,True,0.0,1.0,1.0,,ORPHA:803,1.0,0.0,,"[[""GENE:SOD1"", -1.0, 1.0]]",1,1,0,0.9997730446598188,grade
SOD1,gene,SOD1,SOD1,cluster:SOD1,fatigue,induces,monogenic,A,1.0,0.545,HPO genes_to_phenotype; diseases=ORPHA:803,True,0.0,1.0,1.0,,ORPHA:803,1.0,0.0,,"[[""GENE:SOD1"", -1.0, 1.0]]",1,1,0,0.9997730446598188,grade
SON,gene,SON,SON,cluster:SON,psychosis,induces,monogenic,A,0.68,0.17,HPO genes_to_phenotype; diseases=ORPHA:500150,False,0.0,1.0,1.0,,ORPHA:500150,1.0,0.0,,"[[""GENE:SON"", -1.0, 1.0]]",1,1,0,0.9997730446598188,grade
SORD,gene,SORD,SORD,cluster:ADH1C,cognitive_impairment,induces,monogenic,A,0.68,0.17,HPO genes_to_phenotype; diseases=ORPHA:300605,True,0.0,1.0,1.0,,ORPHA:300605,1.0,0.0,,"[[""GENE:SORD"", -1.0, 1.0]]",1,1,0,0.9997730446598188,grade
SORL1,gene,SORL1,SORL1,cluster:ADH1C,cognitive_impairment,induces,monogenic,A,1.0,0.895,HPO genes_to_phenotype; diseases=ORPHA:1020,False,0.0,1.0,4.0,,ORPHA:1020,1.0,0.0,,"[[""GENE:SORL1"", -1.0, 1.0]]",4,4,0,0.9997730446598188,grade
SORL1,gene,SORL1,SORL1,cluster:ADH1C,psychosis,induces,monogenic,A,1.0,0.895,HPO genes_to_phenotype; diseases=ORPHA:1020,False,0.0,1.0,1.0,,ORPHA:1020,1.0,0.0,,"[[""GENE:SORL1"", -1.0, 1.0]]",1,1,0,0.9997730446598188,grade
SORL1,gene,SORL1,SORL1,cluster:ADH1C,psychomotor_agitation,induces,monogenic,A,1.0,0.895,HPO genes_to_phenotype; diseases=ORPHA:1020,False,0.0,1.0,1.0,,ORPHA:1020,1.0,0.0,,"[[""GENE:SORL1"", -1.0, 1.0]]",1,1,0,0.9997730446598188,grade
SOX2,gene,SOX2,SOX2,cluster:ARNT2,fatigue,induces,monogenic,A,0.68,0.17,HPO genes_to_phenotype; diseases=ORPHA:3157,False,0.0,1.0,1.0,,ORPHA:3157,1.0,0.0,,"[[""GENE:SOX2"", -1.0, 1.0]]",1,1,0,0.9997730446598188,grade
SOX3,gene,SOX3,SOX3,cluster:ARNT2,fatigue,induces,monogenic,A,1.0,0.545,HPO genes_to_phenotype; diseases=ORPHA:3157;ORPHA:90695,False,0.0,2.0,2.0,,ORPHA:3157;ORPHA:90695,2.0,0.0,,"[[""GENE:SOX3"", -1.0, 1.0]]",2,2,0,0.9999332144392659,grade
SOX4,gene,SOX4,SOX4,cluster:ABCA3,irritability_or_aggression,induces,monogenic,A,0.68,0.17,HPO genes_to_phenotype; diseases=ORPHA:1465,False,0.0,1.0,1.0,,ORPHA:1465,1.0,0.0,,"[[""GENE:SOX4"", -1.0, 1.0]]",1,1,0,0.9997730446598188,grade
SOX5,gene,SOX5,SOX5,cluster:SOX5,anxiety,induces,monogenic,A,1.0,0.545,HPO genes_to_phenotype; diseases=OMIM:616803;ORPHA:313892,False,1.0,1.0,2.0,,OMIM:616803;ORPHA:313892,2.0,1.0,2017-06-17,"[[""GENE:SOX5"", -1.0, 1.0]]",2,2,0,0.9999337544286306,grade
SOX5,gene,SOX5,SOX5,cluster:SOX5,irritability_or_aggression,induces,monogenic,A,0.68,0.17,HPO genes_to_phenotype; diseases=ORPHA:313892,False,0.0,1.0,1.0,,ORPHA:313892,1.0,0.0,,"[[""GENE:SOX5"", -1.0, 1.0]]",1,1,0,0.9994232502804609,grade
SOX11,gene,SOX11,SOX11,cluster:ABCA3,irritability_or_aggression,induces,monogenic,A,0.68,0.17,HPO genes_to_phenotype; diseases=ORPHA:1465,False,0.0,1.0,1.0,,ORPHA:1465,1.0,0.0,,"[[""GENE:SOX11"", -1.0, 1.0]]",1,1,0,0.9997730446598188,grade
SPAST,gene,SPAST,SPAST,cluster:SPAST,cognitive_impairment,induces,monogenic,A,0.68,0.17,HPO genes_to_phenotype; diseases=OMIM:182601;ORPHA:100985,False,1.0,1.0,3.0,,OMIM:182601;ORPHA:100985,2.0,0.0,2009-02-17,"[[""GENE:SPAST"", -1.0, 1.0]]",3,3,0,0.9998915873699763,grade
SPAST,gene,SPAST,SPAST,cluster:SPAST,depressed_mood,induces,monogenic,A,1.0,,HPO genes_to_phenotype; diseases=OMIM:182601,False,1.0,0.0,1.0,,OMIM:182601,1.0,0.0,2009-02-17,"[[""GENE:SPAST"", -1.0, 1.0]]",1,1,0,0.9961871887065212,grade
SPAST,gene,SPAST,SPAST,cluster:SPAST,irritability_or_aggression,induces,monogenic,A,1.0,,HPO genes_to_phenotype; diseases=OMIM:182601,False,1.0,0.0,1.0,,OMIM:182601,1.0,0.0,2009-02-17,"[[""GENE:SPAST"", -1.0, 1.0]]",1,1,0,0.9961871887065212,grade
SPAST,gene,SPAST,SPAST,cluster:SPAST,psychomotor_agitation,induces,monogenic,A,1.0,,HPO genes_to_phenotype; diseases=OMIM:182601,False,1.0,0.0,1.0,,OMIM:182601,1.0,0.0,2009-02-17,"[[""GENE:SPAST"", -1.0, 1.0]]",1,1,0,0.9961871887065212,grade
SPG7,gene,SPG7,SPG7,cluster:SPG7,cognitive_impairment,induces,monogenic,A,1.0,0.6666666666666666,HPO genes_to_phenotype; diseases=OMIM:607259;ORPHA:35689;ORPHA:99013,False,1.0,2.0,4.0,3.0,OMIM:607259;ORPHA:35689;ORPHA:99013,4.0,1.0,2009-02-17,"[[""GENE:SPG7"", -1.0, 1.0]]",4,4,0,0.9999750645009944,grade
SPI1,gene,SPI1,SPI1,cluster:BLNK,fatigue,induces,monogenic,A,1.0,0.895,HPO genes_to_phenotype; diseases=ORPHA:33110,False,0.0,1.0,1.0,,ORPHA:33110,1.0,0.0,,"[[""GENE:SPI1"", -1.0, 1.0]]",1,1,0,0.9997730446598188,grade
SPIB,gene,SPIB,SPIB,cluster:BCL2,somnolence_or_hypersomnia,induces,monogenic,A,0.68,0.17,HPO genes_to_phenotype; diseases=ORPHA:186,False,0.0,1.0,1.0,,ORPHA:186,1.0,0.0,,"[[""GENE:SPIB"", -1.0, 1.0]]",1,1,0,0.9997730446598188,grade
SPIB,gene,SPIB,SPIB,cluster:BCL2,fatigue,induces,monogenic,A,0.68,0.17,HPO genes_to_phenotype; diseases=ORPHA:186,False,0.0,1.0,1.0,,ORPHA:186,1.0,0.0,,"[[""GENE:SPIB"", -1.0, 1.0]]",1,1,0,0.9997730446598188,grade
SPP1,gene,SPP1,SPP1,cluster:BCL2,cognitive_impairment,induces,monogenic,A,0.25,0.025,HPO genes_to_phenotype; diseases=ORPHA:93552,False,0.0,1.0,1.0,,ORPHA:93552,1.0,0.0,,"[[""GENE:SPP1"", -1.0, 1.0]]",1,1,0,0.9997730446598188,grade
SPP1,gene,SPP1,SPP1,cluster:BCL2,depressed_mood,induces,monogenic,A,0.68,0.17,HPO genes_to_phenotype; diseases=ORPHA:536,False,0.0,1.0,1.0,,ORPHA:536,1.0,0.0,,"[[""GENE:SPP1"", -1.0, 1.0]]",1,1,0,0.9997730446598188,grade
SPP1,gene,SPP1,SPP1,cluster:BCL2,psychosis,induces,monogenic,A,0.68,0.17,HPO genes_to_phenotype; diseases=ORPHA:93552,False,0.0,1.0,1.0,,ORPHA:93552,1.0,0.0,,"[[""GENE:SPP1"", -1.0, 1.0]]",1,1,0,0.9997730446598188,grade
SPP1,gene,SPP1,SPP1,cluster:BCL2,fatigue,induces,monogenic,A,1.0,0.895,HPO genes_to_phenotype; diseases=ORPHA:536,False,0.0,1.0,1.0,,ORPHA:536,1.0,0.0,,"[[""GENE:SPP1"", -1.0, 1.0]]",1,1,0,0.9997730446598188,grade
SPR,gene,SPR,SPR,cluster:SPR,cognitive_impairment,induces,monogenic,A,1.0,0.545,HPO genes_to_phenotype; diseases=ORPHA:70594,True,0.0,1.0,1.0,,ORPHA:70594,1.0,0.0,,"[[""GENE:SPR"", -1.0, 1.0]]",1,1,0,0.9994232502804609,grade
SPR,gene,SPR,SPR,cluster:SPR,depressed_mood,induces,monogenic,A,1.0,0.5,HPO genes_to_phenotype; diseases=OMIM:612716,True,1.0,0.0,1.0,2.0,OMIM:612716,1.0,1.0,2001-07-06,"[[""GENE:SPR"", -1.0, 1.0]]",1,1,0,0.9965454918194486,grade
SPR,gene,SPR,SPR,cluster:SPR,irritability_or_aggression,induces,monogenic,A,1.0,0.5,HPO genes_to_phenotype; diseases=OMIM:612716,True,1.0,0.0,1.0,2.0,OMIM:612716,1.0,1.0,2001-07-06,"[[""GENE:SPR"", -1.0, 1.0]]",1,1,0,0.9965454918194486,grade
SPTA1,gene,SPTA1,SPTA1,cluster:EPB41,fatigue,induces,monogenic,A,0.68,0.17,HPO genes_to_phenotype; diseases=ORPHA:288,False,0.0,1.0,1.0,,ORPHA:288,1.0,0.0,,"[[""GENE:SPTA1"", -1.0, 1.0]]",1,1,0,0.9997730446598188,grade
SPTB,gene,SPTB,SPTB,cluster:EPB41,fatigue,induces,monogenic,A,0.68,0.17,HPO genes_to_phenotype; diseases=ORPHA:288,False,0.0,1.0,1.0,,ORPHA:288,1.0,0.0,,"[[""GENE:SPTB"", -1.0, 1.0]]",1,1,0,0.9997730446598188,grade
SPTBN1,gene,SPTBN1,SPTBN1,cluster:SPTBN1,irritability_or_aggression,induces,monogenic,A,0.5517241379310345,0.13793103448275862,HPO genes_to_phenotype; diseases=OMIM:619475,False,1.0,0.0,3.0,87.0,OMIM:619475,1.0,1.0,2021-10-05,"[[""GENE:SPTBN1"", -1.0, 1.0]]",3,3,0,0.9997748793976969,grade
SPTBN1,gene,SPTBN1,SPTBN1,cluster:SPTBN1,cognitive_impairment,induces,monogenic,A,0.27586206896551724,0.06896551724137931,HPO genes_to_phenotype; diseases=OMIM:619475,False,1.0,0.0,3.0,87.0,OMIM:619475,1.0,1.0,2021-10-05,"[[""GENE:SPTBN1"", -1.0, 1.0]]",3,3,0,0.9997748793976969,grade
SPTBN1,gene,SPTBN1,SPTBN1,cluster:SPTBN1,anxiety,induces,monogenic,A,0.6,0.15,HPO genes_to_phenotype; diseases=OMIM:619475,False,1.0,0.0,1.0,20.0,OMIM:619475,1.0,1.0,2021-10-05,"[[""GENE:SPTBN1"", -1.0, 1.0]]",1,1,0,0.9997748793976969,grade
SPTBN1,gene,SPTBN1,SPTBN1,cluster:SPTBN1,depressed_mood,induces,monogenic,A,0.27586206896551724,0.06896551724137931,HPO genes_to_phenotype; diseases=OMIM:619475,False,1.0,0.0,1.0,29.0,OMIM:619475,1.0,1.0,2021-10-05,"[[""GENE:SPTBN1"", -1.0, 1.0]]",1,1,0,0.9997748793976969,grade
SPTBN1,gene,SPTBN1,SPTBN1,cluster:SPTBN1,psychomotor_agitation,induces,monogenic,A,0.25,0.034482758620689655,HPO genes_to_phenotype; diseases=OMIM:619475,False,1.0,0.0,1.0,29.0,OMIM:619475,1.0,1.0,2021-10-05,"[[""GENE:SPTBN1"", -1.0, 1.0]]",1,1,0,0.9997748793976969,grade
SPTBN1,gene,SPTBN1,SPTBN1,cluster:SPTBN1,fatigue,induces,monogenic,A,0.25,0.034482758620689655,HPO genes_to_phenotype; diseases=OMIM:619475,False,1.0,0.0,1.0,29.0,OMIM:619475,1.0,1.0,2021-10-05,"[[""GENE:SPTBN1"", -1.0, 1.0]]",1,1,0,0.9997748793976969,grade
SPTBN2,gene,SPTBN2,SPTBN2,cluster:SPTBN2,cognitive_impairment,induces,monogenic,A,1.0,,HPO genes_to_phenotype; diseases=OMIM:600224,False,1.0,0.0,1.0,,OMIM:600224,1.0,0.0,2017-07-13,"[[""GENE:SPTBN2"", -1.0, 1.0]]",1,1,0,0.9997120224657162,grade
STAR,gene,STAR,STAR,cluster:MC2R,fatigue,induces,monogenic,A,1.0,0.545,HPO genes_to_phenotype; diseases=ORPHA:361,True,0.0,1.0,1.0,,ORPHA:361,1.0,0.0,,"[[""GENE:STAR"", -1.0, 1.0]]",1,1,0,0.9997730446598188,grade
STAT1,gene,STAT1,STAT1,cluster:STAT1,fatigue,induces,monogenic,A,0.8,0.2,HPO genes_to_phenotype; diseases=OMIM:614162,False,1.0,0.0,1.0,5.0,OMIM:614162,1.0,1.0,2022-11-07,"[[""GENE:STAT1"", -1.0, 1.0]]",1,1,0,0.9997099799437312,grade
STAT3,gene,STAT3,STAT3,cluster:ABCA3,fatigue,induces,monogenic,A,1.0,0.545,HPO genes_to_phenotype; diseases=ORPHA:520,False,0.0,1.0,1.0,,ORPHA:520,1.0,0.0,,"[[""GENE:STAT3"", -1.0, 1.0]]",1,1,0,0.9997730446598188,grade
STAT4,gene,STAT4,STAT4,cluster:BCL2,cognitive_impairment,induces,monogenic,A,1.0,0.545,HPO genes_to_phenotype; diseases=ORPHA:117;ORPHA:93552,False,0.0,2.0,3.0,,ORPHA:117;ORPHA:93552,2.0,0.0,,"[[""GENE:STAT4"", -1.0, 1.0]]",3,3,0,0.9999332144392659,grade
STAT4,gene,STAT4,STAT4,cluster:BCL2,irritability_or_aggression,induces,monogenic,A,0.68,0.17,HPO genes_to_phenotype; diseases=ORPHA:117,False,0.0,1.0,1.0,,ORPHA:117,1.0,0.0,,"[[""GENE:STAT4"", -1.0, 1.0]]",1,1,0,0.9997730446598188,grade
STAT4,gene,STAT4,STAT4,cluster:BCL2,depressed_mood,induces,monogenic,A,0.68,0.17,HPO genes_to_phenotype; diseases=ORPHA:536,False,0.0,1.0,1.0,,ORPHA:536,1.0,0.0,,"[[""GENE:STAT4"", -1.0, 1.0]]",1,1,0,0.9997730446598188,grade
STAT4,gene,STAT4,STAT4,cluster:BCL2,psychosis,induces,monogenic,A,0.68,0.17,HPO genes_to_phenotype; diseases=ORPHA:93552,False,0.0,1.0,1.0,,ORPHA:93552,1.0,0.0,,"[[""GENE:STAT4"", -1.0, 1.0]]",1,1,0,0.9997730446598188,grade
STAT4,gene,STAT4,STAT4,cluster:BCL2,fatigue,induces,monogenic,A,1.0,0.895,HPO genes_to_phenotype; diseases=ORPHA:117;ORPHA:536,False,0.0,2.0,2.0,,ORPHA:117;ORPHA:536,2.0,0.0,,"[[""GENE:STAT4"", -1.0, 1.0]]",2,2,0,0.9999332144392659,grade
STAT5B,gene,STAT5B,STAT5B,cluster:ABCA3,fatigue,induces,monogenic,A,1.0,0.545,HPO genes_to_phenotype; diseases=ORPHA:520,False,0.0,1.0,1.0,,ORPHA:520,1.0,0.0,,"[[""GENE:STAT5B"", -1.0, 1.0]]",1,1,0,0.9997730446598188,grade
STAT6,gene,STAT6,STAT6,cluster:NAB2,fatigue,induces,monogenic,A,0.68,0.17,HPO genes_to_phenotype; diseases=ORPHA:2126,False,0.0,1.0,1.0,,ORPHA:2126,1.0,0.0,,"[[""GENE:STAT6"", -1.0, 1.0]]",1,1,0,0.9997730446598188,grade
CDKL5,gene,CDKL5,CDKL5,cluster:ARNT2,anxiety,induces,monogenic,A,0.68,0.17,HPO genes_to_phenotype; diseases=ORPHA:3095,False,0.0,1.0,1.0,,ORPHA:3095,1.0,0.0,,"[[""GENE:CDKL5"", -1.0, 1.0]]",1,1,0,0.9997730446598188,grade
CDKL5,gene,CDKL5,CDKL5,cluster:ARNT2,psychomotor_agitation,induces,monogenic,A,1.0,0.895,HPO genes_to_phenotype; diseases=ORPHA:3095,False,0.0,1.0,1.0,,ORPHA:3095,1.0,0.0,,"[[""GENE:CDKL5"", -1.0, 1.0]]",1,1,0,0.9997730446598188,grade
STX1A,gene,STX1A,STX1A,cluster:BAZ1B,insomnia,induces,monogenic,A,1.0,0.545,HPO genes_to_phenotype; diseases=ORPHA:904,False,0.0,1.0,1.0,,ORPHA:904,1.0,0.0,,"[[""GENE:STX1A"", -1.0, 1.0]]",1,1,0,0.9997730446598188,grade
STX1A,gene,STX1A,STX1A,cluster:BAZ1B,anxiety,induces,monogenic,A,1.0,0.895,HPO genes_to_phenotype; diseases=ORPHA:586;ORPHA:904,False,0.0,2.0,2.0,,ORPHA:586;ORPHA:904,2.0,0.0,,"[[""GENE:STX1A"", -1.0, 1.0]]",2,2,0,0.9999332144392659,grade
STX1A,gene,STX1A,STX1A,cluster:BAZ1B,depressed_mood,induces,monogenic,A,1.0,0.895,HPO genes_to_phenotype; diseases=ORPHA:586;ORPHA:904,False,0.0,2.0,2.0,,ORPHA:586;ORPHA:904,2.0,0.0,,"[[""GENE:STX1A"", -1.0, 1.0]]",2,2,0,0.9999332144392659,grade
SUOX,gene,SUOX,SUOX,cluster:SUOX,psychomotor_agitation,induces,monogenic,A,1.0,1.0,HPO genes_to_phenotype; diseases=OMIM:272300,True,1.0,0.0,1.0,1.0,OMIM:272300,1.0,1.0,2009-02-17,"[[""GENE:SUOX"", -1.0, 1.0]]",1,1,0,0.99963784265969,grade
ABCC8,gene,ABCC8,ABCC8,cluster:ABCC8,irritability_or_aggression,induces,monogenic,A,1.0,,HPO genes_to_phenotype; diseases=OMIM:240800,True,1.0,0.0,1.0,,OMIM:240800,1.0,0.0,2013-11-18,"[[""GENE:ABCC8"", -1.0, 1.0]]",1,1,0,0.997017116436691,grade
ABCC8,gene,ABCC8,ABCC8,cluster:ABCC8,psychomotor_agitation,induces,monogenic,A,1.0,0.545,HPO genes_to_phenotype; diseases=ORPHA:276575,True,0.0,1.0,1.0,,ORPHA:276575,1.0,0.0,,"[[""GENE:ABCC8"", -1.0, 1.0]]",1,1,0,0.9994232502804609,grade
VAMP1,gene,VAMP1,VAMP1,cluster:VAMP1,cognitive_impairment,induces,monogenic,A,1.0,0.545,HPO genes_to_phenotype; diseases=OMIM:108600;ORPHA:251282,False,1.0,1.0,2.0,,OMIM:108600;ORPHA:251282,2.0,0.0,2009-02-17,"[[""GENE:VAMP1"", -1.0, 1.0]]",2,2,0,0.9998915873699763,grade
SYN1,gene,SYN1,SYN1,cluster:SYN1,irritability_or_aggression,induces,monogenic,A,1.0,0.895,HPO genes_to_phenotype; diseases=OMIM:300491;ORPHA:85294,False,1.0,1.0,2.0,,OMIM:300491;ORPHA:85294,2.0,0.0,2009-02-17,"[[""GENE:SYN1"", -1.0, 1.0]]",2,2,0,0.9999152539456482,grade
SYN2,gene,SYN2,SYN2,cluster:CHI3L1,cognitive_impairment,induces,monogenic,A,1.0,,HPO genes_to_phenotype; diseases=OMIM:181500,False,1.0,0.0,1.0,,OMIM:181500,1.0,0.0,2009-02-17,"[[""GENE:SYN2"", -1.0, 1.0]]",1,1,0,0.999631621434846,grade
SYN2,gene,SYN2,SYN2,cluster:CHI3L1,psychosis,induces,monogenic,A,1.0,,HPO genes_to_phenotype; diseases=OMIM:181500,False,1.0,0.0,2.0,,OMIM:181500,1.0,0.0,2009-02-17,"[[""GENE:SYN2"", -1.0, 1.0]]",2,2,0,0.999631621434846,grade
SYT1,gene,SYT1,SYT1,cluster:SYT1,anxiety,induces,monogenic,A,0.68,0.17,HPO genes_to_phenotype; diseases=ORPHA:522077,False,0.0,1.0,1.0,,ORPHA:522077,1.0,0.0,,"[[""GENE:SYT1"", -1.0, 1.0]]",1,1,0,0.9997730446598188,grade
SYT1,gene,SYT1,SYT1,cluster:SYT1,psychomotor_agitation,induces,monogenic,A,0.68,0.17,HPO genes_to_phenotype; diseases=ORPHA:522077,False,0.0,1.0,1.0,,ORPHA:522077,1.0,0.0,,"[[""GENE:SYT1"", -1.0, 1.0]]",1,1,0,0.9997730446598188,grade
TAC3,gene,TAC3,TAC3,cluster:ARNT2,anxiety,induces,monogenic,A,1.0,0.545,HPO genes_to_phenotype; diseases=ORPHA:432,False,0.0,1.0,1.0,,ORPHA:432,1.0,0.0,,"[[""GENE:TAC3"", -1.0, 1.0]]",1,1,0,0.9997730446598188,grade
TAC3,gene,TAC3,TAC3,cluster:ARNT2,depressed_mood,induces,monogenic,A,1.0,0.545,HPO genes_to_phenotype; diseases=ORPHA:432,False,0.0,1.0,1.0,,ORPHA:432,1.0,0.0,,"[[""GENE:TAC3"", -1.0, 1.0]]",1,1,0,0.9997730446598188,grade
TACR3,gene,TACR3,TACR3,cluster:ARNT2,anxiety,induces,monogenic,A,1.0,0.545,HPO genes_to_phenotype; diseases=ORPHA:432,False,0.0,1.0,1.0,,ORPHA:432,1.0,0.0,,"[[""GENE:TACR3"", -1.0, 1.0]]",1,1,0,0.9997730446598188,grade
TACR3,gene,TACR3,TACR3,cluster:ARNT2,depressed_mood,induces,monogenic,A,1.0,0.545,HPO genes_to_phenotype; diseases=ORPHA:432,False,0.0,1.0,1.0,,ORPHA:432,1.0,0.0,,"[[""GENE:TACR3"", -1.0, 1.0]]",1,1,0,0.9997730446598188,grade
TAF1,gene,TAF1,TAF1,cluster:TAF1,anxiety,induces,monogenic,A,1.0,0.4444444444444444,HPO genes_to_phenotype; diseases=OMIM:300966,False,1.0,0.0,1.0,9.0,OMIM:300966,1.0,1.0,2017-06-17,"[[""GENE:TAF1"", -1.0, 1.0]]",1,1,0,0.9997384406959443,grade
TAF4,gene,TAF4,TAF4,cluster:TAF4,irritability_or_aggression,induces,monogenic,A,1.0,1.0,HPO genes_to_phenotype; diseases=OMIM:620450,False,1.0,0.0,1.0,1.0,OMIM:620450,1.0,1.0,2024-04-01,"[[""GENE:TAF4"", -1.0, 1.0]]",1,1,0,0.99963784265969,grade
TBX1,gene,TBX1,TBX1,cluster:ARVCF,anxiety,induces,monogenic,A,1.0,0.545,HPO genes_to_phenotype; diseases=ORPHA:1727;ORPHA:567,False,0.0,2.0,2.0,,ORPHA:1727;ORPHA:567,2.0,0.0,,"[[""GENE:TBX1"", -1.0, 1.0]]",2,2,0,0.9998302394354796,grade
TBX1,gene,TBX1,TBX1,cluster:ARVCF,depressed_mood,induces,monogenic,A,0.68,0.17,HPO genes_to_phenotype; diseases=ORPHA:567,False,0.0,1.0,1.0,,ORPHA:567,1.0,0.0,,"[[""GENE:TBX1"", -1.0, 1.0]]",1,1,0,0.9994232502804609,grade
TBX1,gene,TBX1,TBX1,cluster:ARVCF,irritability_or_aggression,induces,monogenic,A,1.0,,HPO genes_to_phenotype; diseases=OMIM:192430,False,1.0,0.0,1.0,,OMIM:192430,1.0,0.0,2012-10-17,"[[""GENE:TBX1"", -1.0, 1.0]]",1,1,0,0.997017116436691,grade
TAFAZZIN,gene,TAFAZZIN,TAFAZZIN,cluster:TAFAZZIN,anxiety,induces,monogenic,A,1.0,0.545,HPO genes_to_phenotype; diseases=ORPHA:111,False,0.0,1.0,1.0,,ORPHA:111,1.0,0.0,,"[[""GENE:TAFAZZIN"", -1.0, 1.0]]",1,1,0,0.9994232502804609,grade
TAFAZZIN,gene,TAFAZZIN,TAFAZZIN,cluster:TAFAZZIN,depressed_mood,induces,monogenic,A,0.68,0.17,HPO genes_to_phenotype; diseases=ORPHA:111,False,0.0,1.0,1.0,,ORPHA:111,1.0,0.0,,"[[""GENE:TAFAZZIN"", -1.0, 1.0]]",1,1,0,0.9994232502804609,grade
TAFAZZIN,gene,TAFAZZIN,TAFAZZIN,cluster:TAFAZZIN,fatigue,induces,monogenic,A,1.0,1.0,HPO genes_to_phenotype; diseases=OMIM:302060;ORPHA:154,False,1.0,1.0,2.0,1.0,OMIM:302060;ORPHA:154,2.0,1.0,2013-10-22,"[[""GENE:TAFAZZIN"", -1.0, 1.0]]",2,2,0,0.9998934187245915,grade
TBL1X,gene,TBL1X,TBL1X,cluster:TBL1X,cognitive_impairment,induces,monogenic,A,1.0,,HPO genes_to_phenotype; diseases=OMIM:301033,False,1.0,0.0,1.0,,OMIM:301033,1.0,0.0,2020-07-24,"[[""GENE:TBL1X"", -1.0, 1.0]]",1,1,0,0.9997120224657162,grade
TBP,gene,TBP,TBP,cluster:ADH1C,cognitive_impairment,induces,monogenic,A,1.0,1.0,HPO genes_to_phenotype; diseases=OMIM:168600;OMIM:607136;ORPHA:98759,False,2.0,1.0,5.0,5.0,OMIM:168600;OMIM:607136;ORPHA:98759,4.0,1.0,2009-02-17,"[[""GENE:TBP"", -1.0, 1.0]]",5,5,0,0.9999592341142604,grade
TBP,gene,TBP,TBP,cluster:ADH1C,psychosis,induces,monogenic,A,0.68,0.17,HPO genes_to_phenotype; diseases=OMIM:168600;OMIM:607136,False,2.0,0.0,2.0,,OMIM:168600;OMIM:607136,2.0,0.0,2009-02-17,"[[""GENE:TBP"", -1.0, 1.0]]",2,2,0,0.9985730737700689,grade
TBP,gene,TBP,TBP,cluster:ADH1C,depressed_mood,induces,monogenic,A,1.0,,HPO genes_to_phenotype; diseases=OMIM:168600;OMIM:607136,False,2.0,0.0,2.0,,OMIM:168600;OMIM:607136,2.0,0.0,2009-02-17,"[[""GENE:TBP"", -1.0, 1.0]]",2,2,0,0.9981752677521541,grade
TBP,gene,TBP,TBP,cluster:ADH1C,irritability_or_aggression,induces,monogenic,A,1.0,,HPO genes_to_phenotype; diseases=OMIM:607136,False,1.0,0.0,1.0,,OMIM:607136,1.0,0.0,2009-02-17,"[[""GENE:TBP"", -1.0, 1.0]]",1,1,0,0.9961871887065212,grade
TCF4,gene,TCF4,TCF4,cluster:GPR35,depressed_mood,induces,monogenic,A,0.68,0.17,HPO genes_to_phenotype; diseases=ORPHA:171,False,0.0,1.0,1.0,,ORPHA:171,1.0,0.0,,"[[""GENE:TCF4"", -1.0, 1.0]]",1,1,0,0.9997730446598188,grade
TCF4,gene,TCF4,TCF4,cluster:GPR35,irritability_or_aggression,induces,monogenic,A,0.68,0.17,HPO genes_to_phenotype; diseases=ORPHA:2896,False,0.0,1.0,1.0,,ORPHA:2896,1.0,0.0,,"[[""GENE:TCF4"", -1.0, 1.0]]",1,1,0,0.9997730446598188,grade
TCF4,gene,TCF4,TCF4,cluster:GPR35,fatigue,induces,monogenic,A,0.68,0.17,HPO genes_to_phenotype; diseases=ORPHA:171,False,0.0,1.0,1.0,,ORPHA:171,1.0,0.0,,"[[""GENE:TCF4"", -1.0, 1.0]]",1,1,0,0.9997730446598188,grade
HNF1A,gene,HNF1A,HNF1A,cluster:HNF1A,psychomotor_agitation,induces,monogenic,A,1.0,0.545,HPO genes_to_phenotype; diseases=ORPHA:324575,False,0.0,1.0,1.0,,ORPHA:324575,1.0,0.0,,"[[""GENE:HNF1A"", -1.0, 1.0]]",1,1,0,0.9997730446598188,grade
TCF3,gene,TCF3,TCF3,cluster:BLNK,fatigue,induces,monogenic,A,1.0,0.895,HPO genes_to_phenotype; diseases=ORPHA:33110,False,0.0,1.0,1.0,,ORPHA:33110,1.0,0.0,,"[[""GENE:TCF3"", -1.0, 1.0]]",1,1,0,0.9997730446598188,grade
TCF12,gene,TCF12,TCF12,cluster:TCF12,anxiety,induces,monogenic,A,0.3333333333333333,0.08333333333333333,HPO genes_to_phenotype; diseases=OMIM:619718,False,1.0,0.0,1.0,12.0,OMIM:619718,1.0,1.0,2022-03-20,"[[""GENE:TCF12"", -1.0, 1.0]]",1,1,0,0.9997519550861653,grade
TCF20,gene,TCF20,TCF20,cluster:TCF20,anxiety,induces,monogenic,A,1.0,,HPO genes_to_phenotype; diseases=OMIM:618430,False,1.0,0.0,1.0,,OMIM:618430,1.0,0.0,2019-09-07,"[[""GENE:TCF20"", -1.0, 1.0]]",1,1,0,0.999631621434846,grade
TCF20,gene,TCF20,TCF20,cluster:TCF20,irritability_or_aggression,induces,monogenic,A,1.0,0.5,HPO genes_to_phenotype; diseases=OMIM:618430,False,1.0,0.0,1.0,2.0,OMIM:618430,1.0,1.0,2019-09-07,"[[""GENE:TCF20"", -1.0, 1.0]]",1,1,0,0.9996663476591036,grade
MLX,gene,MLX,MLX,cluster:BCL2,fatigue,induces,monogenic,A,1.0,0.895,HPO genes_to_phenotype; diseases=ORPHA:3287,False,0.0,1.0,1.0,,ORPHA:3287,1.0,0.0,,"[[""GENE:MLX"", -1.0, 1.0]]",1,1,0,0.9997730446598188,grade
TCN2,gene,TCN2,TCN2,cluster:TCN2,irritability_or_aggression,induces,monogenic,A,1.0,1.0,HPO genes_to_phenotype; diseases=OMIM:275350,False,1.0,0.0,1.0,1.0,OMIM:275350,1.0,1.0,2009-02-17,"[[""GENE:TCN2"", -1.0, 1.0]]",1,1,0,0.99963784265969,grade
CRIPTO,gene,CRIPTO,CRIPTO,cluster:ARNT2,irritability_or_aggression,induces,monogenic,A,1.0,0.545,HPO genes_to_phenotype; diseases=ORPHA:220386;ORPHA:93924;ORPHA:93925;ORPHA:93926,False,0.0,4.0,4.0,,ORPHA:220386;ORPHA:93924;ORPHA:93925;ORPHA:93926,4.0,0.0,,"[[""GENE:CRIPTO"", -1.0, 1.0]]",4,4,0,0.9999942183170779,grade
CRIPTO,gene,CRIPTO,CRIPTO,cluster:ARNT2,anxiety,induces,monogenic,A,1.0,0.545,HPO genes_to_phenotype; diseases=ORPHA:220386;ORPHA:93924;ORPHA:93925;ORPHA:93926,False,0.0,4.0,4.0,,ORPHA:220386;ORPHA:93924;ORPHA:93925;ORPHA:93926,4.0,0.0,,"[[""GENE:CRIPTO"", -1.0, 1.0]]",4,4,0,0.9999942183170779,grade
CRIPTO,gene,CRIPTO,CRIPTO,cluster:ARNT2,cognitive_impairment,induces,monogenic,A,1.0,0.545,HPO genes_to_phenotype; diseases=ORPHA:280195,False,0.0,1.0,1.0,,ORPHA:280195,1.0,0.0,,"[[""GENE:CRIPTO"", -1.0, 1.0]]",1,1,0,0.9997730446598188,grade
CRIPTO,gene,CRIPTO,CRIPTO,cluster:ARNT2,depressed_mood,induces,monogenic,A,1.0,0.545,HPO genes_to_phenotype; diseases=ORPHA:220386;ORPHA:93924;ORPHA:93925;ORPHA:93926,False,0.0,4.0,4.0,,ORPHA:220386;ORPHA:93924;ORPHA:93925;ORPHA:93926,4.0,0.0,,"[[""GENE:CRIPTO"", -1.0, 1.0]]",4,4,0,0.9999942183170779,grade
TDO2,gene,TDO2,TDO2,cluster:TDO2,depressed_mood,induces,monogenic,A,1.0,,HPO genes_to_phenotype; diseases=OMIM:600627,True,1.0,0.0,1.0,,OMIM:600627,1.0,0.0,2015-12-30,"[[""GENE:TDO2"", -1.0, 1.0]]",1,1,0,0.9997120224657162,grade
TDO2,gene,TDO2,TDO2,cluster:TDO2,irritability_or_aggression,induces,monogenic,A,1.0,,HPO genes_to_phenotype; diseases=OMIM:600627,True,1.0,0.0,1.0,,OMIM:600627,1.0,0.0,2013-08-12,"[[""GENE:TDO2"", -1.0, 1.0]]",1,1,0,0.9997120224657162,grade
TERT,gene,TERT,TERT,cluster:ABCA3,anxiety,induces,monogenic,A,1.0,0.545,HPO genes_to_phenotype; diseases=ORPHA:1501,False,0.0,1.0,2.0,,ORPHA:1501,1.0,0.0,,"[[""GENE:TERT"", -1.0, 1.0]]",2,2,0,0.9997730446598188,grade
TERT,gene,TERT,TERT,cluster:ABCA3,somnolence_or_hypersomnia,induces,monogenic,A,0.25,0.025,HPO genes_to_phenotype; diseases=ORPHA:2495,False,0.0,1.0,1.0,,ORPHA:2495,1.0,0.0,,"[[""GENE:TERT"", -1.0, 1.0]]",1,1,0,0.9997730446598188,grade
TERT,gene,TERT,TERT,cluster:ABCA3,cognitive_impairment,induces,monogenic,A,0.68,0.17,HPO genes_to_phenotype; diseases=ORPHA:2495,False,0.0,1.0,3.0,,ORPHA:2495,1.0,0.0,,"[[""GENE:TERT"", -1.0, 1.0]]",3,3,0,0.9997730446598188,grade
TERT,gene,TERT,TERT,cluster:ABCA3,irritability_or_aggression,induces,monogenic,A,1.0,0.545,HPO genes_to_phenotype; diseases=ORPHA:1501,False,0.0,1.0,1.0,,ORPHA:1501,1.0,0.0,,"[[""GENE:TERT"", -1.0, 1.0]]",1,1,0,0.9997730446598188,grade
TERT,gene,TERT,TERT,cluster:ABCA3,fatigue,induces,monogenic,A,1.0,0.545,HPO genes_to_phenotype; diseases=ORPHA:2032,False,0.0,1.0,1.0,,ORPHA:2032,1.0,0.0,,"[[""GENE:TERT"", -1.0, 1.0]]",1,1,0,0.9997730446598188,grade
TFE3,gene,TFE3,TFE3,cluster:TFE3,cognitive_impairment,induces,monogenic,A,1.0,0.5,HPO genes_to_phenotype; diseases=OMIM:301066,False,1.0,0.0,1.0,2.0,OMIM:301066,1.0,1.0,2021-10-31,"[[""GENE:TFE3"", -1.0, 1.0]]",1,1,0,0.9996663476591036,grade
TFE3,gene,TFE3,TFE3,cluster:TFE3,irritability_or_aggression,induces,monogenic,A,1.0,0.5,HPO genes_to_phenotype; diseases=OMIM:301066,False,1.0,0.0,1.0,2.0,OMIM:301066,1.0,1.0,2021-10-31,"[[""GENE:TFE3"", -1.0, 1.0]]",1,1,0,0.9996663476591036,grade
TFR2,gene,TFR2,TFR2,cluster:TFR2,fatigue,induces,monogenic,A,1.0,0.545,HPO genes_to_phenotype; diseases=OMIM:604250;ORPHA:225123,False,1.0,1.0,2.0,,OMIM:604250;ORPHA:225123,2.0,0.0,2017-07-13,"[[""GENE:TFR2"", -1.0, 1.0]]",2,2,0,0.9999152539456482,grade
TGFB1,gene,TGFB1,TGFB1,cluster:BAZ1B,anxiety,induces,monogenic,A,0.68,0.17,HPO genes_to_phenotype; diseases=ORPHA:586,False,0.0,1.0,1.0,,ORPHA:586,1.0,0.0,,"[[""GENE:TGFB1"", -1.0, 1.0]]",1,1,0,0.9997730446598188,grade
TGFB1,gene,TGFB1,TGFB1,cluster:BAZ1B,depressed_mood,induces,monogenic,A,0.68,0.17,HPO genes_to_phenotype; diseases=ORPHA:586,False,0.0,1.0,1.0,,ORPHA:586,1.0,0.0,,"[[""GENE:TGFB1"", -1.0, 1.0]]",1,1,0,0.9997730446598188,grade
TGFBR1,gene,TGFBR1,TGFBR1,cluster:TGFBR1,fatigue,induces,monogenic,A,1.0,1.0,HPO genes_to_phenotype; diseases=OMIM:609192,False,1.0,0.0,1.0,1.0,OMIM:609192,1.0,1.0,2024-04-01,"[[""GENE:TGFBR1"", -1.0, 1.0]]",1,1,0,0.99963784265969,grade
TGFBR2,gene,TGFBR2,TGFBR2,cluster:ABCA3,cognitive_impairment,induces,monogenic,A,0.68,0.17,HPO genes_to_phenotype; diseases=ORPHA:144,False,0.0,1.0,1.0,,ORPHA:144,1.0,0.0,,"[[""GENE:TGFBR2"", -1.0, 1.0]]",1,1,0,0.9997730446598188,grade
TGFBR2,gene,TGFBR2,TGFBR2,cluster:ABCA3,psychosis,induces,monogenic,A,0.68,0.17,HPO genes_to_phenotype; diseases=ORPHA:144,False,0.0,1.0,1.0,,ORPHA:144,1.0,0.0,,"[[""GENE:TGFBR2"", -1.0, 1.0]]",1,1,0,0.9997730446598188,grade
TGFBR2,gene,TGFBR2,TGFBR2,cluster:ABCA3,irritability_or_aggression,induces,monogenic,A,1.0,0.545,HPO genes_to_phenotype; diseases=ORPHA:144,False,0.0,1.0,1.0,,ORPHA:144,1.0,0.0,,"[[""GENE:TGFBR2"", -1.0, 1.0]]",1,1,0,0.9997730446598188,grade
TGFBR2,gene,TGFBR2,TGFBR2,cluster:ABCA3,anxiety,induces,monogenic,A,1.0,0.545,HPO genes_to_phenotype; diseases=ORPHA:144,False,0.0,1.0,1.0,,ORPHA:144,1.0,0.0,,"[[""GENE:TGFBR2"", -1.0, 1.0]]",1,1,0,0.9997730446598188,grade
TGFBR2,gene,TGFBR2,TGFBR2,cluster:ABCA3,depressed_mood,induces,monogenic,A,1.0,0.545,HPO genes_to_phenotype; diseases=ORPHA:144,False,0.0,1.0,1.0,,ORPHA:144,1.0,0.0,,"[[""GENE:TGFBR2"", -1.0, 1.0]]",1,1,0,0.9997730446598188,grade
TGFBR2,gene,TGFBR2,TGFBR2,cluster:ABCA3,fatigue,induces,monogenic,A,1.0,0.895,HPO genes_to_phenotype; diseases=ORPHA:144,False,0.0,1.0,1.0,,ORPHA:144,1.0,0.0,,"[[""GENE:TGFBR2"", -1.0, 1.0]]",1,1,0,0.9997730446598188,grade
TGIF1,gene,TGIF1,TGIF1,cluster:ARNT2,irritability_or_aggression,induces,monogenic,A,1.0,0.545,HPO genes_to_phenotype; diseases=ORPHA:220386;ORPHA:93924;ORPHA:93925;ORPHA:93926,False,0.0,4.0,4.0,,ORPHA:220386;ORPHA:93924;ORPHA:93925;ORPHA:93926,4.0,0.0,,"[[""GENE:TGIF1"", -1.0, 1.0]]",4,4,0,0.9999942183170779,grade
TGIF1,gene,TGIF1,TGIF1,cluster:ARNT2,anxiety,induces,monogenic,A,1.0,0.545,HPO genes_to_phenotype; diseases=ORPHA:220386;ORPHA:93924;ORPHA:93925;ORPHA:93926,False,0.0,4.0,4.0,,ORPHA:220386;ORPHA:93924;ORPHA:93925;ORPHA:93926,4.0,0.0,,"[[""GENE:TGIF1"", -1.0, 1.0]]",4,4,0,0.9999942183170779,grade
TGIF1,gene,TGIF1,TGIF1,cluster:ARNT2,cognitive_impairment,induces,monogenic,A,1.0,0.545,HPO genes_to_phenotype; diseases=ORPHA:280195,False,0.0,1.0,1.0,,ORPHA:280195,1.0,0.0,,"[[""GENE:TGIF1"", -1.0, 1.0]]",1,1,0,0.9997730446598188,grade
TGIF1,gene,TGIF1,TGIF1,cluster:ARNT2,depressed_mood,induces,monogenic,A,1.0,0.545,HPO genes_to_phenotype; diseases=ORPHA:220386;ORPHA:93924;ORPHA:93925;ORPHA:93926,False,0.0,4.0,4.0,,ORPHA:220386;ORPHA:93924;ORPHA:93925;ORPHA:93926,4.0,0.0,,"[[""GENE:TGIF1"", -1.0, 1.0]]",4,4,0,0.9999942183170779,grade
TH,gene,TH,TH,cluster:TH,irritability_or_aggression,induces,monogenic,A,1.0,0.545,HPO genes_to_phenotype; diseases=ORPHA:101150,True,0.0,1.0,1.0,,ORPHA:101150,1.0,0.0,,"[[""GENE:TH"", -1.0, 1.0]]",1,1,0,0.9997730446598188,grade
THRB,gene,THRB,THRB,cluster:THRB,anxiety,induces,monogenic,A,1.0,0.545,HPO genes_to_phenotype; diseases=ORPHA:566243,False,0.0,1.0,1.0,,ORPHA:566243,1.0,0.0,,"[[""GENE:THRB"", -1.0, 1.0]]",1,1,0,0.9994232502804609,grade
THRB,gene,THRB,THRB,cluster:THRB,fatigue,induces,monogenic,A,1.0,1.0,HPO genes_to_phenotype; diseases=OMIM:274300,False,1.0,0.0,1.0,1.0,OMIM:274300,1.0,1.0,2022-04-22,"[[""GENE:THRB"", -1.0, 1.0]]",1,1,0,0.9962513618179513,grade
TIA1,gene,TIA1,TIA1,cluster:TIA1,cognitive_impairment,induces,monogenic,A,1.0,0.5555555555555556,HPO genes_to_phenotype; diseases=OMIM:619133,False,1.0,0.0,2.0,18.0,OMIM:619133,1.0,1.0,2021-03-13,"[[""GENE:TIA1"", -1.0, 1.0]]",2,2,0,0.9997384406959443,grade
NKX2-1,gene,NKX2-1,NKX2-1,cluster:ACTC1,somnolence_or_hypersomnia,induces,monogenic,A,1.0,0.895,HPO genes_to_phenotype; diseases=ORPHA:95713,False,0.0,1.0,1.0,,ORPHA:95713,1.0,0.0,,"[[""GENE:NKX2-1"", -1.0, 1.0]]",1,1,0,0.9994232502804609,grade
NKX2-1,gene,NKX2-1,NKX2-1,cluster:ACTC1,anxiety,induces,monogenic,A,1.0,,HPO genes_to_phenotype; diseases=OMIM:118700,False,1.0,0.0,1.0,,OMIM:118700,1.0,0.0,2010-06-20,"[[""GENE:NKX2-1"", -1.0, 1.0]]",1,1,0,0.9961871887065212,grade
NKX2-1,gene,NKX2-1,NKX2-1,cluster:ACTC1,cognitive_impairment,induces,monogenic,A,0.25,0.025,HPO genes_to_phenotype; diseases=OMIM:118700;ORPHA:209905,False,1.0,1.0,2.0,4.0,OMIM:118700;ORPHA:209905,2.0,1.0,2012-11-16,"[[""GENE:NKX2-1"", -1.0, 1.0]]",2,1,1,0.9995370454882702,grade
NKX2-1,gene,NKX2-1,NKX2-1,cluster:ACTC1,fatigue,induces,monogenic,A,1.0,0.895,HPO genes_to_phenotype; diseases=ORPHA:95713,False,0.0,1.0,1.0,,ORPHA:95713,1.0,0.0,,"[[""GENE:NKX2-1"", -1.0, 1.0]]",1,1,0,0.9994232502804609,grade
TK2,gene,TK2,TK2,cluster:LIG3,cognitive_impairment,induces,monogenic,A,0.25,0.025,HPO genes_to_phenotype; diseases=ORPHA:254886,True,0.0,1.0,1.0,,ORPHA:254886,1.0,0.0,,"[[""GENE:TK2"", -1.0, 1.0]]",1,1,0,0.9994232502804609,grade
TK2,gene,TK2,TK2,cluster:LIG3,irritability_or_aggression,induces,monogenic,A,1.0,,HPO genes_to_phenotype; diseases=OMIM:609560,True,1.0,0.0,1.0,,OMIM:609560,1.0,0.0,2009-02-17,"[[""GENE:TK2"", -1.0, 1.0]]",1,1,0,0.9961871887065212,grade
TK2,gene,TK2,TK2,cluster:LIG3,depressed_mood,induces,monogenic,A,0.68,0.17,HPO genes_to_phenotype; diseases=ORPHA:254886,True,0.0,1.0,1.0,,ORPHA:254886,1.0,0.0,,"[[""GENE:TK2"", -1.0, 1.0]]",1,1,0,0.9994232502804609,grade
TLL1,gene,TLL1,TLL1,cluster:ACTC1,fatigue,induces,monogenic,A,1.0,0.545,HPO genes_to_phenotype; diseases=ORPHA:99103;ORPHA:99106,False,0.0,2.0,2.0,,ORPHA:99103;ORPHA:99106,2.0,0.0,,"[[""GENE:TLL1"", -1.0, 1.0]]",2,2,0,0.9999332144392659,grade
TLR3,gene,TLR3,TLR3,cluster:ADH1C,cognitive_impairment,induces,monogenic,A,1.0,1.0,HPO genes_to_phenotype; diseases=OMIM:613002,False,1.0,0.0,2.0,1.0,OMIM:613002,2.0,1.0,2018-10-08,"[[""GENE:TLR3"", -1.0, 1.0]]",2,2,0,0.9962513618179513,grade
TLR3,gene,TLR3,TLR3,cluster:ADH1C,somnolence_or_hypersomnia,induces,monogenic,A,0.68,0.17,HPO genes_to_phenotype; diseases=ORPHA:1930,False,0.0,1.0,1.0,,ORPHA:1930,1.0,0.0,,"[[""GENE:TLR3"", -1.0, 1.0]]",1,1,0,0.9994232502804609,grade
TLR3,gene,TLR3,TLR3,cluster:ADH1C,fatigue,induces,monogenic,A,1.0,0.545,HPO genes_to_phenotype; diseases=ORPHA:1930,False,0.0,1.0,1.0,,ORPHA:1930,1.0,0.0,,"[[""GENE:TLR3"", -1.0, 1.0]]",1,1,0,0.9994232502804609,grade
TLR4,gene,TLR4,TLR4,cluster:BCL2,cognitive_impairment,induces,monogenic,A,1.0,0.545,HPO genes_to_phenotype; diseases=ORPHA:117,False,0.0,1.0,2.0,,ORPHA:117,1.0,0.0,,"[[""GENE:TLR4"", -1.0, 1.0]]",2,2,0,0.9997730446598188,grade
TLR4,gene,TLR4,TLR4,cluster:BCL2,irritability_or_aggression,induces,monogenic,A,0.68,0.17,HPO genes_to_phenotype; diseases=ORPHA:117,False,0.0,1.0,1.0,,ORPHA:117,1.0,0.0,,"[[""GENE:TLR4"", -1.0, 1.0]]",1,1,0,0.9997730446598188,grade
TLR4,gene,TLR4,TLR4,cluster:BCL2,fatigue,induces,monogenic,A,1.0,0.895,HPO genes_to_phenotype; diseases=ORPHA:117,False,0.0,1.0,1.0,,ORPHA:117,1.0,0.0,,"[[""GENE:TLR4"", -1.0, 1.0]]",1,1,0,0.9997730446598188,grade
TMPO,gene,TMPO,TMPO,cluster:TMPO,fatigue,induces,monogenic,A,1.0,0.545,HPO genes_to_phenotype; diseases=ORPHA:154,False,0.0,1.0,1.0,,ORPHA:154,1.0,0.0,,"[[""GENE:TMPO"", -1.0, 1.0]]",1,1,0,0.9997730446598188,grade
TNFAIP3,gene,TNFAIP3,TNFAIP3,cluster:TNFAIP3,depressed_mood,induces,monogenic,A,0.68,0.17,HPO genes_to_phenotype; diseases=ORPHA:536,False,0.0,1.0,1.0,,ORPHA:536,1.0,0.0,,"[[""GENE:TNFAIP3"", -1.0, 1.0]]",1,1,0,0.9997730446598188,grade
TNFAIP3,gene,TNFAIP3,TNFAIP3,cluster:TNFAIP3,fatigue,induces,monogenic,A,1.0,0.895,HPO genes_to_phenotype; diseases=ORPHA:536,False,0.0,1.0,1.0,,ORPHA:536,1.0,0.0,,"[[""GENE:TNFAIP3"", -1.0, 1.0]]",1,1,0,0.9997730446598188,grade
TNNC1,gene,TNNC1,TNNC1,cluster:TNNC1,fatigue,induces,monogenic,A,1.0,0.545,HPO genes_to_phenotype; diseases=ORPHA:154,False,0.0,1.0,1.0,,ORPHA:154,1.0,0.0,,"[[""GENE:TNNC1"", -1.0, 1.0]]",1,1,0,0.9997730446598188,grade
TNNI3,gene,TNNI3,TNNI3,cluster:TNNI3,fatigue,induces,monogenic,A,1.0,0.545,HPO genes_to_phenotype; diseases=ORPHA:154,False,0.0,1.0,1.0,,ORPHA:154,1.0,0.0,,"[[""GENE:TNNI3"", -1.0, 1.0]]",1,1,0,0.9997730446598188,grade
TNNT2,gene,TNNT2,TNNT2,cluster:TNNT2,fatigue,induces,monogenic,A,1.0,0.545,HPO genes_to_phenotype; diseases=ORPHA:154,False,0.0,1.0,1.0,,ORPHA:154,1.0,0.0,,"[[""GENE:TNNT2"", -1.0, 1.0]]",1,1,0,0.9997730446598188,grade
TNXB,gene,TNXB,TNXB,cluster:TNXB,fatigue,induces,monogenic,A,1.0,0.545,HPO genes_to_phenotype; diseases=ORPHA:230839,False,0.0,1.0,1.0,,ORPHA:230839,1.0,0.0,,"[[""GENE:TNXB"", -1.0, 1.0]]",1,1,0,0.9997730446598188,grade
TOP3A,gene,TOP3A,TOP3A,cluster:LIG3,cognitive_impairment,induces,monogenic,A,0.25,0.025,HPO genes_to_phenotype; diseases=ORPHA:254886,False,0.0,1.0,1.0,,ORPHA:254886,1.0,0.0,,"[[""GENE:TOP3A"", -1.0, 1.0]]",1,1,0,0.9997730446598188,grade
TOP3A,gene,TOP3A,TOP3A,cluster:LIG3,depressed_mood,induces,monogenic,A,0.68,0.17,HPO genes_to_phenotype; diseases=ORPHA:254886,False,0.0,1.0,1.0,,ORPHA:254886,1.0,0.0,,"[[""GENE:TOP3A"", -1.0, 1.0]]",1,1,0,0.9997730446598188,grade
TP53,gene,TP53,TP53,cluster:ABCA3,anxiety,induces,monogenic,A,1.0,0.545,HPO genes_to_phenotype; diseases=ORPHA:1501;ORPHA:96253,False,0.0,2.0,3.0,,ORPHA:1501;ORPHA:96253,2.0,0.0,,"[[""GENE:TP53"", -1.0, 1.0]]",3,3,0,0.9999332144392659,grade
TP53,gene,TP53,TP53,cluster:ABCA3,cognitive_impairment,induces,monogenic,A,0.68,0.17,HPO genes_to_phenotype; diseases=ORPHA:2807;ORPHA:96253,False,0.0,2.0,3.0,,ORPHA:2807;ORPHA:96253,2.0,0.0,,"[[""GENE:TP53"", -1.0, 1.0]]",3,3,0,0.9999332144392659,grade
TP53,gene,TP53,TP53,cluster:ABCA3,insomnia,induces,monogenic,A,1.0,0.545,HPO genes_to_phenotype; diseases=ORPHA:3318,False,0.0,1.0,1.0,,ORPHA:3318,1.0,0.0,,"[[""GENE:TP53"", -1.0, 1.0]]",1,1,0,0.9997730446598188,grade
TP53,gene,TP53,TP53,cluster:ABCA3,irritability_or_aggression,induces,monogenic,A,1.0,0.545,HPO genes_to_phenotype; diseases=ORPHA:1501,False,0.0,1.0,1.0,,ORPHA:1501,1.0,0.0,,"[[""GENE:TP53"", -1.0, 1.0]]",1,1,0,0.9997730446598188,grade
TP53,gene,TP53,TP53,cluster:ABCA3,depressed_mood,induces,monogenic,A,0.68,0.17,HPO genes_to_phenotype; diseases=ORPHA:96253,False,0.0,1.0,1.0,,ORPHA:96253,1.0,0.0,,"[[""GENE:TP53"", -1.0, 1.0]]",1,1,0,0.9997730446598188,grade
TP53,gene,TP53,TP53,cluster:ABCA3,psychosis,induces,monogenic,A,0.25,0.025,HPO genes_to_phenotype; diseases=ORPHA:96253,False,0.0,1.0,1.0,,ORPHA:96253,1.0,0.0,,"[[""GENE:TP53"", -1.0, 1.0]]",1,1,0,0.9997730446598188,grade
TP53,gene,TP53,TP53,cluster:ABCA3,fatigue,induces,monogenic,A,1.0,0.895,HPO genes_to_phenotype; diseases=ORPHA:1333;ORPHA:3318,False,0.0,2.0,2.0,,ORPHA:1333;ORPHA:3318,2.0,0.0,,"[[""GENE:TP53"", -1.0, 1.0]]",2,2,0,0.9999332144392659,grade
TPM1,gene,TPM1,TPM1,cluster:TPM1,fatigue,induces,monogenic,A,1.0,0.545,HPO genes_to_phenotype; diseases=ORPHA:154,False,0.0,1.0,1.0,,ORPHA:154,1.0,0.0,,"[[""GENE:TPM1"", -1.0, 1.0]]",1,1,0,0.9997730446598188,grade
TPM2,gene,TPM2,TPM2,cluster:ACTA1,psychosis,induces,monogenic,A,1.0,0.375,HPO genes_to_phenotype; diseases=OMIM:609285,False,1.0,0.0,1.0,8.0,OMIM:609285,1.0,1.0,2024-06-29,"[[""GENE:TPM2"", -1.0, 1.0]]",1,1,0,0.9972318816611332,grade
TPM2,gene,TPM2,TPM2,cluster:ACTA1,fatigue,induces,monogenic,A,1.0,0.545,HPO genes_to_phenotype; diseases=OMIM:609285;ORPHA:2020,False,1.0,1.0,2.0,8.0,OMIM:609285;ORPHA:2020,2.0,1.0,2024-06-29,"[[""GENE:TPM2"", -1.0, 1.0]]",2,2,0,0.999921372049475,grade
TPM3,gene,TPM3,TPM3,cluster:ACTA1,fatigue,induces,monogenic,A,1.0,0.545,HPO genes_to_phenotype; diseases=ORPHA:2020,False,0.0,1.0,1.0,,ORPHA:2020,1.0,0.0,,"[[""GENE:TPM3"", -1.0, 1.0]]",1,1,0,0.9997730446598188,grade
TRAF3,gene,TRAF3,TRAF3,cluster:ADH1C,somnolence_or_hypersomnia,induces,monogenic,A,0.68,0.17,HPO genes_to_phenotype; diseases=ORPHA:1930,False,0.0,1.0,1.0,,ORPHA:1930,1.0,0.0,,"[[""GENE:TRAF3"", -1.0, 1.0]]",1,1,0,0.9997730446598188,grade
TRAF3,gene,TRAF3,TRAF3,cluster:ADH1C,fatigue,induces,monogenic,A,1.0,0.545,HPO genes_to_phenotype; diseases=ORPHA:1930,False,0.0,1.0,1.0,,ORPHA:1930,1.0,0.0,,"[[""GENE:TRAF3"", -1.0, 1.0]]",1,1,0,0.9997730446598188,grade
TRHR,gene,TRHR,TRHR,cluster:TRHR,depressed_mood,induces,monogenic,A,1.0,0.545,HPO genes_to_phenotype; diseases=ORPHA:99832,False,0.0,1.0,1.0,,ORPHA:99832,1.0,0.0,,"[[""GENE:TRHR"", -1.0, 1.0]]",1,1,0,0.9994232502804609,grade
TRHR,gene,TRHR,TRHR,cluster:TRHR,fatigue,induces,monogenic,A,1.0,0.545,HPO genes_to_phenotype; diseases=OMIM:618573;ORPHA:99832,False,1.0,1.0,2.0,,OMIM:618573;ORPHA:99832,2.0,1.0,2020-07-10,"[[""GENE:TRHR"", -1.0, 1.0]]",2,2,0,0.9999337544286306,grade
CCT3,gene,CCT3,CCT3,cluster:CCT3,irritability_or_aggression,induces,monogenic,A,1.0,1.0,HPO genes_to_phenotype; diseases=OMIM:621034,False,1.0,0.0,1.0,1.0,OMIM:621034,1.0,1.0,2026-02-16,"[[""GENE:CCT3"", -1.0, 1.0]]",1,1,0,0.99963784265969,grade
CCT3,gene,CCT3,CCT3,cluster:CCT3,psychomotor_agitation,induces,monogenic,A,1.0,1.0,HPO genes_to_phenotype; diseases=OMIM:621034,False,1.0,0.0,1.0,1.0,OMIM:621034,1.0,1.0,2026-02-16,"[[""GENE:CCT3"", -1.0, 1.0]]",1,1,0,0.99963784265969,grade
TRIO,gene,TRIO,TRIO,cluster:TRIO,irritability_or_aggression,induces,monogenic,A,1.0,0.38461538461538464,HPO genes_to_phenotype; diseases=OMIM:617061;OMIM:618825;ORPHA:476126,False,2.0,1.0,3.0,22.0,OMIM:617061;OMIM:618825;ORPHA:476126,2.0,1.0,2017-07-13,"[[""GENE:TRIO"", -1.0, 1.0]]",3,3,0,0.999962418402369,grade
TRIO,gene,TRIO,TRIO,cluster:TRIO,fatigue,induces,monogenic,A,1.0,0.75,HPO genes_to_phenotype; diseases=OMIM:617061,False,1.0,0.0,1.0,4.0,OMIM:617061,1.0,1.0,2022-03-28,"[[""GENE:TRIO"", -1.0, 1.0]]",1,1,0,0.9968835275404955,grade
TRPC6,gene,TRPC6,TRPC6,cluster:TRPC6,irritability_or_aggression,induces,monogenic,A,0.68,0.17,HPO genes_to_phenotype; diseases=ORPHA:656,False,0.0,1.0,1.0,,ORPHA:656,1.0,0.0,,"[[""GENE:TRPC6"", -1.0, 1.0]]",1,1,0,0.9997730446598188,grade
TSC1,gene,TSC1,TSC1,cluster:IFNG,cognitive_impairment,induces,monogenic,A,0.68,0.17,HPO genes_to_phenotype; diseases=OMIM:607341;ORPHA:538,False,1.0,1.0,2.0,,OMIM:607341;ORPHA:538,2.0,0.0,2012-07-20,"[[""GENE:TSC1"", -1.0, 1.0]]",2,2,0,0.9999152539456482,grade
TSC1,gene,TSC1,TSC1,cluster:IFNG,anxiety,induces,monogenic,A,0.68,0.17,HPO genes_to_phenotype; diseases=ORPHA:805,False,0.0,1.0,1.0,,ORPHA:805,1.0,0.0,,"[[""GENE:TSC1"", -1.0, 1.0]]",1,1,0,0.9994232502804609,grade
TSC1,gene,TSC1,TSC1,cluster:IFNG,depressed_mood,induces,monogenic,A,1.0,0.545,HPO genes_to_phenotype; diseases=ORPHA:805,False,0.0,1.0,1.0,,ORPHA:805,1.0,0.0,,"[[""GENE:TSC1"", -1.0, 1.0]]",1,1,0,0.9994232502804609,grade
TSC1,gene,TSC1,TSC1,cluster:IFNG,irritability_or_aggression,induces,monogenic,A,1.0,0.545,HPO genes_to_phenotype; diseases=ORPHA:805,False,0.0,1.0,1.0,,ORPHA:805,1.0,0.0,,"[[""GENE:TSC1"", -1.0, 1.0]]",1,1,0,0.9994232502804609,grade
TSC1,gene,TSC1,TSC1,cluster:IFNG,fatigue,induces,monogenic,A,0.68,0.17,HPO genes_to_phenotype; diseases=ORPHA:538,False,0.0,1.0,1.0,,ORPHA:538,1.0,0.0,,"[[""GENE:TSC1"", -1.0, 1.0]]",1,1,0,0.9994232502804609,grade
TSC2,gene,TSC2,TSC2,cluster:IFNG,cognitive_impairment,induces,monogenic,A,0.68,0.17,HPO genes_to_phenotype; diseases=OMIM:607341;ORPHA:538,False,1.0,1.0,2.0,,OMIM:607341;ORPHA:538,2.0,0.0,2012-07-20,"[[""GENE:TSC2"", -1.0, 1.0]]",2,2,0,0.9999152539456482,grade
TSC2,gene,TSC2,TSC2,cluster:IFNG,anxiety,induces,monogenic,A,0.68,0.17,HPO genes_to_phenotype; diseases=ORPHA:805,False,0.0,1.0,1.0,,ORPHA:805,1.0,0.0,,"[[""GENE:TSC2"", -1.0, 1.0]]",1,1,0,0.9994232502804609,grade
TSC2,gene,TSC2,TSC2,cluster:IFNG,depressed_mood,induces,monogenic,A,1.0,0.545,HPO genes_to_phenotype; diseases=ORPHA:805,False,0.0,1.0,1.0,,ORPHA:805,1.0,0.0,,"[[""GENE:TSC2"", -1.0, 1.0]]",1,1,0,0.9994232502804609,grade
TSC2,gene,TSC2,TSC2,cluster:IFNG,irritability_or_aggression,induces,monogenic,A,1.0,0.545,HPO genes_to_phenotype; diseases=ORPHA:805,False,0.0,1.0,1.0,,ORPHA:805,1.0,0.0,,"[[""GENE:TSC2"", -1.0, 1.0]]",1,1,0,0.9994232502804609,grade
TSC2,gene,TSC2,TSC2,cluster:IFNG,fatigue,induces,monogenic,A,0.68,0.17,HPO genes_to_phenotype; diseases=ORPHA:538,False,0.0,1.0,1.0,,ORPHA:538,1.0,0.0,,"[[""GENE:TSC2"", -1.0, 1.0]]",1,1,0,0.9994232502804609,grade
TSHB,gene,TSHB,TSHB,cluster:TSHB,depressed_mood,induces,monogenic,A,0.25,0.025,HPO genes_to_phenotype; diseases=ORPHA:90674,False,0.0,1.0,1.0,,ORPHA:90674,1.0,0.0,,"[[""GENE:TSHB"", -1.0, 1.0]]",1,1,0,0.9997730446598188,grade
TSHB,gene,TSHB,TSHB,cluster:TSHB,fatigue,induces,monogenic,A,1.0,0.545,HPO genes_to_phenotype; diseases=ORPHA:90674,False,0.0,1.0,1.0,,ORPHA:90674,1.0,0.0,,"[[""GENE:TSHB"", -1.0, 1.0]]",1,1,0,0.9997730446598188,grade
TSHR,gene,TSHR,TSHR,cluster:ACTC1,somnolence_or_hypersomnia,induces,monogenic,A,1.0,0.895,HPO genes_to_phenotype; diseases=ORPHA:95713,False,0.0,1.0,1.0,,ORPHA:95713,1.0,0.0,,"[[""GENE:TSHR"", -1.0, 1.0]]",1,1,0,0.9997730446598188,grade
TSHR,gene,TSHR,TSHR,cluster:ACTC1,psychomotor_agitation,induces,monogenic,A,1.0,0.545,HPO genes_to_phenotype; diseases=ORPHA:424;ORPHA:99819,False,0.0,2.0,2.0,,ORPHA:424;ORPHA:99819,2.0,0.0,,"[[""GENE:TSHR"", -1.0, 1.0]]",2,2,0,0.9999332144392659,grade
TSHR,gene,TSHR,TSHR,cluster:ACTC1,fatigue,induces,monogenic,A,1.0,0.895,HPO genes_to_phenotype; diseases=ORPHA:95713;ORPHA:95720,False,0.0,2.0,2.0,,ORPHA:95713;ORPHA:95720,2.0,0.0,,"[[""GENE:TSHR"", -1.0, 1.0]]",2,2,0,0.9999332144392659,grade
TTN,gene,TTN,TTN,cluster:TTN,fatigue,induces,monogenic,A,1.0,0.545,HPO genes_to_phenotype; diseases=ORPHA:154;ORPHA:334,False,0.0,2.0,2.0,,ORPHA:154;ORPHA:334,2.0,0.0,,"[[""GENE:TTN"", -1.0, 1.0]]",2,2,0,0.9999332144392659,grade
TTPA,gene,TTPA,TTPA,cluster:TTPA,cognitive_impairment,induces,monogenic,A,1.0,1.0,HPO genes_to_phenotype; diseases=OMIM:277460;ORPHA:96,False,1.0,1.0,2.0,1.0,OMIM:277460;ORPHA:96,2.0,1.0,2022-04-24,"[[""GENE:TTPA"", -1.0, 1.0]]",2,2,0,0.9998934187245915,grade
TTR,gene,TTR,TTR,cluster:TTR,cognitive_impairment,induces,monogenic,A,1.0,0.5,HPO genes_to_phenotype; diseases=OMIM:105210,False,1.0,0.0,2.0,4.0,OMIM:105210,2.0,1.0,2009-02-17,"[[""GENE:TTR"", -1.0, 1.0]]",2,2,0,0.9996990889216895,grade
TTR,gene,TTR,TTR,cluster:TTR,psychosis,induces,monogenic,A,1.0,0.25,HPO genes_to_phenotype; diseases=OMIM:105210,False,1.0,0.0,2.0,8.0,OMIM:105210,1.0,1.0,2023-05-09,"[[""GENE:TTR"", -1.0, 1.0]]",2,2,0,0.9996990889216895,grade
TTR,gene,TTR,TTR,cluster:TTR,anxiety,induces,monogenic,A,1.0,0.25,HPO genes_to_phenotype; diseases=OMIM:105210,False,1.0,0.0,1.0,4.0,OMIM:105210,1.0,1.0,2023-05-09,"[[""GENE:TTR"", -1.0, 1.0]]",1,1,0,0.9996990889216895,grade
TUBA4A,gene,TUBA4A,TUBA4A,cluster:TUBA4A,cognitive_impairment,induces,monogenic,A,1.0,0.25,HPO genes_to_phenotype; diseases=OMIM:616208;OMIM:621226,False,2.0,0.0,2.0,30.0,OMIM:616208;OMIM:621226,3.0,3.0,2015-07-05,"[[""GENE:TUBA4A"", -1.0, 1.0]]",2,2,0,0.9999220077820766,grade
TUBG1,gene,TUBG1,TUBG1,cluster:TUBG1,cognitive_impairment,induces,monogenic,A,1.0,0.545,HPO genes_to_phenotype; diseases=ORPHA:261183,False,0.0,1.0,2.0,,ORPHA:261183,1.0,0.0,,"[[""GENE:TUBG1"", -1.0, 1.0]]",2,2,0,0.9997730446598188,grade
HIRA,gene,HIRA,HIRA,cluster:ARVCF,anxiety,induces,monogenic,A,1.0,0.545,HPO genes_to_phenotype; diseases=ORPHA:567,False,0.0,1.0,1.0,,ORPHA:567,1.0,0.0,,"[[""GENE:HIRA"", -1.0, 1.0]]",1,1,0,0.9997730446598188,grade
HIRA,gene,HIRA,HIRA,cluster:ARVCF,depressed_mood,induces,monogenic,A,0.68,0.17,HPO genes_to_phenotype; diseases=ORPHA:567,False,0.0,1.0,1.0,,ORPHA:567,1.0,0.0,,"[[""GENE:HIRA"", -1.0, 1.0]]",1,1,0,0.9997730446598188,grade
TNFSF4,gene,TNFSF4,TNFSF4,cluster:BCL2,somnolence_or_hypersomnia,induces,monogenic,A,1.0,0.895,HPO genes_to_phenotype; diseases=ORPHA:2073,False,0.0,1.0,1.0,,ORPHA:2073,1.0,0.0,,"[[""GENE:TNFSF4"", -1.0, 1.0]]",1,1,0,0.9997730446598188,grade
TNFSF4,gene,TNFSF4,TNFSF4,cluster:BCL2,cognitive_impairment,induces,monogenic,A,1.0,0.895,HPO genes_to_phenotype; diseases=ORPHA:2073,False,0.0,1.0,1.0,,ORPHA:2073,1.0,0.0,,"[[""GENE:TNFSF4"", -1.0, 1.0]]",1,1,0,0.9997730446598188,grade
TNFSF4,gene,TNFSF4,TNFSF4,cluster:BCL2,psychosis,induces,monogenic,A,1.0,0.895,HPO genes_to_phenotype; diseases=ORPHA:2073,False,0.0,1.0,2.0,,ORPHA:2073,1.0,0.0,,"[[""GENE:TNFSF4"", -1.0, 1.0]]",2,2,0,0.9997730446598188,grade
TNFSF4,gene,TNFSF4,TNFSF4,cluster:BCL2,anxiety,induces,monogenic,A,1.0,0.545,HPO genes_to_phenotype; diseases=ORPHA:2073,False,0.0,1.0,1.0,,ORPHA:2073,1.0,0.0,,"[[""GENE:TNFSF4"", -1.0, 1.0]]",1,1,0,0.9997730446598188,grade
TNFSF4,gene,TNFSF4,TNFSF4,cluster:BCL2,depressed_mood,induces,monogenic,A,0.68,0.17,HPO genes_to_phenotype; diseases=ORPHA:2073;ORPHA:536,False,0.0,2.0,2.0,,ORPHA:2073;ORPHA:536,2.0,0.0,,"[[""GENE:TNFSF4"", -1.0, 1.0]]",2,2,0,0.9999332144392659,grade
TNFSF4,gene,TNFSF4,TNFSF4,cluster:BCL2,psychomotor_agitation,induces,monogenic,A,0.68,0.17,HPO genes_to_phenotype; diseases=ORPHA:2073,False,0.0,1.0,1.0,,ORPHA:2073,1.0,0.0,,"[[""GENE:TNFSF4"", -1.0, 1.0]]",1,1,0,0.9997730446598188,grade
TNFSF4,gene,TNFSF4,TNFSF4,cluster:BCL2,fatigue,induces,monogenic,A,1.0,0.895,HPO genes_to_phenotype; diseases=ORPHA:536,False,0.0,1.0,1.0,,ORPHA:536,1.0,0.0,,"[[""GENE:TNFSF4"", -1.0, 1.0]]",1,1,0,0.9997730446598188,grade
TYROBP,gene,TYROBP,TYROBP,cluster:ADH1C,cognitive_impairment,induces,monogenic,A,1.0,1.0,HPO genes_to_phenotype; diseases=OMIM:221770;ORPHA:2770,False,1.0,1.0,5.0,6.0,OMIM:221770;ORPHA:2770,3.0,1.0,2009-02-17,"[[""GENE:TYROBP"", -1.0, 1.0]]",5,5,0,0.9999172724257107,grade
TYROBP,gene,TYROBP,TYROBP,cluster:ADH1C,irritability_or_aggression,induces,monogenic,A,1.0,0.895,HPO genes_to_phenotype; diseases=OMIM:221770;ORPHA:2770,False,1.0,1.0,2.0,,OMIM:221770;ORPHA:2770,2.0,0.0,2009-02-17,"[[""GENE:TYROBP"", -1.0, 1.0]]",2,2,0,0.9998915873699763,grade
UBA1,gene,UBA1,UBA1,cluster:UBA1,cognitive_impairment,induces,monogenic,A,0.25,0.025,HPO genes_to_phenotype; diseases=ORPHA:1145,True,0.0,1.0,1.0,,ORPHA:1145,1.0,0.0,,"[[""GENE:UBA1"", -1.0, 1.0]]",1,1,0,0.9994232502804609,grade
UBA1,gene,UBA1,UBA1,cluster:UBA1,fatigue,induces,monogenic,A,1.0,,HPO genes_to_phenotype; diseases=OMIM:301054,True,1.0,0.0,1.0,,OMIM:301054,1.0,1.0,2020-10-27,"[[""GENE:UBA1"", -1.0, 1.0]]",1,1,0,0.9976668184004441,grade
UBE2A,gene,UBE2A,UBE2A,cluster:UBE2A,irritability_or_aggression,induces,monogenic,A,1.0,0.545,HPO genes_to_phenotype; diseases=OMIM:300860;ORPHA:163956,True,1.0,1.0,2.0,5.0,OMIM:300860;ORPHA:163956,2.0,1.0,2010-04-19,"[[""GENE:UBE2A"", -1.0, 1.0]]",2,2,0,0.9999146527490381,grade
UBE2L3,gene,UBE2L3,UBE2L3,cluster:UBE2L3,depressed_mood,induces,monogenic,A,0.68,0.17,HPO genes_to_phenotype; diseases=ORPHA:536,True,0.0,1.0,1.0,,ORPHA:536,1.0,0.0,,"[[""GENE:UBE2L3"", -1.0, 1.0]]",1,1,0,0.9997730446598188,grade
UBE2L3,gene,UBE2L3,UBE2L3,cluster:UBE2L3,fatigue,induces,monogenic,A,1.0,0.895,HPO genes_to_phenotype; diseases=ORPHA:536,True,0.0,1.0,1.0,,ORPHA:536,1.0,0.0,,"[[""GENE:UBE2L3"", -1.0, 1.0]]",1,1,0,0.9997730446598188,grade
UBE3A,gene,UBE3A,UBE3A,cluster:ATP10A,cognitive_impairment,induces,monogenic,A,1.0,0.545,HPO genes_to_phenotype; diseases=ORPHA:411515;ORPHA:98794,True,0.0,2.0,2.0,,ORPHA:411515;ORPHA:98794,2.0,0.0,,"[[""GENE:UBE3A"", -1.0, 1.0]]",2,2,0,0.9999332144392659,grade
UBTF,gene,UBTF,UBTF,cluster:UBTF,cognitive_impairment,induces,monogenic,A,1.0,,HPO genes_to_phenotype; diseases=OMIM:617672,False,1.0,0.0,1.0,,OMIM:617672,1.0,0.0,2018-10-08,"[[""GENE:UBTF"", -1.0, 1.0]]",1,1,0,0.9961871887065212,grade
UBTF,gene,UBTF,UBTF,cluster:UBTF,irritability_or_aggression,induces,monogenic,A,0.68,0.17,HPO genes_to_phenotype; diseases=ORPHA:500180,False,0.0,1.0,1.0,,ORPHA:500180,1.0,0.0,,"[[""GENE:UBTF"", -1.0, 1.0]]",1,1,0,0.9994232502804609,grade
UCHL1,gene,UCHL1,UCHL1,cluster:ADH1C,anxiety,induces,monogenic,A,0.68,0.17,HPO genes_to_phenotype; diseases=ORPHA:2828,False,0.0,1.0,2.0,,ORPHA:2828,1.0,0.0,,"[[""GENE:UCHL1"", -1.0, 1.0]]",2,2,0,0.9997730446598188,grade
UCHL1,gene,UCHL1,UCHL1,cluster:ADH1C,cognitive_impairment,induces,monogenic,A,0.68,0.17,HPO genes_to_phenotype; diseases=ORPHA:2828,False,0.0,1.0,4.0,,ORPHA:2828,1.0,0.0,,"[[""GENE:UCHL1"", -1.0, 1.0]]",4,4,0,0.9997730446598188,grade
UCHL1,gene,UCHL1,UCHL1,cluster:ADH1C,insomnia,induces,monogenic,A,0.68,0.17,HPO genes_to_phenotype; diseases=ORPHA:2828,False,0.0,1.0,1.0,,ORPHA:2828,1.0,0.0,,"[[""GENE:UCHL1"", -1.0, 1.0]]",1,1,0,0.9997730446598188,grade
UCHL1,gene,UCHL1,UCHL1,cluster:ADH1C,psychosis,induces,monogenic,A,1.0,0.545,HPO genes_to_phenotype; diseases=ORPHA:2828,False,0.0,1.0,1.0,,ORPHA:2828,1.0,0.0,,"[[""GENE:UCHL1"", -1.0, 1.0]]",1,1,0,0.9997730446598188,grade
UCHL1,gene,UCHL1,UCHL1,cluster:ADH1C,depressed_mood,induces,monogenic,A,1.0,0.545,HPO genes_to_phenotype; diseases=ORPHA:2828,False,0.0,1.0,1.0,,ORPHA:2828,1.0,0.0,,"[[""GENE:UCHL1"", -1.0, 1.0]]",1,1,0,0.9997730446598188,grade
UCHL1,gene,UCHL1,UCHL1,cluster:ADH1C,psychomotor_agitation,induces,monogenic,A,0.25,0.025,HPO genes_to_phenotype; diseases=ORPHA:2828,False,0.0,1.0,1.0,,ORPHA:2828,1.0,0.0,,"[[""GENE:UCHL1"", -1.0, 1.0]]",1,1,0,0.9997730446598188,grade
UCP2,gene,UCP2,UCP2,cluster:UCP2,psychomotor_agitation,induces,monogenic,A,1.0,0.545,HPO genes_to_phenotype; diseases=ORPHA:276556,True,0.0,1.0,1.0,,ORPHA:276556,1.0,0.0,,"[[""GENE:UCP2"", -1.0, 1.0]]",1,1,0,0.9997730446598188,grade
UFD1,gene,UFD1,UFD1,cluster:ARVCF,anxiety,induces,monogenic,A,1.0,0.545,HPO genes_to_phenotype; diseases=ORPHA:567,False,0.0,1.0,1.0,,ORPHA:567,1.0,0.0,,"[[""GENE:UFD1"", -1.0, 1.0]]",1,1,0,0.9997730446598188,grade
UFD1,gene,UFD1,UFD1,cluster:ARVCF,depressed_mood,induces,monogenic,A,0.68,0.17,HPO genes_to_phenotype; diseases=ORPHA:567,False,0.0,1.0,1.0,,ORPHA:567,1.0,0.0,,"[[""GENE:UFD1"", -1.0, 1.0]]",1,1,0,0.9997730446598188,grade
UQCRC1,gene,UQCRC1,UQCRC1,cluster:UQCRC1,anxiety,induces,monogenic,A,1.0,1.0,HPO genes_to_phenotype; diseases=OMIM:619279,True,1.0,0.0,1.0,5.0,OMIM:619279,1.0,1.0,2020-12-05,"[[""GENE:UQCRC1"", -1.0, 1.0]]",1,1,0,0.9997099799437312,grade
UQCRC1,gene,UQCRC1,UQCRC1,cluster:UQCRC1,depressed_mood,induces,monogenic,A,1.0,0.4,HPO genes_to_phenotype; diseases=OMIM:619279,True,1.0,0.0,1.0,5.0,OMIM:619279,1.0,1.0,2020-12-05,"[[""GENE:UQCRC1"", -1.0, 1.0]]",1,1,0,0.9997099799437312,grade
UQCRH,gene,UQCRH,UQCRH,cluster:UQCRH,cognitive_impairment,induces,monogenic,A,1.0,1.0,HPO genes_to_phenotype; diseases=OMIM:620137,True,1.0,0.0,1.0,2.0,OMIM:620137,1.0,1.0,2021-11-08,"[[""GENE:UQCRH"", -1.0, 1.0]]",1,1,0,0.9996663476591036,grade
USH2A,gene,USH2A,USH2A,cluster:ABCA3,anxiety,induces,monogenic,A,0.68,0.17,HPO genes_to_phenotype; diseases=ORPHA:231178,False,0.0,1.0,1.0,,ORPHA:231178,1.0,0.0,,"[[""GENE:USH2A"", -1.0, 1.0]]",1,1,0,0.9997730446598188,grade
USH2A,gene,USH2A,USH2A,cluster:ABCA3,depressed_mood,induces,monogenic,A,0.68,0.17,HPO genes_to_phenotype; diseases=ORPHA:231178,False,0.0,1.0,1.0,,ORPHA:231178,1.0,0.0,,"[[""GENE:USH2A"", -1.0, 1.0]]",1,1,0,0.9997730446598188,grade
USH2A,gene,USH2A,USH2A,cluster:ABCA3,fatigue,induces,monogenic,A,1.0,0.545,HPO genes_to_phenotype; diseases=ORPHA:231178,False,0.0,1.0,1.0,,ORPHA:231178,1.0,0.0,,"[[""GENE:USH2A"", -1.0, 1.0]]",1,1,0,0.9997730446598188,grade
VCL,gene,VCL,VCL,cluster:VCL,fatigue,induces,monogenic,A,1.0,0.545,HPO genes_to_phenotype; diseases=ORPHA:154,False,0.0,1.0,1.0,,ORPHA:154,1.0,0.0,,"[[""GENE:VCL"", -1.0, 1.0]]",1,1,0,0.9997730446598188,grade
VCP,gene,VCP,VCP,cluster:ADH1C,cognitive_impairment,induces,monogenic,A,1.0,0.895,HPO genes_to_phenotype; diseases=OMIM:167320;ORPHA:100070;ORPHA:275864;ORPHA:275872;ORPHA:329478;ORPHA:435387;ORPHA:52430;ORPHA:803,False,1.0,7.0,14.0,5.0,OMIM:167320;ORPHA:100070;ORPHA:275864;ORPHA:275872;ORPHA:329478;ORPHA:435387;ORPHA:52430;ORPHA:803,10.0,2.0,2009-02-17,"[[""GENE:VCP"", -1.0, 1.0]]",14,14,0,0.9999999446315739,grade
VCP,gene,VCP,VCP,cluster:ADH1C,psychosis,induces,monogenic,A,1.0,0.545,HPO genes_to_phenotype; diseases=ORPHA:275864;ORPHA:275872,False,0.0,2.0,2.0,,ORPHA:275864;ORPHA:275872,2.0,0.0,,"[[""GENE:VCP"", -1.0, 1.0]]",2,2,0,0.9998302394354796,grade
VCP,gene,VCP,VCP,cluster:ADH1C,irritability_or_aggression,induces,monogenic,A,1.0,0.895,HPO genes_to_phenotype; diseases=ORPHA:275864,False,0.0,1.0,2.0,,ORPHA:275864,1.0,0.0,,"[[""GENE:VCP"", -1.0, 1.0]]",2,2,0,0.9994232502804609,grade
VCP,gene,VCP,VCP,cluster:ADH1C,anxiety,induces,monogenic,A,1.0,0.545,HPO genes_to_phenotype; diseases=ORPHA:100070;ORPHA:329478;ORPHA:803,False,0.0,3.0,3.0,,ORPHA:100070;ORPHA:329478;ORPHA:803,3.0,0.0,,"[[""GENE:VCP"", -1.0, 1.0]]",3,3,0,0.9999500470146856,grade
VCP,gene,VCP,VCP,cluster:ADH1C,depressed_mood,induces,monogenic,A,1.0,0.545,HPO genes_to_phenotype; diseases=OMIM:613954;ORPHA:100070;ORPHA:275872;ORPHA:329478;ORPHA:803,False,1.0,4.0,5.0,,OMIM:613954;ORPHA:100070;ORPHA:275872;ORPHA:329478;ORPHA:803,5.0,1.0,2022-02-04,"[[""GENE:VCP"", -1.0, 1.0]]",5,5,0,0.9999983126596687,grade
VCP,gene,VCP,VCP,cluster:ADH1C,psychomotor_agitation,induces,monogenic,A,1.0,0.895,HPO genes_to_phenotype; diseases=ORPHA:100070;ORPHA:275864,False,0.0,2.0,2.0,,ORPHA:100070;ORPHA:275864,2.0,0.0,,"[[""GENE:VCP"", -1.0, 1.0]]",2,2,0,0.9998302394354796,grade
VCP,gene,VCP,VCP,cluster:ADH1C,fatigue,induces,monogenic,A,1.0,0.545,HPO genes_to_phenotype; diseases=ORPHA:803,False,0.0,1.0,1.0,,ORPHA:803,1.0,0.0,,"[[""GENE:VCP"", -1.0, 1.0]]",1,1,0,0.9994232502804609,grade
VDR,gene,VDR,VDR,cluster:VDR,irritability_or_aggression,induces,monogenic,A,1.0,,HPO genes_to_phenotype; diseases=OMIM:277440,False,1.0,0.0,1.0,,OMIM:277440,1.0,0.0,2009-02-17,"[[""GENE:VDR"", -1.0, 1.0]]",1,1,0,0.999631621434846,grade
VHL,gene,VHL,VHL,cluster:ABCA3,anxiety,induces,monogenic,A,1.0,0.545,HPO genes_to_phenotype; diseases=ORPHA:276621;ORPHA:29072;ORPHA:892,False,0.0,3.0,5.0,,ORPHA:276621;ORPHA:29072;ORPHA:892,3.0,0.0,,"[[""GENE:VHL"", -1.0, 1.0]]",5,5,0,0.9999500470146856,grade
VHL,gene,VHL,VHL,cluster:ABCA3,fatigue,induces,monogenic,A,1.0,0.545,HPO genes_to_phenotype; diseases=OMIM:263400;ORPHA:276621;ORPHA:29072,False,1.0,2.0,3.0,,OMIM:263400;ORPHA:276621;ORPHA:29072,3.0,0.0,2013-10-22,"[[""GENE:VHL"", -1.0, 1.0]]",3,3,0,0.9999750645009944,grade
WAS,gene,WAS,WAS,cluster:WAS,irritability_or_aggression,induces,monogenic,A,1.0,1.0,HPO genes_to_phenotype; diseases=OMIM:301000,False,1.0,0.0,1.0,1.0,OMIM:301000,1.0,1.0,2026-05-23,"[[""GENE:WAS"", -1.0, 1.0]]",1,1,0,0.9962513618179513,grade
WAS,gene,WAS,WAS,cluster:WAS,fatigue,induces,monogenic,A,1.0,0.545,HPO genes_to_phenotype; diseases=ORPHA:906,False,0.0,1.0,1.0,,ORPHA:906,1.0,0.0,,"[[""GENE:WAS"", -1.0, 1.0]]",1,1,0,0.9994232502804609,grade
EIF4H,gene,EIF4H,EIF4H,cluster:BAZ1B,insomnia,induces,monogenic,A,1.0,0.545,HPO genes_to_phenotype; diseases=ORPHA:904,False,0.0,1.0,1.0,,ORPHA:904,1.0,0.0,,"[[""GENE:EIF4H"", -1.0, 1.0]]",1,1,0,0.9997730446598188,grade
EIF4H,gene,EIF4H,EIF4H,cluster:BAZ1B,anxiety,induces,monogenic,A,1.0,0.895,HPO genes_to_phenotype; diseases=ORPHA:904,False,0.0,1.0,1.0,,ORPHA:904,1.0,0.0,,"[[""GENE:EIF4H"", -1.0, 1.0]]",1,1,0,0.9997730446598188,grade
EIF4H,gene,EIF4H,EIF4H,cluster:BAZ1B,depressed_mood,induces,monogenic,A,1.0,0.895,HPO genes_to_phenotype; diseases=ORPHA:904,False,0.0,1.0,1.0,,ORPHA:904,1.0,0.0,,"[[""GENE:EIF4H"", -1.0, 1.0]]",1,1,0,0.9997730446598188,grade
CLIP2,gene,CLIP2,CLIP2,cluster:BAZ1B,insomnia,induces,monogenic,A,1.0,0.545,HPO genes_to_phenotype; diseases=ORPHA:904,False,0.0,1.0,1.0,,ORPHA:904,1.0,0.0,,"[[""GENE:CLIP2"", -1.0, 1.0]]",1,1,0,0.9997730446598188,grade
CLIP2,gene,CLIP2,CLIP2,cluster:BAZ1B,anxiety,induces,monogenic,A,1.0,0.895,HPO genes_to_phenotype; diseases=ORPHA:904,False,0.0,1.0,1.0,,ORPHA:904,1.0,0.0,,"[[""GENE:CLIP2"", -1.0, 1.0]]",1,1,0,0.9997730446598188,grade
CLIP2,gene,CLIP2,CLIP2,cluster:BAZ1B,depressed_mood,induces,monogenic,A,1.0,0.895,HPO genes_to_phenotype; diseases=ORPHA:904,False,0.0,1.0,1.0,,ORPHA:904,1.0,0.0,,"[[""GENE:CLIP2"", -1.0, 1.0]]",1,1,0,0.9997730446598188,grade
WFS1,gene,WFS1,WFS1,cluster:CISD2,psychosis,induces,monogenic,A,1.0,0.895,HPO genes_to_phenotype; diseases=OMIM:614296;ORPHA:3463;ORPHA:411590,False,1.0,2.0,4.0,6.0,OMIM:614296;ORPHA:3463;ORPHA:411590,3.0,1.0,2012-11-18,"[[""GENE:WFS1"", -1.0, 1.0]]",4,2,2,0.999868324304463,grade
WFS1,gene,WFS1,WFS1,cluster:CISD2,anxiety,induces,monogenic,A,1.0,0.895,HPO genes_to_phenotype; diseases=OMIM:614296;ORPHA:411590,False,1.0,1.0,2.0,4.0,OMIM:614296;ORPHA:411590,2.0,1.0,2012-11-18,"[[""GENE:WFS1"", -1.0, 1.0]]",2,2,0,0.9999114470526677,grade
WFS1,gene,WFS1,WFS1,cluster:CISD2,depressed_mood,induces,monogenic,A,1.0,0.895,HPO genes_to_phenotype; diseases=OMIM:614296;ORPHA:411590,False,1.0,1.0,2.0,,OMIM:614296;ORPHA:411590,2.0,0.0,2015-12-30,"[[""GENE:WFS1"", -1.0, 1.0]]",2,2,0,0.9999152539456482,grade
WFS1,gene,WFS1,WFS1,cluster:CISD2,cognitive_impairment,induces,monogenic,A,1.0,0.895,HPO genes_to_phenotype; diseases=ORPHA:3463;ORPHA:411590,False,0.0,2.0,2.0,,ORPHA:3463;ORPHA:411590,2.0,0.0,,"[[""GENE:WFS1"", -1.0, 1.0]]",2,2,0,0.9998302394354796,grade
NSD2,gene,NSD2,NSD2,cluster:NSD2,anxiety,induces,monogenic,A,1.0,1.0,HPO genes_to_phenotype; diseases=OMIM:619695,True,1.0,0.0,1.0,1.0,OMIM:619695,1.0,1.0,2018-10-22,"[[""GENE:NSD2"", -1.0, 1.0]]",1,1,0,0.99963784265969,grade
NSD2,gene,NSD2,NSD2,cluster:NSD2,irritability_or_aggression,induces,monogenic,A,1.0,1.0,HPO genes_to_phenotype; diseases=OMIM:619695,True,1.0,0.0,1.0,1.0,OMIM:619695,1.0,1.0,2018-10-22,"[[""GENE:NSD2"", -1.0, 1.0]]",1,1,0,0.99963784265969,grade
WT1,gene,WT1,WT1,cluster:WT1,irritability_or_aggression,induces,monogenic,A,0.68,0.17,HPO genes_to_phenotype; diseases=ORPHA:656,False,0.0,1.0,1.0,,ORPHA:656,1.0,0.0,,"[[""GENE:WT1"", -1.0, 1.0]]",1,1,0,0.9997730446598188,grade
XK,gene,XK,XK,cluster:XK,anxiety,induces,monogenic,A,1.0,,HPO genes_to_phenotype; diseases=OMIM:300842,False,1.0,0.0,1.0,,OMIM:300842,1.0,1.0,2017-07-13,"[[""GENE:XK"", -1.0, 1.0]]",1,1,0,0.9997748793976969,grade
XK,gene,XK,XK,cluster:XK,depressed_mood,induces,monogenic,A,1.0,,HPO genes_to_phenotype; diseases=OMIM:300842,False,1.0,0.0,1.0,,OMIM:300842,1.0,1.0,2017-07-13,"[[""GENE:XK"", -1.0, 1.0]]",1,1,0,0.9997748793976969,grade
XPA,gene,XPA,XPA,cluster:DDB2,cognitive_impairment,induces,monogenic,A,1.0,1.0,HPO genes_to_phenotype; diseases=OMIM:278700;ORPHA:910,False,1.0,1.0,2.0,1.0,OMIM:278700;ORPHA:910,2.0,0.0,2009-02-17,"[[""GENE:XPA"", -1.0, 1.0]]",2,2,0,0.9998557920239322,grade
XPA,gene,XPA,XPA,cluster:DDB2,fatigue,induces,monogenic,A,1.0,0.895,HPO genes_to_phenotype; diseases=ORPHA:910,False,0.0,1.0,1.0,,ORPHA:910,1.0,0.0,,"[[""GENE:XPA"", -1.0, 1.0]]",1,1,0,0.9994232502804609,grade
XPC,gene,XPC,XPC,cluster:DDB2,cognitive_impairment,induces,monogenic,A,1.0,0.895,HPO genes_to_phenotype; diseases=ORPHA:910,False,0.0,1.0,1.0,,ORPHA:910,1.0,0.0,,"[[""GENE:XPC"", -1.0, 1.0]]",1,1,0,0.9997730446598188,grade
XPC,gene,XPC,XPC,cluster:DDB2,fatigue,induces,monogenic,A,1.0,0.895,HPO genes_to_phenotype; diseases=ORPHA:910,False,0.0,1.0,1.0,,ORPHA:910,1.0,0.0,,"[[""GENE:XPC"", -1.0, 1.0]]",1,1,0,0.9997730446598188,grade
XRCC4,gene,XRCC4,XRCC4,cluster:XRCC4,cognitive_impairment,induces,monogenic,A,1.0,,HPO genes_to_phenotype; diseases=OMIM:616541,False,1.0,0.0,1.0,,OMIM:616541,1.0,0.0,2015-12-30,"[[""GENE:XRCC4"", -1.0, 1.0]]",1,1,0,0.9997120224657162,grade
YY1,gene,YY1,YY1,cluster:ABCA3,cognitive_impairment,induces,monogenic,A,1.0,0.895,HPO genes_to_phenotype; diseases=ORPHA:97279,False,0.0,1.0,1.0,,ORPHA:97279,1.0,0.0,,"[[""GENE:YY1"", -1.0, 1.0]]",1,1,0,0.9994232502804609,grade
YY1,gene,YY1,YY1,cluster:ABCA3,insomnia,induces,monogenic,A,0.68,0.17,HPO genes_to_phenotype; diseases=ORPHA:97279,False,0.0,1.0,1.0,,ORPHA:97279,1.0,0.0,,"[[""GENE:YY1"", -1.0, 1.0]]",1,1,0,0.9994232502804609,grade
YY1,gene,YY1,YY1,cluster:ABCA3,anxiety,induces,monogenic,A,0.68,0.17,HPO genes_to_phenotype; diseases=OMIM:617557;ORPHA:506358;ORPHA:97279,False,1.0,2.0,3.0,10.0,OMIM:617557;ORPHA:506358;ORPHA:97279,3.0,1.0,2022-10-22,"[[""GENE:YY1"", -1.0, 1.0]]",3,3,0,0.9999777849437441,grade
YY1,gene,YY1,YY1,cluster:ABCA3,fatigue,induces,monogenic,A,0.68,0.17,HPO genes_to_phenotype; diseases=ORPHA:97279,False,0.0,1.0,1.0,,ORPHA:97279,1.0,0.0,,"[[""GENE:YY1"", -1.0, 1.0]]",1,1,0,0.9994232502804609,grade
YWHAG,gene,YWHAG,YWHAG,cluster:YWHAG,cognitive_impairment,induces,monogenic,A,0.68,0.17,HPO genes_to_phenotype; diseases=ORPHA:442835,False,0.0,1.0,1.0,,ORPHA:442835,1.0,0.0,,"[[""GENE:YWHAG"", -1.0, 1.0]]",1,1,0,0.9994232502804609,grade
YWHAG,gene,YWHAG,YWHAG,cluster:YWHAG,anxiety,induces,monogenic,A,1.0,,HPO genes_to_phenotype; diseases=OMIM:617665,False,1.0,0.0,1.0,,OMIM:617665,1.0,0.0,2018-10-08,"[[""GENE:YWHAG"", -1.0, 1.0]]",1,1,0,0.9961871887065212,grade
YWHAZ,gene,YWHAZ,YWHAZ,cluster:YWHAZ,cognitive_impairment,induces,monogenic,A,1.0,1.0,HPO genes_to_phenotype; diseases=OMIM:618428,False,1.0,0.0,1.0,1.0,OMIM:618428,1.0,1.0,2026-05-13,"[[""GENE:YWHAZ"", -1.0, 1.0]]",1,1,0,0.99963784265969,grade
YWHAZ,gene,YWHAZ,YWHAZ,cluster:YWHAZ,irritability_or_aggression,induces,monogenic,A,1.0,0.25,HPO genes_to_phenotype; diseases=OMIM:618428,False,1.0,0.0,1.0,8.0,OMIM:618428,2.0,2.0,2026-05-13,"[[""GENE:YWHAZ"", -1.0, 1.0]]",1,1,0,0.9997328086157783,grade
YWHAZ,gene,YWHAZ,YWHAZ,cluster:YWHAZ,anxiety,induces,monogenic,A,1.0,1.0,HPO genes_to_phenotype; diseases=OMIM:618428,False,1.0,0.0,1.0,1.0,OMIM:618428,1.0,1.0,2026-05-13,"[[""GENE:YWHAZ"", -1.0, 1.0]]",1,1,0,0.99963784265969,grade
ZFX,gene,ZFX,ZFX,cluster:ZFX,anxiety,induces,monogenic,A,0.4444444444444444,0.1111111111111111,HPO genes_to_phenotype; diseases=OMIM:301118,False,1.0,0.0,1.0,18.0,OMIM:301118,1.0,1.0,2024-09-21,"[[""GENE:ZFX"", -1.0, 1.0]]",1,1,0,0.9997702770224728,grade
ZFX,gene,ZFX,ZFX,cluster:ZFX,depressed_mood,induces,monogenic,A,0.25,0.05555555555555555,HPO genes_to_phenotype; diseases=OMIM:301118,False,1.0,0.0,1.0,18.0,OMIM:301118,1.0,1.0,2024-09-21,"[[""GENE:ZFX"", -1.0, 1.0]]",1,1,0,0.9997702770224728,grade
ZFX,gene,ZFX,ZFX,cluster:ZFX,irritability_or_aggression,induces,monogenic,A,0.25,0.05555555555555555,HPO genes_to_phenotype; diseases=OMIM:301118,False,1.0,0.0,1.0,18.0,OMIM:301118,1.0,1.0,2024-09-21,"[[""GENE:ZFX"", -1.0, 1.0]]",1,1,0,0.9997702770224728,grade
ZFX,gene,ZFX,ZFX,cluster:ZFX,psychomotor_agitation,induces,monogenic,A,0.25,0.05555555555555555,HPO genes_to_phenotype; diseases=OMIM:301118,False,1.0,0.0,1.0,18.0,OMIM:301118,1.0,1.0,2024-09-21,"[[""GENE:ZFX"", -1.0, 1.0]]",1,1,0,0.9997702770224728,grade
ZIC2,gene,ZIC2,ZIC2,cluster:ARNT2,irritability_or_aggression,induces,monogenic,A,1.0,0.545,HPO genes_to_phenotype; diseases=ORPHA:220386;ORPHA:93924;ORPHA:93925;ORPHA:93926,False,0.0,4.0,4.0,,ORPHA:220386;ORPHA:93924;ORPHA:93925;ORPHA:93926,4.0,0.0,,"[[""GENE:ZIC2"", -1.0, 1.0]]",4,4,0,0.9999942183170779,grade
ZIC2,gene,ZIC2,ZIC2,cluster:ARNT2,anxiety,induces,monogenic,A,1.0,0.545,HPO genes_to_phenotype; diseases=ORPHA:220386;ORPHA:93924;ORPHA:93925;ORPHA:93926,False,0.0,4.0,4.0,,ORPHA:220386;ORPHA:93924;ORPHA:93925;ORPHA:93926,4.0,0.0,,"[[""GENE:ZIC2"", -1.0, 1.0]]",4,4,0,0.9999942183170779,grade
ZIC2,gene,ZIC2,ZIC2,cluster:ARNT2,cognitive_impairment,induces,monogenic,A,1.0,0.545,HPO genes_to_phenotype; diseases=ORPHA:280195,False,0.0,1.0,1.0,,ORPHA:280195,1.0,0.0,,"[[""GENE:ZIC2"", -1.0, 1.0]]",1,1,0,0.9997730446598188,grade
ZIC2,gene,ZIC2,ZIC2,cluster:ARNT2,depressed_mood,induces,monogenic,A,1.0,0.545,HPO genes_to_phenotype; diseases=ORPHA:220386;ORPHA:93924;ORPHA:93925;ORPHA:93926,False,0.0,4.0,4.0,,ORPHA:220386;ORPHA:93924;ORPHA:93925;ORPHA:93926,4.0,0.0,,"[[""GENE:ZIC2"", -1.0, 1.0]]",4,4,0,0.9999942183170779,grade
CNBP,gene,CNBP,CNBP,cluster:CNBP,somnolence_or_hypersomnia,induces,monogenic,A,0.68,0.17,HPO genes_to_phenotype; diseases=ORPHA:606,False,0.0,1.0,1.0,,ORPHA:606,1.0,0.0,,"[[""GENE:CNBP"", -1.0, 1.0]]",1,1,0,0.9997730446598188,grade
CNBP,gene,CNBP,CNBP,cluster:CNBP,cognitive_impairment,induces,monogenic,A,0.68,0.17,HPO genes_to_phenotype; diseases=ORPHA:606,False,0.0,1.0,1.0,,ORPHA:606,1.0,0.0,,"[[""GENE:CNBP"", -1.0, 1.0]]",1,1,0,0.9997730446598188,grade
CNBP,gene,CNBP,CNBP,cluster:CNBP,fatigue,induces,monogenic,A,0.68,0.17,HPO genes_to_phenotype; diseases=ORPHA:606,False,0.0,1.0,1.0,,ORPHA:606,1.0,0.0,,"[[""GENE:CNBP"", -1.0, 1.0]]",1,1,0,0.9997730446598188,grade
MKRN3,gene,MKRN3,MKRN3,cluster:ATP10A,somnolence_or_hypersomnia,induces,monogenic,A,1.0,0.6666666666666666,HPO genes_to_phenotype; diseases=OMIM:176270,True,1.0,0.0,1.0,12.0,OMIM:176270,1.0,1.0,2012-05-14,"[[""GENE:MKRN3"", -1.0, 1.0]]",1,1,0,0.9997519550861653,grade
MKRN3,gene,MKRN3,MKRN3,cluster:ATP10A,psychosis,induces,monogenic,A,0.782608695652174,0.1956521739130435,HPO genes_to_phenotype; diseases=OMIM:176270,True,1.0,0.0,1.0,92.0,OMIM:176270,1.0,1.0,2010-10-08,"[[""GENE:MKRN3"", -1.0, 1.0]]",1,1,0,0.9997748793976969,grade
ZBTB16,gene,ZBTB16,ZBTB16,cluster:ABCA3,fatigue,induces,monogenic,A,1.0,0.545,HPO genes_to_phenotype; diseases=ORPHA:520,False,0.0,1.0,1.0,,ORPHA:520,1.0,0.0,,"[[""GENE:ZBTB16"", -1.0, 1.0]]",1,1,0,0.9997730446598188,grade
VEZF1,gene,VEZF1,VEZF1,cluster:VEZF1,fatigue,induces,monogenic,A,1.0,0.545,HPO genes_to_phenotype; diseases=ORPHA:154,False,0.0,1.0,1.0,,ORPHA:154,1.0,0.0,,"[[""GENE:VEZF1"", -1.0, 1.0]]",1,1,0,0.9997730446598188,grade
ZMYM2,gene,ZMYM2,ZMYM2,cluster:ZMYM2,psychosis,induces,monogenic,A,0.25,0.05263157894736842,HPO genes_to_phenotype; diseases=OMIM:619522,False,1.0,0.0,1.0,19.0,OMIM:619522,1.0,1.0,2021-10-27,"[[""GENE:ZMYM2"", -1.0, 1.0]]",1,1,0,0.9997726473955477,grade
NPHS2,gene,NPHS2,NPHS2,cluster:NPHS2,irritability_or_aggression,induces,monogenic,A,0.68,0.17,HPO genes_to_phenotype; diseases=ORPHA:656,False,0.0,1.0,1.0,,ORPHA:656,1.0,0.0,,"[[""GENE:NPHS2"", -1.0, 1.0]]",1,1,0,0.9997730446598188,grade
ALMS1,gene,ALMS1,ALMS1,cluster:ALMS1,cognitive_impairment,induces,monogenic,A,0.25,0.025,HPO genes_to_phenotype; diseases=ORPHA:64,False,0.0,1.0,1.0,,ORPHA:64,1.0,0.0,,"[[""GENE:ALMS1"", -1.0, 1.0]]",1,1,0,0.9997730446598188,grade
TUBA1A,gene,TUBA1A,TUBA1A,cluster:ATP10A,somnolence_or_hypersomnia,induces,monogenic,A,1.0,0.895,HPO genes_to_phenotype; diseases=ORPHA:994,False,0.0,1.0,1.0,,ORPHA:994,1.0,0.0,,"[[""GENE:TUBA1A"", -1.0, 1.0]]",1,1,0,0.9997730446598188,grade
PAX8,gene,PAX8,PAX8,cluster:ACTC1,somnolence_or_hypersomnia,induces,monogenic,A,1.0,0.895,HPO genes_to_phenotype; diseases=ORPHA:95712;ORPHA:95713,False,0.0,2.0,2.0,,ORPHA:95712;ORPHA:95713,2.0,0.0,,"[[""GENE:PAX8"", -1.0, 1.0]]",2,2,0,0.9999332144392659,grade
PAX8,gene,PAX8,PAX8,cluster:ACTC1,fatigue,induces,monogenic,A,1.0,0.895,HPO genes_to_phenotype; diseases=ORPHA:95712;ORPHA:95713;ORPHA:95720,False,0.0,3.0,3.0,,ORPHA:95712;ORPHA:95713;ORPHA:95720,3.0,0.0,,"[[""GENE:PAX8"", -1.0, 1.0]]",3,3,0,0.9999803494075916,grade
BRPF1,gene,BRPF1,BRPF1,cluster:BRPF1,cognitive_impairment,induces,monogenic,A,1.0,0.895,HPO genes_to_phenotype; diseases=ORPHA:1620,True,0.0,1.0,1.0,,ORPHA:1620,1.0,0.0,,"[[""GENE:BRPF1"", -1.0, 1.0]]",1,1,0,0.9997730446598188,grade
USP7,gene,USP7,USP7,cluster:USP7,irritability_or_aggression,induces,monogenic,A,1.0,0.7142857142857143,HPO genes_to_phenotype; diseases=OMIM:616863;ORPHA:500055,True,1.0,1.0,2.0,7.0,OMIM:616863;ORPHA:500055,2.0,1.0,2015-09-10,"[[""GENE:USP7"", -1.0, 1.0]]",2,2,0,0.999919476613192,grade
ALDH5A1,gene,ALDH5A1,ALDH5A1,cluster:ALDH5A1,psychosis,induces,monogenic,A,1.0,,HPO genes_to_phenotype; diseases=OMIM:271980,True,1.0,0.0,2.0,,OMIM:271980,1.0,0.0,2009-02-17,"[[""GENE:ALDH5A1"", -1.0, 1.0]]",2,2,0,0.9997120224657162,grade
ALDH5A1,gene,ALDH5A1,ALDH5A1,cluster:ALDH5A1,anxiety,induces,monogenic,A,1.0,,HPO genes_to_phenotype; diseases=OMIM:271980,True,1.0,0.0,1.0,,OMIM:271980,1.0,0.0,2009-02-17,"[[""GENE:ALDH5A1"", -1.0, 1.0]]",1,1,0,0.999631621434846,grade
ALDH5A1,gene,ALDH5A1,ALDH5A1,cluster:ALDH5A1,irritability_or_aggression,induces,monogenic,A,1.0,,HPO genes_to_phenotype; diseases=OMIM:271980,True,1.0,0.0,1.0,,OMIM:271980,1.0,0.0,2009-02-17,"[[""GENE:ALDH5A1"", -1.0, 1.0]]",1,1,0,0.999631621434846,grade
EPM2A,gene,EPM2A,EPM2A,cluster:EPM2A,cognitive_impairment,induces,monogenic,A,1.0,0.545,HPO genes_to_phenotype; diseases=OMIM:254780;ORPHA:501,False,1.0,1.0,4.0,,OMIM:254780;ORPHA:501,2.0,0.0,2009-02-17,"[[""GENE:EPM2A"", -1.0, 1.0]]",4,4,0,0.9998915873699763,grade
EPM2A,gene,EPM2A,EPM2A,cluster:EPM2A,psychosis,induces,monogenic,A,1.0,0.545,HPO genes_to_phenotype; diseases=OMIM:254780;ORPHA:501,False,1.0,1.0,3.0,,OMIM:254780;ORPHA:501,2.0,0.0,2009-02-17,"[[""GENE:EPM2A"", -1.0, 1.0]]",3,3,0,0.9998915873699763,grade
EPM2A,gene,EPM2A,EPM2A,cluster:EPM2A,depressed_mood,induces,monogenic,A,1.0,0.545,HPO genes_to_phenotype; diseases=ORPHA:501,False,0.0,1.0,1.0,,ORPHA:501,1.0,0.0,,"[[""GENE:EPM2A"", -1.0, 1.0]]",1,1,0,0.9994232502804609,grade
KAT6A,gene,KAT6A,KAT6A,cluster:KAT6A,insomnia,induces,monogenic,A,1.0,0.25,HPO genes_to_phenotype; diseases=OMIM:616268,True,1.0,0.0,1.0,4.0,OMIM:616268,1.0,1.0,2015-02-26,"[[""GENE:KAT6A"", -1.0, 1.0]]",1,1,0,0.9996990889216895,grade
LHX3,gene,LHX3,LHX3,cluster:ARNT2,fatigue,induces,monogenic,A,1.0,0.545,HPO genes_to_phenotype; diseases=ORPHA:226307,False,0.0,1.0,1.0,,ORPHA:226307,1.0,0.0,,"[[""GENE:LHX3"", -1.0, 1.0]]",1,1,0,0.9997730446598188,grade
CUBN,gene,CUBN,CUBN,cluster:CUBN,cognitive_impairment,induces,monogenic,A,1.0,,HPO genes_to_phenotype; diseases=OMIM:261100,True,1.0,0.0,2.0,,OMIM:261100,1.0,0.0,2009-02-17,"[[""GENE:CUBN"", -1.0, 1.0]]",2,2,0,0.999631621434846,grade
CSRP3,gene,CSRP3,CSRP3,cluster:CSRP3,fatigue,induces,monogenic,A,1.0,0.545,HPO genes_to_phenotype; diseases=ORPHA:154,False,0.0,1.0,1.0,,ORPHA:154,1.0,0.0,,"[[""GENE:CSRP3"", -1.0, 1.0]]",1,1,0,0.9997730446598188,grade
FGF23,gene,FGF23,FGF23,cluster:FGF23,fatigue,induces,monogenic,A,1.0,0.545,HPO genes_to_phenotype; diseases=ORPHA:89937,False,0.0,1.0,1.0,,ORPHA:89937,1.0,0.0,,"[[""GENE:FGF23"", -1.0, 1.0]]",1,1,0,0.9997730446598188,grade
PABPN1,gene,PABPN1,PABPN1,cluster:PABPN1,cognitive_impairment,induces,monogenic,A,0.25,0.025,HPO genes_to_phenotype; diseases=ORPHA:270,False,0.0,1.0,1.0,,ORPHA:270,1.0,0.0,,"[[""GENE:PABPN1"", -1.0, 1.0]]",1,1,0,0.9997730446598188,grade
PABPN1,gene,PABPN1,PABPN1,cluster:PABPN1,fatigue,induces,monogenic,A,1.0,0.895,HPO genes_to_phenotype; diseases=ORPHA:270,False,0.0,1.0,1.0,,ORPHA:270,1.0,0.0,,"[[""GENE:PABPN1"", -1.0, 1.0]]",1,1,0,0.9997730446598188,grade
AP3B2,gene,AP3B2,AP3B2,cluster:AP3B2,cognitive_impairment,induces,monogenic,A,0.68,0.17,HPO genes_to_phenotype; diseases=ORPHA:442835,False,0.0,1.0,1.0,,ORPHA:442835,1.0,0.0,,"[[""GENE:AP3B2"", -1.0, 1.0]]",1,1,0,0.9997730446598188,grade
NPRL3,gene,NPRL3,NPRL3,cluster:CHRNA2,psychosis,induces,monogenic,A,0.68,0.17,HPO genes_to_phenotype; diseases=ORPHA:98820,False,0.0,1.0,2.0,,ORPHA:98820,1.0,0.0,,"[[""GENE:NPRL3"", -1.0, 1.0]]",2,2,0,0.9997730446598188,grade
NPRL3,gene,NPRL3,NPRL3,cluster:CHRNA2,cognitive_impairment,induces,monogenic,A,0.68,0.17,HPO genes_to_phenotype; diseases=ORPHA:98820,False,0.0,1.0,1.0,,ORPHA:98820,1.0,0.0,,"[[""GENE:NPRL3"", -1.0, 1.0]]",1,1,0,0.9997730446598188,grade
TAF15,gene,TAF15,TAF15,cluster:TAF15,cognitive_impairment,induces,monogenic,A,1.0,0.545,HPO genes_to_phenotype; diseases=ORPHA:803,False,0.0,1.0,2.0,,ORPHA:803,1.0,0.0,,"[[""GENE:TAF15"", -1.0, 1.0]]",2,2,0,0.9997730446598188,grade
TAF15,gene,TAF15,TAF15,cluster:TAF15,anxiety,induces,monogenic,A,1.0,0.545,HPO genes_to_phenotype; diseases=ORPHA:803,False,0.0,1.0,1.0,,ORPHA:803,1.0,0.0,,"[[""GENE:TAF15"", -1.0, 1.0]]",1,1,0,0.9997730446598188,grade
TAF15,gene,TAF15,TAF15,cluster:TAF15,depressed_mood,induces,monogenic,A,1.0,0.545,HPO genes_to_phenotype; diseases=ORPHA:803,False,0.0,1.0,1.0,,ORPHA:803,1.0,0.0,,"[[""GENE:TAF15"", -1.0, 1.0]]",1,1,0,0.9997730446598188,grade
TAF15,gene,TAF15,TAF15,cluster:TAF15,fatigue,induces,monogenic,A,1.0,0.545,HPO genes_to_phenotype; diseases=ORPHA:803,False,0.0,1.0,1.0,,ORPHA:803,1.0,0.0,,"[[""GENE:TAF15"", -1.0, 1.0]]",1,1,0,0.9997730446598188,grade
MKKS,gene,MKKS,MKKS,cluster:BBIP1,cognitive_impairment,induces,monogenic,A,1.0,0.545,HPO genes_to_phenotype; diseases=ORPHA:110,False,0.0,1.0,2.0,,ORPHA:110,1.0,0.0,,"[[""GENE:MKKS"", -1.0, 1.0]]",2,2,0,0.9997730446598188,grade
MKKS,gene,MKKS,MKKS,cluster:BBIP1,anxiety,induces,monogenic,A,0.68,0.17,HPO genes_to_phenotype; diseases=ORPHA:110,False,0.0,1.0,1.0,,ORPHA:110,1.0,0.0,,"[[""GENE:MKKS"", -1.0, 1.0]]",1,1,0,0.9997730446598188,grade
MKKS,gene,MKKS,MKKS,cluster:BBIP1,depressed_mood,induces,monogenic,A,1.0,0.545,HPO genes_to_phenotype; diseases=ORPHA:110,False,0.0,1.0,1.0,,ORPHA:110,1.0,0.0,,"[[""GENE:MKKS"", -1.0, 1.0]]",1,1,0,0.9997730446598188,grade
GDF5,gene,GDF5,GDF5,cluster:GDF5,cognitive_impairment,induces,monogenic,A,1.0,0.545,HPO genes_to_phenotype; diseases=ORPHA:968,False,0.0,1.0,1.0,,ORPHA:968,1.0,0.0,,"[[""GENE:GDF5"", -1.0, 1.0]]",1,1,0,0.9997730446598188,grade
DGCR6,gene,DGCR6,DGCR6,cluster:ARVCF,irritability_or_aggression,induces,monogenic,A,1.0,,HPO genes_to_phenotype; diseases=OMIM:192430,False,1.0,0.0,1.0,,OMIM:192430,1.0,0.0,2012-10-17,"[[""GENE:DGCR6"", -1.0, 1.0]]",1,1,0,0.9997120224657162,grade
USP9X,gene,USP9X,USP9X,cluster:USP9X,irritability_or_aggression,induces,monogenic,A,0.8,0.2,HPO genes_to_phenotype; diseases=OMIM:300919,True,1.0,0.0,1.0,5.0,OMIM:300919,1.0,1.0,2014-03-06,"[[""GENE:USP9X"", -1.0, 1.0]]",1,1,0,0.9997099799437312,grade
KDM5C,gene,KDM5C,KDM5C,cluster:KDM5C,irritability_or_aggression,induces,monogenic,A,1.0,0.545,HPO genes_to_phenotype; diseases=OMIM:300534;ORPHA:85279,False,1.0,1.0,2.0,38.0,OMIM:300534;ORPHA:85279,5.0,4.0,2012-04-25,"[[""GENE:KDM5C"", -1.0, 1.0]]",2,2,0,0.9999337544286306,grade
KDM5C,gene,KDM5C,KDM5C,cluster:KDM5C,psychomotor_agitation,induces,monogenic,A,1.0,,HPO genes_to_phenotype; diseases=OMIM:300534,False,1.0,0.0,1.0,,OMIM:300534,1.0,0.0,2009-02-17,"[[""GENE:KDM5C"", -1.0, 1.0]]",1,1,0,0.9961871887065212,grade
SMC1A,gene,SMC1A,SMC1A,cluster:ARNT2,anxiety,induces,monogenic,A,1.0,0.545,HPO genes_to_phenotype; diseases=ORPHA:199;ORPHA:220386;ORPHA:3095,False,0.0,3.0,3.0,,ORPHA:199;ORPHA:220386;ORPHA:3095,3.0,0.0,,"[[""GENE:SMC1A"", -1.0, 1.0]]",3,3,0,0.9999500470146856,grade
SMC1A,gene,SMC1A,SMC1A,cluster:ARNT2,cognitive_impairment,induces,monogenic,A,1.0,,HPO genes_to_phenotype; diseases=OMIM:300590,False,1.0,0.0,1.0,,OMIM:300590,1.0,0.0,2015-11-15,"[[""GENE:SMC1A"", -1.0, 1.0]]",1,1,0,0.997017116436691,grade
SMC1A,gene,SMC1A,SMC1A,cluster:ARNT2,irritability_or_aggression,induces,monogenic,A,1.0,0.545,HPO genes_to_phenotype; diseases=ORPHA:220386,False,0.0,1.0,1.0,,ORPHA:220386,1.0,0.0,,"[[""GENE:SMC1A"", -1.0, 1.0]]",1,1,0,0.9994232502804609,grade
SMC1A,gene,SMC1A,SMC1A,cluster:ARNT2,depressed_mood,induces,monogenic,A,1.0,0.545,HPO genes_to_phenotype; diseases=ORPHA:220386,False,0.0,1.0,1.0,,ORPHA:220386,1.0,0.0,,"[[""GENE:SMC1A"", -1.0, 1.0]]",1,1,0,0.9994232502804609,grade
SMC1A,gene,SMC1A,SMC1A,cluster:ARNT2,psychomotor_agitation,induces,monogenic,A,1.0,0.895,HPO genes_to_phenotype; diseases=ORPHA:3095,False,0.0,1.0,1.0,,ORPHA:3095,1.0,0.0,,"[[""GENE:SMC1A"", -1.0, 1.0]]",1,1,0,0.9994232502804609,grade
NAA10,gene,NAA10,NAA10,cluster:ABCA3,somnolence_or_hypersomnia,induces,monogenic,A,1.0,0.545,HPO genes_to_phenotype; diseases=ORPHA:276432,True,0.0,1.0,1.0,,ORPHA:276432,1.0,0.0,,"[[""GENE:NAA10"", -1.0, 1.0]]",1,1,0,0.9994232502804609,grade
NAA10,gene,NAA10,NAA10,cluster:ABCA3,irritability_or_aggression,induces,monogenic,A,1.0,0.25,HPO genes_to_phenotype; diseases=OMIM:300855;OMIM:309800,True,2.0,0.0,2.0,8.0,OMIM:300855;OMIM:309800,2.0,1.0,2011-06-23,"[[""GENE:NAA10"", -1.0, 1.0]]",2,2,0,0.9989647244401061,grade
ARID1A,gene,ARID1A,ARID1A,cluster:ABCA3,irritability_or_aggression,induces,monogenic,A,0.68,0.17,HPO genes_to_phenotype; diseases=ORPHA:1465,False,0.0,1.0,1.0,,ORPHA:1465,1.0,0.0,,"[[""GENE:ARID1A"", -1.0, 1.0]]",1,1,0,0.9997730446598188,grade
DYSF,gene,DYSF,DYSF,cluster:DYSF,fatigue,induces,monogenic,A,1.0,,HPO genes_to_phenotype; diseases=OMIM:253601,False,1.0,0.0,1.0,,OMIM:253601,1.0,0.0,2018-10-08,"[[""GENE:DYSF"", -1.0, 1.0]]",1,1,0,0.999631621434846,grade
TRRAP,gene,TRRAP,TRRAP,cluster:TRRAP,psychosis,induces,monogenic,A,1.0,1.0,HPO genes_to_phenotype; diseases=OMIM:618454,False,1.0,0.0,2.0,2.0,OMIM:618454,1.0,1.0,2022-10-31,"[[""GENE:TRRAP"", -1.0, 1.0]]",2,2,0,0.99963784265969,grade
KLRC4,gene,KLRC4,KLRC4,cluster:BCL2,cognitive_impairment,induces,monogenic,A,1.0,0.545,HPO genes_to_phenotype; diseases=ORPHA:117,False,0.0,1.0,2.0,,ORPHA:117,1.0,0.0,,"[[""GENE:KLRC4"", -1.0, 1.0]]",2,2,0,0.9997730446598188,grade
KLRC4,gene,KLRC4,KLRC4,cluster:BCL2,irritability_or_aggression,induces,monogenic,A,0.68,0.17,HPO genes_to_phenotype; diseases=ORPHA:117,False,0.0,1.0,1.0,,ORPHA:117,1.0,0.0,,"[[""GENE:KLRC4"", -1.0, 1.0]]",1,1,0,0.9997730446598188,grade
KLRC4,gene,KLRC4,KLRC4,cluster:BCL2,fatigue,induces,monogenic,A,1.0,0.895,HPO genes_to_phenotype; diseases=ORPHA:117,False,0.0,1.0,1.0,,ORPHA:117,1.0,0.0,,"[[""GENE:KLRC4"", -1.0, 1.0]]",1,1,0,0.9997730446598188,grade
BAP1,gene,BAP1,BAP1,cluster:ABCA3,somnolence_or_hypersomnia,induces,monogenic,A,0.25,0.025,HPO genes_to_phenotype; diseases=ORPHA:2495,False,0.0,1.0,1.0,,ORPHA:2495,1.0,0.0,,"[[""GENE:BAP1"", -1.0, 1.0]]",1,1,0,0.9997730446598188,grade
BAP1,gene,BAP1,BAP1,cluster:ABCA3,cognitive_impairment,induces,monogenic,A,0.68,0.17,HPO genes_to_phenotype; diseases=ORPHA:2495,False,0.0,1.0,3.0,,ORPHA:2495,1.0,0.0,,"[[""GENE:BAP1"", -1.0, 1.0]]",3,3,0,0.9997730446598188,grade
PLA2G6,gene,PLA2G6,PLA2G6,cluster:PLA2G6,cognitive_impairment,induces,monogenic,A,1.0,1.0,HPO genes_to_phenotype; diseases=OMIM:610217;OMIM:612953;ORPHA:199351;ORPHA:35069,True,2.0,2.0,7.0,2.0,OMIM:610217;OMIM:612953;ORPHA:199351;ORPHA:35069,5.0,1.0,2009-01-01,"[[""GENE:PLA2G6"", -1.0, 1.0]]",7,7,0,0.99998809000158,grade
PLA2G6,gene,PLA2G6,PLA2G6,cluster:PLA2G6,psychosis,induces,monogenic,A,0.68,0.17,HPO genes_to_phenotype; diseases=ORPHA:199351,True,0.0,1.0,1.0,,ORPHA:199351,1.0,0.0,,"[[""GENE:PLA2G6"", -1.0, 1.0]]",1,1,0,0.9994232502804609,grade
PLA2G6,gene,PLA2G6,PLA2G6,cluster:PLA2G6,depressed_mood,induces,monogenic,A,1.0,0.5,HPO genes_to_phenotype; diseases=OMIM:612953;ORPHA:199351,True,1.0,1.0,2.0,2.0,OMIM:612953;ORPHA:199351,2.0,1.0,2009-01-01,"[[""GENE:PLA2G6"", -1.0, 1.0]]",2,2,0,0.9999018095935599,grade
PLA2G6,gene,PLA2G6,PLA2G6,cluster:PLA2G6,irritability_or_aggression,induces,monogenic,A,1.0,0.5,HPO genes_to_phenotype; diseases=OMIM:612953,True,1.0,0.0,1.0,2.0,OMIM:612953,1.0,1.0,2009-01-01,"[[""GENE:PLA2G6"", -1.0, 1.0]]",1,1,0,0.9965454918194486,grade
SLC25A11,gene,SLC25A11,SLC25A11,cluster:ABCA3,anxiety,induces,monogenic,A,1.0,0.545,HPO genes_to_phenotype; diseases=ORPHA:29072,True,0.0,1.0,2.0,,ORPHA:29072,1.0,0.0,,"[[""GENE:SLC25A11"", -1.0, 1.0]]",2,2,0,0.9997730446598188,grade
SLC25A11,gene,SLC25A11,SLC25A11,cluster:ABCA3,fatigue,induces,monogenic,A,1.0,0.545,HPO genes_to_phenotype; diseases=ORPHA:29072,True,0.0,1.0,1.0,,ORPHA:29072,1.0,0.0,,"[[""GENE:SLC25A11"", -1.0, 1.0]]",1,1,0,0.9997730446598188,grade
LTBP4,gene,LTBP4,LTBP4,cluster:DMD,cognitive_impairment,induces,monogenic,A,1.0,0.895,HPO genes_to_phenotype; diseases=ORPHA:98896,False,0.0,1.0,1.0,,ORPHA:98896,1.0,0.0,,"[[""GENE:LTBP4"", -1.0, 1.0]]",1,1,0,0.9997730446598188,grade
CUL4B,gene,CUL4B,CUL4B,cluster:CUL4B,irritability_or_aggression,induces,monogenic,A,1.0,0.8,HPO genes_to_phenotype; diseases=OMIM:300354;ORPHA:85293,False,1.0,1.0,2.0,15.0,OMIM:300354;ORPHA:85293,2.0,1.0,2017-05-29,"[[""GENE:CUL4B"", -1.0, 1.0]]",2,2,0,0.9999300091111867,grade
FKBP6,gene,FKBP6,FKBP6,cluster:BAZ1B,insomnia,induces,monogenic,A,1.0,0.545,HPO genes_to_phenotype; diseases=ORPHA:904,True,0.0,1.0,1.0,,ORPHA:904,1.0,0.0,,"[[""GENE:FKBP6"", -1.0, 1.0]]",1,1,0,0.9997730446598188,grade
FKBP6,gene,FKBP6,FKBP6,cluster:BAZ1B,anxiety,induces,monogenic,A,1.0,0.895,HPO genes_to_phenotype; diseases=ORPHA:904,True,0.0,1.0,1.0,,ORPHA:904,1.0,0.0,,"[[""GENE:FKBP6"", -1.0, 1.0]]",1,1,0,0.9997730446598188,grade
FKBP6,gene,FKBP6,FKBP6,cluster:BAZ1B,depressed_mood,induces,monogenic,A,1.0,0.895,HPO genes_to_phenotype; diseases=ORPHA:904,True,0.0,1.0,1.0,,ORPHA:904,1.0,0.0,,"[[""GENE:FKBP6"", -1.0, 1.0]]",1,1,0,0.9997730446598188,grade
PPM1D,gene,PPM1D,PPM1D,cluster:PPM1D,anxiety,induces,monogenic,A,1.0,0.2857142857142857,HPO genes_to_phenotype; diseases=OMIM:617450,False,1.0,0.0,1.0,14.0,OMIM:617450,1.0,1.0,2017-07-13,"[[""GENE:PPM1D"", -1.0, 1.0]]",1,1,0,0.9997590296450637,grade
PEX3,gene,PEX3,PEX3,cluster:PEX1,cognitive_impairment,induces,monogenic,A,1.0,0.895,HPO genes_to_phenotype; diseases=ORPHA:912,False,0.0,1.0,1.0,,ORPHA:912,1.0,0.0,,"[[""GENE:PEX3"", -1.0, 1.0]]",1,1,0,0.9997730446598188,grade
IKBKG,gene,IKBKG,IKBKG,cluster:IKBKG,cognitive_impairment,induces,monogenic,A,0.68,0.17,HPO genes_to_phenotype; diseases=ORPHA:464,False,0.0,1.0,1.0,,ORPHA:464,1.0,0.0,,"[[""GENE:IKBKG"", -1.0, 1.0]]",1,1,0,0.9997730446598188,grade
PPFIA3,gene,PPFIA3,PPFIA3,cluster:PPFIA3,anxiety,induces,monogenic,A,1.0,0.4,HPO genes_to_phenotype; diseases=OMIM:621122,False,1.0,0.0,1.0,5.0,OMIM:621122,1.0,1.0,2025-10-13,"[[""GENE:PPFIA3"", -1.0, 1.0]]",1,1,0,0.9997099799437312,grade
PPFIA3,gene,PPFIA3,PPFIA3,cluster:PPFIA3,depressed_mood,induces,monogenic,A,0.25,0.0,HPO genes_to_phenotype; diseases=OMIM:621122,False,1.0,0.0,1.0,6.0,OMIM:621122,1.0,1.0,2025-10-13,"[[""GENE:PPFIA3"", -1.0, 1.0]]",1,0,1,0.998345227445311,grade
PPFIA3,gene,PPFIA3,PPFIA3,cluster:PPFIA3,irritability_or_aggression,induces,monogenic,A,1.0,0.25,HPO genes_to_phenotype; diseases=OMIM:621122,False,1.0,0.0,1.0,4.0,OMIM:621122,1.0,1.0,2025-10-13,"[[""GENE:PPFIA3"", -1.0, 1.0]]",1,1,0,0.9996990889216895,grade
TCAP,gene,TCAP,TCAP,cluster:TCAP,fatigue,induces,monogenic,A,1.0,0.545,HPO genes_to_phenotype; diseases=ORPHA:154,False,0.0,1.0,1.0,,ORPHA:154,1.0,0.0,,"[[""GENE:TCAP"", -1.0, 1.0]]",1,1,0,0.9997730446598188,grade
PRKRA,gene,PRKRA,PRKRA,cluster:PRKRA,cognitive_impairment,induces,monogenic,A,0.68,0.17,HPO genes_to_phenotype; diseases=OMIM:612067,False,1.0,0.0,1.0,,OMIM:612067,1.0,0.0,2015-04-05,"[[""GENE:PRKRA"", -1.0, 1.0]]",1,1,0,0.9997120224657162,grade
ABCB11,gene,ABCB11,ABCB11,cluster:ABCB11,insomnia,induces,monogenic,A,1.0,0.545,HPO genes_to_phenotype; diseases=ORPHA:69665,True,0.0,1.0,1.0,,ORPHA:69665,1.0,0.0,,"[[""GENE:ABCB11"", -1.0, 1.0]]",1,1,0,0.9997730446598188,grade
ABCB11,gene,ABCB11,ABCB11,cluster:ABCB11,depressed_mood,induces,monogenic,A,0.68,0.17,HPO genes_to_phenotype; diseases=ORPHA:69665,True,0.0,1.0,1.0,,ORPHA:69665,1.0,0.0,,"[[""GENE:ABCB11"", -1.0, 1.0]]",1,1,0,0.9997730446598188,grade
ALDH4A1,gene,ALDH4A1,ALDH4A1,cluster:ALDH4A1,cognitive_impairment,induces,monogenic,A,0.68,0.17,HPO genes_to_phenotype; diseases=ORPHA:79101,True,0.0,1.0,2.0,,ORPHA:79101,1.0,0.0,,"[[""GENE:ALDH4A1"", -1.0, 1.0]]",2,2,0,0.9997730446598188,grade
ALDH4A1,gene,ALDH4A1,ALDH4A1,cluster:ALDH4A1,psychosis,induces,monogenic,A,0.68,0.17,HPO genes_to_phenotype; diseases=ORPHA:79101,True,0.0,1.0,1.0,,ORPHA:79101,1.0,0.0,,"[[""GENE:ALDH4A1"", -1.0, 1.0]]",1,1,0,0.9997730446598188,grade
ALDH4A1,gene,ALDH4A1,ALDH4A1,cluster:ALDH4A1,anxiety,induces,monogenic,A,0.68,0.17,HPO genes_to_phenotype; diseases=ORPHA:79101,True,0.0,1.0,1.0,,ORPHA:79101,1.0,0.0,,"[[""GENE:ALDH4A1"", -1.0, 1.0]]",1,1,0,0.9997730446598188,grade
ALDH4A1,gene,ALDH4A1,ALDH4A1,cluster:ALDH4A1,depressed_mood,induces,monogenic,A,0.68,0.17,HPO genes_to_phenotype; diseases=ORPHA:79101,True,0.0,1.0,1.0,,ORPHA:79101,1.0,0.0,,"[[""GENE:ALDH4A1"", -1.0, 1.0]]",1,1,0,0.9997730446598188,grade
ALDH4A1,gene,ALDH4A1,ALDH4A1,cluster:ALDH4A1,irritability_or_aggression,induces,monogenic,A,0.68,0.17,HPO genes_to_phenotype; diseases=ORPHA:79101,True,0.0,1.0,1.0,,ORPHA:79101,1.0,0.0,,"[[""GENE:ALDH4A1"", -1.0, 1.0]]",1,1,0,0.9997730446598188,grade
ALDH4A1,gene,ALDH4A1,ALDH4A1,cluster:ALDH4A1,fatigue,induces,monogenic,A,1.0,0.545,HPO genes_to_phenotype; diseases=ORPHA:79101,True,0.0,1.0,1.0,,ORPHA:79101,1.0,0.0,,"[[""GENE:ALDH4A1"", -1.0, 1.0]]",1,1,0,0.9997730446598188,grade
EIF3F,gene,EIF3F,EIF3F,cluster:EIF3F,psychosis,induces,monogenic,A,0.25,0.047619047619047616,HPO genes_to_phenotype; diseases=OMIM:618295,False,1.0,0.0,1.0,21.0,OMIM:618295,1.0,1.0,2022-08-12,"[[""GENE:EIF3F"", -1.0, 1.0]]",1,1,0,0.9997748793976969,grade
STX16,gene,STX16,STX16,cluster:GNAS,irritability_or_aggression,induces,monogenic,A,0.68,0.17,HPO genes_to_phenotype; diseases=ORPHA:94089,False,0.0,1.0,1.0,,ORPHA:94089,1.0,0.0,,"[[""GENE:STX16"", -1.0, 1.0]]",1,1,0,0.9997730446598188,grade
STX16,gene,STX16,STX16,cluster:GNAS,anxiety,induces,monogenic,A,0.68,0.17,HPO genes_to_phenotype; diseases=ORPHA:94089,False,0.0,1.0,1.0,,ORPHA:94089,1.0,0.0,,"[[""GENE:STX16"", -1.0, 1.0]]",1,1,0,0.9997730446598188,grade
STX16,gene,STX16,STX16,cluster:GNAS,depressed_mood,induces,monogenic,A,0.68,0.17,HPO genes_to_phenotype; diseases=ORPHA:94089,False,0.0,1.0,1.0,,ORPHA:94089,1.0,0.0,,"[[""GENE:STX16"", -1.0, 1.0]]",1,1,0,0.9997730446598188,grade
CTSF,gene,CTSF,CTSF,cluster:CTSF,cognitive_impairment,induces,monogenic,A,1.0,1.0,HPO genes_to_phenotype; diseases=OMIM:615362,True,1.0,0.0,3.0,12.0,OMIM:615362,1.0,1.0,2013-01-07,"[[""GENE:CTSF"", -1.0, 1.0]]",3,3,0,0.9996990889216895,grade
CTSF,gene,CTSF,CTSF,cluster:CTSF,depressed_mood,induces,monogenic,A,1.0,0.25,HPO genes_to_phenotype; diseases=OMIM:615362,True,1.0,0.0,1.0,4.0,OMIM:615362,1.0,1.0,2013-01-07,"[[""GENE:CTSF"", -1.0, 1.0]]",1,1,0,0.9996990889216895,grade
FBP2,gene,FBP2,FBP2,cluster:FBP2,irritability_or_aggression,induces,monogenic,A,1.0,1.0,HPO genes_to_phenotype; diseases=OMIM:619864,True,1.0,0.0,1.0,3.0,OMIM:619864,1.0,1.0,2021-03-11,"[[""GENE:FBP2"", -1.0, 1.0]]",1,1,0,0.9996852014177682,grade
SUCLG1,gene,SUCLG1,SUCLG1,cluster:SUCLG1,cognitive_impairment,induces,monogenic,A,0.68,0.17,HPO genes_to_phenotype; diseases=ORPHA:17,True,0.0,1.0,1.0,,ORPHA:17,1.0,0.0,,"[[""GENE:SUCLG1"", -1.0, 1.0]]",1,1,0,0.9997730446598188,grade
SUCLG1,gene,SUCLG1,SUCLG1,cluster:SUCLG1,irritability_or_aggression,induces,monogenic,A,0.68,0.17,HPO genes_to_phenotype; diseases=ORPHA:17,True,0.0,1.0,1.0,,ORPHA:17,1.0,0.0,,"[[""GENE:SUCLG1"", -1.0, 1.0]]",1,1,0,0.9997730446598188,grade
SUCLA2,gene,SUCLA2,SUCLA2,cluster:SUCLA2,irritability_or_aggression,induces,monogenic,A,1.0,0.5,HPO genes_to_phenotype; diseases=OMIM:612073,True,1.0,0.0,1.0,2.0,OMIM:612073,1.0,1.0,2005-04-22,"[[""GENE:SUCLA2"", -1.0, 1.0]]",1,1,0,0.9996663476591036,grade
HESX1,gene,HESX1,HESX1,cluster:ARNT2,fatigue,induces,monogenic,A,1.0,0.545,HPO genes_to_phenotype; diseases=ORPHA:226307;ORPHA:3157;ORPHA:95494,False,0.0,3.0,3.0,,ORPHA:226307;ORPHA:3157;ORPHA:95494,3.0,0.0,,"[[""GENE:HESX1"", -1.0, 1.0]]",3,3,0,0.9999803494075916,grade
FGF17,gene,FGF17,FGF17,cluster:ARNT2,anxiety,induces,monogenic,A,1.0,0.545,HPO genes_to_phenotype; diseases=ORPHA:432,False,0.0,1.0,1.0,,ORPHA:432,1.0,0.0,,"[[""GENE:FGF17"", -1.0, 1.0]]",1,1,0,0.9997730446598188,grade
FGF17,gene,FGF17,FGF17,cluster:ARNT2,depressed_mood,induces,monogenic,A,1.0,0.545,HPO genes_to_phenotype; diseases=ORPHA:432,False,0.0,1.0,1.0,,ORPHA:432,1.0,0.0,,"[[""GENE:FGF17"", -1.0, 1.0]]",1,1,0,0.9997730446598188,grade
SYNGAP1,gene,SYNGAP1,SYNGAP1,cluster:SYNGAP1,cognitive_impairment,induces,monogenic,A,0.68,0.17,HPO genes_to_phenotype; diseases=ORPHA:442835,False,0.0,1.0,1.0,,ORPHA:442835,1.0,0.0,,"[[""GENE:SYNGAP1"", -1.0, 1.0]]",1,1,0,0.9997730446598188,grade
PER3,gene,PER3,PER3,cluster:PER3,depressed_mood,induces,monogenic,A,1.0,1.0,HPO genes_to_phenotype; diseases=OMIM:616882,False,1.0,0.0,1.0,3.0,OMIM:616882,1.0,1.0,2017-07-13,"[[""GENE:PER3"", -1.0, 1.0]]",1,1,0,0.9996852014177682,grade
PER2,gene,PER2,PER2,cluster:PER2,depressed_mood,induces,monogenic,A,1.0,,HPO genes_to_phenotype; diseases=OMIM:604348,False,1.0,0.0,1.0,,OMIM:604348,1.0,0.0,2015-12-30,"[[""GENE:PER2"", -1.0, 1.0]]",1,1,0,0.9997120224657162,grade
SYNJ1,gene,SYNJ1,SYNJ1,cluster:ADH1C,anxiety,induces,monogenic,A,0.68,0.17,HPO genes_to_phenotype; diseases=ORPHA:2828,True,0.0,1.0,2.0,,ORPHA:2828,1.0,0.0,,"[[""GENE:SYNJ1"", -1.0, 1.0]]",2,2,0,0.9994232502804609,grade
SYNJ1,gene,SYNJ1,SYNJ1,cluster:ADH1C,cognitive_impairment,induces,monogenic,A,1.0,0.5,HPO genes_to_phenotype; diseases=OMIM:615530;ORPHA:2828;ORPHA:442835,True,1.0,2.0,6.0,2.0,OMIM:615530;ORPHA:2828;ORPHA:442835,3.0,1.0,2013-08-06,"[[""GENE:SYNJ1"", -1.0, 1.0]]",6,6,0,0.9999711083892343,grade
SYNJ1,gene,SYNJ1,SYNJ1,cluster:ADH1C,insomnia,induces,monogenic,A,0.68,0.17,HPO genes_to_phenotype; diseases=ORPHA:2828,True,0.0,1.0,1.0,,ORPHA:2828,1.0,0.0,,"[[""GENE:SYNJ1"", -1.0, 1.0]]",1,1,0,0.9994232502804609,grade
SYNJ1,gene,SYNJ1,SYNJ1,cluster:ADH1C,psychosis,induces,monogenic,A,1.0,0.545,HPO genes_to_phenotype; diseases=ORPHA:2828,True,0.0,1.0,1.0,,ORPHA:2828,1.0,0.0,,"[[""GENE:SYNJ1"", -1.0, 1.0]]",1,1,0,0.9994232502804609,grade
SYNJ1,gene,SYNJ1,SYNJ1,cluster:ADH1C,depressed_mood,induces,monogenic,A,1.0,0.545,HPO genes_to_phenotype; diseases=ORPHA:2828,True,0.0,1.0,1.0,,ORPHA:2828,1.0,0.0,,"[[""GENE:SYNJ1"", -1.0, 1.0]]",1,1,0,0.9994232502804609,grade
SYNJ1,gene,SYNJ1,SYNJ1,cluster:ADH1C,psychomotor_agitation,induces,monogenic,A,0.25,0.025,HPO genes_to_phenotype; diseases=ORPHA:2828,True,0.0,1.0,1.0,,ORPHA:2828,1.0,0.0,,"[[""GENE:SYNJ1"", -1.0, 1.0]]",1,1,0,0.9994232502804609,grade
SYNJ1,gene,SYNJ1,SYNJ1,cluster:ADH1C,fatigue,induces,monogenic,A,1.0,0.545,HPO genes_to_phenotype; diseases=OMIM:615530;ORPHA:391411,True,1.0,1.0,2.0,2.0,OMIM:615530;ORPHA:391411,2.0,1.0,2013-08-06,"[[""GENE:SYNJ1"", -1.0, 1.0]]",2,2,0,0.9999018095935599,grade
ST3GAL5,gene,ST3GAL5,ST3GAL5,cluster:ST3GAL5,irritability_or_aggression,induces,monogenic,A,1.0,1.0,HPO genes_to_phenotype; diseases=OMIM:609056,True,1.0,0.0,1.0,8.0,OMIM:609056,1.0,1.0,2004-10-24,"[[""GENE:ST3GAL5"", -1.0, 1.0]]",1,1,0,0.9997328086157783,grade
SQSTM1,gene,SQSTM1,SQSTM1,cluster:ADH1C,cognitive_impairment,induces,monogenic,A,1.0,1.0,HPO genes_to_phenotype; diseases=OMIM:616437;OMIM:617145;ORPHA:275864;ORPHA:275872;ORPHA:803,False,2.0,3.0,9.0,20.0,OMIM:616437;OMIM:617145;ORPHA:275864;ORPHA:275872;ORPHA:803,6.0,2.0,2015-07-26,"[[""GENE:SQSTM1"", -1.0, 1.0]]",9,9,0,0.9999976022551085,grade
SQSTM1,gene,SQSTM1,SQSTM1,cluster:ADH1C,psychosis,induces,monogenic,A,1.0,0.545,HPO genes_to_phenotype; diseases=ORPHA:275864;ORPHA:275872,False,0.0,2.0,2.0,,ORPHA:275864;ORPHA:275872,2.0,0.0,,"[[""GENE:SQSTM1"", -1.0, 1.0]]",2,2,0,0.9998302394354796,grade
SQSTM1,gene,SQSTM1,SQSTM1,cluster:ADH1C,irritability_or_aggression,induces,monogenic,A,1.0,0.895,HPO genes_to_phenotype; diseases=ORPHA:275864,False,0.0,1.0,2.0,,ORPHA:275864,1.0,0.0,,"[[""GENE:SQSTM1"", -1.0, 1.0]]",2,2,0,0.9994232502804609,grade
SQSTM1,gene,SQSTM1,SQSTM1,cluster:ADH1C,anxiety,induces,monogenic,A,1.0,0.545,HPO genes_to_phenotype; diseases=ORPHA:803,False,0.0,1.0,1.0,,ORPHA:803,1.0,0.0,,"[[""GENE:SQSTM1"", -1.0, 1.0]]",1,1,0,0.9994232502804609,grade
SQSTM1,gene,SQSTM1,SQSTM1,cluster:ADH1C,depressed_mood,induces,monogenic,A,1.0,0.545,HPO genes_to_phenotype; diseases=ORPHA:275872;ORPHA:803,False,0.0,2.0,2.0,,ORPHA:275872;ORPHA:803,2.0,0.0,,"[[""GENE:SQSTM1"", -1.0, 1.0]]",2,2,0,0.9998302394354796,grade
SQSTM1,gene,SQSTM1,SQSTM1,cluster:ADH1C,psychomotor_agitation,induces,monogenic,A,1.0,0.895,HPO genes_to_phenotype; diseases=ORPHA:275864,False,0.0,1.0,1.0,,ORPHA:275864,1.0,0.0,,"[[""GENE:SQSTM1"", -1.0, 1.0]]",1,1,0,0.9994232502804609,grade
SQSTM1,gene,SQSTM1,SQSTM1,cluster:ADH1C,fatigue,induces,monogenic,A,1.0,0.545,HPO genes_to_phenotype; diseases=ORPHA:803,False,0.0,1.0,1.0,,ORPHA:803,1.0,0.0,,"[[""GENE:SQSTM1"", -1.0, 1.0]]",1,1,0,0.9994232502804609,grade
SGPL1,gene,SGPL1,SGPL1,cluster:SGPL1,cognitive_impairment,induces,monogenic,A,1.0,,HPO genes_to_phenotype; diseases=OMIM:617575,True,1.0,0.0,1.0,,OMIM:617575,1.0,0.0,2018-10-08,"[[""GENE:SGPL1"", -1.0, 1.0]]",1,1,0,0.999631621434846,grade
EIF2B2,gene,EIF2B2,EIF2B2,cluster:EIF2B2,cognitive_impairment,induces,monogenic,A,1.0,1.0,HPO genes_to_phenotype; diseases=OMIM:620312,False,1.0,0.0,1.0,1.0,OMIM:620312,1.0,1.0,2023-06-27,"[[""GENE:EIF2B2"", -1.0, 1.0]]",1,1,0,0.99963784265969,grade
CACNA1I,gene,CACNA1I,CACNA1I,cluster:CACNA1I,depressed_mood,induces,monogenic,A,0.6666666666666666,0.16666666666666666,HPO genes_to_phenotype; diseases=OMIM:620114,False,1.0,0.0,1.0,6.0,OMIM:620114,1.0,1.0,2023-01-19,"[[""GENE:CACNA1I"", -1.0, 1.0]]",1,1,0,0.9997188801487722,grade
CACNA1H,gene,CACNA1H,CACNA1H,cluster:ABCA3,anxiety,induces,monogenic,A,0.68,0.17,HPO genes_to_phenotype; diseases=ORPHA:64280,False,0.0,1.0,1.0,,ORPHA:64280,1.0,0.0,,"[[""GENE:CACNA1H"", -1.0, 1.0]]",1,1,0,0.9997730446598188,grade
CACNA1H,gene,CACNA1H,CACNA1H,cluster:ABCA3,depressed_mood,induces,monogenic,A,0.68,0.17,HPO genes_to_phenotype; diseases=ORPHA:64280,False,0.0,1.0,1.0,,ORPHA:64280,1.0,0.0,,"[[""GENE:CACNA1H"", -1.0, 1.0]]",1,1,0,0.9997730446598188,grade
CACNA1G,gene,CACNA1G,CACNA1G,cluster:CACNA1G,cognitive_impairment,induces,monogenic,A,1.0,,HPO genes_to_phenotype; diseases=OMIM:616795,False,1.0,0.0,1.0,,OMIM:616795,1.0,1.0,2017-06-18,"[[""GENE:CACNA1G"", -1.0, 1.0]]",1,1,0,0.9976668184004441,grade
CACNA1G,gene,CACNA1G,CACNA1G,cluster:CACNA1G,depressed_mood,induces,monogenic,A,1.0,0.545,HPO genes_to_phenotype; diseases=OMIM:616795;ORPHA:458803,False,1.0,1.0,2.0,25.0,OMIM:616795;ORPHA:458803,2.0,1.0,2017-06-18,"[[""GENE:CACNA1G"", -1.0, 1.0]]",2,2,0,0.9999337544286306,grade
BCL10,gene,BCL10,BCL10,cluster:BCL10,fatigue,induces,monogenic,A,1.0,0.895,HPO genes_to_phenotype; diseases=ORPHA:52417,False,0.0,1.0,1.0,,ORPHA:52417,1.0,0.0,,"[[""GENE:BCL10"", -1.0, 1.0]]",1,1,0,0.9997730446598188,grade
HERC2,gene,HERC2,HERC2,cluster:ATP10A,somnolence_or_hypersomnia,induces,monogenic,A,1.0,0.6666666666666666,HPO genes_to_phenotype; diseases=OMIM:176270,True,1.0,0.0,1.0,12.0,OMIM:176270,1.0,1.0,2012-05-14,"[[""GENE:HERC2"", -1.0, 1.0]]",1,1,0,0.9997519550861653,grade
HERC2,gene,HERC2,HERC2,cluster:ATP10A,cognitive_impairment,induces,monogenic,A,1.0,,HPO genes_to_phenotype; diseases=OMIM:615516,True,1.0,0.0,1.0,,OMIM:615516,1.0,0.0,2018-10-08,"[[""GENE:HERC2"", -1.0, 1.0]]",1,1,0,0.999631621434846,grade
HERC2,gene,HERC2,HERC2,cluster:ATP10A,irritability_or_aggression,induces,monogenic,A,1.0,,HPO genes_to_phenotype; diseases=OMIM:615516,True,1.0,0.0,1.0,,OMIM:615516,1.0,1.0,2012-12-01,"[[""GENE:HERC2"", -1.0, 1.0]]",1,1,0,0.9997748793976969,grade
HERC2,gene,HERC2,HERC2,cluster:ATP10A,psychosis,induces,monogenic,A,0.782608695652174,0.1956521739130435,HPO genes_to_phenotype; diseases=OMIM:176270,True,1.0,0.0,1.0,92.0,OMIM:176270,1.0,1.0,2010-10-08,"[[""GENE:HERC2"", -1.0, 1.0]]",1,1,0,0.9997748793976969,grade
FOXH1,gene,FOXH1,FOXH1,cluster:ARNT2,irritability_or_aggression,induces,monogenic,A,1.0,0.545,HPO genes_to_phenotype; diseases=ORPHA:220386;ORPHA:93924;ORPHA:93925;ORPHA:93926,False,0.0,4.0,4.0,,ORPHA:220386;ORPHA:93924;ORPHA:93925;ORPHA:93926,4.0,0.0,,"[[""GENE:FOXH1"", -1.0, 1.0]]",4,4,0,0.9999942183170779,grade
FOXH1,gene,FOXH1,FOXH1,cluster:ARNT2,anxiety,induces,monogenic,A,1.0,0.545,HPO genes_to_phenotype; diseases=ORPHA:220386;ORPHA:93924;ORPHA:93925;ORPHA:93926,False,0.0,4.0,4.0,,ORPHA:220386;ORPHA:93924;ORPHA:93925;ORPHA:93926,4.0,0.0,,"[[""GENE:FOXH1"", -1.0, 1.0]]",4,4,0,0.9999942183170779,grade
FOXH1,gene,FOXH1,FOXH1,cluster:ARNT2,cognitive_impairment,induces,monogenic,A,1.0,0.545,HPO genes_to_phenotype; diseases=ORPHA:280195,False,0.0,1.0,1.0,,ORPHA:280195,1.0,0.0,,"[[""GENE:FOXH1"", -1.0, 1.0]]",1,1,0,0.9997730446598188,grade
FOXH1,gene,FOXH1,FOXH1,cluster:ARNT2,depressed_mood,induces,monogenic,A,1.0,0.545,HPO genes_to_phenotype; diseases=ORPHA:220386;ORPHA:93924;ORPHA:93925;ORPHA:93926,False,0.0,4.0,4.0,,ORPHA:220386;ORPHA:93924;ORPHA:93925;ORPHA:93926,4.0,0.0,,"[[""GENE:FOXH1"", -1.0, 1.0]]",4,4,0,0.9999942183170779,grade
PHOX2B,gene,PHOX2B,PHOX2B,cluster:ALK,cognitive_impairment,induces,monogenic,A,0.68,0.17,HPO genes_to_phenotype; diseases=ORPHA:661,False,0.0,1.0,1.0,,ORPHA:661,1.0,0.0,,"[[""GENE:PHOX2B"", -1.0, 1.0]]",1,1,0,0.9997730446598188,grade
PHOX2B,gene,PHOX2B,PHOX2B,cluster:ALK,irritability_or_aggression,induces,monogenic,A,0.68,0.17,HPO genes_to_phenotype; diseases=ORPHA:635,False,0.0,1.0,1.0,,ORPHA:635,1.0,0.0,,"[[""GENE:PHOX2B"", -1.0, 1.0]]",1,1,0,0.9997730446598188,grade
PHOX2B,gene,PHOX2B,PHOX2B,cluster:ALK,fatigue,induces,monogenic,A,1.0,0.545,HPO genes_to_phenotype; diseases=ORPHA:635,False,0.0,1.0,1.0,,ORPHA:635,1.0,0.0,,"[[""GENE:PHOX2B"", -1.0, 1.0]]",1,1,0,0.9997730446598188,grade
P4HA2,gene,P4HA2,P4HA2,cluster:BCL2,psychosis,induces,monogenic,A,0.68,0.17,HPO genes_to_phenotype; diseases=ORPHA:397,True,0.0,1.0,1.0,,ORPHA:397,1.0,0.0,,"[[""GENE:P4HA2"", -1.0, 1.0]]",1,1,0,0.9997730446598188,grade
P4HA2,gene,P4HA2,P4HA2,cluster:BCL2,depressed_mood,induces,monogenic,A,1.0,0.545,HPO genes_to_phenotype; diseases=ORPHA:397,True,0.0,1.0,1.0,,ORPHA:397,1.0,0.0,,"[[""GENE:P4HA2"", -1.0, 1.0]]",1,1,0,0.9997730446598188,grade
P4HA2,gene,P4HA2,P4HA2,cluster:BCL2,fatigue,induces,monogenic,A,1.0,0.895,HPO genes_to_phenotype; diseases=ORPHA:397,True,0.0,1.0,1.0,,ORPHA:397,1.0,0.0,,"[[""GENE:P4HA2"", -1.0, 1.0]]",1,1,0,0.9997730446598188,grade
NOL3,gene,NOL3,NOL3,cluster:NOL3,insomnia,induces,monogenic,A,1.0,0.9090909090909091,HPO genes_to_phenotype; diseases=OMIM:614937,False,1.0,0.0,1.0,11.0,OMIM:614937,1.0,1.0,2023-03-11,"[[""GENE:NOL3"", -1.0, 1.0]]",1,1,0,0.9997479077991037,grade
TAF1A,gene,TAF1A,TAF1A,cluster:TAF1A,fatigue,induces,monogenic,A,1.0,0.545,HPO genes_to_phenotype; diseases=ORPHA:154,False,0.0,1.0,1.0,,ORPHA:154,1.0,0.0,,"[[""GENE:TAF1A"", -1.0, 1.0]]",1,1,0,0.9997730446598188,grade
BAZ1B,gene,BAZ1B,BAZ1B,cluster:BAZ1B,insomnia,induces,monogenic,A,1.0,0.545,HPO genes_to_phenotype; diseases=ORPHA:904,False,0.0,1.0,1.0,,ORPHA:904,1.0,0.0,,"[[""GENE:BAZ1B"", -1.0, 1.0]]",1,1,0,0.9997730446598188,grade
BAZ1B,gene,BAZ1B,BAZ1B,cluster:BAZ1B,anxiety,induces,monogenic,A,1.0,0.895,HPO genes_to_phenotype; diseases=ORPHA:904,False,0.0,1.0,1.0,,ORPHA:904,1.0,0.0,,"[[""GENE:BAZ1B"", -1.0, 1.0]]",1,1,0,0.9997730446598188,grade
BAZ1B,gene,BAZ1B,BAZ1B,cluster:BAZ1B,depressed_mood,induces,monogenic,A,1.0,0.895,HPO genes_to_phenotype; diseases=ORPHA:904,False,0.0,1.0,1.0,,ORPHA:904,1.0,0.0,,"[[""GENE:BAZ1B"", -1.0, 1.0]]",1,1,0,0.9997730446598188,grade
AIP,gene,AIP,AIP,cluster:ABCA3,somnolence_or_hypersomnia,induces,monogenic,A,0.68,0.17,HPO genes_to_phenotype; diseases=ORPHA:963,False,0.0,1.0,1.0,,ORPHA:963,1.0,0.0,,"[[""GENE:AIP"", -1.0, 1.0]]",1,1,0,0.9997730446598188,grade
AIP,gene,AIP,AIP,cluster:ABCA3,anxiety,induces,monogenic,A,1.0,0.545,HPO genes_to_phenotype; diseases=ORPHA:963,False,0.0,1.0,1.0,,ORPHA:963,1.0,0.0,,"[[""GENE:AIP"", -1.0, 1.0]]",1,1,0,0.9997730446598188,grade
AIP,gene,AIP,AIP,cluster:ABCA3,depressed_mood,induces,monogenic,A,1.0,0.545,HPO genes_to_phenotype; diseases=ORPHA:963,False,0.0,1.0,1.0,,ORPHA:963,1.0,0.0,,"[[""GENE:AIP"", -1.0, 1.0]]",1,1,0,0.9997730446598188,grade
AIP,gene,AIP,AIP,cluster:ABCA3,fatigue,induces,monogenic,A,1.0,0.895,HPO genes_to_phenotype; diseases=ORPHA:2965;ORPHA:963,False,0.0,2.0,2.0,,ORPHA:2965;ORPHA:963,2.0,0.0,,"[[""GENE:AIP"", -1.0, 1.0]]",2,2,0,0.9999332144392659,grade
PSTPIP1,gene,PSTPIP1,PSTPIP1,cluster:PSTPIP1,fatigue,induces,monogenic,A,1.0,0.895,HPO genes_to_phenotype; diseases=ORPHA:69126,False,0.0,1.0,1.0,,ORPHA:69126,1.0,0.0,,"[[""GENE:PSTPIP1"", -1.0, 1.0]]",1,1,0,0.9997730446598188,grade
SLC7A7,gene,SLC7A7,SLC7A7,cluster:SLC7A7,cognitive_impairment,induces,monogenic,A,1.0,0.545,HPO genes_to_phenotype; diseases=ORPHA:470,True,0.0,1.0,1.0,,ORPHA:470,1.0,0.0,,"[[""GENE:SLC7A7"", -1.0, 1.0]]",1,1,0,0.9997730446598188,grade
TBX19,gene,TBX19,TBX19,cluster:TBX19,fatigue,induces,monogenic,A,1.0,0.895,HPO genes_to_phenotype; diseases=ORPHA:199296,False,0.0,1.0,1.0,,ORPHA:199296,1.0,0.0,,"[[""GENE:TBX19"", -1.0, 1.0]]",1,1,0,0.9997730446598188,grade
USP8,gene,USP8,USP8,cluster:ABCA3,anxiety,induces,monogenic,A,0.25,0.025,HPO genes_to_phenotype; diseases=ORPHA:96253,True,0.0,1.0,1.0,,ORPHA:96253,1.0,0.0,,"[[""GENE:USP8"", -1.0, 1.0]]",1,1,0,0.9997730446598188,grade
USP8,gene,USP8,USP8,cluster:ABCA3,cognitive_impairment,induces,monogenic,A,0.68,0.17,HPO genes_to_phenotype; diseases=ORPHA:96253,True,0.0,1.0,2.0,,ORPHA:96253,1.0,0.0,,"[[""GENE:USP8"", -1.0, 1.0]]",2,2,0,0.9997730446598188,grade
USP8,gene,USP8,USP8,cluster:ABCA3,depressed_mood,induces,monogenic,A,0.68,0.17,HPO genes_to_phenotype; diseases=ORPHA:96253,True,0.0,1.0,1.0,,ORPHA:96253,1.0,0.0,,"[[""GENE:USP8"", -1.0, 1.0]]",1,1,0,0.9997730446598188,grade
USP8,gene,USP8,USP8,cluster:ABCA3,psychosis,induces,monogenic,A,0.25,0.025,HPO genes_to_phenotype; diseases=ORPHA:96253,True,0.0,1.0,1.0,,ORPHA:96253,1.0,0.0,,"[[""GENE:USP8"", -1.0, 1.0]]",1,1,0,0.9997730446598188,grade
SMC3,gene,SMC3,SMC3,cluster:ARNT2,cognitive_impairment,induces,monogenic,A,1.0,,HPO genes_to_phenotype; diseases=OMIM:610759,False,1.0,0.0,1.0,,OMIM:610759,1.0,0.0,2017-07-13,"[[""GENE:SMC3"", -1.0, 1.0]]",1,1,0,0.997017116436691,grade
SMC3,gene,SMC3,SMC3,cluster:ARNT2,anxiety,induces,monogenic,A,1.0,0.545,HPO genes_to_phenotype; diseases=ORPHA:199,False,0.0,1.0,1.0,,ORPHA:199,1.0,0.0,,"[[""GENE:SMC3"", -1.0, 1.0]]",1,1,0,0.9994232502804609,grade
AIFM1,gene,AIFM1,AIFM1,cluster:AIFM1,cognitive_impairment,induces,monogenic,A,0.68,0.17,HPO genes_to_phenotype; diseases=OMIM:310490,False,1.0,0.0,1.0,,OMIM:310490,1.0,0.0,2014-04-04,"[[""GENE:AIFM1"", -1.0, 1.0]]",1,1,0,0.997017116436691,grade
AIFM1,gene,AIFM1,AIFM1,cluster:AIFM1,irritability_or_aggression,induces,monogenic,A,1.0,0.545,HPO genes_to_phenotype; diseases=OMIM:300816;ORPHA:238329,False,1.0,1.0,2.0,2.0,OMIM:300816;ORPHA:238329,2.0,1.0,2022-06-03,"[[""GENE:AIFM1"", -1.0, 1.0]]",2,2,0,0.9999018095935599,grade
CTDP1,gene,CTDP1,CTDP1,cluster:CTDP1,cognitive_impairment,induces,monogenic,A,1.0,,HPO genes_to_phenotype; diseases=OMIM:604168,False,1.0,0.0,1.0,,OMIM:604168,1.0,0.0,2014-04-04,"[[""GENE:CTDP1"", -1.0, 1.0]]",1,1,0,0.9997120224657162,grade
HACD1,gene,HACD1,HACD1,cluster:ACTA1,fatigue,induces,monogenic,A,1.0,0.545,HPO genes_to_phenotype; diseases=ORPHA:2020,True,0.0,1.0,1.0,,ORPHA:2020,1.0,0.0,,"[[""GENE:HACD1"", -1.0, 1.0]]",1,1,0,0.9997730446598188,grade
ZMYM3,gene,ZMYM3,ZMYM3,cluster:ZMYM3,fatigue,induces,monogenic,A,1.0,1.0,HPO genes_to_phenotype; diseases=OMIM:301111,False,1.0,0.0,1.0,1.0,OMIM:301111,1.0,1.0,2024-04-01,"[[""GENE:ZMYM3"", -1.0, 1.0]]",1,1,0,0.99963784265969,grade
LGI1,gene,LGI1,LGI1,cluster:LGI1,psychosis,induces,monogenic,A,1.0,0.895,HPO genes_to_phenotype; diseases=ORPHA:101046,False,0.0,1.0,2.0,,ORPHA:101046,1.0,0.0,,"[[""GENE:LGI1"", -1.0, 1.0]]",2,2,0,0.9997730446598188,grade
LGI1,gene,LGI1,LGI1,cluster:LGI1,depressed_mood,induces,monogenic,A,0.25,0.025,HPO genes_to_phenotype; diseases=ORPHA:101046,False,0.0,1.0,1.0,,ORPHA:101046,1.0,0.0,,"[[""GENE:LGI1"", -1.0, 1.0]]",1,1,0,0.9997730446598188,grade
XPR1,gene,XPR1,XPR1,cluster:ABCA3,cognitive_impairment,induces,monogenic,A,1.0,0.545,HPO genes_to_phenotype; diseases=OMIM:213600;OMIM:616413;ORPHA:1980,True,2.0,1.0,8.0,,OMIM:213600;OMIM:616413;ORPHA:1980,3.0,0.0,2009-02-17,"[[""GENE:XPR1"", -1.0, 1.0]]",8,8,0,0.9999595212869232,grade
XPR1,gene,XPR1,XPR1,cluster:ABCA3,anxiety,induces,monogenic,A,1.0,0.545,HPO genes_to_phenotype; diseases=ORPHA:1980,True,0.0,1.0,1.0,,ORPHA:1980,1.0,0.0,,"[[""GENE:XPR1"", -1.0, 1.0]]",1,1,0,0.9994232502804609,grade
XPR1,gene,XPR1,XPR1,cluster:ABCA3,depressed_mood,induces,monogenic,A,1.0,,HPO genes_to_phenotype; diseases=OMIM:213600;OMIM:616413,True,2.0,0.0,2.0,,OMIM:213600;OMIM:616413,2.0,0.0,2009-02-17,"[[""GENE:XPR1"", -1.0, 1.0]]",2,2,0,0.9985730737700689,grade
XPR1,gene,XPR1,XPR1,cluster:ABCA3,psychosis,induces,monogenic,A,1.0,0.545,HPO genes_to_phenotype; diseases=OMIM:213600;ORPHA:1980,True,1.0,1.0,2.0,,OMIM:213600;ORPHA:1980,2.0,0.0,2009-02-17,"[[""GENE:XPR1"", -1.0, 1.0]]",2,2,0,0.9998915873699763,grade
LARGE1,gene,LARGE1,LARGE1,cluster:B3GALNT2,somnolence_or_hypersomnia,induces,monogenic,A,1.0,,HPO genes_to_phenotype; diseases=OMIM:236670,False,1.0,0.0,1.0,,OMIM:236670,1.0,0.0,2009-02-17,"[[""GENE:LARGE1"", -1.0, 1.0]]",1,1,0,0.9961871887065212,grade
LARGE1,gene,LARGE1,LARGE1,cluster:B3GALNT2,cognitive_impairment,induces,monogenic,A,1.0,0.895,HPO genes_to_phenotype; diseases=ORPHA:588,False,0.0,1.0,1.0,,ORPHA:588,1.0,0.0,,"[[""GENE:LARGE1"", -1.0, 1.0]]",1,1,0,0.9994232502804609,grade
VAPB,gene,VAPB,VAPB,cluster:VAPB,cognitive_impairment,induces,monogenic,A,1.0,0.545,HPO genes_to_phenotype; diseases=OMIM:608627;ORPHA:803,True,1.0,1.0,3.0,16.0,OMIM:608627;ORPHA:803,2.0,1.0,2004-09-15,"[[""GENE:VAPB"", -1.0, 1.0]]",3,2,1,0.9994416150707425,grade
VAPB,gene,VAPB,VAPB,cluster:VAPB,anxiety,induces,monogenic,A,1.0,0.545,HPO genes_to_phenotype; diseases=ORPHA:803,True,0.0,1.0,1.0,,ORPHA:803,1.0,0.0,,"[[""GENE:VAPB"", -1.0, 1.0]]",1,1,0,0.9994232502804609,grade
VAPB,gene,VAPB,VAPB,cluster:VAPB,depressed_mood,induces,monogenic,A,1.0,0.545,HPO genes_to_phenotype; diseases=ORPHA:803,True,0.0,1.0,1.0,,ORPHA:803,1.0,0.0,,"[[""GENE:VAPB"", -1.0, 1.0]]",1,1,0,0.9994232502804609,grade
VAPB,gene,VAPB,VAPB,cluster:VAPB,fatigue,induces,monogenic,A,1.0,0.545,HPO genes_to_phenotype; diseases=ORPHA:209335;ORPHA:803,True,0.0,2.0,2.0,,ORPHA:209335;ORPHA:803,2.0,0.0,,"[[""GENE:VAPB"", -1.0, 1.0]]",2,2,0,0.9998302394354796,grade
CRLF1,gene,CRLF1,CRLF1,cluster:CLCF1,cognitive_impairment,induces,monogenic,A,1.0,0.545,HPO genes_to_phenotype; diseases=ORPHA:1545,False,0.0,1.0,1.0,,ORPHA:1545,1.0,0.0,,"[[""GENE:CRLF1"", -1.0, 1.0]]",1,1,0,0.9997730446598188,grade
TSPOAP1,gene,TSPOAP1,TSPOAP1,cluster:TH,cognitive_impairment,induces,monogenic,A,1.0,1.0,HPO genes_to_phenotype; diseases=OMIM:620453;OMIM:620456,False,2.0,0.0,2.0,6.0,OMIM:620453;OMIM:620456,1.0,1.0,2024-03-02,"[[""GENE:TSPOAP1"", -1.0, 1.0]]",2,2,0,0.9986669596335671,grade
TSPOAP1,gene,TSPOAP1,TSPOAP1,cluster:TH,irritability_or_aggression,induces,monogenic,A,1.0,0.545,HPO genes_to_phenotype; diseases=ORPHA:101150,False,0.0,1.0,1.0,,ORPHA:101150,1.0,0.0,,"[[""GENE:TSPOAP1"", -1.0, 1.0]]",1,1,0,0.9994232502804609,grade
TRIP12,gene,TRIP12,TRIP12,cluster:TRIP12,anxiety,induces,monogenic,A,0.4444444444444444,0.1111111111111111,HPO genes_to_phenotype; diseases=OMIM:617752,True,1.0,0.0,1.0,9.0,OMIM:617752,1.0,1.0,2017-03-01,"[[""GENE:TRIP12"", -1.0, 1.0]]",1,1,0,0.9997384406959443,grade
TRIP12,gene,TRIP12,TRIP12,cluster:TRIP12,irritability_or_aggression,induces,monogenic,A,1.0,0.3333333333333333,HPO genes_to_phenotype; diseases=OMIM:617752,True,1.0,0.0,1.0,9.0,OMIM:617752,1.0,1.0,2017-03-01,"[[""GENE:TRIP12"", -1.0, 1.0]]",1,1,0,0.9997384406959443,grade
UBE4A,gene,UBE4A,UBE4A,cluster:UBE4A,irritability_or_aggression,induces,monogenic,A,1.0,0.3333333333333333,HPO genes_to_phenotype; diseases=OMIM:619639,True,1.0,0.0,1.0,6.0,OMIM:619639,1.0,1.0,2021-01-08,"[[""GENE:UBE4A"", -1.0, 1.0]]",1,1,0,0.9997188801487722,grade
KL,gene,KL,KL,cluster:KL,fatigue,induces,monogenic,A,1.0,1.0,HPO genes_to_phenotype; diseases=OMIM:617994,True,1.0,0.0,1.0,1.0,OMIM:617994,1.0,1.0,2007-09-01,"[[""GENE:KL"", -1.0, 1.0]]",1,1,0,0.99963784265969,grade
PLAA,gene,PLAA,PLAA,cluster:PLAA,cognitive_impairment,induces,monogenic,A,1.0,1.0,HPO genes_to_phenotype; diseases=OMIM:617527,False,1.0,0.0,1.0,8.0,OMIM:617527,1.0,1.0,2019-08-29,"[[""GENE:PLAA"", -1.0, 1.0]]",1,1,0,0.9997328086157783,grade
HS6ST1,gene,HS6ST1,HS6ST1,cluster:ARNT2,anxiety,induces,monogenic,A,1.0,0.545,HPO genes_to_phenotype; diseases=ORPHA:432,True,0.0,1.0,1.0,,ORPHA:432,1.0,0.0,,"[[""GENE:HS6ST1"", -1.0, 1.0]]",1,1,0,0.9997730446598188,grade
HS6ST1,gene,HS6ST1,HS6ST1,cluster:ARNT2,depressed_mood,induces,monogenic,A,1.0,0.545,HPO genes_to_phenotype; diseases=ORPHA:432,True,0.0,1.0,1.0,,ORPHA:432,1.0,0.0,,"[[""GENE:HS6ST1"", -1.0, 1.0]]",1,1,0,0.9997730446598188,grade
CYP7B1,gene,CYP7B1,CYP7B1,cluster:CYP7B1,cognitive_impairment,induces,monogenic,A,0.68,0.17,HPO genes_to_phenotype; diseases=OMIM:270800,True,1.0,0.0,1.0,,OMIM:270800,1.0,0.0,2017-07-13,"[[""GENE:CYP7B1"", -1.0, 1.0]]",1,1,0,0.9997120224657162,grade
MED23,gene,MED23,MED23,cluster:MED23,irritability_or_aggression,induces,monogenic,A,1.0,1.0,HPO genes_to_phenotype; diseases=OMIM:614249,False,1.0,0.0,1.0,2.0,OMIM:614249,1.0,1.0,2022-04-04,"[[""GENE:MED23"", -1.0, 1.0]]",1,1,0,0.9996663476591036,grade
ITM2B,gene,ITM2B,ITM2B,cluster:ITM2B,cognitive_impairment,induces,monogenic,A,1.0,,HPO genes_to_phenotype; diseases=OMIM:117300;OMIM:176500,False,2.0,0.0,2.0,,OMIM:117300;OMIM:176500,2.0,0.0,2009-02-17,"[[""GENE:ITM2B"", -1.0, 1.0]]",2,2,0,0.9998924638955184,grade
ITM2B,gene,ITM2B,ITM2B,cluster:ITM2B,psychosis,induces,monogenic,A,1.0,,HPO genes_to_phenotype; diseases=OMIM:117300,False,1.0,0.0,1.0,,OMIM:117300,1.0,0.0,2009-02-17,"[[""GENE:ITM2B"", -1.0, 1.0]]",1,1,0,0.9997120224657162,grade
HAND2,gene,HAND2,HAND2,cluster:HAND2,fatigue,induces,monogenic,A,1.0,0.545,HPO genes_to_phenotype; diseases=ORPHA:154,False,0.0,1.0,1.0,,ORPHA:154,1.0,0.0,,"[[""GENE:HAND2"", -1.0, 1.0]]",1,1,0,0.9997730446598188,grade
PIGL,gene,PIGL,PIGL,cluster:PIGL,irritability_or_aggression,induces,monogenic,A,1.0,,HPO genes_to_phenotype; diseases=OMIM:280000,True,1.0,0.0,1.0,,OMIM:280000,1.0,0.0,2009-02-17,"[[""GENE:PIGL"", -1.0, 1.0]]",1,1,0,0.999631621434846,grade
KIF23,gene,KIF23,KIF23,cluster:KIF23,fatigue,induces,monogenic,A,1.0,0.545,HPO genes_to_phenotype; diseases=ORPHA:98870,False,0.0,1.0,1.0,,ORPHA:98870,1.0,0.0,,"[[""GENE:KIF23"", -1.0, 1.0]]",1,1,0,0.9997730446598188,grade
SPTLC2,gene,SPTLC2,SPTLC2,cluster:ADH1C,cognitive_impairment,induces,monogenic,A,0.68,0.17,HPO genes_to_phenotype; diseases=ORPHA:300605,True,0.0,1.0,1.0,,ORPHA:300605,1.0,0.0,,"[[""GENE:SPTLC2"", -1.0, 1.0]]",1,1,0,0.9997730446598188,grade
BAG5,gene,BAG5,BAG5,cluster:BAG5,fatigue,induces,monogenic,A,1.0,0.545,HPO genes_to_phenotype; diseases=ORPHA:154,False,0.0,1.0,1.0,,ORPHA:154,1.0,0.0,,"[[""GENE:BAG5"", -1.0, 1.0]]",1,1,0,0.9997730446598188,grade
BAG3,gene,BAG3,BAG3,cluster:BAG3,fatigue,induces,monogenic,A,1.0,0.545,HPO genes_to_phenotype; diseases=ORPHA:154,False,0.0,1.0,1.0,,ORPHA:154,1.0,0.0,,"[[""GENE:BAG3"", -1.0, 1.0]]",1,1,0,0.9997730446598188,grade
GABBR2,gene,GABBR2,GABBR2,cluster:ARNT2,anxiety,induces,monogenic,A,0.68,0.17,HPO genes_to_phenotype; diseases=ORPHA:3095,False,0.0,1.0,1.0,,ORPHA:3095,1.0,0.0,,"[[""GENE:GABBR2"", -1.0, 1.0]]",1,1,0,0.9994232502804609,grade
GABBR2,gene,GABBR2,GABBR2,cluster:ARNT2,cognitive_impairment,induces,monogenic,A,0.68,0.17,HPO genes_to_phenotype; diseases=ORPHA:442835,False,0.0,1.0,1.0,,ORPHA:442835,1.0,0.0,,"[[""GENE:GABBR2"", -1.0, 1.0]]",1,1,0,0.9994232502804609,grade
GABBR2,gene,GABBR2,GABBR2,cluster:ARNT2,psychomotor_agitation,induces,monogenic,A,1.0,0.895,HPO genes_to_phenotype; diseases=OMIM:617903;ORPHA:3095,False,1.0,1.0,2.0,,OMIM:617903;ORPHA:3095,2.0,0.0,2018-10-08,"[[""GENE:GABBR2"", -1.0, 1.0]]",2,2,0,0.9998915873699763,grade
GTF2IRD1,gene,GTF2IRD1,GTF2IRD1,cluster:BAZ1B,insomnia,induces,monogenic,A,1.0,0.545,HPO genes_to_phenotype; diseases=ORPHA:904,False,0.0,1.0,1.0,,ORPHA:904,1.0,0.0,,"[[""GENE:GTF2IRD1"", -1.0, 1.0]]",1,1,0,0.9997730446598188,grade
GTF2IRD1,gene,GTF2IRD1,GTF2IRD1,cluster:BAZ1B,anxiety,induces,monogenic,A,1.0,0.895,HPO genes_to_phenotype; diseases=ORPHA:904,False,0.0,1.0,1.0,,ORPHA:904,1.0,0.0,,"[[""GENE:GTF2IRD1"", -1.0, 1.0]]",1,1,0,0.9997730446598188,grade
GTF2IRD1,gene,GTF2IRD1,GTF2IRD1,cluster:BAZ1B,depressed_mood,induces,monogenic,A,1.0,0.895,HPO genes_to_phenotype; diseases=ORPHA:904,False,0.0,1.0,1.0,,ORPHA:904,1.0,0.0,,"[[""GENE:GTF2IRD1"", -1.0, 1.0]]",1,1,0,0.9997730446598188,grade
GDF3,gene,GDF3,GDF3,cluster:GDF3,cognitive_impairment,induces,monogenic,A,0.68,0.17,HPO genes_to_phenotype; diseases=ORPHA:2345,False,0.0,1.0,1.0,,ORPHA:2345,1.0,0.0,,"[[""GENE:GDF3"", -1.0, 1.0]]",1,1,0,0.9997730446598188,grade
CDC42BPB,gene,CDC42BPB,CDC42BPB,cluster:CDC42BPB,anxiety,induces,monogenic,A,0.8571428571428571,0.21428571428571427,HPO genes_to_phenotype; diseases=OMIM:619841,False,1.0,0.0,1.0,14.0,OMIM:619841,1.0,1.0,2022-06-25,"[[""GENE:CDC42BPB"", -1.0, 1.0]]",1,1,0,0.9997590296450637,grade
CDC42BPB,gene,CDC42BPB,CDC42BPB,cluster:CDC42BPB,irritability_or_aggression,induces,monogenic,A,1.0,0.2857142857142857,HPO genes_to_phenotype; diseases=OMIM:619841,False,1.0,0.0,1.0,14.0,OMIM:619841,1.0,1.0,2022-06-25,"[[""GENE:CDC42BPB"", -1.0, 1.0]]",1,1,0,0.9997590296450637,grade
SNCAIP,gene,SNCAIP,SNCAIP,cluster:ADH1C,psychosis,induces,monogenic,A,0.68,0.17,HPO genes_to_phenotype; diseases=OMIM:168600,False,1.0,0.0,1.0,,OMIM:168600,1.0,0.0,2012-11-21,"[[""GENE:SNCAIP"", -1.0, 1.0]]",1,1,0,0.9997120224657162,grade
SNCAIP,gene,SNCAIP,SNCAIP,cluster:ADH1C,depressed_mood,induces,monogenic,A,1.0,,HPO genes_to_phenotype; diseases=OMIM:168600,False,1.0,0.0,1.0,,OMIM:168600,1.0,0.0,2009-02-17,"[[""GENE:SNCAIP"", -1.0, 1.0]]",1,1,0,0.999631621434846,grade
SNCAIP,gene,SNCAIP,SNCAIP,cluster:ADH1C,cognitive_impairment,induces,monogenic,A,1.0,,HPO genes_to_phenotype; diseases=OMIM:168600,False,1.0,0.0,1.0,,OMIM:168600,1.0,0.0,2009-02-17,"[[""GENE:SNCAIP"", -1.0, 1.0]]",1,1,0,0.999631621434846,grade
NUP155,gene,NUP155,NUP155,cluster:NUP155,fatigue,induces,monogenic,A,1.0,0.545,HPO genes_to_phenotype; diseases=ORPHA:334,True,0.0,1.0,1.0,,ORPHA:334,1.0,0.0,,"[[""GENE:NUP155"", -1.0, 1.0]]",1,1,0,0.9997730446598188,grade
SEC24C,gene,SEC24C,SEC24C,cluster:ARVCF,anxiety,induces,monogenic,A,1.0,0.545,HPO genes_to_phenotype; diseases=ORPHA:567,False,0.0,1.0,1.0,,ORPHA:567,1.0,0.0,,"[[""GENE:SEC24C"", -1.0, 1.0]]",1,1,0,0.9997730446598188,grade
SEC24C,gene,SEC24C,SEC24C,cluster:ARVCF,depressed_mood,induces,monogenic,A,0.68,0.17,HPO genes_to_phenotype; diseases=ORPHA:567,False,0.0,1.0,1.0,,ORPHA:567,1.0,0.0,,"[[""GENE:SEC24C"", -1.0, 1.0]]",1,1,0,0.9997730446598188,grade
DEPDC5,gene,DEPDC5,DEPDC5,cluster:CHRNA2,cognitive_impairment,induces,monogenic,A,0.68,0.17,HPO genes_to_phenotype; diseases=ORPHA:442835;ORPHA:98784;ORPHA:98820,False,0.0,3.0,3.0,,ORPHA:442835;ORPHA:98784;ORPHA:98820,3.0,0.0,,"[[""GENE:DEPDC5"", -1.0, 1.0]]",3,3,0,0.9999803494075916,grade
DEPDC5,gene,DEPDC5,DEPDC5,cluster:CHRNA2,psychosis,induces,monogenic,A,0.68,0.17,HPO genes_to_phenotype; diseases=ORPHA:98820,False,0.0,1.0,2.0,,ORPHA:98820,1.0,0.0,,"[[""GENE:DEPDC5"", -1.0, 1.0]]",2,2,0,0.9997730446598188,grade
DEPDC5,gene,DEPDC5,DEPDC5,cluster:CHRNA2,anxiety,induces,monogenic,A,0.68,0.17,HPO genes_to_phenotype; diseases=ORPHA:98784,False,0.0,1.0,1.0,,ORPHA:98784,1.0,0.0,,"[[""GENE:DEPDC5"", -1.0, 1.0]]",1,1,0,0.9997730446598188,grade
DEPDC5,gene,DEPDC5,DEPDC5,cluster:CHRNA2,depressed_mood,induces,monogenic,A,0.68,0.17,HPO genes_to_phenotype; diseases=ORPHA:98784,False,0.0,1.0,1.0,,ORPHA:98784,1.0,0.0,,"[[""GENE:DEPDC5"", -1.0, 1.0]]",1,1,0,0.9997730446598188,grade
NUP93,gene,NUP93,NUP93,cluster:NUP93,irritability_or_aggression,induces,monogenic,A,0.68,0.17,HPO genes_to_phenotype; diseases=ORPHA:656,True,0.0,1.0,1.0,,ORPHA:656,1.0,0.0,,"[[""GENE:NUP93"", -1.0, 1.0]]",1,1,0,0.9997730446598188,grade
UBE3C,gene,UBE3C,UBE3C,cluster:UBE3C,irritability_or_aggression,induces,monogenic,A,1.0,1.0,HPO genes_to_phenotype; diseases=OMIM:620270,True,1.0,0.0,1.0,3.0,OMIM:620270,1.0,1.0,2022-11-19,"[[""GENE:UBE3C"", -1.0, 1.0]]",1,1,0,0.9996852014177682,grade
RIMS2,gene,RIMS2,RIMS2,cluster:RIMS2,anxiety,induces,monogenic,A,0.6666666666666666,0.16666666666666666,HPO genes_to_phenotype; diseases=OMIM:618970,False,1.0,0.0,1.0,6.0,OMIM:618970,1.0,1.0,2020-08-27,"[[""GENE:RIMS2"", -1.0, 1.0]]",1,1,0,0.9997188801487722,grade
SETD1A,gene,SETD1A,SETD1A,cluster:SETD1A,anxiety,induces,monogenic,A,1.0,0.2857142857142857,HPO genes_to_phenotype; diseases=OMIM:619056,True,1.0,0.0,1.0,14.0,OMIM:619056,1.0,1.0,2020-04-28,"[[""GENE:SETD1A"", -1.0, 1.0]]",1,1,0,0.9997590296450637,grade
SETD1A,gene,SETD1A,SETD1A,cluster:SETD1A,cognitive_impairment,induces,monogenic,A,1.0,0.35714285714285715,HPO genes_to_phenotype; diseases=OMIM:619056,True,1.0,0.0,1.0,14.0,OMIM:619056,1.0,1.0,2020-04-28,"[[""GENE:SETD1A"", -1.0, 1.0]]",1,1,0,0.9997590296450637,grade
SETD1A,gene,SETD1A,SETD1A,cluster:SETD1A,irritability_or_aggression,induces,monogenic,A,1.0,0.35714285714285715,HPO genes_to_phenotype; diseases=OMIM:619056,True,1.0,0.0,1.0,14.0,OMIM:619056,1.0,1.0,2020-04-28,"[[""GENE:SETD1A"", -1.0, 1.0]]",1,1,0,0.9997590296450637,grade
KMT2B,gene,KMT2B,KMT2B,cluster:KMT2B,cognitive_impairment,induces,monogenic,A,0.68,0.17,HPO genes_to_phenotype; diseases=OMIM:617284,True,1.0,0.0,1.0,,OMIM:617284,1.0,0.0,2017-07-13,"[[""GENE:KMT2B"", -1.0, 1.0]]",1,1,0,0.997017116436691,grade
KMT2B,gene,KMT2B,KMT2B,cluster:KMT2B,anxiety,induces,monogenic,A,0.68,0.17,HPO genes_to_phenotype; diseases=ORPHA:589618,True,0.0,1.0,1.0,,ORPHA:589618,1.0,0.0,,"[[""GENE:KMT2B"", -1.0, 1.0]]",1,1,0,0.9994232502804609,grade
KMT2B,gene,KMT2B,KMT2B,cluster:KMT2B,depressed_mood,induces,monogenic,A,0.68,0.17,HPO genes_to_phenotype; diseases=ORPHA:589618,True,0.0,1.0,1.0,,ORPHA:589618,1.0,0.0,,"[[""GENE:KMT2B"", -1.0, 1.0]]",1,1,0,0.9994232502804609,grade
HDAC4,gene,HDAC4,HDAC4,cluster:HDAC4,irritability_or_aggression,induces,monogenic,A,1.0,0.3333333333333333,HPO genes_to_phenotype; diseases=OMIM:600430,False,1.0,0.0,1.0,6.0,OMIM:600430,1.0,1.0,2012-10-17,"[[""GENE:HDAC4"", -1.0, 1.0]]",1,1,0,0.9997188801487722,grade
PIEZO1,gene,PIEZO1,PIEZO1,cluster:BAZ1B,fatigue,induces,monogenic,A,0.68,0.17,HPO genes_to_phenotype; diseases=ORPHA:3202,False,0.0,1.0,1.0,,ORPHA:3202,1.0,0.0,,"[[""GENE:PIEZO1"", -1.0, 1.0]]",1,1,0,0.9997730446598188,grade
MATR3,gene,MATR3,MATR3,cluster:MATR3,cognitive_impairment,induces,monogenic,A,1.0,0.545,HPO genes_to_phenotype; diseases=OMIM:606070;ORPHA:600;ORPHA:803,False,1.0,2.0,4.0,,OMIM:606070;ORPHA:600;ORPHA:803,3.0,0.0,2014-05-04,"[[""GENE:MATR3"", -1.0, 1.0]]",4,4,0,0.9999750645009944,grade
MATR3,gene,MATR3,MATR3,cluster:MATR3,anxiety,induces,monogenic,A,1.0,0.545,HPO genes_to_phenotype; diseases=ORPHA:803,False,0.0,1.0,1.0,,ORPHA:803,1.0,0.0,,"[[""GENE:MATR3"", -1.0, 1.0]]",1,1,0,0.9994232502804609,grade
MATR3,gene,MATR3,MATR3,cluster:MATR3,depressed_mood,induces,monogenic,A,1.0,0.545,HPO genes_to_phenotype; diseases=ORPHA:803,False,0.0,1.0,1.0,,ORPHA:803,1.0,0.0,,"[[""GENE:MATR3"", -1.0, 1.0]]",1,1,0,0.9994232502804609,grade
MATR3,gene,MATR3,MATR3,cluster:MATR3,fatigue,induces,monogenic,A,1.0,0.545,HPO genes_to_phenotype; diseases=ORPHA:803,False,0.0,1.0,1.0,,ORPHA:803,1.0,0.0,,"[[""GENE:MATR3"", -1.0, 1.0]]",1,1,0,0.9994232502804609,grade
DNAJC6,gene,DNAJC6,DNAJC6,cluster:ADH1C,anxiety,induces,monogenic,A,0.68,0.17,HPO genes_to_phenotype; diseases=ORPHA:2828,False,0.0,1.0,2.0,,ORPHA:2828,1.0,0.0,,"[[""GENE:DNAJC6"", -1.0, 1.0]]",2,2,0,0.9994232502804609,grade
DNAJC6,gene,DNAJC6,DNAJC6,cluster:ADH1C,cognitive_impairment,induces,monogenic,A,0.68,0.17,HPO genes_to_phenotype; diseases=OMIM:615528;ORPHA:2828,False,1.0,1.0,5.0,,OMIM:615528;ORPHA:2828,2.0,0.0,2017-07-13,"[[""GENE:DNAJC6"", -1.0, 1.0]]",5,5,0,0.9999152539456482,grade
DNAJC6,gene,DNAJC6,DNAJC6,cluster:ADH1C,insomnia,induces,monogenic,A,0.68,0.17,HPO genes_to_phenotype; diseases=ORPHA:2828,False,0.0,1.0,1.0,,ORPHA:2828,1.0,0.0,,"[[""GENE:DNAJC6"", -1.0, 1.0]]",1,1,0,0.9994232502804609,grade
DNAJC6,gene,DNAJC6,DNAJC6,cluster:ADH1C,psychosis,induces,monogenic,A,1.0,0.545,HPO genes_to_phenotype; diseases=OMIM:615528;ORPHA:2828,False,1.0,1.0,2.0,,OMIM:615528;ORPHA:2828,2.0,0.0,2017-07-13,"[[""GENE:DNAJC6"", -1.0, 1.0]]",2,2,0,0.9999152539456482,grade
DNAJC6,gene,DNAJC6,DNAJC6,cluster:ADH1C,depressed_mood,induces,monogenic,A,1.0,0.545,HPO genes_to_phenotype; diseases=ORPHA:2828,False,0.0,1.0,1.0,,ORPHA:2828,1.0,0.0,,"[[""GENE:DNAJC6"", -1.0, 1.0]]",1,1,0,0.9994232502804609,grade
DNAJC6,gene,DNAJC6,DNAJC6,cluster:ADH1C,psychomotor_agitation,induces,monogenic,A,0.25,0.025,HPO genes_to_phenotype; diseases=ORPHA:2828,False,0.0,1.0,1.0,,ORPHA:2828,1.0,0.0,,"[[""GENE:DNAJC6"", -1.0, 1.0]]",1,1,0,0.9994232502804609,grade
DNAJC6,gene,DNAJC6,DNAJC6,cluster:ADH1C,fatigue,induces,monogenic,A,1.0,0.545,HPO genes_to_phenotype; diseases=ORPHA:391411,False,0.0,1.0,1.0,,ORPHA:391411,1.0,0.0,,"[[""GENE:DNAJC6"", -1.0, 1.0]]",1,1,0,0.9994232502804609,grade
PLEKHM1,gene,PLEKHM1,PLEKHM1,cluster:PLEKHM1,fatigue,induces,monogenic,A,1.0,1.0,HPO genes_to_phenotype; diseases=OMIM:618107,False,1.0,0.0,1.0,1.0,OMIM:618107,1.0,1.0,2021-05-08,"[[""GENE:PLEKHM1"", -1.0, 1.0]]",1,1,0,0.99963784265969,grade
MAGI2,gene,MAGI2,MAGI2,cluster:MAGI2,irritability_or_aggression,induces,monogenic,A,0.68,0.17,HPO genes_to_phenotype; diseases=ORPHA:656,False,0.0,1.0,1.0,,ORPHA:656,1.0,0.0,,"[[""GENE:MAGI2"", -1.0, 1.0]]",1,1,0,0.9997730446598188,grade
FIG4,gene,FIG4,FIG4,cluster:FIG4,psychosis,induces,monogenic,A,1.0,1.0,HPO genes_to_phenotype; diseases=OMIM:612691;ORPHA:208441,True,1.0,1.0,3.0,6.0,OMIM:612691;ORPHA:208441,2.0,1.0,2014-03-05,"[[""GENE:FIG4"", -1.0, 1.0]]",3,3,0,0.9999172724257107,grade
FIG4,gene,FIG4,FIG4,cluster:FIG4,cognitive_impairment,induces,monogenic,A,1.0,0.545,HPO genes_to_phenotype; diseases=OMIM:612691;ORPHA:208441;ORPHA:803,True,1.0,2.0,4.0,6.0,OMIM:612691;ORPHA:208441;ORPHA:803,3.0,1.0,2014-03-05,"[[""GENE:FIG4"", -1.0, 1.0]]",4,4,0,0.9999756584489594,grade
FIG4,gene,FIG4,FIG4,cluster:FIG4,irritability_or_aggression,induces,monogenic,A,1.0,0.5,HPO genes_to_phenotype; diseases=OMIM:216340;OMIM:612691;ORPHA:208441,True,2.0,1.0,3.0,8.0,OMIM:216340;OMIM:612691;ORPHA:208441,3.0,2.0,2010-10-14,"[[""GENE:FIG4"", -1.0, 1.0]]",3,3,0,0.9999642115081288,grade
FIG4,gene,FIG4,FIG4,cluster:FIG4,anxiety,induces,monogenic,A,1.0,0.545,HPO genes_to_phenotype; diseases=ORPHA:803,True,0.0,1.0,1.0,,ORPHA:803,1.0,0.0,,"[[""GENE:FIG4"", -1.0, 1.0]]",1,1,0,0.9994232502804609,grade
FIG4,gene,FIG4,FIG4,cluster:FIG4,depressed_mood,induces,monogenic,A,1.0,0.545,HPO genes_to_phenotype; diseases=ORPHA:803,True,0.0,1.0,1.0,,ORPHA:803,1.0,0.0,,"[[""GENE:FIG4"", -1.0, 1.0]]",1,1,0,0.9994232502804609,grade
FIG4,gene,FIG4,FIG4,cluster:FIG4,fatigue,induces,monogenic,A,1.0,0.545,HPO genes_to_phenotype; diseases=ORPHA:803,True,0.0,1.0,1.0,,ORPHA:803,1.0,0.0,,"[[""GENE:FIG4"", -1.0, 1.0]]",1,1,0,0.9994232502804609,grade
UBAP2L,gene,UBAP2L,UBAP2L,cluster:UBAP2L,anxiety,induces,monogenic,A,1.0,0.3333333333333333,HPO genes_to_phenotype; diseases=OMIM:620494,False,1.0,0.0,1.0,18.0,OMIM:620494,2.0,2.0,2024-04-01,"[[""GENE:UBAP2L"", -1.0, 1.0]]",1,1,0,0.9997702770224728,grade
UBAP2L,gene,UBAP2L,UBAP2L,cluster:UBAP2L,irritability_or_aggression,induces,monogenic,A,1.0,0.3333333333333333,HPO genes_to_phenotype; diseases=OMIM:620494,False,1.0,0.0,1.0,18.0,OMIM:620494,2.0,2.0,2024-04-01,"[[""GENE:UBAP2L"", -1.0, 1.0]]",1,1,0,0.9997702770224728,grade
ARNT2,gene,ARNT2,ARNT2,cluster:ARNT2,fatigue,induces,monogenic,A,0.68,0.17,HPO genes_to_phenotype; diseases=ORPHA:3157,False,0.0,1.0,1.0,,ORPHA:3157,1.0,0.0,,"[[""GENE:ARNT2"", -1.0, 1.0]]",1,1,0,0.9997730446598188,grade
IQSEC1,gene,IQSEC1,IQSEC1,cluster:IQSEC1,irritability_or_aggression,induces,monogenic,A,1.0,0.6,HPO genes_to_phenotype; diseases=OMIM:618687,False,1.0,0.0,1.0,5.0,OMIM:618687,1.0,1.0,2020-06-27,"[[""GENE:IQSEC1"", -1.0, 1.0]]",1,1,0,0.9997099799437312,grade
MFN2,gene,MFN2,MFN2,cluster:MFN2,cognitive_impairment,induces,monogenic,A,0.68,0.17,HPO genes_to_phenotype; diseases=OMIM:609260,False,1.0,0.0,1.0,,OMIM:609260,1.0,0.0,2012-11-18,"[[""GENE:MFN2"", -1.0, 1.0]]",1,1,0,0.9997120224657162,grade
TNFSF15,gene,TNFSF15,TNFSF15,cluster:BCL2,somnolence_or_hypersomnia,induces,monogenic,A,0.68,0.17,HPO genes_to_phenotype; diseases=ORPHA:186,False,0.0,1.0,1.0,,ORPHA:186,1.0,0.0,,"[[""GENE:TNFSF15"", -1.0, 1.0]]",1,1,0,0.9997730446598188,grade
TNFSF15,gene,TNFSF15,TNFSF15,cluster:BCL2,fatigue,induces,monogenic,A,0.68,0.17,HPO genes_to_phenotype; diseases=ORPHA:186,False,0.0,1.0,1.0,,ORPHA:186,1.0,0.0,,"[[""GENE:TNFSF15"", -1.0, 1.0]]",1,1,0,0.9997730446598188,grade
MED12,gene,MED12,MED12,cluster:MED12,psychosis,induces,monogenic,A,0.68,0.17,HPO genes_to_phenotype; diseases=OMIM:309520;ORPHA:776,False,1.0,1.0,3.0,,OMIM:309520;ORPHA:776,2.0,0.0,2009-02-17,"[[""GENE:MED12"", -1.0, 1.0]]",3,3,0,0.9998915873699763,grade
MED12,gene,MED12,MED12,cluster:MED12,irritability_or_aggression,induces,monogenic,A,1.0,0.25,HPO genes_to_phenotype; diseases=OMIM:301068;OMIM:309520,False,2.0,0.0,2.0,4.0,OMIM:301068;OMIM:309520,2.0,1.0,2009-02-17,"[[""GENE:MED12"", -1.0, 1.0]]",2,2,0,0.9985090644559479,grade
NR1H4,gene,NR1H4,NR1H4,cluster:ABCB11,insomnia,induces,monogenic,A,1.0,0.545,HPO genes_to_phenotype; diseases=ORPHA:69665,False,0.0,1.0,1.0,,ORPHA:69665,1.0,0.0,,"[[""GENE:NR1H4"", -1.0, 1.0]]",1,1,0,0.9997730446598188,grade
NR1H4,gene,NR1H4,NR1H4,cluster:ABCB11,depressed_mood,induces,monogenic,A,0.68,0.17,HPO genes_to_phenotype; diseases=ORPHA:69665,False,0.0,1.0,1.0,,ORPHA:69665,1.0,0.0,,"[[""GENE:NR1H4"", -1.0, 1.0]]",1,1,0,0.9997730446598188,grade
SLC12A6,gene,SLC12A6,SLC12A6,cluster:SLC12A6,psychosis,induces,monogenic,A,1.0,,HPO genes_to_phenotype; diseases=OMIM:218000,True,1.0,0.0,1.0,,OMIM:218000,1.0,0.0,2013-01-22,"[[""GENE:SLC12A6"", -1.0, 1.0]]",1,1,0,0.9997120224657162,grade
KCNE2,gene,KCNE2,KCNE2,cluster:KCNE2,fatigue,induces,monogenic,A,1.0,0.545,HPO genes_to_phenotype; diseases=ORPHA:334,False,0.0,1.0,1.0,,ORPHA:334,1.0,0.0,,"[[""GENE:KCNE2"", -1.0, 1.0]]",1,1,0,0.9997730446598188,grade
SCO2,gene,SCO2,SCO2,cluster:SCO2,cognitive_impairment,induces,monogenic,A,1.0,1.0,HPO genes_to_phenotype; diseases=OMIM:604377,False,1.0,0.0,1.0,1.0,OMIM:604377,1.0,1.0,2024-10-31,"[[""GENE:SCO2"", -1.0, 1.0]]",1,1,0,0.99963784265969,grade
SH2B3,gene,SH2B3,SH2B3,cluster:ABCA3,insomnia,induces,monogenic,A,1.0,0.545,HPO genes_to_phenotype; diseases=ORPHA:3318,False,0.0,1.0,1.0,,ORPHA:3318,1.0,0.0,,"[[""GENE:SH2B3"", -1.0, 1.0]]",1,1,0,0.9994232502804609,grade
SH2B3,gene,SH2B3,SH2B3,cluster:ABCA3,fatigue,induces,monogenic,A,1.0,0.895,HPO genes_to_phenotype; diseases=OMIM:133100;ORPHA:3318,False,1.0,1.0,2.0,,OMIM:133100;ORPHA:3318,2.0,0.0,2013-10-22,"[[""GENE:SH2B3"", -1.0, 1.0]]",2,2,0,0.9999152539456482,grade
GNE,gene,GNE,GNE,cluster:ADH1C,cognitive_impairment,induces,monogenic,A,1.0,0.895,HPO genes_to_phenotype; diseases=ORPHA:300605;ORPHA:3166,True,0.0,2.0,2.0,,ORPHA:300605;ORPHA:3166,2.0,0.0,,"[[""GENE:GNE"", -1.0, 1.0]]",2,2,0,0.9999332144392659,grade
MED16,gene,MED16,MED16,cluster:MED16,anxiety,induces,monogenic,A,1.0,1.0,HPO genes_to_phenotype; diseases=OMIM:621220,False,1.0,0.0,1.0,1.0,OMIM:621220,1.0,1.0,2026-02-15,"[[""GENE:MED16"", -1.0, 1.0]]",1,1,0,0.99963784265969,grade
MED16,gene,MED16,MED16,cluster:MED16,irritability_or_aggression,induces,monogenic,A,1.0,1.0,HPO genes_to_phenotype; diseases=OMIM:621220,False,1.0,0.0,1.0,1.0,OMIM:621220,1.0,1.0,2026-02-15,"[[""GENE:MED16"", -1.0, 1.0]]",1,1,0,0.99963784265969,grade
DNM1L,gene,DNM1L,DNM1L,cluster:DNM1L,cognitive_impairment,induces,monogenic,A,0.25,0.025,HPO genes_to_phenotype; diseases=OMIM:614388;ORPHA:98673,True,1.0,1.0,3.0,1.0,OMIM:614388;ORPHA:98673,2.0,1.0,2016-05-04,"[[""GENE:DNM1L"", -1.0, 1.0]]",3,2,1,0.9995976633741652,grade
DNM1L,gene,DNM1L,DNM1L,cluster:DNM1L,psychosis,induces,monogenic,A,0.25,0.025,HPO genes_to_phenotype; diseases=ORPHA:98673,True,0.0,1.0,1.0,,ORPHA:98673,1.0,0.0,,"[[""GENE:DNM1L"", -1.0, 1.0]]",1,1,0,0.9994232502804609,grade
DNM1L,gene,DNM1L,DNM1L,cluster:DNM1L,irritability_or_aggression,induces,monogenic,A,1.0,1.0,HPO genes_to_phenotype; diseases=OMIM:614388,True,1.0,0.0,1.0,1.0,OMIM:614388,1.0,1.0,2016-05-04,"[[""GENE:DNM1L"", -1.0, 1.0]]",1,1,0,0.9962513618179513,grade
DNM1L,gene,DNM1L,DNM1L,cluster:DNM1L,fatigue,induces,monogenic,A,0.25,0.025,HPO genes_to_phenotype; diseases=ORPHA:98673,True,0.0,1.0,1.0,,ORPHA:98673,1.0,0.0,,"[[""GENE:DNM1L"", -1.0, 1.0]]",1,1,0,0.9994232502804609,grade
ABCC9,gene,ABCC9,ABCC9,cluster:ABCC9,anxiety,induces,monogenic,A,1.0,1.0,HPO genes_to_phenotype; diseases=OMIM:619719,True,1.0,0.0,1.0,4.0,OMIM:619719,1.0,1.0,2019-10-01,"[[""GENE:ABCC9"", -1.0, 1.0]]",1,1,0,0.9968835275404955,grade
ABCC9,gene,ABCC9,ABCC9,cluster:ABCC9,fatigue,induces,monogenic,A,1.0,1.0,HPO genes_to_phenotype; diseases=OMIM:619719;ORPHA:154;ORPHA:334,True,1.0,2.0,3.0,6.0,OMIM:619719;ORPHA:154;ORPHA:334,3.0,1.0,2019-10-01,"[[""GENE:ABCC9"", -1.0, 1.0]]",3,3,0,0.9999756584489594,grade
IL18BP,gene,IL18BP,IL18BP,cluster:IL18BP,fatigue,induces,monogenic,A,1.0,1.0,HPO genes_to_phenotype; diseases=OMIM:618549,False,1.0,0.0,1.0,1.0,OMIM:618549,1.0,1.0,2020-07-15,"[[""GENE:IL18BP"", -1.0, 1.0]]",1,1,0,0.99963784265969,grade
ATP9A,gene,ATP9A,ATP9A,cluster:ATP9A,cognitive_impairment,induces,monogenic,A,1.0,1.0,HPO genes_to_phenotype; diseases=OMIM:620242,False,1.0,0.0,1.0,3.0,OMIM:620242,1.0,1.0,2023-06-15,"[[""GENE:ATP9A"", -1.0, 1.0]]",1,1,0,0.9996852014177682,grade
ATP9A,gene,ATP9A,ATP9A,cluster:ATP9A,depressed_mood,induces,monogenic,A,1.0,0.3333333333333333,HPO genes_to_phenotype; diseases=OMIM:620242,False,1.0,0.0,1.0,3.0,OMIM:620242,1.0,1.0,2023-06-15,"[[""GENE:ATP9A"", -1.0, 1.0]]",1,1,0,0.9996852014177682,grade
ATP9A,gene,ATP9A,ATP9A,cluster:ATP9A,irritability_or_aggression,induces,monogenic,A,1.0,1.0,HPO genes_to_phenotype; diseases=OMIM:620242,False,1.0,0.0,1.0,2.0,OMIM:620242,1.0,1.0,2023-06-15,"[[""GENE:ATP9A"", -1.0, 1.0]]",1,1,0,0.9996663476591036,grade
USH1C,gene,USH1C,USH1C,cluster:ABCA3,anxiety,induces,monogenic,A,0.68,0.17,HPO genes_to_phenotype; diseases=ORPHA:231169,False,0.0,1.0,1.0,,ORPHA:231169,1.0,0.0,,"[[""GENE:USH1C"", -1.0, 1.0]]",1,1,0,0.9997730446598188,grade
USH1C,gene,USH1C,USH1C,cluster:ABCA3,depressed_mood,induces,monogenic,A,0.68,0.17,HPO genes_to_phenotype; diseases=ORPHA:231169,False,0.0,1.0,1.0,,ORPHA:231169,1.0,0.0,,"[[""GENE:USH1C"", -1.0, 1.0]]",1,1,0,0.9997730446598188,grade
PQBP1,gene,PQBP1,PQBP1,cluster:PQBP1,anxiety,induces,monogenic,A,1.0,,HPO genes_to_phenotype; diseases=OMIM:309500,False,1.0,0.0,1.0,,OMIM:309500,1.0,0.0,2012-10-17,"[[""GENE:PQBP1"", -1.0, 1.0]]",1,1,0,0.9997120224657162,grade
ARPC4,gene,ARPC4,ARPC4,cluster:ARPC4,irritability_or_aggression,induces,monogenic,A,0.5714285714285714,0.14285714285714285,HPO genes_to_phenotype; diseases=OMIM:620141,False,1.0,0.0,1.0,7.0,OMIM:620141,1.0,1.0,2022-12-12,"[[""GENE:ARPC4"", -1.0, 1.0]]",1,1,0,0.999726368839152,grade
TSFM,gene,TSFM,TSFM,cluster:TSFM,cognitive_impairment,induces,monogenic,A,1.0,,HPO genes_to_phenotype; diseases=OMIM:610505,False,1.0,0.0,1.0,,OMIM:610505,1.0,0.0,2014-10-06,"[[""GENE:TSFM"", -1.0, 1.0]]",1,1,0,0.9997120224657162,grade
OPTN,gene,OPTN,OPTN,cluster:OPTN,cognitive_impairment,induces,monogenic,A,1.0,0.545,HPO genes_to_phenotype; diseases=ORPHA:803,False,0.0,1.0,2.0,,ORPHA:803,1.0,0.0,,"[[""GENE:OPTN"", -1.0, 1.0]]",2,2,0,0.9997730446598188,grade
OPTN,gene,OPTN,OPTN,cluster:OPTN,anxiety,induces,monogenic,A,1.0,0.545,HPO genes_to_phenotype; diseases=ORPHA:803,False,0.0,1.0,1.0,,ORPHA:803,1.0,0.0,,"[[""GENE:OPTN"", -1.0, 1.0]]",1,1,0,0.9997730446598188,grade
OPTN,gene,OPTN,OPTN,cluster:OPTN,depressed_mood,induces,monogenic,A,1.0,0.545,HPO genes_to_phenotype; diseases=ORPHA:803,False,0.0,1.0,1.0,,ORPHA:803,1.0,0.0,,"[[""GENE:OPTN"", -1.0, 1.0]]",1,1,0,0.9997730446598188,grade
OPTN,gene,OPTN,OPTN,cluster:OPTN,fatigue,induces,monogenic,A,1.0,0.545,HPO genes_to_phenotype; diseases=ORPHA:803,False,0.0,1.0,1.0,,ORPHA:803,1.0,0.0,,"[[""GENE:OPTN"", -1.0, 1.0]]",1,1,0,0.9997730446598188,grade
BCAP31,gene,BCAP31,BCAP31,cluster:BCAP31,irritability_or_aggression,induces,monogenic,A,0.68,0.17,HPO genes_to_phenotype; diseases=ORPHA:369939,True,0.0,1.0,1.0,,ORPHA:369939,1.0,0.0,,"[[""GENE:BCAP31"", -1.0, 1.0]]",1,1,0,0.9997730446598188,grade
RBM12,gene,RBM12,RBM12,cluster:RBM12,cognitive_impairment,induces,monogenic,A,0.6153846153846154,0.15384615384615385,HPO genes_to_phenotype; diseases=OMIM:617629,False,1.0,0.0,1.0,26.0,OMIM:617629,1.0,1.0,2019-04-18,"[[""GENE:RBM12"", -1.0, 1.0]]",1,1,0,0.9997748793976969,grade
FAM13A,gene,FAM13A,FAM13A,cluster:ABCA3,fatigue,induces,monogenic,A,1.0,0.545,HPO genes_to_phenotype; diseases=ORPHA:2032,False,0.0,1.0,1.0,,ORPHA:2032,1.0,0.0,,"[[""GENE:FAM13A"", -1.0, 1.0]]",1,1,0,0.9997730446598188,grade
AASS,gene,AASS,AASS,cluster:AASS,cognitive_impairment,induces,monogenic,A,1.0,0.545,HPO genes_to_phenotype; diseases=OMIM:238700;ORPHA:2203;ORPHA:3124,True,1.0,2.0,5.0,2.0,OMIM:238700;ORPHA:2203;ORPHA:3124,4.0,1.0,2013-07-06,"[[""GENE:AASS"", -1.0, 1.0]]",5,5,0,0.9999750645009944,grade
SLC25A13,gene,SLC25A13,SLC25A13,cluster:SLC25A13,cognitive_impairment,induces,monogenic,A,1.0,0.545,HPO genes_to_phenotype; diseases=OMIM:603471;ORPHA:247585,True,1.0,1.0,4.0,19.0,OMIM:603471;ORPHA:247585,2.0,1.0,2008-06-10,"[[""GENE:SLC25A13"", -1.0, 1.0]]",4,4,0,0.9999330975185755,grade
SLC25A13,gene,SLC25A13,SLC25A13,cluster:SLC25A13,insomnia,induces,monogenic,A,0.68,0.17,HPO genes_to_phenotype; diseases=ORPHA:247585,True,0.0,1.0,1.0,,ORPHA:247585,1.0,0.0,,"[[""GENE:SLC25A13"", -1.0, 1.0]]",1,1,0,0.9994232502804609,grade
SLC25A13,gene,SLC25A13,SLC25A13,cluster:SLC25A13,elevated_mood_or_mania,induces,monogenic,A,0.68,0.17,HPO genes_to_phenotype; diseases=ORPHA:247585,True,0.0,1.0,1.0,,ORPHA:247585,1.0,0.0,,"[[""GENE:SLC25A13"", -1.0, 1.0]]",1,1,0,0.9994232502804609,grade
SLC25A13,gene,SLC25A13,SLC25A13,cluster:SLC25A13,psychosis,induces,monogenic,A,1.0,0.545,HPO genes_to_phenotype; diseases=ORPHA:247585,True,0.0,1.0,3.0,,ORPHA:247585,1.0,0.0,,"[[""GENE:SLC25A13"", -1.0, 1.0]]",3,3,0,0.9994232502804609,grade
SLC25A13,gene,SLC25A13,SLC25A13,cluster:SLC25A13,irritability_or_aggression,induces,monogenic,A,1.0,0.545,HPO genes_to_phenotype; diseases=ORPHA:247585,True,0.0,1.0,2.0,,ORPHA:247585,1.0,0.0,,"[[""GENE:SLC25A13"", -1.0, 1.0]]",2,2,0,0.9994232502804609,grade
SLC25A13,gene,SLC25A13,SLC25A13,cluster:SLC25A13,psychomotor_agitation,induces,monogenic,A,1.0,0.545,HPO genes_to_phenotype; diseases=ORPHA:247585,True,0.0,1.0,1.0,,ORPHA:247585,1.0,0.0,,"[[""GENE:SLC25A13"", -1.0, 1.0]]",1,1,0,0.9994232502804609,grade
SLC25A15,gene,SLC25A15,SLC25A15,cluster:SLC25A15,cognitive_impairment,induces,monogenic,A,1.0,0.895,HPO genes_to_phenotype; diseases=OMIM:238970;ORPHA:415,True,1.0,1.0,3.0,,OMIM:238970;ORPHA:415,2.0,0.0,2018-10-08,"[[""GENE:SLC25A15"", -1.0, 1.0]]",3,3,0,0.9998915873699763,grade
COQ7,gene,COQ7,COQ7,cluster:COQ7,cognitive_impairment,induces,monogenic,A,0.25,0.0,HPO genes_to_phenotype; diseases=OMIM:620402,True,1.0,0.0,1.0,3.0,OMIM:620402,1.0,1.0,2023-08-01,"[[""GENE:COQ7"", -1.0, 1.0]]",1,0,1,0.998481001247051,grade
STUB1,gene,STUB1,STUB1,cluster:STUB1,cognitive_impairment,induces,monogenic,A,1.0,1.0,HPO genes_to_phenotype; diseases=OMIM:615768;OMIM:618093;ORPHA:412057,True,2.0,1.0,4.0,14.0,OMIM:615768;OMIM:618093;ORPHA:412057,3.0,2.0,2013-12-02,"[[""GENE:STUB1"", -1.0, 1.0]]",4,4,0,0.9999713419988472,grade
STUB1,gene,STUB1,STUB1,cluster:STUB1,insomnia,induces,monogenic,A,1.0,,HPO genes_to_phenotype; diseases=OMIM:618093,True,1.0,0.0,1.0,,OMIM:618093,1.0,1.0,2019-05-14,"[[""GENE:STUB1"", -1.0, 1.0]]",1,1,0,0.9976668184004441,grade
STUB1,gene,STUB1,STUB1,cluster:STUB1,irritability_or_aggression,induces,monogenic,A,1.0,,HPO genes_to_phenotype; diseases=OMIM:618093,True,1.0,0.0,1.0,,OMIM:618093,1.0,1.0,2019-05-14,"[[""GENE:STUB1"", -1.0, 1.0]]",1,1,0,0.9976668184004441,grade
STUB1,gene,STUB1,STUB1,cluster:STUB1,anxiety,induces,monogenic,A,1.0,0.7894736842105263,HPO genes_to_phenotype; diseases=OMIM:618093,True,1.0,0.0,1.0,19.0,OMIM:618093,2.0,2.0,2018-10-31,"[[""GENE:STUB1"", -1.0, 1.0]]",1,1,0,0.9976437348749719,grade
STUB1,gene,STUB1,STUB1,cluster:STUB1,depressed_mood,induces,monogenic,A,1.0,1.0,HPO genes_to_phenotype; diseases=OMIM:618093,True,1.0,0.0,1.0,8.0,OMIM:618093,1.0,1.0,2019-05-14,"[[""GENE:STUB1"", -1.0, 1.0]]",1,1,0,0.9972318816611332,grade
SIGMAR1,gene,SIGMAR1,SIGMAR1,cluster:ADH1C,cognitive_impairment,induces,monogenic,A,0.68,0.17,HPO genes_to_phenotype; diseases=ORPHA:300605,False,0.0,1.0,1.0,,ORPHA:300605,1.0,0.0,,"[[""GENE:SIGMAR1"", -1.0, 1.0]]",1,1,0,0.9997730446598188,grade
TRAIP,gene,TRAIP,TRAIP,cluster:ATR,cognitive_impairment,induces,monogenic,A,1.0,0.895,HPO genes_to_phenotype; diseases=ORPHA:808,False,0.0,1.0,1.0,,ORPHA:808,1.0,0.0,,"[[""GENE:TRAIP"", -1.0, 1.0]]",1,1,0,0.9997730446598188,grade
BCKDK,gene,BCKDK,BCKDK,cluster:BCKDK,irritability_or_aggression,induces,monogenic,A,1.0,0.4444444444444444,HPO genes_to_phenotype; diseases=OMIM:614923,True,1.0,0.0,1.0,18.0,OMIM:614923,1.0,1.0,2023-07-03,"[[""GENE:BCKDK"", -1.0, 1.0]]",1,1,0,0.9997702770224728,grade
BCKDK,gene,BCKDK,BCKDK,cluster:BCKDK,psychomotor_agitation,induces,monogenic,A,1.0,0.2857142857142857,HPO genes_to_phenotype; diseases=OMIM:614923,True,1.0,0.0,1.0,21.0,OMIM:614923,1.0,1.0,2023-07-03,"[[""GENE:BCKDK"", -1.0, 1.0]]",1,1,0,0.9997748793976969,grade
APC2,gene,APC2,APC2,cluster:APC2,anxiety,induces,monogenic,A,0.68,0.17,HPO genes_to_phenotype; diseases=ORPHA:821,False,0.0,1.0,1.0,,ORPHA:821,1.0,0.0,,"[[""GENE:APC2"", -1.0, 1.0]]",1,1,0,0.9997730446598188,grade
APC2,gene,APC2,APC2,cluster:APC2,irritability_or_aggression,induces,monogenic,A,0.68,0.17,HPO genes_to_phenotype; diseases=ORPHA:821,False,0.0,1.0,1.0,,ORPHA:821,1.0,0.0,,"[[""GENE:APC2"", -1.0, 1.0]]",1,1,0,0.9997730446598188,grade
TNIP1,gene,TNIP1,TNIP1,cluster:TNIP1,depressed_mood,induces,monogenic,A,0.68,0.17,HPO genes_to_phenotype; diseases=ORPHA:536,False,0.0,1.0,1.0,,ORPHA:536,1.0,0.0,,"[[""GENE:TNIP1"", -1.0, 1.0]]",1,1,0,0.9997730446598188,grade
TNIP1,gene,TNIP1,TNIP1,cluster:TNIP1,fatigue,induces,monogenic,A,1.0,0.895,HPO genes_to_phenotype; diseases=ORPHA:536,False,0.0,1.0,1.0,,ORPHA:536,1.0,0.0,,"[[""GENE:TNIP1"", -1.0, 1.0]]",1,1,0,0.9997730446598188,grade
IKZF1,gene,IKZF1,IKZF1,cluster:BCL2,fatigue,induces,monogenic,A,1.0,0.895,HPO genes_to_phenotype; diseases=ORPHA:36426,False,0.0,1.0,1.0,,ORPHA:36426,1.0,0.0,,"[[""GENE:IKZF1"", -1.0, 1.0]]",1,1,0,0.9997730446598188,grade
ABCA7,gene,ABCA7,ABCA7,cluster:ABCA7,cognitive_impairment,induces,monogenic,A,1.0,,HPO genes_to_phenotype; diseases=OMIM:608907,False,1.0,0.0,1.0,,OMIM:608907,1.0,0.0,2017-07-13,"[[""GENE:ABCA7"", -1.0, 1.0]]",1,1,0,0.9997120224657162,grade
ABCA7,gene,ABCA7,ABCA7,cluster:ABCA7,depressed_mood,induces,monogenic,A,1.0,,HPO genes_to_phenotype; diseases=OMIM:608907,False,1.0,0.0,1.0,,OMIM:608907,1.0,0.0,2017-07-13,"[[""GENE:ABCA7"", -1.0, 1.0]]",1,1,0,0.9997120224657162,grade
WARS2,gene,WARS2,WARS2,cluster:SLC6A3,irritability_or_aggression,induces,monogenic,A,1.0,1.0,HPO genes_to_phenotype; diseases=OMIM:617710;OMIM:619738;ORPHA:238455;ORPHA:572798,False,2.0,2.0,4.0,8.0,OMIM:617710;OMIM:619738;ORPHA:238455;ORPHA:572798,4.0,2.0,2017-03-23,"[[""GENE:WARS2"", -1.0, 1.0]]",4,4,0,0.9999894700340439,grade
WARS2,gene,WARS2,WARS2,cluster:SLC6A3,anxiety,induces,monogenic,A,1.0,0.3333333333333333,HPO genes_to_phenotype; diseases=OMIM:619738,False,1.0,0.0,1.0,6.0,OMIM:619738,1.0,1.0,2022-04-05,"[[""GENE:WARS2"", -1.0, 1.0]]",1,1,0,0.9970879616774058,grade
WARS2,gene,WARS2,WARS2,cluster:SLC6A3,depressed_mood,induces,monogenic,A,1.0,0.3333333333333333,HPO genes_to_phenotype; diseases=OMIM:619738,False,1.0,0.0,1.0,6.0,OMIM:619738,1.0,1.0,2022-04-05,"[[""GENE:WARS2"", -1.0, 1.0]]",1,1,0,0.9970879616774058,grade
WARS2,gene,WARS2,WARS2,cluster:SLC6A3,psychosis,induces,monogenic,A,1.0,0.3333333333333333,HPO genes_to_phenotype; diseases=OMIM:619738,False,1.0,0.0,1.0,6.0,OMIM:619738,1.0,1.0,2022-04-05,"[[""GENE:WARS2"", -1.0, 1.0]]",1,1,0,0.9970879616774058,grade
CITED2,gene,CITED2,CITED2,cluster:ACTC1,fatigue,induces,monogenic,A,1.0,0.545,HPO genes_to_phenotype; diseases=ORPHA:99103;ORPHA:99105,False,0.0,2.0,2.0,,ORPHA:99103;ORPHA:99105,2.0,0.0,,"[[""GENE:CITED2"", -1.0, 1.0]]",2,2,0,0.9999332144392659,grade
TUBB3,gene,TUBB3,TUBB3,cluster:TUBB3,insomnia,induces,monogenic,A,0.68,0.17,HPO genes_to_phenotype; diseases=ORPHA:300570,False,0.0,1.0,1.0,,ORPHA:300570,1.0,0.0,,"[[""GENE:TUBB3"", -1.0, 1.0]]",1,1,0,0.9997730446598188,grade
TUBB3,gene,TUBB3,TUBB3,cluster:TUBB3,cognitive_impairment,induces,monogenic,A,0.68,0.17,HPO genes_to_phenotype; diseases=ORPHA:300570,False,0.0,1.0,1.0,,ORPHA:300570,1.0,0.0,,"[[""GENE:TUBB3"", -1.0, 1.0]]",1,1,0,0.9997730446598188,grade
TUBB4A,gene,TUBB4A,TUBB4A,cluster:TUBB4A,cognitive_impairment,induces,monogenic,A,0.68,0.17,HPO genes_to_phenotype; diseases=ORPHA:98805,False,0.0,1.0,1.0,,ORPHA:98805,1.0,0.0,,"[[""GENE:TUBB4A"", -1.0, 1.0]]",1,1,0,0.9997730446598188,grade
TMEM147,gene,TMEM147,TMEM147,cluster:TMEM147,anxiety,induces,monogenic,A,0.36363636363636365,0.09090909090909091,HPO genes_to_phenotype; diseases=OMIM:620075,False,1.0,0.0,1.0,22.0,OMIM:620075,1.0,1.0,2022-12-04,"[[""GENE:TMEM147"", -1.0, 1.0]]",1,1,0,0.9997748793976969,grade
TMEM147,gene,TMEM147,TMEM147,cluster:TMEM147,irritability_or_aggression,induces,monogenic,A,0.36363636363636365,0.09090909090909091,HPO genes_to_phenotype; diseases=OMIM:620075,False,1.0,0.0,1.0,22.0,OMIM:620075,1.0,1.0,2022-12-04,"[[""GENE:TMEM147"", -1.0, 1.0]]",1,1,0,0.9997748793976969,grade
TOMM40,gene,TOMM40,TOMM40,cluster:ADH1C,cognitive_impairment,induces,monogenic,A,1.0,0.895,HPO genes_to_phenotype; diseases=ORPHA:1020,False,0.0,1.0,4.0,,ORPHA:1020,1.0,0.0,,"[[""GENE:TOMM40"", -1.0, 1.0]]",4,4,0,0.9997730446598188,grade
TOMM40,gene,TOMM40,TOMM40,cluster:ADH1C,psychosis,induces,monogenic,A,1.0,0.895,HPO genes_to_phenotype; diseases=ORPHA:1020,False,0.0,1.0,1.0,,ORPHA:1020,1.0,0.0,,"[[""GENE:TOMM40"", -1.0, 1.0]]",1,1,0,0.9997730446598188,grade
TOMM40,gene,TOMM40,TOMM40,cluster:ADH1C,psychomotor_agitation,induces,monogenic,A,1.0,0.895,HPO genes_to_phenotype; diseases=ORPHA:1020,False,0.0,1.0,1.0,,ORPHA:1020,1.0,0.0,,"[[""GENE:TOMM40"", -1.0, 1.0]]",1,1,0,0.9997730446598188,grade
BAIAP2,gene,BAIAP2,BAIAP2,cluster:BAIAP2,irritability_or_aggression,induces,monogenic,A,0.8,0.2,HPO genes_to_phenotype; diseases=OMIM:621468,False,1.0,0.0,1.0,5.0,OMIM:621468,1.0,1.0,2026-02-07,"[[""GENE:BAIAP2"", -1.0, 1.0]]",1,1,0,0.9997099799437312,grade
SEMA4D,gene,SEMA4D,SEMA4D,cluster:GPR35,depressed_mood,induces,monogenic,A,0.68,0.17,HPO genes_to_phenotype; diseases=ORPHA:171,False,0.0,1.0,1.0,,ORPHA:171,1.0,0.0,,"[[""GENE:SEMA4D"", -1.0, 1.0]]",1,1,0,0.9997730446598188,grade
SEMA4D,gene,SEMA4D,SEMA4D,cluster:GPR35,fatigue,induces,monogenic,A,0.68,0.17,HPO genes_to_phenotype; diseases=ORPHA:171,False,0.0,1.0,1.0,,ORPHA:171,1.0,0.0,,"[[""GENE:SEMA4D"", -1.0, 1.0]]",1,1,0,0.9997730446598188,grade
DEAF1,gene,DEAF1,DEAF1,cluster:DEAF1,irritability_or_aggression,induces,monogenic,A,1.0,1.0,HPO genes_to_phenotype; diseases=OMIM:615828;OMIM:617171;ORPHA:468620,False,2.0,1.0,3.0,7.0,OMIM:615828;OMIM:617171;ORPHA:468620,3.0,2.0,2014-07-11,"[[""GENE:DEAF1"", -1.0, 1.0]]",3,3,0,0.9999638566082786,grade
DEAF1,gene,DEAF1,DEAF1,cluster:DEAF1,psychomotor_agitation,induces,monogenic,A,1.0,1.0,HPO genes_to_phenotype; diseases=OMIM:617171;ORPHA:468620,False,1.0,1.0,2.0,3.0,OMIM:617171;ORPHA:468620,2.0,1.0,2017-07-13,"[[""GENE:DEAF1"", -1.0, 1.0]]",2,2,0,0.9999073592912551,grade
SPTLC1,gene,SPTLC1,SPTLC1,cluster:ADH1C,cognitive_impairment,induces,monogenic,A,0.68,0.17,HPO genes_to_phenotype; diseases=OMIM:620285;ORPHA:300605,True,1.0,1.0,2.0,11.0,OMIM:620285;ORPHA:300605,2.0,1.0,2021-05-31,"[[""GENE:SPTLC1"", -1.0, 1.0]]",2,1,1,0.9994706193973044,grade
SLC34A2,gene,SLC34A2,SLC34A2,cluster:SLC34A2,fatigue,induces,monogenic,A,1.0,0.545,HPO genes_to_phenotype; diseases=ORPHA:60025,True,0.0,1.0,1.0,,ORPHA:60025,1.0,0.0,,"[[""GENE:SLC34A2"", -1.0, 1.0]]",1,1,0,0.9997730446598188,grade
NPC2,gene,NPC2,NPC2,cluster:NPC2,cognitive_impairment,induces,monogenic,A,1.0,,HPO genes_to_phenotype; diseases=OMIM:607625,False,1.0,0.0,1.0,,OMIM:607625,1.0,0.0,2009-02-17,"[[""GENE:NPC2"", -1.0, 1.0]]",1,1,0,0.999631621434846,grade
NPC2,gene,NPC2,NPC2,cluster:NPC2,psychosis,induces,monogenic,A,1.0,,HPO genes_to_phenotype; diseases=OMIM:607625,False,1.0,0.0,1.0,,OMIM:607625,1.0,0.0,2009-02-17,"[[""GENE:NPC2"", -1.0, 1.0]]",1,1,0,0.999631621434846,grade
POMT1,gene,POMT1,POMT1,cluster:B3GALNT2,somnolence_or_hypersomnia,induces,monogenic,A,1.0,,HPO genes_to_phenotype; diseases=OMIM:236670,True,1.0,0.0,1.0,,OMIM:236670,1.0,0.0,2009-02-17,"[[""GENE:POMT1"", -1.0, 1.0]]",1,1,0,0.9961871887065212,grade
POMT1,gene,POMT1,POMT1,cluster:B3GALNT2,cognitive_impairment,induces,monogenic,A,1.0,0.895,HPO genes_to_phenotype; diseases=ORPHA:588,True,0.0,1.0,1.0,,ORPHA:588,1.0,0.0,,"[[""GENE:POMT1"", -1.0, 1.0]]",1,1,0,0.9994232502804609,grade
TXNRD2,gene,TXNRD2,TXNRD2,cluster:MC2R,fatigue,induces,monogenic,A,1.0,0.545,HPO genes_to_phenotype; diseases=ORPHA:154;ORPHA:361,True,0.0,2.0,2.0,,ORPHA:154;ORPHA:361,2.0,0.0,,"[[""GENE:TXNRD2"", -1.0, 1.0]]",2,2,0,0.9999332144392659,grade
MTHFS,gene,MTHFS,MTHFS,cluster:MTHFS,irritability_or_aggression,induces,monogenic,A,1.0,0.5,HPO genes_to_phenotype; diseases=OMIM:618367,True,1.0,0.0,1.0,2.0,OMIM:618367,1.0,1.0,2018-06-15,"[[""GENE:MTHFS"", -1.0, 1.0]]",1,1,0,0.9996663476591036,grade
ERLIN1,gene,ERLIN1,ERLIN1,cluster:ADH1C,cognitive_impairment,induces,monogenic,A,0.68,0.17,HPO genes_to_phenotype; diseases=ORPHA:300605,False,0.0,1.0,1.0,,ORPHA:300605,1.0,0.0,,"[[""GENE:ERLIN1"", -1.0, 1.0]]",1,1,0,0.9997730446598188,grade
NPRL2,gene,NPRL2,NPRL2,cluster:CHRNA2,psychosis,induces,monogenic,A,0.68,0.17,HPO genes_to_phenotype; diseases=ORPHA:98820,False,0.0,1.0,2.0,,ORPHA:98820,1.0,0.0,,"[[""GENE:NPRL2"", -1.0, 1.0]]",2,2,0,0.9997730446598188,grade
NPRL2,gene,NPRL2,NPRL2,cluster:CHRNA2,cognitive_impairment,induces,monogenic,A,0.68,0.17,HPO genes_to_phenotype; diseases=ORPHA:98820,False,0.0,1.0,1.0,,ORPHA:98820,1.0,0.0,,"[[""GENE:NPRL2"", -1.0, 1.0]]",1,1,0,0.9997730446598188,grade
CELF2,gene,CELF2,CELF2,cluster:CELF2,cognitive_impairment,induces,monogenic,A,0.68,0.17,HPO genes_to_phenotype; diseases=ORPHA:442835,False,0.0,1.0,1.0,,ORPHA:442835,1.0,0.0,,"[[""GENE:CELF2"", -1.0, 1.0]]",1,1,0,0.9997730446598188,grade
LBX1,gene,LBX1,LBX1,cluster:ALK,cognitive_impairment,induces,monogenic,A,0.68,0.17,HPO genes_to_phenotype; diseases=ORPHA:661,False,0.0,1.0,1.0,,ORPHA:661,1.0,0.0,,"[[""GENE:LBX1"", -1.0, 1.0]]",1,1,0,0.9997730446598188,grade
KLF1,gene,KLF1,KLF1,cluster:KLF1,fatigue,induces,monogenic,A,1.0,1.0,HPO genes_to_phenotype; diseases=OMIM:620969,False,1.0,0.0,1.0,1.0,OMIM:620969,1.0,1.0,2026-01-09,"[[""GENE:KLF1"", -1.0, 1.0]]",1,1,0,0.99963784265969,grade
CTCF,gene,CTCF,CTCF,cluster:CTCF,anxiety,induces,monogenic,A,0.35555555555555557,0.08888888888888889,HPO genes_to_phenotype; diseases=OMIM:615502,False,1.0,0.0,1.0,45.0,OMIM:615502,1.0,1.0,2024-05-10,"[[""GENE:CTCF"", -1.0, 1.0]]",1,1,0,0.9997748793976969,grade
CTCF,gene,CTCF,CTCF,cluster:CTCF,depressed_mood,induces,monogenic,A,0.25,0.021739130434782608,HPO genes_to_phenotype; diseases=OMIM:615502,False,1.0,0.0,1.0,46.0,OMIM:615502,1.0,1.0,2024-05-10,"[[""GENE:CTCF"", -1.0, 1.0]]",1,1,0,0.9997748793976969,grade
CTCF,gene,CTCF,CTCF,cluster:CTCF,irritability_or_aggression,induces,monogenic,A,0.25,0.043478260869565216,HPO genes_to_phenotype; diseases=OMIM:615502,False,1.0,0.0,1.0,46.0,OMIM:615502,1.0,1.0,2024-05-10,"[[""GENE:CTCF"", -1.0, 1.0]]",1,1,0,0.9997748793976969,grade
FARS2,gene,FARS2,FARS2,cluster:FARS2,insomnia,induces,monogenic,A,0.68,0.17,HPO genes_to_phenotype; diseases=ORPHA:466722,False,0.0,1.0,1.0,,ORPHA:466722,1.0,0.0,,"[[""GENE:FARS2"", -1.0, 1.0]]",1,1,0,0.9997730446598188,grade
EBP,gene,EBP,EBP,cluster:EBP,irritability_or_aggression,induces,monogenic,A,0.68,0.17,HPO genes_to_phenotype; diseases=ORPHA:401973,True,0.0,1.0,1.0,,ORPHA:401973,1.0,0.0,,"[[""GENE:EBP"", -1.0, 1.0]]",1,1,0,0.9997730446598188,grade
CERS1,gene,CERS1,CERS1,cluster:CERS1,cognitive_impairment,induces,monogenic,A,1.0,1.0,HPO genes_to_phenotype; diseases=OMIM:616230,True,1.0,0.0,1.0,4.0,OMIM:616230,1.0,1.0,2014-05-20,"[[""GENE:CERS1"", -1.0, 1.0]]",1,1,0,0.9996990889216895,grade
PLK4,gene,PLK4,PLK4,cluster:ATR,cognitive_impairment,induces,monogenic,A,1.0,0.895,HPO genes_to_phenotype; diseases=ORPHA:808,False,0.0,1.0,1.0,,ORPHA:808,1.0,0.0,,"[[""GENE:PLK4"", -1.0, 1.0]]",1,1,0,0.9997730446598188,grade
STAG2,gene,STAG2,STAG2,cluster:ARNT2,irritability_or_aggression,induces,monogenic,A,1.0,0.545,HPO genes_to_phenotype; diseases=ORPHA:220386;ORPHA:93925,False,0.0,2.0,2.0,,ORPHA:220386;ORPHA:93925,2.0,0.0,,"[[""GENE:STAG2"", -1.0, 1.0]]",2,2,0,0.9999332144392659,grade
STAG2,gene,STAG2,STAG2,cluster:ARNT2,anxiety,induces,monogenic,A,1.0,0.545,HPO genes_to_phenotype; diseases=ORPHA:220386;ORPHA:521258;ORPHA:93925,False,0.0,3.0,3.0,,ORPHA:220386;ORPHA:521258;ORPHA:93925,3.0,0.0,,"[[""GENE:STAG2"", -1.0, 1.0]]",3,3,0,0.9999803494075916,grade
STAG2,gene,STAG2,STAG2,cluster:ARNT2,depressed_mood,induces,monogenic,A,1.0,0.545,HPO genes_to_phenotype; diseases=ORPHA:220386;ORPHA:93925,False,0.0,2.0,2.0,,ORPHA:220386;ORPHA:93925,2.0,0.0,,"[[""GENE:STAG2"", -1.0, 1.0]]",2,2,0,0.9999332144392659,grade
RAI1,gene,RAI1,RAI1,cluster:RAI1,cognitive_impairment,induces,monogenic,A,1.0,0.545,HPO genes_to_phenotype; diseases=ORPHA:819,False,0.0,1.0,1.0,,ORPHA:819,1.0,0.0,,"[[""GENE:RAI1"", -1.0, 1.0]]",1,1,0,0.9997730446598188,grade
RAI1,gene,RAI1,RAI1,cluster:RAI1,anxiety,induces,monogenic,A,1.0,0.895,HPO genes_to_phenotype; diseases=ORPHA:1713;ORPHA:819,False,0.0,2.0,2.0,,ORPHA:1713;ORPHA:819,2.0,0.0,,"[[""GENE:RAI1"", -1.0, 1.0]]",2,2,0,0.9999332144392659,grade
KIF1C,gene,KIF1C,KIF1C,cluster:KIF1C,cognitive_impairment,induces,monogenic,A,0.25,0.0,HPO genes_to_phenotype; diseases=OMIM:611302,False,1.0,0.0,1.0,7.0,OMIM:611302,1.0,1.0,2023-04-08,"[[""GENE:KIF1C"", -1.0, 1.0]]",1,0,1,0.998311078841496,grade
KDM5B,gene,KDM5B,KDM5B,cluster:KDM5B,irritability_or_aggression,induces,monogenic,A,1.0,0.3333333333333333,HPO genes_to_phenotype; diseases=OMIM:618109,False,1.0,0.0,1.0,3.0,OMIM:618109,1.0,1.0,2022-05-30,"[[""GENE:KDM5B"", -1.0, 1.0]]",1,1,0,0.9996852014177682,grade
ZMYND11,gene,ZMYND11,ZMYND11,cluster:ZMYND11,irritability_or_aggression,induces,monogenic,A,1.0,0.42857142857142855,HPO genes_to_phenotype; diseases=OMIM:616083,False,1.0,0.0,1.0,7.0,OMIM:616083,1.0,1.0,2014-11-26,"[[""GENE:ZMYND11"", -1.0, 1.0]]",1,1,0,0.999726368839152,grade
WDR4,gene,WDR4,WDR4,cluster:NUP107,cognitive_impairment,induces,monogenic,A,1.0,0.895,HPO genes_to_phenotype; diseases=ORPHA:2065,False,0.0,1.0,1.0,,ORPHA:2065,1.0,0.0,,"[[""GENE:WDR4"", -1.0, 1.0]]",1,1,0,0.9997730446598188,grade
CPLX1,gene,CPLX1,CPLX1,cluster:ABCA3,cognitive_impairment,induces,monogenic,A,1.0,0.545,HPO genes_to_phenotype; diseases=ORPHA:86909,False,0.0,1.0,1.0,,ORPHA:86909,1.0,0.0,,"[[""GENE:CPLX1"", -1.0, 1.0]]",1,1,0,0.9997730446598188,grade
CPLX1,gene,CPLX1,CPLX1,cluster:ABCA3,irritability_or_aggression,induces,monogenic,A,1.0,0.545,HPO genes_to_phenotype; diseases=ORPHA:86909,False,0.0,1.0,2.0,,ORPHA:86909,1.0,0.0,,"[[""GENE:CPLX1"", -1.0, 1.0]]",2,2,0,0.9997730446598188,grade
PDE10A,gene,PDE10A,PDE10A,cluster:PDE10A,cognitive_impairment,induces,monogenic,A,1.0,,HPO genes_to_phenotype; diseases=OMIM:616922;ORPHA:494541,True,1.0,1.0,2.0,,OMIM:616922;ORPHA:494541,1.0,1.0,2016-04-07,"[[""GENE:PDE10A"", -1.0, 1.0]]",2,1,1,0.998537696629802,grade
PDE10A,gene,PDE10A,PDE10A,cluster:PDE10A,anxiety,induces,monogenic,A,0.68,0.17,HPO genes_to_phenotype; diseases=ORPHA:494541,True,0.0,1.0,1.0,,ORPHA:494541,1.0,0.0,,"[[""GENE:PDE10A"", -1.0, 1.0]]",1,1,0,0.9994232502804609,grade
SRCAP,gene,SRCAP,SRCAP,cluster:SRCAP,anxiety,induces,monogenic,A,0.68,0.17,HPO genes_to_phenotype; diseases=ORPHA:2044,False,0.0,1.0,1.0,,ORPHA:2044,1.0,0.0,,"[[""GENE:SRCAP"", -1.0, 1.0]]",1,1,0,0.9994232502804609,grade
SRCAP,gene,SRCAP,SRCAP,cluster:SRCAP,cognitive_impairment,induces,monogenic,A,0.68,0.17,HPO genes_to_phenotype; diseases=ORPHA:2044,False,0.0,1.0,1.0,,ORPHA:2044,1.0,0.0,,"[[""GENE:SRCAP"", -1.0, 1.0]]",1,1,0,0.9994232502804609,grade
SRCAP,gene,SRCAP,SRCAP,cluster:SRCAP,irritability_or_aggression,induces,monogenic,A,1.0,1.0,HPO genes_to_phenotype; diseases=OMIM:136140;ORPHA:2044,False,1.0,1.0,2.0,1.0,OMIM:136140;ORPHA:2044,2.0,1.0,2022-09-27,"[[""GENE:SRCAP"", -1.0, 1.0]]",2,2,0,0.9998934187245915,grade
SRCAP,gene,SRCAP,SRCAP,cluster:SRCAP,psychomotor_agitation,induces,monogenic,A,0.68,0.17,HPO genes_to_phenotype; diseases=ORPHA:2044,False,0.0,1.0,1.0,,ORPHA:2044,1.0,0.0,,"[[""GENE:SRCAP"", -1.0, 1.0]]",1,1,0,0.9994232502804609,grade
SRCAP,gene,SRCAP,SRCAP,cluster:SRCAP,psychosis,induces,monogenic,A,0.5333333333333333,0.13333333333333333,HPO genes_to_phenotype; diseases=OMIM:619595,False,1.0,0.0,1.0,30.0,OMIM:619595,1.0,1.0,2022-02-04,"[[""GENE:SRCAP"", -1.0, 1.0]]",1,1,0,0.9976668184004441,grade
CFHR3,gene,CFHR3,CFHR3,cluster:CD46,cognitive_impairment,induces,monogenic,A,1.0,,HPO genes_to_phenotype; diseases=OMIM:235400,False,1.0,0.0,1.0,,OMIM:235400,1.0,0.0,2009-02-17,"[[""GENE:CFHR3"", -1.0, 1.0]]",1,1,0,0.999631621434846,grade
MALT1,gene,MALT1,MALT1,cluster:BCL10,fatigue,induces,monogenic,A,1.0,0.895,HPO genes_to_phenotype; diseases=ORPHA:52417,False,0.0,1.0,1.0,,ORPHA:52417,1.0,0.0,,"[[""GENE:MALT1"", -1.0, 1.0]]",1,1,0,0.9997730446598188,grade
PNPLA6,gene,PNPLA6,PNPLA6,cluster:PNPLA6,cognitive_impairment,induces,monogenic,A,0.68,0.17,HPO genes_to_phenotype; diseases=ORPHA:1173,True,0.0,1.0,1.0,,ORPHA:1173,1.0,0.0,,"[[""GENE:PNPLA6"", -1.0, 1.0]]",1,1,0,0.9997730446598188,grade
ASCC3,gene,ASCC3,ASCC3,cluster:ASCC3,anxiety,induces,monogenic,A,0.8888888888888888,0.2222222222222222,HPO genes_to_phenotype; diseases=OMIM:620700,False,1.0,0.0,1.0,9.0,OMIM:620700,1.0,1.0,2024-06-30,"[[""GENE:ASCC3"", -1.0, 1.0]]",1,1,0,0.9997384406959443,grade
ASCC3,gene,ASCC3,ASCC3,cluster:ASCC3,fatigue,induces,monogenic,A,0.7272727272727273,0.18181818181818182,HPO genes_to_phenotype; diseases=OMIM:620700,False,1.0,0.0,1.0,11.0,OMIM:620700,1.0,1.0,2024-06-30,"[[""GENE:ASCC3"", -1.0, 1.0]]",1,1,0,0.9997479077991037,grade
CLP1,gene,CLP1,CLP1,cluster:CLP1,irritability_or_aggression,induces,monogenic,A,0.68,0.17,HPO genes_to_phenotype; diseases=ORPHA:411493,False,0.0,1.0,1.0,,ORPHA:411493,1.0,0.0,,"[[""GENE:CLP1"", -1.0, 1.0]]",1,1,0,0.9997730446598188,grade
RAB32,gene,RAB32,RAB32,cluster:RAB32,cognitive_impairment,induces,monogenic,A,1.0,0.6,HPO genes_to_phenotype; diseases=OMIM:620923,False,1.0,0.0,2.0,11.0,OMIM:620923,2.0,2.0,2025-12-07,"[[""GENE:RAB32"", -1.0, 1.0]]",2,1,1,0.9995451798994753,grade
RAB32,gene,RAB32,RAB32,cluster:RAB32,psychosis,induces,monogenic,A,1.0,0.6666666666666666,HPO genes_to_phenotype; diseases=OMIM:620923,False,1.0,0.0,1.0,3.0,OMIM:620923,1.0,1.0,2025-12-07,"[[""GENE:RAB32"", -1.0, 1.0]]",1,1,0,0.9996852014177682,grade
RAB32,gene,RAB32,RAB32,cluster:RAB32,anxiety,induces,monogenic,A,1.0,1.0,HPO genes_to_phenotype; diseases=OMIM:620923,False,1.0,0.0,1.0,1.0,OMIM:620923,1.0,1.0,2025-12-07,"[[""GENE:RAB32"", -1.0, 1.0]]",1,1,0,0.99963784265969,grade
RAB32,gene,RAB32,RAB32,cluster:RAB32,depressed_mood,induces,monogenic,A,1.0,0.6666666666666666,HPO genes_to_phenotype; diseases=OMIM:620923,False,1.0,0.0,1.0,3.0,OMIM:620923,1.0,1.0,2025-12-07,"[[""GENE:RAB32"", -1.0, 1.0]]",1,1,0,0.9996852014177682,grade
SLC38A3,gene,SLC38A3,SLC38A3,cluster:SLC38A3,cognitive_impairment,induces,monogenic,A,0.68,0.17,HPO genes_to_phenotype; diseases=ORPHA:442835,True,0.0,1.0,1.0,,ORPHA:442835,1.0,0.0,,"[[""GENE:SLC38A3"", -1.0, 1.0]]",1,1,0,0.9997730446598188,grade
TLK2,gene,TLK2,TLK2,cluster:TLK2,anxiety,induces,monogenic,A,1.0,0.5,HPO genes_to_phenotype; diseases=OMIM:618050,False,1.0,0.0,1.0,2.0,OMIM:618050,1.0,1.0,2019-02-15,"[[""GENE:TLK2"", -1.0, 1.0]]",1,1,0,0.9996663476591036,grade
ADAMTS13,gene,ADAMTS13,ADAMTS13,cluster:ADAMTS13,cognitive_impairment,induces,monogenic,A,1.0,,HPO genes_to_phenotype; diseases=OMIM:274150,False,1.0,0.0,1.0,,OMIM:274150,1.0,0.0,2009-02-17,"[[""GENE:ADAMTS13"", -1.0, 1.0]]",1,1,0,0.999631621434846,grade
POLR3A,gene,POLR3A,POLR3A,cluster:POLR3A,cognitive_impairment,induces,monogenic,A,1.0,0.545,HPO genes_to_phenotype; diseases=ORPHA:3455,True,0.0,1.0,1.0,,ORPHA:3455,1.0,0.0,,"[[""GENE:POLR3A"", -1.0, 1.0]]",1,1,0,0.9997730446598188,grade
WDR45,gene,WDR45,WDR45,cluster:WDR45,cognitive_impairment,induces,monogenic,A,1.0,1.0,HPO genes_to_phenotype; diseases=OMIM:300894;ORPHA:329284,False,1.0,1.0,3.0,10.0,OMIM:300894;ORPHA:329284,2.0,1.0,2013-04-18,"[[""GENE:WDR45"", -1.0, 1.0]]",3,3,0,0.9999146527490381,grade
WDR45,gene,WDR45,WDR45,cluster:WDR45,anxiety,induces,monogenic,A,0.8,0.2,HPO genes_to_phenotype; diseases=OMIM:300894,False,1.0,0.0,1.0,5.0,OMIM:300894,1.0,1.0,2023-03-05,"[[""GENE:WDR45"", -1.0, 1.0]]",1,1,0,0.9969960173416802,grade
WDR45,gene,WDR45,WDR45,cluster:WDR45,irritability_or_aggression,induces,monogenic,A,1.0,0.4,HPO genes_to_phenotype; diseases=OMIM:300894;ORPHA:329284,False,1.0,1.0,2.0,5.0,OMIM:300894;ORPHA:329284,2.0,1.0,2013-04-18,"[[""GENE:WDR45"", -1.0, 1.0]]",2,2,0,0.9999146527490381,grade
SUPT16H,gene,SUPT16H,SUPT16H,cluster:CHD8,irritability_or_aggression,induces,monogenic,A,1.0,0.545,HPO genes_to_phenotype; diseases=ORPHA:261229,False,0.0,1.0,1.0,,ORPHA:261229,1.0,0.0,,"[[""GENE:SUPT16H"", -1.0, 1.0]]",1,1,0,0.9997730446598188,grade
CHEK2,gene,CHEK2,CHEK2,cluster:ABCA3,cognitive_impairment,induces,monogenic,A,0.68,0.17,HPO genes_to_phenotype; diseases=ORPHA:440437,False,0.0,1.0,1.0,,ORPHA:440437,1.0,0.0,,"[[""GENE:CHEK2"", -1.0, 1.0]]",1,1,0,0.9997730446598188,grade
CHEK2,gene,CHEK2,CHEK2,cluster:ABCA3,psychosis,induces,monogenic,A,0.68,0.17,HPO genes_to_phenotype; diseases=ORPHA:440437,False,0.0,1.0,1.0,,ORPHA:440437,1.0,0.0,,"[[""GENE:CHEK2"", -1.0, 1.0]]",1,1,0,0.9997730446598188,grade
CHEK2,gene,CHEK2,CHEK2,cluster:ABCA3,irritability_or_aggression,induces,monogenic,A,1.0,0.545,HPO genes_to_phenotype; diseases=ORPHA:440437,False,0.0,1.0,1.0,,ORPHA:440437,1.0,0.0,,"[[""GENE:CHEK2"", -1.0, 1.0]]",1,1,0,0.9997730446598188,grade
CHEK2,gene,CHEK2,CHEK2,cluster:ABCA3,anxiety,induces,monogenic,A,1.0,0.545,HPO genes_to_phenotype; diseases=ORPHA:440437,False,0.0,1.0,1.0,,ORPHA:440437,1.0,0.0,,"[[""GENE:CHEK2"", -1.0, 1.0]]",1,1,0,0.9997730446598188,grade
CHEK2,gene,CHEK2,CHEK2,cluster:ABCA3,depressed_mood,induces,monogenic,A,1.0,0.545,HPO genes_to_phenotype; diseases=ORPHA:440437,False,0.0,1.0,1.0,,ORPHA:440437,1.0,0.0,,"[[""GENE:CHEK2"", -1.0, 1.0]]",1,1,0,0.9997730446598188,grade
CHEK2,gene,CHEK2,CHEK2,cluster:ABCA3,fatigue,induces,monogenic,A,1.0,0.895,HPO genes_to_phenotype; diseases=ORPHA:440437,False,0.0,1.0,1.0,,ORPHA:440437,1.0,0.0,,"[[""GENE:CHEK2"", -1.0, 1.0]]",1,1,0,0.9997730446598188,grade
POLG2,gene,POLG2,POLG2,cluster:LIG3,cognitive_impairment,induces,monogenic,A,0.25,0.025,HPO genes_to_phenotype; diseases=ORPHA:254892,True,0.0,1.0,1.0,,ORPHA:254892,1.0,0.0,,"[[""GENE:POLG2"", -1.0, 1.0]]",1,1,0,0.9994232502804609,grade
POLG2,gene,POLG2,POLG2,cluster:LIG3,anxiety,induces,monogenic,A,1.0,1.0,HPO genes_to_phenotype; diseases=OMIM:619425;ORPHA:254892,True,1.0,1.0,2.0,1.0,OMIM:619425;ORPHA:254892,2.0,1.0,2019-11-26,"[[""GENE:POLG2"", -1.0, 1.0]]",2,2,0,0.9998934187245915,grade
POLG2,gene,POLG2,POLG2,cluster:LIG3,depressed_mood,induces,monogenic,A,1.0,1.0,HPO genes_to_phenotype; diseases=OMIM:619425;ORPHA:254892,True,1.0,1.0,2.0,1.0,OMIM:619425;ORPHA:254892,2.0,1.0,2019-11-26,"[[""GENE:POLG2"", -1.0, 1.0]]",2,2,0,0.9998934187245915,grade
POLG2,gene,POLG2,POLG2,cluster:LIG3,fatigue,induces,monogenic,A,1.0,0.545,HPO genes_to_phenotype; diseases=ORPHA:254892,True,0.0,1.0,1.0,,ORPHA:254892,1.0,0.0,,"[[""GENE:POLG2"", -1.0, 1.0]]",1,1,0,0.9994232502804609,grade
PDCD10,gene,PDCD10,PDCD10,cluster:ABCA3,cognitive_impairment,induces,monogenic,A,0.68,0.17,HPO genes_to_phenotype; diseases=ORPHA:221061,False,0.0,1.0,1.0,,ORPHA:221061,1.0,0.0,,"[[""GENE:PDCD10"", -1.0, 1.0]]",1,1,0,0.9997730446598188,grade
MAN1B1,gene,MAN1B1,MAN1B1,cluster:MAN1B1,irritability_or_aggression,induces,monogenic,A,1.0,0.25,HPO genes_to_phenotype; diseases=OMIM:614202,True,1.0,0.0,1.0,12.0,OMIM:614202,1.0,1.0,2012-10-17,"[[""GENE:MAN1B1"", -1.0, 1.0]]",1,1,0,0.9997519550861653,grade
SLC6A14,gene,SLC6A14,SLC6A14,cluster:BAZ1B,anxiety,induces,monogenic,A,0.68,0.17,HPO genes_to_phenotype; diseases=ORPHA:586,True,0.0,1.0,1.0,,ORPHA:586,1.0,0.0,,"[[""GENE:SLC6A14"", -1.0, 1.0]]",1,1,0,0.9997730446598188,grade
SLC6A14,gene,SLC6A14,SLC6A14,cluster:BAZ1B,depressed_mood,induces,monogenic,A,0.68,0.17,HPO genes_to_phenotype; diseases=ORPHA:586,True,0.0,1.0,1.0,,ORPHA:586,1.0,0.0,,"[[""GENE:SLC6A14"", -1.0, 1.0]]",1,1,0,0.9997730446598188,grade
TREX1,gene,TREX1,TREX1,cluster:ADAR,cognitive_impairment,induces,monogenic,A,1.0,0.545,HPO genes_to_phenotype; diseases=OMIM:192315;ORPHA:247691,True,1.0,1.0,5.0,70.0,OMIM:192315;ORPHA:247691,3.0,1.0,2007-07-29,"[[""GENE:TREX1"", -1.0, 1.0]]",5,5,0,0.9999337544286306,grade
TREX1,gene,TREX1,TREX1,cluster:ADAR,irritability_or_aggression,induces,monogenic,A,1.0,0.545,HPO genes_to_phenotype; diseases=ORPHA:247691;ORPHA:51,True,0.0,2.0,2.0,,ORPHA:247691;ORPHA:51,2.0,0.0,,"[[""GENE:TREX1"", -1.0, 1.0]]",2,2,0,0.9998302394354796,grade
TREX1,gene,TREX1,TREX1,cluster:ADAR,anxiety,induces,monogenic,A,0.68,0.17,HPO genes_to_phenotype; diseases=ORPHA:247691,True,0.0,1.0,1.0,,ORPHA:247691,1.0,0.0,,"[[""GENE:TREX1"", -1.0, 1.0]]",1,1,0,0.9994232502804609,grade
TREX1,gene,TREX1,TREX1,cluster:ADAR,depressed_mood,induces,monogenic,A,0.68,0.17,HPO genes_to_phenotype; diseases=ORPHA:247691;ORPHA:536,True,0.0,2.0,2.0,,ORPHA:247691;ORPHA:536,2.0,0.0,,"[[""GENE:TREX1"", -1.0, 1.0]]",2,2,0,0.9998302394354796,grade
TREX1,gene,TREX1,TREX1,cluster:ADAR,psychosis,induces,monogenic,A,0.68,0.17,HPO genes_to_phenotype; diseases=OMIM:152700;ORPHA:247691,True,1.0,1.0,2.0,,OMIM:152700;ORPHA:247691,2.0,0.0,2009-02-17,"[[""GENE:TREX1"", -1.0, 1.0]]",2,2,0,0.9998915873699763,grade
TREX1,gene,TREX1,TREX1,cluster:ADAR,fatigue,induces,monogenic,A,1.0,0.895,HPO genes_to_phenotype; diseases=ORPHA:536,True,0.0,1.0,1.0,,ORPHA:536,1.0,0.0,,"[[""GENE:TREX1"", -1.0, 1.0]]",1,1,0,0.9994232502804609,grade
PNKP,gene,PNKP,PNKP,cluster:PNKP,cognitive_impairment,induces,monogenic,A,1.0,0.7,HPO genes_to_phenotype; diseases=OMIM:616267;ORPHA:459033,True,1.0,1.0,3.0,10.0,OMIM:616267;ORPHA:459033,2.0,1.0,2015-02-26,"[[""GENE:PNKP"", -1.0, 1.0]]",3,3,0,0.9999244991788775,grade
PARK7,gene,PARK7,PARK7,cluster:ADH1C,anxiety,induces,monogenic,A,1.0,1.0,HPO genes_to_phenotype; diseases=OMIM:606324;ORPHA:2828,False,1.0,1.0,3.0,2.0,OMIM:606324;ORPHA:2828,2.0,1.0,2010-06-20,"[[""GENE:PARK7"", -1.0, 1.0]]",3,3,0,0.9999018095935599,grade
PARK7,gene,PARK7,PARK7,cluster:ADH1C,cognitive_impairment,induces,monogenic,A,0.68,0.17,HPO genes_to_phenotype; diseases=ORPHA:2828,False,0.0,1.0,4.0,,ORPHA:2828,1.0,0.0,,"[[""GENE:PARK7"", -1.0, 1.0]]",4,4,0,0.9994232502804609,grade
PARK7,gene,PARK7,PARK7,cluster:ADH1C,insomnia,induces,monogenic,A,0.68,0.17,HPO genes_to_phenotype; diseases=ORPHA:2828,False,0.0,1.0,1.0,,ORPHA:2828,1.0,0.0,,"[[""GENE:PARK7"", -1.0, 1.0]]",1,1,0,0.9994232502804609,grade
PARK7,gene,PARK7,PARK7,cluster:ADH1C,psychosis,induces,monogenic,A,1.0,0.545,HPO genes_to_phenotype; diseases=ORPHA:2828,False,0.0,1.0,1.0,,ORPHA:2828,1.0,0.0,,"[[""GENE:PARK7"", -1.0, 1.0]]",1,1,0,0.9994232502804609,grade
PARK7,gene,PARK7,PARK7,cluster:ADH1C,depressed_mood,induces,monogenic,A,1.0,0.545,HPO genes_to_phenotype; diseases=ORPHA:2828,False,0.0,1.0,1.0,,ORPHA:2828,1.0,0.0,,"[[""GENE:PARK7"", -1.0, 1.0]]",1,1,0,0.9994232502804609,grade
PARK7,gene,PARK7,PARK7,cluster:ADH1C,psychomotor_agitation,induces,monogenic,A,0.25,0.025,HPO genes_to_phenotype; diseases=ORPHA:2828,False,0.0,1.0,1.0,,ORPHA:2828,1.0,0.0,,"[[""GENE:PARK7"", -1.0, 1.0]]",1,1,0,0.9994232502804609,grade
EXOSC8,gene,EXOSC8,EXOSC8,cluster:EXOSC8,irritability_or_aggression,induces,monogenic,A,1.0,0.36363636363636365,HPO genes_to_phenotype; diseases=OMIM:616081,False,1.0,0.0,1.0,11.0,OMIM:616081,1.0,1.0,2022-10-30,"[[""GENE:EXOSC8"", -1.0, 1.0]]",1,1,0,0.9997479077991037,grade
RNF13,gene,RNF13,RNF13,cluster:RNF13,irritability_or_aggression,induces,monogenic,A,1.0,0.6666666666666666,HPO genes_to_phenotype; diseases=OMIM:618379;ORPHA:544503,True,1.0,1.0,2.0,3.0,OMIM:618379;ORPHA:544503,2.0,1.0,2018-12-27,"[[""GENE:RNF13"", -1.0, 1.0]]",2,2,0,0.9999073592912551,grade
RNF13,gene,RNF13,RNF13,cluster:RNF13,psychomotor_agitation,induces,monogenic,A,1.0,1.0,HPO genes_to_phenotype; diseases=OMIM:618379;ORPHA:544503,True,1.0,1.0,2.0,3.0,OMIM:618379;ORPHA:544503,2.0,1.0,2018-12-27,"[[""GENE:RNF13"", -1.0, 1.0]]",2,2,0,0.9999073592912551,grade
DOLK,gene,DOLK,DOLK,cluster:DOLK,fatigue,induces,monogenic,A,1.0,0.545,HPO genes_to_phenotype; diseases=ORPHA:154,True,0.0,1.0,1.0,,ORPHA:154,1.0,0.0,,"[[""GENE:DOLK"", -1.0, 1.0]]",1,1,0,0.9997730446598188,grade
NTNG1,gene,NTNG1,NTNG1,cluster:ARNT2,anxiety,induces,monogenic,A,0.68,0.17,HPO genes_to_phenotype; diseases=ORPHA:3095,False,0.0,1.0,1.0,,ORPHA:3095,1.0,0.0,,"[[""GENE:NTNG1"", -1.0, 1.0]]",1,1,0,0.9997730446598188,grade
NTNG1,gene,NTNG1,NTNG1,cluster:ARNT2,psychomotor_agitation,induces,monogenic,A,1.0,0.895,HPO genes_to_phenotype; diseases=ORPHA:3095,False,0.0,1.0,1.0,,ORPHA:3095,1.0,0.0,,"[[""GENE:NTNG1"", -1.0, 1.0]]",1,1,0,0.9997730446598188,grade
CILK1,gene,CILK1,CILK1,cluster:ABCA3,irritability_or_aggression,induces,monogenic,A,0.25,0.025,HPO genes_to_phenotype; diseases=ORPHA:307,False,0.0,1.0,1.0,,ORPHA:307,1.0,0.0,,"[[""GENE:CILK1"", -1.0, 1.0]]",1,1,0,0.9997730446598188,grade
CNKSR2,gene,CNKSR2,CNKSR2,cluster:CNKSR2,cognitive_impairment,induces,monogenic,A,1.0,1.0,HPO genes_to_phenotype; diseases=OMIM:301008;ORPHA:442835,False,1.0,1.0,2.0,7.0,OMIM:301008;ORPHA:442835,2.0,1.0,2026-08-07,"[[""GENE:CNKSR2"", -1.0, 1.0]]",2,2,0,0.999919476613192,grade
CNKSR2,gene,CNKSR2,CNKSR2,cluster:CNKSR2,irritability_or_aggression,induces,monogenic,A,1.0,1.0,HPO genes_to_phenotype; diseases=OMIM:301008,False,1.0,0.0,1.0,1.0,OMIM:301008,1.0,1.0,2026-08-07,"[[""GENE:CNKSR2"", -1.0, 1.0]]",1,1,0,0.9962513618179513,grade
MORC2,gene,MORC2,MORC2,cluster:MORC2,fatigue,induces,monogenic,A,1.0,0.545,HPO genes_to_phenotype; diseases=ORPHA:466768,False,0.0,1.0,1.0,,ORPHA:466768,1.0,0.0,,"[[""GENE:MORC2"", -1.0, 1.0]]",1,1,0,0.9997730446598188,grade
ZNF365,gene,ZNF365,ZNF365,cluster:BCL2,somnolence_or_hypersomnia,induces,monogenic,A,1.0,0.895,HPO genes_to_phenotype; diseases=ORPHA:2073;ORPHA:83465,False,0.0,2.0,2.0,,ORPHA:2073;ORPHA:83465,2.0,0.0,,"[[""GENE:ZNF365"", -1.0, 1.0]]",2,2,0,0.9999332144392659,grade
ZNF365,gene,ZNF365,ZNF365,cluster:BCL2,cognitive_impairment,induces,monogenic,A,1.0,0.895,HPO genes_to_phenotype; diseases=ORPHA:2073,False,0.0,1.0,1.0,,ORPHA:2073,1.0,0.0,,"[[""GENE:ZNF365"", -1.0, 1.0]]",1,1,0,0.9997730446598188,grade
ZNF365,gene,ZNF365,ZNF365,cluster:BCL2,insomnia,induces,monogenic,A,1.0,0.895,HPO genes_to_phenotype; diseases=ORPHA:83465,False,0.0,1.0,1.0,,ORPHA:83465,1.0,0.0,,"[[""GENE:ZNF365"", -1.0, 1.0]]",1,1,0,0.9997730446598188,grade
ZNF365,gene,ZNF365,ZNF365,cluster:BCL2,psychosis,induces,monogenic,A,1.0,0.895,HPO genes_to_phenotype; diseases=ORPHA:2073;ORPHA:83465,False,0.0,2.0,3.0,,ORPHA:2073;ORPHA:83465,2.0,0.0,,"[[""GENE:ZNF365"", -1.0, 1.0]]",3,3,0,0.9999332144392659,grade
ZNF365,gene,ZNF365,ZNF365,cluster:BCL2,anxiety,induces,monogenic,A,1.0,0.545,HPO genes_to_phenotype; diseases=ORPHA:2073,False,0.0,1.0,1.0,,ORPHA:2073,1.0,0.0,,"[[""GENE:ZNF365"", -1.0, 1.0]]",1,1,0,0.9997730446598188,grade
ZNF365,gene,ZNF365,ZNF365,cluster:BCL2,depressed_mood,induces,monogenic,A,0.68,0.17,HPO genes_to_phenotype; diseases=ORPHA:2073,False,0.0,1.0,1.0,,ORPHA:2073,1.0,0.0,,"[[""GENE:ZNF365"", -1.0, 1.0]]",1,1,0,0.9997730446598188,grade
ZNF365,gene,ZNF365,ZNF365,cluster:BCL2,psychomotor_agitation,induces,monogenic,A,0.68,0.17,HPO genes_to_phenotype; diseases=ORPHA:2073,False,0.0,1.0,1.0,,ORPHA:2073,1.0,0.0,,"[[""GENE:ZNF365"", -1.0, 1.0]]",1,1,0,0.9997730446598188,grade
ARHGEF15,gene,ARHGEF15,ARHGEF15,cluster:ARHGEF15,cognitive_impairment,induces,monogenic,A,1.0,1.0,HPO genes_to_phenotype; diseases=OMIM:621331,False,1.0,0.0,2.0,2.0,OMIM:621331,1.0,1.0,2026-01-14,"[[""GENE:ARHGEF15"", -1.0, 1.0]]",2,2,0,0.99963784265969,grade
ARHGEF15,gene,ARHGEF15,ARHGEF15,cluster:ARHGEF15,elevated_mood_or_mania,induces,monogenic,A,1.0,1.0,HPO genes_to_phenotype; diseases=OMIM:621331,False,1.0,0.0,1.0,1.0,OMIM:621331,1.0,1.0,2026-01-14,"[[""GENE:ARHGEF15"", -1.0, 1.0]]",1,1,0,0.99963784265969,grade
ARHGEF15,gene,ARHGEF15,ARHGEF15,cluster:ARHGEF15,irritability_or_aggression,induces,monogenic,A,1.0,1.0,HPO genes_to_phenotype; diseases=OMIM:621331,False,1.0,0.0,1.0,1.0,OMIM:621331,1.0,1.0,2026-01-14,"[[""GENE:ARHGEF15"", -1.0, 1.0]]",1,1,0,0.99963784265969,grade
ARHGEF15,gene,ARHGEF15,ARHGEF15,cluster:ARHGEF15,anxiety,induces,monogenic,A,1.0,1.0,HPO genes_to_phenotype; diseases=OMIM:621331,False,1.0,0.0,1.0,1.0,OMIM:621331,1.0,1.0,2026-01-14,"[[""GENE:ARHGEF15"", -1.0, 1.0]]",1,1,0,0.99963784265969,grade
ARHGEF15,gene,ARHGEF15,ARHGEF15,cluster:ARHGEF15,depressed_mood,induces,monogenic,A,1.0,1.0,HPO genes_to_phenotype; diseases=OMIM:621331,False,1.0,0.0,1.0,1.0,OMIM:621331,1.0,1.0,2026-01-14,"[[""GENE:ARHGEF15"", -1.0, 1.0]]",1,1,0,0.99963784265969,grade
ARSG,gene,ARSG,ARSG,cluster:ARSG,anxiety,induces,monogenic,A,0.68,0.17,HPO genes_to_phenotype; diseases=ORPHA:231183,False,0.0,1.0,1.0,,ORPHA:231183,1.0,0.0,,"[[""GENE:ARSG"", -1.0, 1.0]]",1,1,0,0.9997730446598188,grade
ARSG,gene,ARSG,ARSG,cluster:ARSG,depressed_mood,induces,monogenic,A,0.68,0.17,HPO genes_to_phenotype; diseases=ORPHA:231183,False,0.0,1.0,1.0,,ORPHA:231183,1.0,0.0,,"[[""GENE:ARSG"", -1.0, 1.0]]",1,1,0,0.9997730446598188,grade
TRAK1,gene,TRAK1,TRAK1,cluster:TRAK1,cognitive_impairment,induces,monogenic,A,0.68,0.17,HPO genes_to_phenotype; diseases=ORPHA:442835,False,0.0,1.0,1.0,,ORPHA:442835,1.0,0.0,,"[[""GENE:TRAK1"", -1.0, 1.0]]",1,1,0,0.9997730446598188,grade
TRIM32,gene,TRIM32,TRIM32,cluster:BBIP1,cognitive_impairment,induces,monogenic,A,1.0,0.545,HPO genes_to_phenotype; diseases=ORPHA:110,True,0.0,1.0,2.0,,ORPHA:110,1.0,0.0,,"[[""GENE:TRIM32"", -1.0, 1.0]]",2,2,0,0.9997730446598188,grade
TRIM32,gene,TRIM32,TRIM32,cluster:BBIP1,anxiety,induces,monogenic,A,0.68,0.17,HPO genes_to_phenotype; diseases=ORPHA:110,True,0.0,1.0,1.0,,ORPHA:110,1.0,0.0,,"[[""GENE:TRIM32"", -1.0, 1.0]]",1,1,0,0.9997730446598188,grade
TRIM32,gene,TRIM32,TRIM32,cluster:BBIP1,depressed_mood,induces,monogenic,A,1.0,0.545,HPO genes_to_phenotype; diseases=ORPHA:110,True,0.0,1.0,1.0,,ORPHA:110,1.0,0.0,,"[[""GENE:TRIM32"", -1.0, 1.0]]",1,1,0,0.9997730446598188,grade
CEP152,gene,CEP152,CEP152,cluster:ATR,cognitive_impairment,induces,monogenic,A,1.0,0.895,HPO genes_to_phenotype; diseases=ORPHA:808,False,0.0,1.0,1.0,,ORPHA:808,1.0,0.0,,"[[""GENE:CEP152"", -1.0, 1.0]]",1,1,0,0.9994232502804609,grade
CEP152,gene,CEP152,CEP152,cluster:ATR,irritability_or_aggression,induces,monogenic,A,1.0,1.0,HPO genes_to_phenotype; diseases=OMIM:614852,False,1.0,0.0,1.0,3.0,OMIM:614852,1.0,1.0,2012-11-16,"[[""GENE:CEP152"", -1.0, 1.0]]",1,1,0,0.9967401213207226,grade
PLCH1,gene,PLCH1,PLCH1,cluster:ARNT2,irritability_or_aggression,induces,monogenic,A,1.0,0.545,HPO genes_to_phenotype; diseases=ORPHA:93925,True,0.0,1.0,1.0,,ORPHA:93925,1.0,0.0,,"[[""GENE:PLCH1"", -1.0, 1.0]]",1,1,0,0.9997730446598188,grade
PLCH1,gene,PLCH1,PLCH1,cluster:ARNT2,anxiety,induces,monogenic,A,1.0,0.545,HPO genes_to_phenotype; diseases=ORPHA:93925,True,0.0,1.0,1.0,,ORPHA:93925,1.0,0.0,,"[[""GENE:PLCH1"", -1.0, 1.0]]",1,1,0,0.9997730446598188,grade
PLCH1,gene,PLCH1,PLCH1,cluster:ARNT2,depressed_mood,induces,monogenic,A,1.0,0.545,HPO genes_to_phenotype; diseases=ORPHA:93925,True,0.0,1.0,1.0,,ORPHA:93925,1.0,0.0,,"[[""GENE:PLCH1"", -1.0, 1.0]]",1,1,0,0.9997730446598188,grade
SPEN,gene,SPEN,SPEN,cluster:SPEN,irritability_or_aggression,induces,monogenic,A,1.0,0.34375,HPO genes_to_phenotype; diseases=OMIM:619312,False,1.0,0.0,1.0,32.0,OMIM:619312,1.0,1.0,2021-07-06,"[[""GENE:SPEN"", -1.0, 1.0]]",1,1,0,0.9997748793976969,grade
PALLD,gene,PALLD,PALLD,cluster:ABCA3,fatigue,induces,monogenic,A,1.0,0.895,HPO genes_to_phenotype; diseases=ORPHA:1333,False,0.0,1.0,1.0,,ORPHA:1333,1.0,0.0,,"[[""GENE:PALLD"", -1.0, 1.0]]",1,1,0,0.9997730446598188,grade
KDM1A,gene,KDM1A,KDM1A,cluster:GNAS,cognitive_impairment,induces,monogenic,A,0.68,0.17,HPO genes_to_phenotype; diseases=ORPHA:189427,False,0.0,1.0,2.0,,ORPHA:189427,1.0,0.0,,"[[""GENE:KDM1A"", -1.0, 1.0]]",2,2,0,0.9997730446598188,grade
KDM1A,gene,KDM1A,KDM1A,cluster:GNAS,elevated_mood_or_mania,induces,monogenic,A,0.68,0.17,HPO genes_to_phenotype; diseases=ORPHA:189427,False,0.0,1.0,1.0,,ORPHA:189427,1.0,0.0,,"[[""GENE:KDM1A"", -1.0, 1.0]]",1,1,0,0.9997730446598188,grade
KDM1A,gene,KDM1A,KDM1A,cluster:GNAS,depressed_mood,induces,monogenic,A,1.0,0.545,HPO genes_to_phenotype; diseases=ORPHA:189427,False,0.0,1.0,1.0,,ORPHA:189427,1.0,0.0,,"[[""GENE:KDM1A"", -1.0, 1.0]]",1,1,0,0.9997730446598188,grade
KDM4B,gene,KDM4B,KDM4B,cluster:KDM4B,irritability_or_aggression,induces,monogenic,A,1.0,0.4,HPO genes_to_phenotype; diseases=OMIM:619320,False,1.0,0.0,1.0,5.0,OMIM:619320,1.0,1.0,2021-07-01,"[[""GENE:KDM4B"", -1.0, 1.0]]",1,1,0,0.9997099799437312,grade
MYT1L,gene,MYT1L,MYT1L,cluster:MYT1L,anxiety,induces,monogenic,A,0.68,0.17,HPO genes_to_phenotype; diseases=ORPHA:647799,False,0.0,1.0,1.0,,ORPHA:647799,1.0,0.0,,"[[""GENE:MYT1L"", -1.0, 1.0]]",1,1,0,0.9994232502804609,grade
MYT1L,gene,MYT1L,MYT1L,cluster:MYT1L,irritability_or_aggression,induces,monogenic,A,1.0,0.8333333333333334,HPO genes_to_phenotype; diseases=OMIM:616521;ORPHA:647799,False,1.0,1.0,2.0,12.0,OMIM:616521;ORPHA:647799,4.0,2.0,2015-12-30,"[[""GENE:MYT1L"", -1.0, 1.0]]",2,2,0,0.9999270073783542,grade
MYT1L,gene,MYT1L,MYT1L,cluster:MYT1L,fatigue,induces,monogenic,A,1.0,0.545,HPO genes_to_phenotype; diseases=ORPHA:647799,False,0.0,1.0,1.0,,ORPHA:647799,1.0,0.0,,"[[""GENE:MYT1L"", -1.0, 1.0]]",1,1,0,0.9994232502804609,grade
SETD1B,gene,SETD1B,SETD1B,cluster:SETD1B,anxiety,induces,monogenic,A,1.0,0.5,HPO genes_to_phenotype; diseases=OMIM:619000,True,1.0,0.0,1.0,2.0,OMIM:619000,1.0,1.0,2018-01-10,"[[""GENE:SETD1B"", -1.0, 1.0]]",1,1,0,0.9996663476591036,grade
KIF1B,gene,KIF1B,KIF1B,cluster:ABCA3,anxiety,induces,monogenic,A,1.0,0.545,HPO genes_to_phenotype; diseases=ORPHA:29072,False,0.0,1.0,2.0,,ORPHA:29072,1.0,0.0,,"[[""GENE:KIF1B"", -1.0, 1.0]]",2,2,0,0.9997730446598188,grade
KIF1B,gene,KIF1B,KIF1B,cluster:ABCA3,fatigue,induces,monogenic,A,1.0,0.545,HPO genes_to_phenotype; diseases=ORPHA:29072,False,0.0,1.0,1.0,,ORPHA:29072,1.0,0.0,,"[[""GENE:KIF1B"", -1.0, 1.0]]",1,1,0,0.9997730446598188,grade
IQSEC2,gene,IQSEC2,IQSEC2,cluster:IQSEC2,irritability_or_aggression,induces,monogenic,A,1.0,0.25,HPO genes_to_phenotype; diseases=OMIM:309530,False,1.0,0.0,1.0,12.0,OMIM:309530,1.0,1.0,2021-08-30,"[[""GENE:IQSEC2"", -1.0, 1.0]]",1,1,0,0.9997519550861653,grade
CDK19,gene,CDK19,CDK19,cluster:CDK19,cognitive_impairment,induces,monogenic,A,0.68,0.17,HPO genes_to_phenotype; diseases=ORPHA:442835,False,0.0,1.0,1.0,,ORPHA:442835,1.0,0.0,,"[[""GENE:CDK19"", -1.0, 1.0]]",1,1,0,0.9997730446598188,grade
SPART,gene,SPART,SPART,cluster:SPART,anxiety,induces,monogenic,A,0.68,0.17,HPO genes_to_phenotype; diseases=ORPHA:101000,False,0.0,1.0,2.0,,ORPHA:101000,1.0,0.0,,"[[""GENE:SPART"", -1.0, 1.0]]",2,2,0,0.9997730446598188,grade
SPART,gene,SPART,SPART,cluster:SPART,cognitive_impairment,induces,monogenic,A,1.0,0.545,HPO genes_to_phenotype; diseases=ORPHA:101000,False,0.0,1.0,1.0,,ORPHA:101000,1.0,0.0,,"[[""GENE:SPART"", -1.0, 1.0]]",1,1,0,0.9997730446598188,grade
SPART,gene,SPART,SPART,cluster:SPART,psychosis,induces,monogenic,A,0.68,0.17,HPO genes_to_phenotype; diseases=ORPHA:101000,False,0.0,1.0,2.0,,ORPHA:101000,1.0,0.0,,"[[""GENE:SPART"", -1.0, 1.0]]",2,2,0,0.9997730446598188,grade
NFASC,gene,NFASC,NFASC,cluster:NFASC,anxiety,induces,monogenic,A,1.0,,HPO genes_to_phenotype; diseases=OMIM:618356,False,1.0,0.0,1.0,,OMIM:618356,1.0,0.0,2019-04-18,"[[""GENE:NFASC"", -1.0, 1.0]]",1,1,0,0.999631621434846,grade
NFASC,gene,NFASC,NFASC,cluster:NFASC,irritability_or_aggression,induces,monogenic,A,1.0,,HPO genes_to_phenotype; diseases=OMIM:618356,False,1.0,0.0,1.0,,OMIM:618356,1.0,0.0,2019-04-18,"[[""GENE:NFASC"", -1.0, 1.0]]",1,1,0,0.999631621434846,grade
POGZ,gene,POGZ,POGZ,cluster:POGZ,irritability_or_aggression,induces,monogenic,A,0.8,0.2,HPO genes_to_phenotype; diseases=OMIM:616364;ORPHA:468678,False,1.0,1.0,3.0,10.0,OMIM:616364;ORPHA:468678,2.0,1.0,2022-04-12,"[[""GENE:POGZ"", -1.0, 1.0]]",3,3,0,0.9999146527490381,grade
POGZ,gene,POGZ,POGZ,cluster:POGZ,anxiety,induces,monogenic,A,1.0,0.45652173913043476,HPO genes_to_phenotype; diseases=OMIM:616364,False,1.0,0.0,1.0,46.0,OMIM:616364,6.0,6.0,2022-04-12,"[[""GENE:POGZ"", -1.0, 1.0]]",1,1,0,0.9976668184004441,grade
KDM6B,gene,KDM6B,KDM6B,cluster:KDM6B,irritability_or_aggression,induces,monogenic,A,1.0,1.0,HPO genes_to_phenotype; diseases=OMIM:618505,False,1.0,0.0,2.0,10.0,OMIM:618505,1.0,1.0,2025-11-09,"[[""GENE:KDM6B"", -1.0, 1.0]]",2,2,0,0.9997384406959443,grade
KDM6B,gene,KDM6B,KDM6B,cluster:KDM6B,anxiety,induces,monogenic,A,1.0,1.0,HPO genes_to_phenotype; diseases=OMIM:618505,False,1.0,0.0,1.0,7.0,OMIM:618505,2.0,2.0,2025-11-09,"[[""GENE:KDM6B"", -1.0, 1.0]]",1,1,0,0.999726368839152,grade
KDM6B,gene,KDM6B,KDM6B,cluster:KDM6B,cognitive_impairment,induces,monogenic,A,1.0,1.0,HPO genes_to_phenotype; diseases=OMIM:618505,False,1.0,0.0,1.0,1.0,OMIM:618505,1.0,1.0,2025-11-09,"[[""GENE:KDM6B"", -1.0, 1.0]]",1,1,0,0.99963784265969,grade
KDM6B,gene,KDM6B,KDM6B,cluster:KDM6B,depressed_mood,induces,monogenic,A,0.25,0.037037037037037035,HPO genes_to_phenotype; diseases=OMIM:618505,False,1.0,0.0,1.0,27.0,OMIM:618505,1.0,1.0,2025-11-09,"[[""GENE:KDM6B"", -1.0, 1.0]]",1,1,0,0.9997748793976969,grade
KDM6B,gene,KDM6B,KDM6B,cluster:KDM6B,psychomotor_agitation,induces,monogenic,A,1.0,1.0,HPO genes_to_phenotype; diseases=OMIM:618505,False,1.0,0.0,1.0,1.0,OMIM:618505,1.0,1.0,2025-11-09,"[[""GENE:KDM6B"", -1.0, 1.0]]",1,1,0,0.99963784265969,grade
KDM6B,gene,KDM6B,KDM6B,cluster:KDM6B,psychosis,induces,monogenic,A,0.32653061224489793,0.08163265306122448,HPO genes_to_phenotype; diseases=OMIM:618505,False,1.0,0.0,1.0,49.0,OMIM:618505,1.0,1.0,2025-11-09,"[[""GENE:KDM6B"", -1.0, 1.0]]",1,1,0,0.9997748793976969,grade
SMC5,gene,SMC5,SMC5,cluster:SMC5,anxiety,induces,monogenic,A,1.0,0.75,HPO genes_to_phenotype; diseases=OMIM:620185,False,1.0,0.0,1.0,4.0,OMIM:620185,1.0,1.0,2023-06-11,"[[""GENE:SMC5"", -1.0, 1.0]]",1,1,0,0.9996990889216895,grade
CIC,gene,CIC,CIC,cluster:CIC,anxiety,induces,monogenic,A,0.8,0.2,HPO genes_to_phenotype; diseases=OMIM:617600,False,1.0,0.0,1.0,5.0,OMIM:617600,1.0,1.0,2022-06-12,"[[""GENE:CIC"", -1.0, 1.0]]",1,1,0,0.9997099799437312,grade
NUP205,gene,NUP205,NUP205,cluster:NUP205,irritability_or_aggression,induces,monogenic,A,0.68,0.17,HPO genes_to_phenotype; diseases=ORPHA:656,True,0.0,1.0,1.0,,ORPHA:656,1.0,0.0,,"[[""GENE:NUP205"", -1.0, 1.0]]",1,1,0,0.9997730446598188,grade
PMPCA,gene,PMPCA,PMPCA,cluster:PMPCA,cognitive_impairment,induces,monogenic,A,1.0,0.545,HPO genes_to_phenotype; diseases=ORPHA:1170,True,0.0,1.0,1.0,,ORPHA:1170,1.0,0.0,,"[[""GENE:PMPCA"", -1.0, 1.0]]",1,1,0,0.9997730446598188,grade
MLC1,gene,MLC1,MLC1,cluster:AQP4,cognitive_impairment,induces,monogenic,A,1.0,0.545,HPO genes_to_phenotype; diseases=ORPHA:2478,False,0.0,1.0,1.0,,ORPHA:2478,1.0,0.0,,"[[""GENE:MLC1"", -1.0, 1.0]]",1,1,0,0.9997730446598188,grade
FBXO28,gene,FBXO28,FBXO28,cluster:FBXO28,cognitive_impairment,induces,monogenic,A,0.68,0.17,HPO genes_to_phenotype; diseases=ORPHA:442835,False,0.0,1.0,1.0,,ORPHA:442835,1.0,0.0,,"[[""GENE:FBXO28"", -1.0, 1.0]]",1,1,0,0.9997730446598188,grade
RHOBTB2,gene,RHOBTB2,RHOBTB2,cluster:ABCA3,irritability_or_aggression,induces,monogenic,A,0.68,0.17,HPO genes_to_phenotype; diseases=ORPHA:2131,False,0.0,1.0,1.0,,ORPHA:2131,1.0,0.0,,"[[""GENE:RHOBTB2"", -1.0, 1.0]]",1,1,0,0.9997730446598188,grade
RRP12,gene,RRP12,RRP12,cluster:ABCA3,cognitive_impairment,induces,monogenic,A,1.0,1.0,HPO genes_to_phenotype; diseases=OMIM:621452;ORPHA:1980,False,1.0,1.0,6.0,4.0,OMIM:621452;ORPHA:1980,2.0,1.0,2026-01-03,"[[""GENE:RRP12"", -1.0, 1.0]]",6,5,1,0.9998259149618036,grade
RRP12,gene,RRP12,RRP12,cluster:ABCA3,anxiety,induces,monogenic,A,1.0,0.545,HPO genes_to_phenotype; diseases=OMIM:621452;ORPHA:1980,False,1.0,1.0,2.0,5.0,OMIM:621452;ORPHA:1980,2.0,1.0,2026-01-03,"[[""GENE:RRP12"", -1.0, 1.0]]",2,2,0,0.9999146527490381,grade
RRP12,gene,RRP12,RRP12,cluster:ABCA3,psychosis,induces,monogenic,A,1.0,0.545,HPO genes_to_phenotype; diseases=ORPHA:1980,False,0.0,1.0,1.0,,ORPHA:1980,1.0,0.0,,"[[""GENE:RRP12"", -1.0, 1.0]]",1,1,0,0.9994232502804609,grade
PLCB1,gene,PLCB1,PLCB1,cluster:ABCA3,cognitive_impairment,induces,monogenic,A,1.0,0.895,HPO genes_to_phenotype; diseases=ORPHA:293181,True,0.0,1.0,1.0,,ORPHA:293181,1.0,0.0,,"[[""GENE:PLCB1"", -1.0, 1.0]]",1,1,0,0.9997730446598188,grade
PACS2,gene,PACS2,PACS2,cluster:PACS2,cognitive_impairment,induces,monogenic,A,0.68,0.17,HPO genes_to_phenotype; diseases=ORPHA:442835,False,0.0,1.0,1.0,,ORPHA:442835,1.0,0.0,,"[[""GENE:PACS2"", -1.0, 1.0]]",1,1,0,0.9997730446598188,grade
ATP11A,gene,ATP11A,ATP11A,cluster:ABCA3,fatigue,induces,monogenic,A,1.0,0.545,HPO genes_to_phenotype; diseases=ORPHA:2032,True,0.0,1.0,1.0,,ORPHA:2032,1.0,0.0,,"[[""GENE:ATP11A"", -1.0, 1.0]]",1,1,0,0.9997730446598188,grade
CAMTA1,gene,CAMTA1,CAMTA1,cluster:CAMTA1,cognitive_impairment,induces,monogenic,A,1.0,0.545,HPO genes_to_phenotype; diseases=ORPHA:314647,False,0.0,1.0,1.0,,ORPHA:314647,1.0,0.0,,"[[""GENE:CAMTA1"", -1.0, 1.0]]",1,1,0,0.9994232502804609,grade
CAMTA1,gene,CAMTA1,CAMTA1,cluster:CAMTA1,irritability_or_aggression,induces,monogenic,A,1.0,0.545,HPO genes_to_phenotype; diseases=OMIM:614756;ORPHA:314647,False,1.0,1.0,2.0,14.0,OMIM:614756;ORPHA:314647,3.0,2.0,2018-10-08,"[[""GENE:CAMTA1"", -1.0, 1.0]]",2,2,0,0.9999290895756123,grade
NUP160,gene,NUP160,NUP160,cluster:NUP160,irritability_or_aggression,induces,monogenic,A,0.68,0.17,HPO genes_to_phenotype; diseases=ORPHA:656,True,0.0,1.0,1.0,,ORPHA:656,1.0,0.0,,"[[""GENE:NUP160"", -1.0, 1.0]]",1,1,0,0.9997730446598188,grade
FBXW11,gene,FBXW11,FBXW11,cluster:FBXW11,irritability_or_aggression,induces,monogenic,A,1.0,0.3333333333333333,HPO genes_to_phenotype; diseases=OMIM:618914,False,1.0,0.0,1.0,6.0,OMIM:618914,1.0,1.0,2020-08-13,"[[""GENE:FBXW11"", -1.0, 1.0]]",1,1,0,0.9997188801487722,grade
SIN3B,gene,SIN3B,SIN3B,cluster:SIN3A,cognitive_impairment,induces,monogenic,A,0.68,0.17,HPO genes_to_phenotype; diseases=ORPHA:500166,False,0.0,1.0,1.0,,ORPHA:500166,1.0,0.0,,"[[""GENE:SIN3B"", -1.0, 1.0]]",1,1,0,0.9997730446598188,grade
SATB2,gene,SATB2,SATB2,cluster:SATB2,anxiety,induces,monogenic,A,0.68,0.17,HPO genes_to_phenotype; diseases=ORPHA:251019,False,0.0,1.0,1.0,,ORPHA:251019,1.0,0.0,,"[[""GENE:SATB2"", -1.0, 1.0]]",1,1,0,0.9994232502804609,grade
SATB2,gene,SATB2,SATB2,cluster:SATB2,irritability_or_aggression,induces,monogenic,A,1.0,0.545,HPO genes_to_phenotype; diseases=OMIM:612313;ORPHA:251019;ORPHA:251028,False,1.0,2.0,3.0,,OMIM:612313;ORPHA:251019;ORPHA:251028,3.0,0.0,2012-10-17,"[[""GENE:SATB2"", -1.0, 1.0]]",3,3,0,0.9999750645009944,grade
SATB2,gene,SATB2,SATB2,cluster:SATB2,psychomotor_agitation,induces,monogenic,A,1.0,1.0,HPO genes_to_phenotype; diseases=OMIM:612313;ORPHA:251028,False,1.0,1.0,2.0,1.0,OMIM:612313;ORPHA:251028,2.0,1.0,2022-11-06,"[[""GENE:SATB2"", -1.0, 1.0]]",2,2,0,0.9998934187245915,grade
CUX2,gene,CUX2,CUX2,cluster:ABCA3,cognitive_impairment,induces,monogenic,A,1.0,0.545,HPO genes_to_phenotype; diseases=ORPHA:2382,False,0.0,1.0,1.0,,ORPHA:2382,1.0,0.0,,"[[""GENE:CUX2"", -1.0, 1.0]]",1,1,0,0.9997730446598188,grade
CUX2,gene,CUX2,CUX2,cluster:ABCA3,irritability_or_aggression,induces,monogenic,A,1.0,0.545,HPO genes_to_phenotype; diseases=ORPHA:2382,False,0.0,1.0,2.0,,ORPHA:2382,1.0,0.0,,"[[""GENE:CUX2"", -1.0, 1.0]]",2,2,0,0.9997730446598188,grade
CUX2,gene,CUX2,CUX2,cluster:ABCA3,psychosis,induces,monogenic,A,0.68,0.17,HPO genes_to_phenotype; diseases=ORPHA:2382,False,0.0,1.0,1.0,,ORPHA:2382,1.0,0.0,,"[[""GENE:CUX2"", -1.0, 1.0]]",1,1,0,0.9997730446598188,grade
DNAJC13,gene,DNAJC13,DNAJC13,cluster:ADH1C,cognitive_impairment,induces,monogenic,A,0.68,0.17,HPO genes_to_phenotype; diseases=ORPHA:411602,False,0.0,1.0,2.0,,ORPHA:411602,1.0,0.0,,"[[""GENE:DNAJC13"", -1.0, 1.0]]",2,2,0,0.9997730446598188,grade
DNAJC13,gene,DNAJC13,DNAJC13,cluster:ADH1C,psychosis,induces,monogenic,A,0.68,0.17,HPO genes_to_phenotype; diseases=ORPHA:411602,False,0.0,1.0,1.0,,ORPHA:411602,1.0,0.0,,"[[""GENE:DNAJC13"", -1.0, 1.0]]",1,1,0,0.9997730446598188,grade
DNAJC13,gene,DNAJC13,DNAJC13,cluster:ADH1C,depressed_mood,induces,monogenic,A,0.68,0.17,HPO genes_to_phenotype; diseases=ORPHA:411602,False,0.0,1.0,1.0,,ORPHA:411602,1.0,0.0,,"[[""GENE:DNAJC13"", -1.0, 1.0]]",1,1,0,0.9997730446598188,grade
DNAJC13,gene,DNAJC13,DNAJC13,cluster:ADH1C,psychomotor_agitation,induces,monogenic,A,0.68,0.17,HPO genes_to_phenotype; diseases=ORPHA:411602,False,0.0,1.0,1.0,,ORPHA:411602,1.0,0.0,,"[[""GENE:DNAJC13"", -1.0, 1.0]]",1,1,0,0.9997730446598188,grade
SYNE1,gene,SYNE1,SYNE1,cluster:ADH1C,cognitive_impairment,induces,monogenic,A,1.0,0.545,HPO genes_to_phenotype; diseases=ORPHA:300605;ORPHA:88644,False,0.0,2.0,2.0,,ORPHA:300605;ORPHA:88644,2.0,0.0,,"[[""GENE:SYNE1"", -1.0, 1.0]]",2,2,0,0.9999332144392659,grade
MAU2,gene,MAU2,MAU2,cluster:ARNT2,anxiety,induces,monogenic,A,1.0,1.0,HPO genes_to_phenotype; diseases=OMIM:621570;ORPHA:199,False,1.0,1.0,2.0,1.0,OMIM:621570;ORPHA:199,2.0,1.0,2026-06-04,"[[""GENE:MAU2"", -1.0, 1.0]]",2,2,0,0.9998934187245915,grade
MAU2,gene,MAU2,MAU2,cluster:ARNT2,depressed_mood,induces,monogenic,A,1.0,1.0,HPO genes_to_phenotype; diseases=OMIM:621570,False,1.0,0.0,1.0,1.0,OMIM:621570,1.0,1.0,2026-06-04,"[[""GENE:MAU2"", -1.0, 1.0]]",1,1,0,0.9962513618179513,grade
MAU2,gene,MAU2,MAU2,cluster:ARNT2,fatigue,induces,monogenic,A,1.0,1.0,HPO genes_to_phenotype; diseases=OMIM:621570,False,1.0,0.0,1.0,1.0,OMIM:621570,1.0,1.0,2026-06-04,"[[""GENE:MAU2"", -1.0, 1.0]]",1,1,0,0.9962513618179513,grade
MED13L,gene,MED13L,MED13L,cluster:MED13L,irritability_or_aggression,induces,monogenic,A,0.68,0.17,HPO genes_to_phenotype; diseases=ORPHA:369891,False,0.0,1.0,1.0,,ORPHA:369891,1.0,0.0,,"[[""GENE:MED13L"", -1.0, 1.0]]",1,1,0,0.9997730446598188,grade
MED13L,gene,MED13L,MED13L,cluster:MED13L,psychomotor_agitation,induces,monogenic,A,0.68,0.17,HPO genes_to_phenotype; diseases=ORPHA:369891,False,0.0,1.0,2.0,,ORPHA:369891,1.0,0.0,,"[[""GENE:MED13L"", -1.0, 1.0]]",2,2,0,0.9997730446598188,grade
ADNP,gene,ADNP,ADNP,cluster:ADNP,irritability_or_aggression,induces,monogenic,A,0.68,0.17,HPO genes_to_phenotype; diseases=OMIM:615873;ORPHA:404448,False,1.0,1.0,2.0,10.0,OMIM:615873;ORPHA:404448,2.0,1.0,2023-02-11,"[[""GENE:ADNP"", -1.0, 1.0]]",2,2,0,0.9999244991788775,grade
ADNP,gene,ADNP,ADNP,cluster:ADNP,anxiety,induces,monogenic,A,1.0,0.545,HPO genes_to_phenotype; diseases=OMIM:615873;ORPHA:404448,False,1.0,1.0,2.0,10.0,OMIM:615873;ORPHA:404448,2.0,1.0,2023-02-11,"[[""GENE:ADNP"", -1.0, 1.0]]",2,2,0,0.9999244991788775,grade
LARS2,gene,LARS2,LARS2,cluster:LARS2,cognitive_impairment,induces,monogenic,A,0.47058823529411764,0.11764705882352941,HPO genes_to_phenotype; diseases=OMIM:615300,False,1.0,0.0,1.0,17.0,OMIM:615300,1.0,1.0,2020-08-10,"[[""GENE:LARS2"", -1.0, 1.0]]",1,1,0,0.9997677517071517,grade
ATP13A2,gene,ATP13A2,ATP13A2,cluster:ADH1C,cognitive_impairment,induces,monogenic,A,1.0,1.0,HPO genes_to_phenotype; diseases=OMIM:606693;OMIM:617225;ORPHA:300605;ORPHA:306674;ORPHA:314632;ORPHA:513436,False,2.0,4.0,11.0,9.0,OMIM:606693;OMIM:617225;ORPHA:300605;ORPHA:306674;ORPHA:314632;ORPHA:513436,7.0,3.0,2009-02-17,"[[""GENE:ATP13A2"", -1.0, 1.0]]",11,11,0,0.9999991127476885,grade
ATP13A2,gene,ATP13A2,ATP13A2,cluster:ADH1C,psychosis,induces,monogenic,A,1.0,0.545,HPO genes_to_phenotype; diseases=OMIM:606693;OMIM:617225;ORPHA:306674;ORPHA:513436,False,2.0,2.0,4.0,9.0,OMIM:606693;OMIM:617225;ORPHA:306674;ORPHA:513436,4.0,2.0,2009-02-17,"[[""GENE:ATP13A2"", -1.0, 1.0]]",4,4,0,0.999990202902123,grade
ATP13A2,gene,ATP13A2,ATP13A2,cluster:ADH1C,depressed_mood,induces,monogenic,A,0.25,0.025,HPO genes_to_phenotype; diseases=ORPHA:314632,False,0.0,1.0,1.0,,ORPHA:314632,1.0,0.0,,"[[""GENE:ATP13A2"", -1.0, 1.0]]",1,1,0,0.9994232502804609,grade
ATP13A2,gene,ATP13A2,ATP13A2,cluster:ADH1C,irritability_or_aggression,induces,monogenic,A,0.8,0.2,HPO genes_to_phenotype; diseases=OMIM:606693;OMIM:617225,False,2.0,0.0,2.0,5.0,OMIM:606693;OMIM:617225,2.0,1.0,2009-02-17,"[[""GENE:ATP13A2"", -1.0, 1.0]]",2,2,0,0.9985629647029687,grade
ATP13A2,gene,ATP13A2,ATP13A2,cluster:ADH1C,fatigue,induces,monogenic,A,1.0,0.545,HPO genes_to_phenotype; diseases=OMIM:606693;ORPHA:306674;ORPHA:314632,False,1.0,2.0,3.0,,OMIM:606693;ORPHA:306674;ORPHA:314632,3.0,1.0,2021-02-14,"[[""GENE:ATP13A2"", -1.0, 1.0]]",3,3,0,0.99998050829833,grade
TARDBP,gene,TARDBP,TARDBP,cluster:ADH1C,cognitive_impairment,induces,monogenic,A,1.0,0.895,HPO genes_to_phenotype; diseases=OMIM:612069;ORPHA:275872;ORPHA:300605;ORPHA:803,False,1.0,3.0,5.0,,OMIM:612069;ORPHA:275872;ORPHA:300605;ORPHA:803,4.0,0.0,2018-10-08,"[[""GENE:TARDBP"", -1.0, 1.0]]",5,5,0,0.9999906142693046,grade
TARDBP,gene,TARDBP,TARDBP,cluster:ADH1C,psychosis,induces,monogenic,A,1.0,0.545,HPO genes_to_phenotype; diseases=ORPHA:275872,False,0.0,1.0,1.0,,ORPHA:275872,1.0,0.0,,"[[""GENE:TARDBP"", -1.0, 1.0]]",1,1,0,0.9994232502804609,grade
TARDBP,gene,TARDBP,TARDBP,cluster:ADH1C,anxiety,induces,monogenic,A,1.0,0.545,HPO genes_to_phenotype; diseases=ORPHA:803,False,0.0,1.0,1.0,,ORPHA:803,1.0,0.0,,"[[""GENE:TARDBP"", -1.0, 1.0]]",1,1,0,0.9994232502804609,grade
TARDBP,gene,TARDBP,TARDBP,cluster:ADH1C,depressed_mood,induces,monogenic,A,1.0,0.545,HPO genes_to_phenotype; diseases=ORPHA:275872;ORPHA:803,False,0.0,2.0,2.0,,ORPHA:275872;ORPHA:803,2.0,0.0,,"[[""GENE:TARDBP"", -1.0, 1.0]]",2,2,0,0.9998302394354796,grade
TARDBP,gene,TARDBP,TARDBP,cluster:ADH1C,fatigue,induces,monogenic,A,1.0,0.545,HPO genes_to_phenotype; diseases=ORPHA:803,False,0.0,1.0,1.0,,ORPHA:803,1.0,0.0,,"[[""GENE:TARDBP"", -1.0, 1.0]]",1,1,0,0.9994232502804609,grade
SLC44A1,gene,SLC44A1,SLC44A1,cluster:SLC44A1,cognitive_impairment,induces,monogenic,A,1.0,0.8,HPO genes_to_phenotype; diseases=OMIM:618868,True,1.0,0.0,1.0,5.0,OMIM:618868,1.0,1.0,2020-01-01,"[[""GENE:SLC44A1"", -1.0, 1.0]]",1,1,0,0.9997099799437312,grade
BRD4,gene,BRD4,BRD4,cluster:ARNT2,anxiety,induces,monogenic,A,1.0,0.545,HPO genes_to_phenotype; diseases=ORPHA:199,False,0.0,1.0,1.0,,ORPHA:199,1.0,0.0,,"[[""GENE:BRD4"", -1.0, 1.0]]",1,1,0,0.9994232502804609,grade
BRD4,gene,BRD4,BRD4,cluster:ARNT2,psychosis,induces,monogenic,A,0.36363636363636365,0.09090909090909091,HPO genes_to_phenotype; diseases=OMIM:620568,False,1.0,0.0,1.0,11.0,OMIM:620568,1.0,1.0,2024-04-01,"[[""GENE:BRD4"", -1.0, 1.0]]",1,1,0,0.9973879408228635,grade
ZFYVE26,gene,ZFYVE26,ZFYVE26,cluster:ZFYVE26,cognitive_impairment,induces,monogenic,A,1.0,0.545,HPO genes_to_phenotype; diseases=ORPHA:100996,False,0.0,1.0,3.0,,ORPHA:100996,1.0,0.0,,"[[""GENE:ZFYVE26"", -1.0, 1.0]]",3,3,0,0.9994232502804609,grade
ZFYVE26,gene,ZFYVE26,ZFYVE26,cluster:ZFYVE26,psychosis,induces,monogenic,A,1.0,,HPO genes_to_phenotype; diseases=OMIM:270700,False,1.0,0.0,1.0,,OMIM:270700,1.0,0.0,2009-02-17,"[[""GENE:ZFYVE26"", -1.0, 1.0]]",1,1,0,0.9961871887065212,grade
SLC39A14,gene,SLC39A14,SLC39A14,cluster:SLC39A14,irritability_or_aggression,induces,monogenic,A,1.0,0.3333333333333333,HPO genes_to_phenotype; diseases=OMIM:617013,True,1.0,0.0,1.0,9.0,OMIM:617013,1.0,1.0,2016-05-27,"[[""GENE:SLC39A14"", -1.0, 1.0]]",1,1,0,0.9997384406959443,grade
SRRM2,gene,SRRM2,SRRM2,cluster:SRRM2,anxiety,induces,monogenic,A,0.36363636363636365,0.09090909090909091,HPO genes_to_phenotype; diseases=OMIM:620439,False,1.0,0.0,1.0,22.0,OMIM:620439,1.0,1.0,2024-02-15,"[[""GENE:SRRM2"", -1.0, 1.0]]",1,1,0,0.9997748793976969,grade
CLCF1,gene,CLCF1,CLCF1,cluster:CLCF1,cognitive_impairment,induces,monogenic,A,1.0,0.545,HPO genes_to_phenotype; diseases=ORPHA:1545,True,0.0,1.0,1.0,,ORPHA:1545,1.0,0.0,,"[[""GENE:CLCF1"", -1.0, 1.0]]",1,1,0,0.9997730446598188,grade
NNT,gene,NNT,NNT,cluster:MC2R,fatigue,induces,monogenic,A,1.0,0.545,HPO genes_to_phenotype; diseases=ORPHA:361,True,0.0,1.0,1.0,,ORPHA:361,1.0,0.0,,"[[""GENE:NNT"", -1.0, 1.0]]",1,1,0,0.9997730446598188,grade
TNPO3,gene,TNPO3,TNPO3,cluster:BCL2,somnolence_or_hypersomnia,induces,monogenic,A,0.68,0.17,HPO genes_to_phenotype; diseases=ORPHA:186,False,0.0,1.0,1.0,,ORPHA:186,1.0,0.0,,"[[""GENE:TNPO3"", -1.0, 1.0]]",1,1,0,0.9997730446598188,grade
TNPO3,gene,TNPO3,TNPO3,cluster:BCL2,fatigue,induces,monogenic,A,0.68,0.17,HPO genes_to_phenotype; diseases=ORPHA:186,False,0.0,1.0,1.0,,ORPHA:186,1.0,0.0,,"[[""GENE:TNPO3"", -1.0, 1.0]]",1,1,0,0.9997730446598188,grade
ATP6V0A2,gene,ATP6V0A2,ATP6V0A2,cluster:ATP6V0A2,cognitive_impairment,induces,monogenic,A,1.0,0.895,HPO genes_to_phenotype; diseases=ORPHA:357074,True,0.0,1.0,1.0,,ORPHA:357074,1.0,0.0,,"[[""GENE:ATP6V0A2"", -1.0, 1.0]]",1,1,0,0.9997730446598188,grade
AMACR,gene,AMACR,AMACR,cluster:AMACR,cognitive_impairment,induces,monogenic,A,0.68,0.17,HPO genes_to_phenotype; diseases=ORPHA:79095,True,0.0,1.0,2.0,,ORPHA:79095,1.0,0.0,,"[[""GENE:AMACR"", -1.0, 1.0]]",2,2,0,0.9994232502804609,grade
AMACR,gene,AMACR,AMACR,cluster:AMACR,depressed_mood,induces,monogenic,A,1.0,1.0,HPO genes_to_phenotype; diseases=OMIM:614307;ORPHA:79095,True,1.0,1.0,2.0,1.0,OMIM:614307;ORPHA:79095,2.0,1.0,2004-07-13,"[[""GENE:AMACR"", -1.0, 1.0]]",2,2,0,0.9998934187245915,grade
CD2AP,gene,CD2AP,CD2AP,cluster:CD2AP,irritability_or_aggression,induces,monogenic,A,0.68,0.17,HPO genes_to_phenotype; diseases=ORPHA:656,False,0.0,1.0,1.0,,ORPHA:656,1.0,0.0,,"[[""GENE:CD2AP"", -1.0, 1.0]]",1,1,0,0.9997730446598188,grade
NAA80,gene,NAA80,NAA80,cluster:NAA80,fatigue,induces,monogenic,A,1.0,0.5,HPO genes_to_phenotype; diseases=OMIM:620830,True,1.0,0.0,1.0,2.0,OMIM:620830,1.0,1.0,2021-10-26,"[[""GENE:NAA80"", -1.0, 1.0]]",1,1,0,0.9996663476591036,grade
CIZ1,gene,CIZ1,CIZ1,cluster:CIZ1,anxiety,induces,monogenic,A,0.68,0.17,HPO genes_to_phenotype; diseases=ORPHA:420492,False,0.0,1.0,1.0,,ORPHA:420492,1.0,0.0,,"[[""GENE:CIZ1"", -1.0, 1.0]]",1,1,0,0.9997730446598188,grade
FBXO7,gene,FBXO7,FBXO7,cluster:ADH1C,cognitive_impairment,induces,monogenic,A,1.0,0.545,HPO genes_to_phenotype; diseases=ORPHA:171695,False,0.0,1.0,2.0,,ORPHA:171695,1.0,0.0,,"[[""GENE:FBXO7"", -1.0, 1.0]]",2,2,0,0.9997730446598188,grade
FBXO7,gene,FBXO7,FBXO7,cluster:ADH1C,psychosis,induces,monogenic,A,1.0,0.545,HPO genes_to_phenotype; diseases=ORPHA:171695,False,0.0,1.0,1.0,,ORPHA:171695,1.0,0.0,,"[[""GENE:FBXO7"", -1.0, 1.0]]",1,1,0,0.9997730446598188,grade
ATXN10,gene,ATXN10,ATXN10,cluster:ATXN10,depressed_mood,induces,monogenic,A,0.68,0.17,HPO genes_to_phenotype; diseases=OMIM:603516;ORPHA:98761,False,1.0,1.0,2.0,,OMIM:603516;ORPHA:98761,2.0,0.0,2009-02-17,"[[""GENE:ATXN10"", -1.0, 1.0]]",2,2,0,0.9998915873699763,grade
ATXN10,gene,ATXN10,ATXN10,cluster:ATXN10,irritability_or_aggression,induces,monogenic,A,0.68,0.17,HPO genes_to_phenotype; diseases=ORPHA:98761,False,0.0,1.0,1.0,,ORPHA:98761,1.0,0.0,,"[[""GENE:ATXN10"", -1.0, 1.0]]",1,1,0,0.9994232502804609,grade
ATXN10,gene,ATXN10,ATXN10,cluster:ATXN10,cognitive_impairment,induces,monogenic,A,1.0,,HPO genes_to_phenotype; diseases=OMIM:603516,False,1.0,0.0,1.0,,OMIM:603516,1.0,0.0,2009-02-17,"[[""GENE:ATXN10"", -1.0, 1.0]]",1,1,0,0.9961871887065212,grade
NIPBL,gene,NIPBL,NIPBL,cluster:ARNT2,anxiety,induces,monogenic,A,1.0,0.7368421052631579,HPO genes_to_phenotype; diseases=OMIM:122470;ORPHA:199,False,1.0,1.0,2.0,19.0,OMIM:122470;ORPHA:199,2.0,1.0,2024-11-23,"[[""GENE:NIPBL"", -1.0, 1.0]]",2,2,0,0.9999330975185755,grade
NIPBL,gene,NIPBL,NIPBL,cluster:ARNT2,irritability_or_aggression,induces,monogenic,A,1.0,0.5789473684210527,HPO genes_to_phenotype; diseases=OMIM:122470,False,1.0,0.0,1.0,19.0,OMIM:122470,1.0,1.0,2024-11-23,"[[""GENE:NIPBL"", -1.0, 1.0]]",1,1,0,0.9976437348749719,grade
WHRN,gene,WHRN,WHRN,cluster:ABCA3,anxiety,induces,monogenic,A,0.68,0.17,HPO genes_to_phenotype; diseases=ORPHA:231178,False,0.0,1.0,1.0,,ORPHA:231178,1.0,0.0,,"[[""GENE:WHRN"", -1.0, 1.0]]",1,1,0,0.9997730446598188,grade
WHRN,gene,WHRN,WHRN,cluster:ABCA3,depressed_mood,induces,monogenic,A,0.68,0.17,HPO genes_to_phenotype; diseases=ORPHA:231178,False,0.0,1.0,1.0,,ORPHA:231178,1.0,0.0,,"[[""GENE:WHRN"", -1.0, 1.0]]",1,1,0,0.9997730446598188,grade
WHRN,gene,WHRN,WHRN,cluster:ABCA3,fatigue,induces,monogenic,A,1.0,0.545,HPO genes_to_phenotype; diseases=ORPHA:231178,False,0.0,1.0,1.0,,ORPHA:231178,1.0,0.0,,"[[""GENE:WHRN"", -1.0, 1.0]]",1,1,0,0.9997730446598188,grade
POLR1A,gene,POLR1A,POLR1A,cluster:POLR1A,irritability_or_aggression,induces,monogenic,A,1.0,0.25,HPO genes_to_phenotype; diseases=OMIM:620675,True,1.0,0.0,1.0,4.0,OMIM:620675,2.0,2.0,2017-01-04,"[[""GENE:POLR1A"", -1.0, 1.0]]",1,1,0,0.9996990889216895,grade
SAMHD1,gene,SAMHD1,SAMHD1,cluster:ADAR,irritability_or_aggression,induces,monogenic,A,1.0,0.545,HPO genes_to_phenotype; diseases=OMIM:612952;ORPHA:51,False,1.0,1.0,2.0,16.0,OMIM:612952;ORPHA:51,2.0,1.0,2017-07-13,"[[""GENE:SAMHD1"", -1.0, 1.0]]",2,2,0,0.9999308620186134,grade
SIN3A,gene,SIN3A,SIN3A,cluster:SIN3A,anxiety,induces,monogenic,A,0.36363636363636365,0.09090909090909091,HPO genes_to_phenotype; diseases=OMIM:613406,False,1.0,0.0,1.0,11.0,OMIM:613406,1.0,1.0,2022-08-27,"[[""GENE:SIN3A"", -1.0, 1.0]]",1,1,0,0.9973879408228635,grade
SIN3A,gene,SIN3A,SIN3A,cluster:SIN3A,cognitive_impairment,induces,monogenic,A,0.68,0.17,HPO genes_to_phenotype; diseases=ORPHA:500166,False,0.0,1.0,1.0,,ORPHA:500166,1.0,0.0,,"[[""GENE:SIN3A"", -1.0, 1.0]]",1,1,0,0.9994232502804609,grade
SIN3A,gene,SIN3A,SIN3A,cluster:SIN3A,irritability_or_aggression,induces,monogenic,A,1.0,1.0,HPO genes_to_phenotype; diseases=OMIM:613406,False,1.0,0.0,1.0,1.0,OMIM:613406,1.0,1.0,2012-04-24,"[[""GENE:SIN3A"", -1.0, 1.0]]",1,1,0,0.9962513618179513,grade
SIN3A,gene,SIN3A,SIN3A,cluster:SIN3A,fatigue,induces,monogenic,A,0.36363636363636365,0.09090909090909091,HPO genes_to_phenotype; diseases=OMIM:613406,False,1.0,0.0,1.0,11.0,OMIM:613406,1.0,1.0,2022-08-27,"[[""GENE:SIN3A"", -1.0, 1.0]]",1,1,0,0.9973879408228635,grade
KANK2,gene,KANK2,KANK2,cluster:KANK2,irritability_or_aggression,induces,monogenic,A,0.68,0.17,HPO genes_to_phenotype; diseases=ORPHA:656,False,0.0,1.0,1.0,,ORPHA:656,1.0,0.0,,"[[""GENE:KANK2"", -1.0, 1.0]]",1,1,0,0.9997730446598188,grade
SH2B1,gene,SH2B1,SH2B1,cluster:SH2B1,irritability_or_aggression,induces,monogenic,A,1.0,0.545,HPO genes_to_phenotype; diseases=ORPHA:329249,False,0.0,1.0,1.0,,ORPHA:329249,1.0,0.0,,"[[""GENE:SH2B1"", -1.0, 1.0]]",1,1,0,0.9997730446598188,grade
MMACHC,gene,MMACHC,MMACHC,cluster:MMACHC,cognitive_impairment,induces,monogenic,A,0.68,0.17,HPO genes_to_phenotype; diseases=OMIM:277400;ORPHA:79282,False,1.0,1.0,7.0,,OMIM:277400;ORPHA:79282,2.0,0.0,2009-02-17,"[[""GENE:MMACHC"", -1.0, 1.0]]",7,7,0,0.9998915873699763,grade
MMACHC,gene,MMACHC,MMACHC,cluster:MMACHC,psychosis,induces,monogenic,A,0.68,0.17,HPO genes_to_phenotype; diseases=ORPHA:79282,False,0.0,1.0,2.0,,ORPHA:79282,1.0,0.0,,"[[""GENE:MMACHC"", -1.0, 1.0]]",2,2,0,0.9994232502804609,grade
NECAP1,gene,NECAP1,NECAP1,cluster:NECAP1,cognitive_impairment,induces,monogenic,A,0.68,0.17,HPO genes_to_phenotype; diseases=ORPHA:442835,False,0.0,1.0,1.0,,ORPHA:442835,1.0,0.0,,"[[""GENE:NECAP1"", -1.0, 1.0]]",1,1,0,0.9997730446598188,grade
NSMF,gene,NSMF,NSMF,cluster:ARNT2,anxiety,induces,monogenic,A,1.0,0.545,HPO genes_to_phenotype; diseases=ORPHA:432,False,0.0,1.0,1.0,,ORPHA:432,1.0,0.0,,"[[""GENE:NSMF"", -1.0, 1.0]]",1,1,0,0.9997730446598188,grade
NSMF,gene,NSMF,NSMF,cluster:ARNT2,depressed_mood,induces,monogenic,A,1.0,0.545,HPO genes_to_phenotype; diseases=ORPHA:432,False,0.0,1.0,1.0,,ORPHA:432,1.0,0.0,,"[[""GENE:NSMF"", -1.0, 1.0]]",1,1,0,0.9997730446598188,grade
CHD5,gene,CHD5,CHD5,cluster:CHD5,irritability_or_aggression,induces,monogenic,A,1.0,0.2727272727272727,HPO genes_to_phenotype; diseases=OMIM:619873,False,1.0,0.0,1.0,11.0,OMIM:619873,1.0,1.0,2022-08-13,"[[""GENE:CHD5"", -1.0, 1.0]]",1,1,0,0.9997479077991037,grade
SETBP1,gene,SETBP1,SETBP1,cluster:SETBP1,anxiety,induces,monogenic,A,0.9411764705882353,0.23529411764705882,HPO genes_to_phenotype; diseases=OMIM:616078,False,1.0,0.0,1.0,34.0,OMIM:616078,1.0,1.0,2022-07-01,"[[""GENE:SETBP1"", -1.0, 1.0]]",1,1,0,0.9997748793976969,grade
SETBP1,gene,SETBP1,SETBP1,cluster:SETBP1,irritability_or_aggression,induces,monogenic,A,0.8235294117647058,0.20588235294117646,HPO genes_to_phenotype; diseases=OMIM:616078,False,1.0,0.0,1.0,34.0,OMIM:616078,1.0,1.0,2022-07-01,"[[""GENE:SETBP1"", -1.0, 1.0]]",1,1,0,0.9997748793976969,grade
CNTNAP2,gene,CNTNAP2,CNTNAP2,cluster:CNTNAP2,cognitive_impairment,induces,monogenic,A,1.0,0.545,HPO genes_to_phenotype; diseases=ORPHA:163681,False,0.0,1.0,1.0,,ORPHA:163681,1.0,0.0,,"[[""GENE:CNTNAP2"", -1.0, 1.0]]",1,1,0,0.9994232502804609,grade
CNTNAP2,gene,CNTNAP2,CNTNAP2,cluster:CNTNAP2,irritability_or_aggression,induces,monogenic,A,1.0,0.42424242424242425,HPO genes_to_phenotype; diseases=OMIM:610042;ORPHA:163681,False,1.0,1.0,2.0,33.0,OMIM:610042;ORPHA:163681,10.0,9.0,2018-10-08,"[[""GENE:CNTNAP2"", -1.0, 1.0]]",2,2,0,0.9999337544286306,grade
GIGYF2,gene,GIGYF2,GIGYF2,cluster:ADH1C,cognitive_impairment,induces,monogenic,A,0.68,0.17,HPO genes_to_phenotype; diseases=ORPHA:411602,False,0.0,1.0,2.0,,ORPHA:411602,1.0,0.0,,"[[""GENE:GIGYF2"", -1.0, 1.0]]",2,2,0,0.9997730446598188,grade
GIGYF2,gene,GIGYF2,GIGYF2,cluster:ADH1C,psychosis,induces,monogenic,A,0.68,0.17,HPO genes_to_phenotype; diseases=ORPHA:411602,False,0.0,1.0,1.0,,ORPHA:411602,1.0,0.0,,"[[""GENE:GIGYF2"", -1.0, 1.0]]",1,1,0,0.9997730446598188,grade
GIGYF2,gene,GIGYF2,GIGYF2,cluster:ADH1C,depressed_mood,induces,monogenic,A,0.68,0.17,HPO genes_to_phenotype; diseases=ORPHA:411602,False,0.0,1.0,1.0,,ORPHA:411602,1.0,0.0,,"[[""GENE:GIGYF2"", -1.0, 1.0]]",1,1,0,0.9997730446598188,grade
GIGYF2,gene,GIGYF2,GIGYF2,cluster:ADH1C,psychomotor_agitation,induces,monogenic,A,0.68,0.17,HPO genes_to_phenotype; diseases=ORPHA:411602,False,0.0,1.0,1.0,,ORPHA:411602,1.0,0.0,,"[[""GENE:GIGYF2"", -1.0, 1.0]]",1,1,0,0.9997730446598188,grade
TANC2,gene,TANC2,TANC2,cluster:TANC2,anxiety,induces,monogenic,A,1.0,0.3333333333333333,HPO genes_to_phenotype; diseases=OMIM:618906,False,1.0,0.0,1.0,12.0,OMIM:618906,1.0,1.0,2020-08-13,"[[""GENE:TANC2"", -1.0, 1.0]]",1,1,0,0.9997519550861653,grade
GAPVD1,gene,GAPVD1,GAPVD1,cluster:GAPVD1,irritability_or_aggression,induces,monogenic,A,0.68,0.17,HPO genes_to_phenotype; diseases=ORPHA:656,False,0.0,1.0,1.0,,ORPHA:656,1.0,0.0,,"[[""GENE:GAPVD1"", -1.0, 1.0]]",1,1,0,0.9997730446598188,grade
ZBTB20,gene,ZBTB20,ZBTB20,cluster:ZBTB20,anxiety,induces,monogenic,A,0.8571428571428571,0.21428571428571427,HPO genes_to_phenotype; diseases=OMIM:259050,False,1.0,0.0,1.0,14.0,OMIM:259050,2.0,2.0,2021-08-20,"[[""GENE:ZBTB20"", -1.0, 1.0]]",1,1,0,0.9997590296450637,grade
ZBTB20,gene,ZBTB20,ZBTB20,cluster:ZBTB20,irritability_or_aggression,induces,monogenic,A,0.5,0.125,HPO genes_to_phenotype; diseases=OMIM:259050,False,1.0,0.0,1.0,8.0,OMIM:259050,1.0,1.0,2014-09-21,"[[""GENE:ZBTB20"", -1.0, 1.0]]",1,1,0,0.9997328086157783,grade
ZBTB20,gene,ZBTB20,ZBTB20,cluster:ZBTB20,psychomotor_agitation,induces,monogenic,A,0.68,0.17,HPO genes_to_phenotype; diseases=OMIM:259050,False,1.0,0.0,1.0,,OMIM:259050,1.0,0.0,2017-07-13,"[[""GENE:ZBTB20"", -1.0, 1.0]]",1,1,0,0.9997120224657162,grade
IFT172,gene,IFT172,IFT172,cluster:BBIP1,cognitive_impairment,induces,monogenic,A,1.0,0.545,HPO genes_to_phenotype; diseases=ORPHA:110,False,0.0,1.0,2.0,,ORPHA:110,1.0,0.0,,"[[""GENE:IFT172"", -1.0, 1.0]]",2,2,0,0.9997730446598188,grade
IFT172,gene,IFT172,IFT172,cluster:BBIP1,anxiety,induces,monogenic,A,0.68,0.17,HPO genes_to_phenotype; diseases=ORPHA:110,False,0.0,1.0,1.0,,ORPHA:110,1.0,0.0,,"[[""GENE:IFT172"", -1.0, 1.0]]",1,1,0,0.9997730446598188,grade
IFT172,gene,IFT172,IFT172,cluster:BBIP1,depressed_mood,induces,monogenic,A,1.0,0.545,HPO genes_to_phenotype; diseases=ORPHA:110,False,0.0,1.0,1.0,,ORPHA:110,1.0,0.0,,"[[""GENE:IFT172"", -1.0, 1.0]]",1,1,0,0.9997730446598188,grade
PTPN22,gene,PTPN22,PTPN22,cluster:BCL2,cognitive_impairment,induces,monogenic,A,1.0,0.895,HPO genes_to_phenotype; diseases=ORPHA:3437,False,0.0,1.0,1.0,,ORPHA:3437,1.0,0.0,,"[[""GENE:PTPN22"", -1.0, 1.0]]",1,1,0,0.9997730446598188,grade
PTPN22,gene,PTPN22,PTPN22,cluster:BCL2,psychosis,induces,monogenic,A,0.68,0.17,HPO genes_to_phenotype; diseases=ORPHA:397,False,0.0,1.0,1.0,,ORPHA:397,1.0,0.0,,"[[""GENE:PTPN22"", -1.0, 1.0]]",1,1,0,0.9997730446598188,grade
PTPN22,gene,PTPN22,PTPN22,cluster:BCL2,depressed_mood,induces,monogenic,A,1.0,0.545,HPO genes_to_phenotype; diseases=ORPHA:397;ORPHA:536,False,0.0,2.0,2.0,,ORPHA:397;ORPHA:536,2.0,0.0,,"[[""GENE:PTPN22"", -1.0, 1.0]]",2,2,0,0.9999332144392659,grade
PTPN22,gene,PTPN22,PTPN22,cluster:BCL2,fatigue,induces,monogenic,A,1.0,0.895,HPO genes_to_phenotype; diseases=ORPHA:397;ORPHA:536;ORPHA:900,False,0.0,3.0,3.0,,ORPHA:397;ORPHA:536;ORPHA:900,3.0,0.0,,"[[""GENE:PTPN22"", -1.0, 1.0]]",3,3,0,0.9999803494075916,grade
FBXL3,gene,FBXL3,FBXL3,cluster:FBXL3,irritability_or_aggression,induces,monogenic,A,0.5,0.125,HPO genes_to_phenotype; diseases=OMIM:606220,False,1.0,0.0,1.0,8.0,OMIM:606220,1.0,1.0,2022-09-11,"[[""GENE:FBXL3"", -1.0, 1.0]]",1,1,0,0.9997328086157783,grade
PHGDH,gene,PHGDH,PHGDH,cluster:PHGDH,irritability_or_aggression,induces,monogenic,A,0.68,0.17,HPO genes_to_phenotype; diseases=ORPHA:79351,True,0.0,1.0,1.0,,ORPHA:79351,1.0,0.0,,"[[""GENE:PHGDH"", -1.0, 1.0]]",1,1,0,0.9997730446598188,grade
HIBCH,gene,HIBCH,HIBCH,cluster:HIBCH,irritability_or_aggression,induces,monogenic,A,1.0,1.0,HPO genes_to_phenotype; diseases=OMIM:250620;ORPHA:88639,True,1.0,1.0,2.0,1.0,OMIM:250620;ORPHA:88639,2.0,1.0,2006-11-30,"[[""GENE:HIBCH"", -1.0, 1.0]]",2,2,0,0.9998934187245915,grade
AGO1,gene,AGO1,AGO1,cluster:AGO1,anxiety,induces,monogenic,A,1.0,0.875,HPO genes_to_phenotype; diseases=OMIM:620292,False,1.0,0.0,1.0,8.0,OMIM:620292,1.0,1.0,2023-06-24,"[[""GENE:AGO1"", -1.0, 1.0]]",1,1,0,0.9997328086157783,grade
AGO1,gene,AGO1,AGO1,cluster:AGO1,irritability_or_aggression,induces,monogenic,A,1.0,0.4583333333333333,HPO genes_to_phenotype; diseases=OMIM:620292,False,1.0,0.0,1.0,24.0,OMIM:620292,1.0,1.0,2023-06-24,"[[""GENE:AGO1"", -1.0, 1.0]]",1,1,0,0.9997748793976969,grade
IL36RN,gene,IL36RN,IL36RN,cluster:IL36RN,fatigue,induces,monogenic,A,1.0,0.545,HPO genes_to_phenotype; diseases=ORPHA:247353,False,0.0,1.0,1.0,,ORPHA:247353,1.0,0.0,,"[[""GENE:IL36RN"", -1.0, 1.0]]",1,1,0,0.9997730446598188,grade
SRPK3,gene,SRPK3,SRPK3,cluster:SRPK3,cognitive_impairment,induces,monogenic,A,1.0,0.6666666666666666,HPO genes_to_phenotype; diseases=OMIM:301134,True,1.0,0.0,1.0,3.0,OMIM:301134,1.0,1.0,2024-07-29,"[[""GENE:SRPK3"", -1.0, 1.0]]",1,1,0,0.9996852014177682,grade
BSCL2,gene,BSCL2,BSCL2,cluster:BSCL2,cognitive_impairment,induces,monogenic,A,1.0,0.895,HPO genes_to_phenotype; diseases=OMIM:615924;ORPHA:363400,True,1.0,1.0,2.0,,OMIM:615924;ORPHA:363400,2.0,0.0,2014-08-24,"[[""GENE:BSCL2"", -1.0, 1.0]]",2,2,0,0.9999152539456482,grade
TBL2,gene,TBL2,TBL2,cluster:BAZ1B,insomnia,induces,monogenic,A,1.0,0.545,HPO genes_to_phenotype; diseases=ORPHA:904,False,0.0,1.0,1.0,,ORPHA:904,1.0,0.0,,"[[""GENE:TBL2"", -1.0, 1.0]]",1,1,0,0.9997730446598188,grade
TBL2,gene,TBL2,TBL2,cluster:BAZ1B,anxiety,induces,monogenic,A,1.0,0.895,HPO genes_to_phenotype; diseases=ORPHA:904,False,0.0,1.0,1.0,,ORPHA:904,1.0,0.0,,"[[""GENE:TBL2"", -1.0, 1.0]]",1,1,0,0.9997730446598188,grade
TBL2,gene,TBL2,TBL2,cluster:BAZ1B,depressed_mood,induces,monogenic,A,1.0,0.895,HPO genes_to_phenotype; diseases=ORPHA:904,False,0.0,1.0,1.0,,ORPHA:904,1.0,0.0,,"[[""GENE:TBL2"", -1.0, 1.0]]",1,1,0,0.9997730446598188,grade
RPS6KC1,gene,RPS6KC1,RPS6KC1,cluster:RPS6KC1,cognitive_impairment,induces,monogenic,A,1.0,1.0,HPO genes_to_phenotype; diseases=OMIM:621460,False,1.0,0.0,1.0,1.0,OMIM:621460,1.0,1.0,2026-02-08,"[[""GENE:RPS6KC1"", -1.0, 1.0]]",1,1,0,0.99963784265969,grade
RPS6KC1,gene,RPS6KC1,RPS6KC1,cluster:RPS6KC1,anxiety,induces,monogenic,A,0.7272727272727273,0.18181818181818182,HPO genes_to_phenotype; diseases=OMIM:621460,False,1.0,0.0,1.0,11.0,OMIM:621460,1.0,1.0,2026-02-08,"[[""GENE:RPS6KC1"", -1.0, 1.0]]",1,1,0,0.9997479077991037,grade
RPS6KC1,gene,RPS6KC1,RPS6KC1,cluster:RPS6KC1,depressed_mood,induces,monogenic,A,0.3333333333333333,0.08333333333333333,HPO genes_to_phenotype; diseases=OMIM:621460,False,1.0,0.0,1.0,12.0,OMIM:621460,1.0,1.0,2026-02-08,"[[""GENE:RPS6KC1"", -1.0, 1.0]]",1,1,0,0.9997519550861653,grade
RPS6KC1,gene,RPS6KC1,RPS6KC1,cluster:RPS6KC1,irritability_or_aggression,induces,monogenic,A,1.0,0.25,HPO genes_to_phenotype; diseases=OMIM:621460,False,1.0,0.0,1.0,12.0,OMIM:621460,1.0,1.0,2026-02-08,"[[""GENE:RPS6KC1"", -1.0, 1.0]]",1,1,0,0.9997519550861653,grade
OPLAH,gene,OPLAH,OPLAH,cluster:OPLAH,somnolence_or_hypersomnia,induces,monogenic,A,0.68,0.17,HPO genes_to_phenotype; diseases=ORPHA:33572,True,0.0,1.0,1.0,,ORPHA:33572,1.0,0.0,,"[[""GENE:OPLAH"", -1.0, 1.0]]",1,1,0,0.9997730446598188,grade
NBEA,gene,NBEA,NBEA,cluster:NBEA,irritability_or_aggression,induces,monogenic,A,0.6666666666666666,0.16666666666666666,HPO genes_to_phenotype; diseases=OMIM:619157,False,1.0,0.0,1.0,24.0,OMIM:619157,1.0,1.0,2021-03-06,"[[""GENE:NBEA"", -1.0, 1.0]]",1,1,0,0.9997748793976969,grade
CYFIP2,gene,CYFIP2,CYFIP2,cluster:CYFIP2,cognitive_impairment,induces,monogenic,A,0.68,0.17,HPO genes_to_phenotype; diseases=ORPHA:442835,False,0.0,1.0,1.0,,ORPHA:442835,1.0,0.0,,"[[""GENE:CYFIP2"", -1.0, 1.0]]",1,1,0,0.9997730446598188,grade
ANKRD1,gene,ANKRD1,ANKRD1,cluster:ANKRD1,fatigue,induces,monogenic,A,1.0,0.545,HPO genes_to_phenotype; diseases=ORPHA:154,False,0.0,1.0,1.0,,ORPHA:154,1.0,0.0,,"[[""GENE:ANKRD1"", -1.0, 1.0]]",1,1,0,0.9997730446598188,grade
FOXP1,gene,FOXP1,FOXP1,cluster:BCL10,anxiety,induces,monogenic,A,1.0,1.0,HPO genes_to_phenotype; diseases=OMIM:613670;ORPHA:391372,False,1.0,1.0,2.0,2.0,OMIM:613670;ORPHA:391372,2.0,1.0,2020-12-13,"[[""GENE:FOXP1"", -1.0, 1.0]]",2,2,0,0.9999018095935599,grade
FOXP1,gene,FOXP1,FOXP1,cluster:BCL10,cognitive_impairment,induces,monogenic,A,1.0,0.545,HPO genes_to_phenotype; diseases=ORPHA:391372,False,0.0,1.0,1.0,,ORPHA:391372,1.0,0.0,,"[[""GENE:FOXP1"", -1.0, 1.0]]",1,1,0,0.9994232502804609,grade
FOXP1,gene,FOXP1,FOXP1,cluster:BCL10,irritability_or_aggression,induces,monogenic,A,1.0,1.0,HPO genes_to_phenotype; diseases=OMIM:613670,False,1.0,0.0,1.0,1.0,OMIM:613670,1.0,1.0,2012-10-17,"[[""GENE:FOXP1"", -1.0, 1.0]]",1,1,0,0.9962513618179513,grade
FOXP1,gene,FOXP1,FOXP1,cluster:BCL10,fatigue,induces,monogenic,A,1.0,0.895,HPO genes_to_phenotype; diseases=ORPHA:52417,False,0.0,1.0,1.0,,ORPHA:52417,1.0,0.0,,"[[""GENE:FOXP1"", -1.0, 1.0]]",1,1,0,0.9994232502804609,grade
UQCRQ,gene,UQCRQ,UQCRQ,cluster:UQCRQ,psychomotor_agitation,induces,monogenic,A,1.0,1.0,HPO genes_to_phenotype; diseases=OMIM:615159,True,1.0,0.0,1.0,20.0,OMIM:615159,1.0,1.0,2008-04-24,"[[""GENE:UQCRQ"", -1.0, 1.0]]",1,1,0,0.9997748793976969,grade
EIF2AK1,gene,EIF2AK1,EIF2AK1,cluster:EIF2AK1,anxiety,induces,monogenic,A,1.0,1.0,HPO genes_to_phenotype; diseases=OMIM:618878,False,1.0,0.0,1.0,1.0,OMIM:618878,1.0,1.0,2022-03-14,"[[""GENE:EIF2AK1"", -1.0, 1.0]]",1,1,0,0.99963784265969,grade
AGO2,gene,AGO2,AGO2,cluster:AGO2,irritability_or_aggression,induces,monogenic,A,0.9411764705882353,0.23529411764705882,HPO genes_to_phenotype; diseases=OMIM:619149,False,1.0,0.0,1.0,17.0,OMIM:619149,1.0,1.0,2021-02-28,"[[""GENE:AGO2"", -1.0, 1.0]]",1,1,0,0.9997677517071517,grade
COQ2,gene,COQ2,COQ2,cluster:APTX,cognitive_impairment,induces,monogenic,A,0.68,0.17,HPO genes_to_phenotype; diseases=OMIM:146500,True,1.0,0.0,1.0,,OMIM:146500,1.0,0.0,2010-06-20,"[[""GENE:COQ2"", -1.0, 1.0]]",1,1,0,0.9961871887065212,grade
COQ2,gene,COQ2,COQ2,cluster:APTX,anxiety,induces,monogenic,A,1.0,0.545,HPO genes_to_phenotype; diseases=ORPHA:227510;ORPHA:98933,True,0.0,2.0,2.0,,ORPHA:227510;ORPHA:98933,2.0,0.0,,"[[""GENE:COQ2"", -1.0, 1.0]]",2,2,0,0.9998302394354796,grade
COQ2,gene,COQ2,COQ2,cluster:APTX,depressed_mood,induces,monogenic,A,1.0,0.545,HPO genes_to_phenotype; diseases=ORPHA:227510;ORPHA:98933,True,0.0,2.0,2.0,,ORPHA:227510;ORPHA:98933,2.0,0.0,,"[[""GENE:COQ2"", -1.0, 1.0]]",2,2,0,0.9998302394354796,grade
COQ2,gene,COQ2,COQ2,cluster:APTX,fatigue,induces,monogenic,A,1.0,,HPO genes_to_phenotype; diseases=OMIM:607426,True,1.0,0.0,1.0,,OMIM:607426,1.0,0.0,2018-10-08,"[[""GENE:COQ2"", -1.0, 1.0]]",1,1,0,0.9961871887065212,grade
BBS9,gene,BBS9,BBS9,cluster:BBIP1,cognitive_impairment,induces,monogenic,A,1.0,0.545,HPO genes_to_phenotype; diseases=ORPHA:110,False,0.0,1.0,2.0,,ORPHA:110,1.0,0.0,,"[[""GENE:BBS9"", -1.0, 1.0]]",2,2,0,0.9997730446598188,grade
BBS9,gene,BBS9,BBS9,cluster:BBIP1,anxiety,induces,monogenic,A,0.68,0.17,HPO genes_to_phenotype; diseases=ORPHA:110,False,0.0,1.0,1.0,,ORPHA:110,1.0,0.0,,"[[""GENE:BBS9"", -1.0, 1.0]]",1,1,0,0.9997730446598188,grade
BBS9,gene,BBS9,BBS9,cluster:BBIP1,depressed_mood,induces,monogenic,A,1.0,0.545,HPO genes_to_phenotype; diseases=ORPHA:110,False,0.0,1.0,1.0,,ORPHA:110,1.0,0.0,,"[[""GENE:BBS9"", -1.0, 1.0]]",1,1,0,0.9997730446598188,grade
AHDC1,gene,AHDC1,AHDC1,cluster:AHDC1,anxiety,induces,monogenic,A,1.0,0.7142857142857143,HPO genes_to_phenotype; diseases=OMIM:615829,False,1.0,0.0,1.0,7.0,OMIM:615829,3.0,3.0,2025-03-05,"[[""GENE:AHDC1"", -1.0, 1.0]]",1,1,0,0.999726368839152,grade
AHDC1,gene,AHDC1,AHDC1,cluster:AHDC1,irritability_or_aggression,induces,monogenic,A,1.0,0.30434782608695654,HPO genes_to_phenotype; diseases=OMIM:615829,False,1.0,0.0,1.0,23.0,OMIM:615829,6.0,6.0,2025-03-05,"[[""GENE:AHDC1"", -1.0, 1.0]]",1,1,0,0.9997748793976969,grade
KLHL20,gene,KLHL20,KLHL20,cluster:KLHL20,irritability_or_aggression,induces,monogenic,A,1.0,0.6153846153846154,HPO genes_to_phenotype; diseases=OMIM:621390,False,1.0,0.0,1.0,13.0,OMIM:621390,1.0,1.0,2025-12-20,"[[""GENE:KLHL20"", -1.0, 1.0]]",1,1,0,0.9997556443495205,grade
SRPX2,gene,SRPX2,SRPX2,cluster:ABCA3,anxiety,induces,monogenic,A,0.68,0.17,HPO genes_to_phenotype; diseases=ORPHA:1945,False,0.0,1.0,1.0,,ORPHA:1945,1.0,0.0,,"[[""GENE:SRPX2"", -1.0, 1.0]]",1,1,0,0.9997730446598188,grade
SRPX2,gene,SRPX2,SRPX2,cluster:ABCA3,cognitive_impairment,induces,monogenic,A,0.68,0.17,HPO genes_to_phenotype; diseases=ORPHA:163721;ORPHA:1945,False,0.0,2.0,2.0,,ORPHA:163721;ORPHA:1945,2.0,0.0,,"[[""GENE:SRPX2"", -1.0, 1.0]]",2,2,0,0.9999332144392659,grade
SRPX2,gene,SRPX2,SRPX2,cluster:ABCA3,depressed_mood,induces,monogenic,A,0.68,0.17,HPO genes_to_phenotype; diseases=ORPHA:1945,False,0.0,1.0,1.0,,ORPHA:1945,1.0,0.0,,"[[""GENE:SRPX2"", -1.0, 1.0]]",1,1,0,0.9997730446598188,grade
HTRA2,gene,HTRA2,HTRA2,cluster:ADH1C,anxiety,induces,monogenic,A,0.68,0.17,HPO genes_to_phenotype; diseases=ORPHA:2828,False,0.0,1.0,2.0,,ORPHA:2828,1.0,0.0,,"[[""GENE:HTRA2"", -1.0, 1.0]]",2,2,0,0.9997730446598188,grade
HTRA2,gene,HTRA2,HTRA2,cluster:ADH1C,cognitive_impairment,induces,monogenic,A,0.68,0.17,HPO genes_to_phenotype; diseases=ORPHA:2828,False,0.0,1.0,4.0,,ORPHA:2828,1.0,0.0,,"[[""GENE:HTRA2"", -1.0, 1.0]]",4,4,0,0.9997730446598188,grade
HTRA2,gene,HTRA2,HTRA2,cluster:ADH1C,insomnia,induces,monogenic,A,0.68,0.17,HPO genes_to_phenotype; diseases=ORPHA:2828,False,0.0,1.0,1.0,,ORPHA:2828,1.0,0.0,,"[[""GENE:HTRA2"", -1.0, 1.0]]",1,1,0,0.9997730446598188,grade
HTRA2,gene,HTRA2,HTRA2,cluster:ADH1C,psychosis,induces,monogenic,A,1.0,0.545,HPO genes_to_phenotype; diseases=ORPHA:2828,False,0.0,1.0,1.0,,ORPHA:2828,1.0,0.0,,"[[""GENE:HTRA2"", -1.0, 1.0]]",1,1,0,0.9997730446598188,grade
HTRA2,gene,HTRA2,HTRA2,cluster:ADH1C,depressed_mood,induces,monogenic,A,1.0,0.545,HPO genes_to_phenotype; diseases=ORPHA:2828,False,0.0,1.0,1.0,,ORPHA:2828,1.0,0.0,,"[[""GENE:HTRA2"", -1.0, 1.0]]",1,1,0,0.9997730446598188,grade
HTRA2,gene,HTRA2,HTRA2,cluster:ADH1C,psychomotor_agitation,induces,monogenic,A,0.25,0.025,HPO genes_to_phenotype; diseases=ORPHA:2828,False,0.0,1.0,1.0,,ORPHA:2828,1.0,0.0,,"[[""GENE:HTRA2"", -1.0, 1.0]]",1,1,0,0.9997730446598188,grade
DLL1,gene,DLL1,DLL1,cluster:ARNT2,irritability_or_aggression,induces,monogenic,A,1.0,0.545,HPO genes_to_phenotype; diseases=ORPHA:220386;ORPHA:93924;ORPHA:93925;ORPHA:93926,False,0.0,4.0,4.0,,ORPHA:220386;ORPHA:93924;ORPHA:93925;ORPHA:93926,4.0,0.0,,"[[""GENE:DLL1"", -1.0, 1.0]]",4,4,0,0.9999942183170779,grade
DLL1,gene,DLL1,DLL1,cluster:ARNT2,anxiety,induces,monogenic,A,1.0,0.545,HPO genes_to_phenotype; diseases=ORPHA:220386;ORPHA:93924;ORPHA:93925;ORPHA:93926,False,0.0,4.0,4.0,,ORPHA:220386;ORPHA:93924;ORPHA:93925;ORPHA:93926,4.0,0.0,,"[[""GENE:DLL1"", -1.0, 1.0]]",4,4,0,0.9999942183170779,grade
DLL1,gene,DLL1,DLL1,cluster:ARNT2,cognitive_impairment,induces,monogenic,A,1.0,0.545,HPO genes_to_phenotype; diseases=ORPHA:280195,False,0.0,1.0,1.0,,ORPHA:280195,1.0,0.0,,"[[""GENE:DLL1"", -1.0, 1.0]]",1,1,0,0.9997730446598188,grade
DLL1,gene,DLL1,DLL1,cluster:ARNT2,depressed_mood,induces,monogenic,A,1.0,0.545,HPO genes_to_phenotype; diseases=ORPHA:220386;ORPHA:93924;ORPHA:93925;ORPHA:93926,False,0.0,4.0,4.0,,ORPHA:220386;ORPHA:93924;ORPHA:93925;ORPHA:93926,4.0,0.0,,"[[""GENE:DLL1"", -1.0, 1.0]]",4,4,0,0.9999942183170779,grade
COA3,gene,COA3,COA3,cluster:COA3,cognitive_impairment,induces,monogenic,A,1.0,1.0,HPO genes_to_phenotype; diseases=OMIM:619058,False,1.0,0.0,1.0,1.0,OMIM:619058,1.0,1.0,2020-12-06,"[[""GENE:COA3"", -1.0, 1.0]]",1,1,0,0.99963784265969,grade
OSTM1,gene,OSTM1,OSTM1,cluster:OSTM1,irritability_or_aggression,induces,monogenic,A,1.0,1.0,HPO genes_to_phenotype; diseases=OMIM:259720,False,1.0,0.0,1.0,1.0,OMIM:259720,1.0,1.0,2022-02-19,"[[""GENE:OSTM1"", -1.0, 1.0]]",1,1,0,0.99963784265969,grade
SETD2,gene,SETD2,SETD2,cluster:SETD2,anxiety,induces,monogenic,A,1.0,,HPO genes_to_phenotype; diseases=OMIM:616831,True,1.0,0.0,1.0,,OMIM:616831,1.0,0.0,2018-10-08,"[[""GENE:SETD2"", -1.0, 1.0]]",1,1,0,0.999631621434846,grade
SETD2,gene,SETD2,SETD2,cluster:SETD2,irritability_or_aggression,induces,monogenic,A,1.0,,HPO genes_to_phenotype; diseases=OMIM:616831,True,1.0,0.0,1.0,,OMIM:616831,1.0,1.0,2014-05-22,"[[""GENE:SETD2"", -1.0, 1.0]]",1,1,0,0.9997748793976969,grade
CFAP20,gene,CFAP20,CFAP20,cluster:CFAP20,cognitive_impairment,induces,monogenic,A,1.0,1.0,HPO genes_to_phenotype; diseases=OMIM:621587,False,1.0,0.0,1.0,1.0,OMIM:621587,1.0,1.0,2026-07-28,"[[""GENE:CFAP20"", -1.0, 1.0]]",1,1,0,0.99963784265969,grade
TBK1,gene,TBK1,TBK1,cluster:ADH1C,cognitive_impairment,induces,monogenic,A,1.0,0.895,HPO genes_to_phenotype; diseases=OMIM:616439;OMIM:617900;ORPHA:275872;ORPHA:803,False,2.0,2.0,6.0,,OMIM:616439;OMIM:617900;ORPHA:275872;ORPHA:803,4.0,0.0,2015-07-26,"[[""GENE:TBK1"", -1.0, 1.0]]",6,6,0,0.99998809000158,grade
TBK1,gene,TBK1,TBK1,cluster:ADH1C,somnolence_or_hypersomnia,induces,monogenic,A,0.68,0.17,HPO genes_to_phenotype; diseases=ORPHA:1930,False,0.0,1.0,1.0,,ORPHA:1930,1.0,0.0,,"[[""GENE:TBK1"", -1.0, 1.0]]",1,1,0,0.9994232502804609,grade
TBK1,gene,TBK1,TBK1,cluster:ADH1C,psychosis,induces,monogenic,A,1.0,0.545,HPO genes_to_phenotype; diseases=ORPHA:275872,False,0.0,1.0,1.0,,ORPHA:275872,1.0,0.0,,"[[""GENE:TBK1"", -1.0, 1.0]]",1,1,0,0.9994232502804609,grade
TBK1,gene,TBK1,TBK1,cluster:ADH1C,anxiety,induces,monogenic,A,1.0,0.545,HPO genes_to_phenotype; diseases=ORPHA:803,False,0.0,1.0,1.0,,ORPHA:803,1.0,0.0,,"[[""GENE:TBK1"", -1.0, 1.0]]",1,1,0,0.9994232502804609,grade
TBK1,gene,TBK1,TBK1,cluster:ADH1C,depressed_mood,induces,monogenic,A,1.0,0.545,HPO genes_to_phenotype; diseases=ORPHA:275872;ORPHA:803,False,0.0,2.0,2.0,,ORPHA:275872;ORPHA:803,2.0,0.0,,"[[""GENE:TBK1"", -1.0, 1.0]]",2,2,0,0.9998302394354796,grade
TBK1,gene,TBK1,TBK1,cluster:ADH1C,fatigue,induces,monogenic,A,1.0,0.545,HPO genes_to_phenotype; diseases=ORPHA:1930;ORPHA:803,False,0.0,2.0,2.0,,ORPHA:1930;ORPHA:803,2.0,0.0,,"[[""GENE:TBK1"", -1.0, 1.0]]",2,2,0,0.9998302394354796,grade
RACGAP1,gene,RACGAP1,RACGAP1,cluster:KIF23,fatigue,induces,monogenic,A,1.0,0.545,HPO genes_to_phenotype; diseases=ORPHA:98870,False,0.0,1.0,1.0,,ORPHA:98870,1.0,0.0,,"[[""GENE:RACGAP1"", -1.0, 1.0]]",1,1,0,0.9997730446598188,grade
BLNK,gene,BLNK,BLNK,cluster:BLNK,fatigue,induces,monogenic,A,1.0,0.895,HPO genes_to_phenotype; diseases=ORPHA:33110,False,0.0,1.0,1.0,,ORPHA:33110,1.0,0.0,,"[[""GENE:BLNK"", -1.0, 1.0]]",1,1,0,0.9997730446598188,grade
PYCR2,gene,PYCR2,PYCR2,cluster:PYCR2,irritability_or_aggression,induces,monogenic,A,0.68,0.17,HPO genes_to_phenotype; diseases=ORPHA:481152,True,0.0,1.0,2.0,,ORPHA:481152,1.0,0.0,,"[[""GENE:PYCR2"", -1.0, 1.0]]",2,2,0,0.9997730446598188,grade
GMPPB,gene,GMPPB,GMPPB,cluster:B3GALNT2,cognitive_impairment,induces,monogenic,A,1.0,0.895,HPO genes_to_phenotype; diseases=ORPHA:363623;ORPHA:588,True,0.0,2.0,2.0,,ORPHA:363623;ORPHA:588,2.0,0.0,,"[[""GENE:GMPPB"", -1.0, 1.0]]",2,2,0,0.9999332144392659,grade
POMT2,gene,POMT2,POMT2,cluster:B3GALNT2,somnolence_or_hypersomnia,induces,monogenic,A,1.0,,HPO genes_to_phenotype; diseases=OMIM:236670,True,1.0,0.0,1.0,,OMIM:236670,1.0,0.0,2009-02-17,"[[""GENE:POMT2"", -1.0, 1.0]]",1,1,0,0.9961871887065212,grade
POMT2,gene,POMT2,POMT2,cluster:B3GALNT2,cognitive_impairment,induces,monogenic,A,1.0,0.895,HPO genes_to_phenotype; diseases=ORPHA:206559;ORPHA:588,True,0.0,2.0,2.0,,ORPHA:206559;ORPHA:588,2.0,0.0,,"[[""GENE:POMT2"", -1.0, 1.0]]",2,2,0,0.9998302394354796,grade
LRP12,gene,LRP12,LRP12,cluster:LRP12,cognitive_impairment,induces,monogenic,A,1.0,0.545,HPO genes_to_phenotype; diseases=ORPHA:803,False,0.0,1.0,2.0,,ORPHA:803,1.0,0.0,,"[[""GENE:LRP12"", -1.0, 1.0]]",2,2,0,0.9997730446598188,grade
LRP12,gene,LRP12,LRP12,cluster:LRP12,anxiety,induces,monogenic,A,1.0,0.545,HPO genes_to_phenotype; diseases=ORPHA:803,False,0.0,1.0,1.0,,ORPHA:803,1.0,0.0,,"[[""GENE:LRP12"", -1.0, 1.0]]",1,1,0,0.9997730446598188,grade
LRP12,gene,LRP12,LRP12,cluster:LRP12,depressed_mood,induces,monogenic,A,1.0,0.545,HPO genes_to_phenotype; diseases=ORPHA:803,False,0.0,1.0,1.0,,ORPHA:803,1.0,0.0,,"[[""GENE:LRP12"", -1.0, 1.0]]",1,1,0,0.9997730446598188,grade
LRP12,gene,LRP12,LRP12,cluster:LRP12,fatigue,induces,monogenic,A,1.0,0.545,HPO genes_to_phenotype; diseases=ORPHA:803,False,0.0,1.0,1.0,,ORPHA:803,1.0,0.0,,"[[""GENE:LRP12"", -1.0, 1.0]]",1,1,0,0.9997730446598188,grade
UBQLN2,gene,UBQLN2,UBQLN2,cluster:ADH1C,cognitive_impairment,induces,monogenic,A,1.0,0.545,HPO genes_to_phenotype; diseases=OMIM:300857;ORPHA:300605;ORPHA:803,False,1.0,2.0,4.0,40.0,OMIM:300857;ORPHA:300605;ORPHA:803,3.0,0.0,2013-01-11,"[[""GENE:UBQLN2"", -1.0, 1.0]]",4,4,0,0.99996810036518,grade
UBQLN2,gene,UBQLN2,UBQLN2,cluster:ADH1C,anxiety,induces,monogenic,A,1.0,0.545,HPO genes_to_phenotype; diseases=ORPHA:803,False,0.0,1.0,1.0,,ORPHA:803,1.0,0.0,,"[[""GENE:UBQLN2"", -1.0, 1.0]]",1,1,0,0.9994232502804609,grade
UBQLN2,gene,UBQLN2,UBQLN2,cluster:ADH1C,depressed_mood,induces,monogenic,A,1.0,0.545,HPO genes_to_phenotype; diseases=ORPHA:803,False,0.0,1.0,1.0,,ORPHA:803,1.0,0.0,,"[[""GENE:UBQLN2"", -1.0, 1.0]]",1,1,0,0.9994232502804609,grade
UBQLN2,gene,UBQLN2,UBQLN2,cluster:ADH1C,fatigue,induces,monogenic,A,1.0,0.545,HPO genes_to_phenotype; diseases=ORPHA:803,False,0.0,1.0,1.0,,ORPHA:803,1.0,0.0,,"[[""GENE:UBQLN2"", -1.0, 1.0]]",1,1,0,0.9994232502804609,grade
SLC40A1,gene,SLC40A1,SLC40A1,cluster:SLC40A1,fatigue,induces,monogenic,A,0.4,0.1,HPO genes_to_phenotype; diseases=OMIM:606069,True,1.0,0.0,1.0,20.0,OMIM:606069,1.0,1.0,2001-07-01,"[[""GENE:SLC40A1"", -1.0, 1.0]]",1,1,0,0.9997748793976969,grade
RRM2B,gene,RRM2B,RRM2B,cluster:LIG3,cognitive_impairment,induces,monogenic,A,0.68,0.17,HPO genes_to_phenotype; diseases=ORPHA:254892;ORPHA:298;ORPHA:329336;ORPHA:480,True,0.0,4.0,5.0,,ORPHA:254892;ORPHA:298;ORPHA:329336;ORPHA:480,4.0,0.0,,"[[""GENE:RRM2B"", -1.0, 1.0]]",5,5,0,0.9999853023006585,grade
RRM2B,gene,RRM2B,RRM2B,cluster:LIG3,anxiety,induces,monogenic,A,0.68,0.17,HPO genes_to_phenotype; diseases=OMIM:613077;ORPHA:254892,True,1.0,1.0,2.0,,OMIM:613077;ORPHA:254892,2.0,0.0,2012-11-18,"[[""GENE:RRM2B"", -1.0, 1.0]]",2,2,0,0.9999152539456482,grade
RRM2B,gene,RRM2B,RRM2B,cluster:LIG3,depressed_mood,induces,monogenic,A,0.68,0.17,HPO genes_to_phenotype; diseases=OMIM:613077;ORPHA:254892,True,1.0,1.0,2.0,,OMIM:613077;ORPHA:254892,2.0,0.0,2015-12-30,"[[""GENE:RRM2B"", -1.0, 1.0]]",2,2,0,0.9999152539456482,grade
RRM2B,gene,RRM2B,RRM2B,cluster:LIG3,fatigue,induces,monogenic,A,1.0,0.7142857142857143,HPO genes_to_phenotype; diseases=OMIM:613077;ORPHA:254892,True,1.0,1.0,2.0,7.0,OMIM:613077;ORPHA:254892,2.0,1.0,2011-06-07,"[[""GENE:RRM2B"", -1.0, 1.0]]",2,2,0,0.999919476613192,grade
DUOX2,gene,DUOX2,DUOX2,cluster:DUOX2,somnolence_or_hypersomnia,induces,monogenic,A,0.68,0.17,HPO genes_to_phenotype; diseases=ORPHA:226316,True,0.0,1.0,1.0,,ORPHA:226316,1.0,0.0,,"[[""GENE:DUOX2"", -1.0, 1.0]]",1,1,0,0.9997730446598188,grade
PNPLA8,gene,PNPLA8,PNPLA8,cluster:PNPLA8,fatigue,induces,monogenic,A,1.0,1.0,HPO genes_to_phenotype; diseases=OMIM:251950,True,1.0,0.0,1.0,1.0,OMIM:251950,1.0,1.0,2015-03-01,"[[""GENE:PNPLA8"", -1.0, 1.0]]",1,1,0,0.99963784265969,grade
NSDHL,gene,NSDHL,NSDHL,cluster:NSDHL,irritability_or_aggression,induces,monogenic,A,1.0,0.895,HPO genes_to_phenotype; diseases=OMIM:300831;ORPHA:251383,True,1.0,1.0,4.0,,OMIM:300831;ORPHA:251383,2.0,0.0,2012-10-14,"[[""GENE:NSDHL"", -1.0, 1.0]]",4,4,0,0.9999152539456482,grade
CDON,gene,CDON,CDON,cluster:ARNT2,irritability_or_aggression,induces,monogenic,A,1.0,0.545,HPO genes_to_phenotype; diseases=ORPHA:220386;ORPHA:93924;ORPHA:93925;ORPHA:93926,False,0.0,4.0,4.0,,ORPHA:220386;ORPHA:93924;ORPHA:93925;ORPHA:93926,4.0,0.0,,"[[""GENE:CDON"", -1.0, 1.0]]",4,4,0,0.9999942183170779,grade
CDON,gene,CDON,CDON,cluster:ARNT2,anxiety,induces,monogenic,A,1.0,0.545,HPO genes_to_phenotype; diseases=ORPHA:220386;ORPHA:93924;ORPHA:93925;ORPHA:93926,False,0.0,4.0,4.0,,ORPHA:220386;ORPHA:93924;ORPHA:93925;ORPHA:93926,4.0,0.0,,"[[""GENE:CDON"", -1.0, 1.0]]",4,4,0,0.9999942183170779,grade
CDON,gene,CDON,CDON,cluster:ARNT2,cognitive_impairment,induces,monogenic,A,1.0,0.545,HPO genes_to_phenotype; diseases=ORPHA:280195,False,0.0,1.0,1.0,,ORPHA:280195,1.0,0.0,,"[[""GENE:CDON"", -1.0, 1.0]]",1,1,0,0.9997730446598188,grade
CDON,gene,CDON,CDON,cluster:ARNT2,depressed_mood,induces,monogenic,A,1.0,0.545,HPO genes_to_phenotype; diseases=ORPHA:220386;ORPHA:93924;ORPHA:93925;ORPHA:93926,False,0.0,4.0,4.0,,ORPHA:220386;ORPHA:93924;ORPHA:93925;ORPHA:93926,4.0,0.0,,"[[""GENE:CDON"", -1.0, 1.0]]",4,4,0,0.9999942183170779,grade
PDE11A,gene,PDE11A,PDE11A,cluster:PDE11A,cognitive_impairment,induces,monogenic,A,1.0,,HPO genes_to_phenotype; diseases=OMIM:610475,True,1.0,0.0,1.0,,OMIM:610475,1.0,0.0,2009-02-17,"[[""GENE:PDE11A"", -1.0, 1.0]]",1,1,0,0.999631621434846,grade
PDE11A,gene,PDE11A,PDE11A,cluster:PDE11A,anxiety,induces,monogenic,A,1.0,,HPO genes_to_phenotype; diseases=OMIM:610475,True,1.0,0.0,1.0,,OMIM:610475,1.0,0.0,2009-02-17,"[[""GENE:PDE11A"", -1.0, 1.0]]",1,1,0,0.999631621434846,grade
PDE11A,gene,PDE11A,PDE11A,cluster:PDE11A,depressed_mood,induces,monogenic,A,1.0,,HPO genes_to_phenotype; diseases=OMIM:610475,True,1.0,0.0,1.0,,OMIM:610475,1.0,0.0,2009-02-17,"[[""GENE:PDE11A"", -1.0, 1.0]]",1,1,0,0.999631621434846,grade
PDE11A,gene,PDE11A,PDE11A,cluster:PDE11A,psychomotor_agitation,induces,monogenic,A,1.0,,HPO genes_to_phenotype; diseases=OMIM:610475,True,1.0,0.0,1.0,,OMIM:610475,1.0,0.0,2009-02-17,"[[""GENE:PDE11A"", -1.0, 1.0]]",1,1,0,0.999631621434846,grade
PDE11A,gene,PDE11A,PDE11A,cluster:PDE11A,psychosis,induces,monogenic,A,1.0,,HPO genes_to_phenotype; diseases=OMIM:610475,True,1.0,0.0,1.0,,OMIM:610475,1.0,0.0,2009-02-17,"[[""GENE:PDE11A"", -1.0, 1.0]]",1,1,0,0.999631621434846,grade
SOST,gene,SOST,SOST,cluster:SOST,cognitive_impairment,induces,monogenic,A,1.0,,HPO genes_to_phenotype; diseases=OMIM:269500,False,1.0,0.0,1.0,,OMIM:269500,1.0,0.0,2009-02-17,"[[""GENE:SOST"", -1.0, 1.0]]",1,1,0,0.999631621434846,grade
MLXIPL,gene,MLXIPL,MLXIPL,cluster:BAZ1B,anxiety,induces,monogenic,A,1.0,0.8,HPO genes_to_phenotype; diseases=OMIM:194050,False,1.0,0.0,1.0,,OMIM:194050,1.0,1.0,2010-04-29,"[[""GENE:MLXIPL"", -1.0, 1.0]]",1,1,0,0.9997748793976969,grade
MLXIPL,gene,MLXIPL,MLXIPL,cluster:BAZ1B,cognitive_impairment,induces,monogenic,A,1.0,0.545,HPO genes_to_phenotype; diseases=OMIM:194050,False,1.0,0.0,1.0,,OMIM:194050,1.0,1.0,2010-04-29,"[[""GENE:MLXIPL"", -1.0, 1.0]]",1,1,0,0.9997748793976969,grade
KMT5B,gene,KMT5B,KMT5B,cluster:KMT5B,irritability_or_aggression,induces,monogenic,A,0.5714285714285714,0.14285714285714285,HPO genes_to_phenotype; diseases=OMIM:617788,True,1.0,0.0,1.0,7.0,OMIM:617788,1.0,1.0,2017-02-13,"[[""GENE:KMT5B"", -1.0, 1.0]]",1,1,0,0.999726368839152,grade
KMT5B,gene,KMT5B,KMT5B,cluster:KMT5B,insomnia,induces,monogenic,A,1.0,0.2857142857142857,HPO genes_to_phenotype; diseases=OMIM:617788,True,1.0,0.0,1.0,7.0,OMIM:617788,1.0,1.0,2017-02-13,"[[""GENE:KMT5B"", -1.0, 1.0]]",1,1,0,0.999726368839152,grade
ZDHHC9,gene,ZDHHC9,ZDHHC9,cluster:MED12,psychosis,induces,monogenic,A,0.68,0.17,HPO genes_to_phenotype; diseases=ORPHA:776,True,0.0,1.0,2.0,,ORPHA:776,1.0,0.0,,"[[""GENE:ZDHHC9"", -1.0, 1.0]]",2,2,0,0.9997730446598188,grade
SBDS,gene,SBDS,SBDS,cluster:EFL1,cognitive_impairment,induces,monogenic,A,0.68,0.17,HPO genes_to_phenotype; diseases=ORPHA:811,False,0.0,1.0,1.0,,ORPHA:811,1.0,0.0,,"[[""GENE:SBDS"", -1.0, 1.0]]",1,1,0,0.9997730446598188,grade
RLIM,gene,RLIM,RLIM,cluster:RLIM,anxiety,induces,monogenic,A,1.0,,HPO genes_to_phenotype; diseases=OMIM:300978,False,1.0,0.0,1.0,,OMIM:300978,1.0,0.0,2019-02-22,"[[""GENE:RLIM"", -1.0, 1.0]]",1,1,0,0.999631621434846,grade
RLIM,gene,RLIM,RLIM,cluster:RLIM,irritability_or_aggression,induces,monogenic,A,1.0,,HPO genes_to_phenotype; diseases=OMIM:300978,False,1.0,0.0,1.0,,OMIM:300978,1.0,0.0,2019-02-22,"[[""GENE:RLIM"", -1.0, 1.0]]",1,1,0,0.999631621434846,grade
CHCHD2,gene,CHCHD2,CHCHD2,cluster:CHCHD2,psychosis,induces,monogenic,A,0.25,0.0,HPO genes_to_phenotype; diseases=OMIM:616710,False,1.0,0.0,1.0,12.0,OMIM:616710,1.0,1.0,2023-05-21,"[[""GENE:CHCHD2"", -1.0, 1.0]]",1,0,1,0.9981808809278211,grade
CHCHD2,gene,CHCHD2,CHCHD2,cluster:CHCHD2,depressed_mood,induces,monogenic,A,0.3333333333333333,0.08333333333333333,HPO genes_to_phenotype; diseases=OMIM:616710,False,1.0,0.0,1.0,12.0,OMIM:616710,1.0,1.0,2023-05-21,"[[""GENE:CHCHD2"", -1.0, 1.0]]",1,1,0,0.9997519550861653,grade
CHCHD2,gene,CHCHD2,CHCHD2,cluster:CHCHD2,cognitive_impairment,induces,monogenic,A,0.25,0.0,HPO genes_to_phenotype; diseases=OMIM:616710,False,1.0,0.0,1.0,12.0,OMIM:616710,1.0,1.0,2023-05-21,"[[""GENE:CHCHD2"", -1.0, 1.0]]",1,0,1,0.9981808809278211,grade
DCTN4,gene,DCTN4,DCTN4,cluster:BAZ1B,anxiety,induces,monogenic,A,0.68,0.17,HPO genes_to_phenotype; diseases=ORPHA:586,False,0.0,1.0,1.0,,ORPHA:586,1.0,0.0,,"[[""GENE:DCTN4"", -1.0, 1.0]]",1,1,0,0.9997730446598188,grade
DCTN4,gene,DCTN4,DCTN4,cluster:BAZ1B,depressed_mood,induces,monogenic,A,0.68,0.17,HPO genes_to_phenotype; diseases=ORPHA:586,False,0.0,1.0,1.0,,ORPHA:586,1.0,0.0,,"[[""GENE:DCTN4"", -1.0, 1.0]]",1,1,0,0.9997730446598188,grade
PLCE1,gene,PLCE1,PLCE1,cluster:PLCE1,irritability_or_aggression,induces,monogenic,A,0.68,0.17,HPO genes_to_phenotype; diseases=ORPHA:656,True,0.0,1.0,1.0,,ORPHA:656,1.0,0.0,,"[[""GENE:PLCE1"", -1.0, 1.0]]",1,1,0,0.9997730446598188,grade
NIN,gene,NIN,NIN,cluster:ATR,cognitive_impairment,induces,monogenic,A,1.0,0.895,HPO genes_to_phenotype; diseases=ORPHA:808,False,0.0,1.0,1.0,,ORPHA:808,1.0,0.0,,"[[""GENE:NIN"", -1.0, 1.0]]",1,1,0,0.9997730446598188,grade
GLRX5,gene,GLRX5,GLRX5,cluster:GLRX5,cognitive_impairment,induces,monogenic,A,1.0,0.545,HPO genes_to_phenotype; diseases=ORPHA:401866,True,0.0,1.0,2.0,,ORPHA:401866,1.0,0.0,,"[[""GENE:GLRX5"", -1.0, 1.0]]",2,1,1,0.998525793692923,grade
GLRX5,gene,GLRX5,GLRX5,cluster:GLRX5,irritability_or_aggression,induces,monogenic,A,0.68,0.17,HPO genes_to_phenotype; diseases=ORPHA:401866,True,0.0,1.0,1.0,,ORPHA:401866,1.0,0.0,,"[[""GENE:GLRX5"", -1.0, 1.0]]",1,1,0,0.9997730446598188,grade
TBC1D7,gene,TBC1D7,TBC1D7,cluster:TBC1D7,depressed_mood,induces,monogenic,A,1.0,,HPO genes_to_phenotype; diseases=OMIM:248000,False,1.0,0.0,1.0,,OMIM:248000,1.0,0.0,2015-12-30,"[[""GENE:TBC1D7"", -1.0, 1.0]]",1,1,0,0.9997120224657162,grade
TBC1D7,gene,TBC1D7,TBC1D7,cluster:TBC1D7,psychosis,induces,monogenic,A,1.0,1.0,HPO genes_to_phenotype; diseases=OMIM:248000,False,1.0,0.0,1.0,2.0,OMIM:248000,1.0,1.0,2014-08-24,"[[""GENE:TBC1D7"", -1.0, 1.0]]",1,1,0,0.9996663476591036,grade
TLR7,gene,TLR7,TLR7,cluster:TLR7,anxiety,induces,monogenic,A,1.0,0.3333333333333333,HPO genes_to_phenotype; diseases=OMIM:301080,False,1.0,0.0,1.0,3.0,OMIM:301080,1.0,1.0,2022-07-11,"[[""GENE:TLR7"", -1.0, 1.0]]",1,1,0,0.9967401213207226,grade
TLR7,gene,TLR7,TLR7,cluster:TLR7,depressed_mood,induces,monogenic,A,0.68,0.17,HPO genes_to_phenotype; diseases=ORPHA:536,False,0.0,1.0,1.0,,ORPHA:536,1.0,0.0,,"[[""GENE:TLR7"", -1.0, 1.0]]",1,1,0,0.9994232502804609,grade
TLR7,gene,TLR7,TLR7,cluster:TLR7,fatigue,induces,monogenic,A,1.0,0.895,HPO genes_to_phenotype; diseases=ORPHA:536,False,0.0,1.0,1.0,,ORPHA:536,1.0,0.0,,"[[""GENE:TLR7"", -1.0, 1.0]]",1,1,0,0.9994232502804609,grade
REEP2,gene,REEP2,REEP2,cluster:REEP2,cognitive_impairment,induces,monogenic,A,0.68,0.17,HPO genes_to_phenotype; diseases=ORPHA:401849,False,0.0,1.0,1.0,,ORPHA:401849,1.0,0.0,,"[[""GENE:REEP2"", -1.0, 1.0]]",1,1,0,0.9997730446598188,grade
PHF21A,gene,PHF21A,PHF21A,cluster:PHF21A,anxiety,induces,monogenic,A,1.0,0.8,HPO genes_to_phenotype; diseases=OMIM:618725,False,1.0,0.0,1.0,5.0,OMIM:618725,1.0,1.0,2020-07-14,"[[""GENE:PHF21A"", -1.0, 1.0]]",1,1,0,0.9997099799437312,grade
WAC,gene,WAC,WAC,cluster:WAC,anxiety,induces,monogenic,A,1.0,0.545,HPO genes_to_phenotype; diseases=OMIM:616708;ORPHA:284169;ORPHA:466950,False,1.0,2.0,3.0,,OMIM:616708;ORPHA:284169;ORPHA:466950,3.0,0.0,2017-07-13,"[[""GENE:WAC"", -1.0, 1.0]]",3,3,0,0.9999750645009944,grade
WAC,gene,WAC,WAC,cluster:WAC,irritability_or_aggression,induces,monogenic,A,1.0,0.545,HPO genes_to_phenotype; diseases=OMIM:616708;ORPHA:284169;ORPHA:466950,False,1.0,2.0,3.0,,OMIM:616708;ORPHA:284169;ORPHA:466950,3.0,0.0,2017-07-13,"[[""GENE:WAC"", -1.0, 1.0]]",3,3,0,0.9999750645009944,grade
WAC,gene,WAC,WAC,cluster:WAC,psychomotor_agitation,induces,monogenic,A,1.0,,HPO genes_to_phenotype; diseases=OMIM:616708,False,1.0,0.0,1.0,,OMIM:616708,1.0,0.0,2017-07-13,"[[""GENE:WAC"", -1.0, 1.0]]",1,1,0,0.997017116436691,grade
SPG21,gene,SPG21,SPG21,cluster:SPG21,cognitive_impairment,induces,monogenic,A,1.0,1.0,HPO genes_to_phenotype; diseases=OMIM:248900;ORPHA:101001,False,1.0,1.0,3.0,14.0,OMIM:248900;ORPHA:101001,2.0,1.0,2010-06-20,"[[""GENE:SPG21"", -1.0, 1.0]]",3,3,0,0.9999290895756123,grade
FZR1,gene,FZR1,FZR1,cluster:FZR1,cognitive_impairment,induces,monogenic,A,0.68,0.17,HPO genes_to_phenotype; diseases=ORPHA:442835,False,0.0,1.0,1.0,,ORPHA:442835,1.0,0.0,,"[[""GENE:FZR1"", -1.0, 1.0]]",1,1,0,0.9997730446598188,grade
MBTPS2,gene,MBTPS2,MBTPS2,cluster:MBTPS2,cognitive_impairment,induces,monogenic,A,1.0,0.545,HPO genes_to_phenotype; diseases=ORPHA:2273,False,0.0,1.0,2.0,,ORPHA:2273,1.0,0.0,,"[[""GENE:MBTPS2"", -1.0, 1.0]]",2,2,0,0.9997730446598188,grade
UBR5,gene,UBR5,UBR5,cluster:UBR5,anxiety,induces,monogenic,A,1.0,1.0,HPO genes_to_phenotype; diseases=OMIM:621372,True,1.0,0.0,1.0,3.0,OMIM:621372,1.0,1.0,2024-12-24,"[[""GENE:UBR5"", -1.0, 1.0]]",1,1,0,0.9996852014177682,grade
UBR5,gene,UBR5,UBR5,cluster:UBR5,psychomotor_agitation,induces,monogenic,A,1.0,1.0,HPO genes_to_phenotype; diseases=OMIM:621372,True,1.0,0.0,1.0,2.0,OMIM:621372,1.0,1.0,2024-12-24,"[[""GENE:UBR5"", -1.0, 1.0]]",1,1,0,0.9996663476591036,grade
ACTL6B,gene,ACTL6B,ACTL6B,cluster:ACTL6B,cognitive_impairment,induces,monogenic,A,0.68,0.17,HPO genes_to_phenotype; diseases=ORPHA:442835,False,0.0,1.0,1.0,,ORPHA:442835,1.0,0.0,,"[[""GENE:ACTL6B"", -1.0, 1.0]]",1,1,0,0.9997730446598188,grade
DCDC2,gene,DCDC2,DCDC2,cluster:DCDC2,irritability_or_aggression,induces,monogenic,A,0.68,0.17,HPO genes_to_phenotype; diseases=ORPHA:84081,False,0.0,1.0,1.0,,ORPHA:84081,1.0,0.0,,"[[""GENE:DCDC2"", -1.0, 1.0]]",1,1,0,0.9997730446598188,grade
DCDC2,gene,DCDC2,DCDC2,cluster:DCDC2,psychomotor_agitation,induces,monogenic,A,0.68,0.17,HPO genes_to_phenotype; diseases=ORPHA:84081,False,0.0,1.0,1.0,,ORPHA:84081,1.0,0.0,,"[[""GENE:DCDC2"", -1.0, 1.0]]",1,1,0,0.9997730446598188,grade
JKAMP,gene,JKAMP,JKAMP,cluster:JKAMP,irritability_or_aggression,induces,monogenic,A,1.0,1.0,HPO genes_to_phenotype; diseases=OMIM:621533,False,1.0,0.0,1.0,1.0,OMIM:621533,1.0,1.0,2026-06-20,"[[""GENE:JKAMP"", -1.0, 1.0]]",1,1,0,0.99963784265969,grade
JKAMP,gene,JKAMP,JKAMP,cluster:JKAMP,insomnia,induces,monogenic,A,1.0,1.0,HPO genes_to_phenotype; diseases=OMIM:621533,False,1.0,0.0,1.0,1.0,OMIM:621533,1.0,1.0,2026-06-20,"[[""GENE:JKAMP"", -1.0, 1.0]]",1,1,0,0.99963784265969,grade
TDP2,gene,TDP2,TDP2,cluster:TDP2,somnolence_or_hypersomnia,induces,monogenic,A,1.0,,HPO genes_to_phenotype; diseases=OMIM:616949,False,1.0,0.0,1.0,,OMIM:616949,1.0,0.0,2019-04-18,"[[""GENE:TDP2"", -1.0, 1.0]]",1,1,0,0.999631621434846,grade
LARP7,gene,LARP7,LARP7,cluster:LARP7,anxiety,induces,monogenic,A,1.0,0.545,HPO genes_to_phenotype; diseases=OMIM:615071;ORPHA:319671,False,1.0,1.0,2.0,,OMIM:615071;ORPHA:319671,2.0,0.0,2019-09-07,"[[""GENE:LARP7"", -1.0, 1.0]]",2,2,0,0.9998915873699763,grade
PIGT,gene,PIGT,PIGT,cluster:PIGT,fatigue,induces,monogenic,A,1.0,1.0,HPO genes_to_phenotype; diseases=OMIM:615399,True,1.0,0.0,1.0,1.0,OMIM:615399,1.0,1.0,2013-06-03,"[[""GENE:PIGT"", -1.0, 1.0]]",1,1,0,0.99963784265969,grade
SUFU,gene,SUFU,SUFU,cluster:ABCA3,somnolence_or_hypersomnia,induces,monogenic,A,0.25,0.025,HPO genes_to_phenotype; diseases=ORPHA:2495,False,0.0,1.0,1.0,,ORPHA:2495,1.0,0.0,,"[[""GENE:SUFU"", -1.0, 1.0]]",1,1,0,0.9997730446598188,grade
SUFU,gene,SUFU,SUFU,cluster:ABCA3,cognitive_impairment,induces,monogenic,A,0.68,0.17,HPO genes_to_phenotype; diseases=ORPHA:2495,False,0.0,1.0,3.0,,ORPHA:2495,1.0,0.0,,"[[""GENE:SUFU"", -1.0, 1.0]]",3,3,0,0.9997730446598188,grade
LSM7,gene,LSM7,LSM7,cluster:LSM7,irritability_or_aggression,induces,monogenic,A,1.0,1.0,HPO genes_to_phenotype; diseases=OMIM:621191,False,1.0,0.0,1.0,1.0,OMIM:621191,1.0,1.0,2025-12-24,"[[""GENE:LSM7"", -1.0, 1.0]]",1,1,0,0.99963784265969,grade
LSM7,gene,LSM7,LSM7,cluster:LSM7,anxiety,induces,monogenic,A,1.0,1.0,HPO genes_to_phenotype; diseases=OMIM:621191,False,1.0,0.0,1.0,1.0,OMIM:621191,1.0,1.0,2025-12-24,"[[""GENE:LSM7"", -1.0, 1.0]]",1,1,0,0.99963784265969,grade
POLR3K,gene,POLR3K,POLR3K,cluster:POLR3K,cognitive_impairment,induces,monogenic,A,1.0,1.0,HPO genes_to_phenotype; diseases=OMIM:619310,True,1.0,0.0,1.0,1.0,OMIM:619310,1.0,1.0,2018-12-03,"[[""GENE:POLR3K"", -1.0, 1.0]]",1,1,0,0.99963784265969,grade
CD244,gene,CD244,CD244,cluster:BCL2,fatigue,induces,monogenic,A,1.0,,HPO genes_to_phenotype; diseases=OMIM:180300,False,1.0,0.0,1.0,,OMIM:180300,1.0,1.0,1998-05-01,"[[""GENE:CD244"", -1.0, 1.0]]",1,1,0,0.9997748793976969,grade
RTEL1,gene,RTEL1,RTEL1,cluster:ABCA3,fatigue,induces,monogenic,A,1.0,0.545,HPO genes_to_phenotype; diseases=ORPHA:2032,False,0.0,1.0,1.0,,ORPHA:2032,1.0,0.0,,"[[""GENE:RTEL1"", -1.0, 1.0]]",1,1,0,0.9997730446598188,grade
ERAP1,gene,ERAP1,ERAP1,cluster:BCL2,cognitive_impairment,induces,monogenic,A,1.0,0.545,HPO genes_to_phenotype; diseases=ORPHA:117,False,0.0,1.0,2.0,,ORPHA:117,1.0,0.0,,"[[""GENE:ERAP1"", -1.0, 1.0]]",2,2,0,0.9997730446598188,grade
ERAP1,gene,ERAP1,ERAP1,cluster:BCL2,irritability_or_aggression,induces,monogenic,A,0.68,0.17,HPO genes_to_phenotype; diseases=ORPHA:117,False,0.0,1.0,1.0,,ORPHA:117,1.0,0.0,,"[[""GENE:ERAP1"", -1.0, 1.0]]",1,1,0,0.9997730446598188,grade
ERAP1,gene,ERAP1,ERAP1,cluster:BCL2,fatigue,induces,monogenic,A,1.0,0.895,HPO genes_to_phenotype; diseases=ORPHA:117,False,0.0,1.0,1.0,,ORPHA:117,1.0,0.0,,"[[""GENE:ERAP1"", -1.0, 1.0]]",1,1,0,0.9997730446598188,grade
MAP3K20,gene,MAP3K20,MAP3K20,cluster:ACTA1,fatigue,induces,monogenic,A,1.0,0.545,HPO genes_to_phenotype; diseases=ORPHA:2020,False,0.0,1.0,1.0,,ORPHA:2020,1.0,0.0,,"[[""GENE:MAP3K20"", -1.0, 1.0]]",1,1,0,0.9997730446598188,grade
KDM3B,gene,KDM3B,KDM3B,cluster:KDM3B,irritability_or_aggression,induces,monogenic,A,0.26666666666666666,0.06666666666666667,HPO genes_to_phenotype; diseases=OMIM:618846,False,1.0,0.0,1.0,15.0,OMIM:618846,1.0,1.0,2020-06-28,"[[""GENE:KDM3B"", -1.0, 1.0]]",1,1,0,0.9997621539193791,grade
ADA2,gene,ADA2,ADA2,cluster:ADA2,cognitive_impairment,induces,monogenic,A,1.0,0.895,HPO genes_to_phenotype; diseases=OMIM:182410;ORPHA:820,True,1.0,1.0,6.0,,OMIM:182410;ORPHA:820,2.0,0.0,2010-06-18,"[[""GENE:ADA2"", -1.0, 1.0]]",6,6,0,0.9998915873699763,grade
ADA2,gene,ADA2,ADA2,cluster:ADA2,depressed_mood,induces,monogenic,A,0.68,0.17,HPO genes_to_phenotype; diseases=ORPHA:820,True,0.0,1.0,1.0,,ORPHA:820,1.0,0.0,,"[[""GENE:ADA2"", -1.0, 1.0]]",1,1,0,0.9994232502804609,grade
ADA2,gene,ADA2,ADA2,cluster:ADA2,psychomotor_agitation,induces,monogenic,A,1.0,,HPO genes_to_phenotype; diseases=OMIM:615688,True,1.0,0.0,1.0,,OMIM:615688,1.0,0.0,2014-04-13,"[[""GENE:ADA2"", -1.0, 1.0]]",1,1,0,0.997017116436691,grade
TREM2,gene,TREM2,TREM2,cluster:ADH1C,cognitive_impairment,induces,monogenic,A,1.0,1.0,HPO genes_to_phenotype; diseases=OMIM:221770;OMIM:615080;OMIM:618193;ORPHA:100069;ORPHA:100070;ORPHA:1020;ORPHA:275864;ORPHA:2770;ORPHA:803,False,3.0,6.0,21.0,6.0,OMIM:221770;OMIM:615080;OMIM:618193;ORPHA:100069;ORPHA:100070;ORPHA:1020;ORPHA:275864;ORPHA:2770;ORPHA:803,10.0,2.0,2009-02-17,"[[""GENE:TREM2"", -1.0, 1.0]]",21,21,0,0.9999999801247246,grade
TREM2,gene,TREM2,TREM2,cluster:ADH1C,psychosis,induces,monogenic,A,1.0,0.895,HPO genes_to_phenotype; diseases=ORPHA:1020;ORPHA:275864,False,0.0,2.0,2.0,,ORPHA:1020;ORPHA:275864,2.0,0.0,,"[[""GENE:TREM2"", -1.0, 1.0]]",2,2,0,0.9998302394354796,grade
TREM2,gene,TREM2,TREM2,cluster:ADH1C,irritability_or_aggression,induces,monogenic,A,1.0,0.895,HPO genes_to_phenotype; diseases=OMIM:221770;ORPHA:275864;ORPHA:2770,False,1.0,2.0,4.0,,OMIM:221770;ORPHA:275864;ORPHA:2770,3.0,0.0,2009-02-17,"[[""GENE:TREM2"", -1.0, 1.0]]",4,4,0,0.99996810036518,grade
TREM2,gene,TREM2,TREM2,cluster:ADH1C,anxiety,induces,monogenic,A,1.0,0.545,HPO genes_to_phenotype; diseases=ORPHA:100070;ORPHA:803,False,0.0,2.0,2.0,,ORPHA:100070;ORPHA:803,2.0,0.0,,"[[""GENE:TREM2"", -1.0, 1.0]]",2,2,0,0.9998302394354796,grade
TREM2,gene,TREM2,TREM2,cluster:ADH1C,depressed_mood,induces,monogenic,A,1.0,0.545,HPO genes_to_phenotype; diseases=ORPHA:100070;ORPHA:803,False,0.0,2.0,2.0,,ORPHA:100070;ORPHA:803,2.0,0.0,,"[[""GENE:TREM2"", -1.0, 1.0]]",2,2,0,0.9998302394354796,grade
TREM2,gene,TREM2,TREM2,cluster:ADH1C,psychomotor_agitation,induces,monogenic,A,1.0,0.895,HPO genes_to_phenotype; diseases=ORPHA:100070;ORPHA:1020;ORPHA:275864,False,0.0,3.0,3.0,,ORPHA:100070;ORPHA:1020;ORPHA:275864,3.0,0.0,,"[[""GENE:TREM2"", -1.0, 1.0]]",3,3,0,0.9999500470146856,grade
TREM2,gene,TREM2,TREM2,cluster:ADH1C,fatigue,induces,monogenic,A,1.0,0.545,HPO genes_to_phenotype; diseases=ORPHA:803,False,0.0,1.0,1.0,,ORPHA:803,1.0,0.0,,"[[""GENE:TREM2"", -1.0, 1.0]]",1,1,0,0.9994232502804609,grade
ANLN,gene,ANLN,ANLN,cluster:ANLN,irritability_or_aggression,induces,monogenic,A,0.68,0.17,HPO genes_to_phenotype; diseases=ORPHA:656,False,0.0,1.0,1.0,,ORPHA:656,1.0,0.0,,"[[""GENE:ANLN"", -1.0, 1.0]]",1,1,0,0.9997730446598188,grade
RIN2,gene,RIN2,RIN2,cluster:RIN2,cognitive_impairment,induces,monogenic,A,1.0,0.545,HPO genes_to_phenotype; diseases=ORPHA:217335,False,0.0,1.0,1.0,,ORPHA:217335,1.0,0.0,,"[[""GENE:RIN2"", -1.0, 1.0]]",1,1,0,0.9994232502804609,grade
RIN2,gene,RIN2,RIN2,cluster:RIN2,fatigue,induces,monogenic,A,1.0,1.0,HPO genes_to_phenotype; diseases=OMIM:613075,False,1.0,0.0,1.0,3.0,OMIM:613075,1.0,1.0,2022-05-08,"[[""GENE:RIN2"", -1.0, 1.0]]",1,1,0,0.9967401213207226,grade
RNF216,gene,RNF216,RNF216,cluster:PNPLA6,cognitive_impairment,induces,monogenic,A,1.0,0.5,HPO genes_to_phenotype; diseases=OMIM:212840;ORPHA:1173,True,1.0,1.0,2.0,12.0,OMIM:212840;ORPHA:1173,2.0,1.0,2013-05-08,"[[""GENE:RNF216"", -1.0, 1.0]]",2,2,0,0.9999270073783542,grade
DGCR8,gene,DGCR8,DGCR8,cluster:ARVCF,irritability_or_aggression,induces,monogenic,A,1.0,,HPO genes_to_phenotype; diseases=OMIM:192430,False,1.0,0.0,1.0,,OMIM:192430,1.0,0.0,2012-10-17,"[[""GENE:DGCR8"", -1.0, 1.0]]",1,1,0,0.9997120224657162,grade
PRMT7,gene,PRMT7,PRMT7,cluster:PRMT7,cognitive_impairment,induces,monogenic,A,1.0,1.0,HPO genes_to_phenotype; diseases=OMIM:617157,False,1.0,0.0,1.0,1.0,OMIM:617157,1.0,1.0,2023-02-23,"[[""GENE:PRMT7"", -1.0, 1.0]]",1,1,0,0.99963784265969,grade
ADAMTSL4,gene,ADAMTSL4,ADAMTSL4,cluster:ADAMTSL4,cognitive_impairment,induces,monogenic,A,1.0,0.545,HPO genes_to_phenotype; diseases=ORPHA:1885,False,0.0,1.0,1.0,,ORPHA:1885,1.0,0.0,,"[[""GENE:ADAMTSL4"", -1.0, 1.0]]",1,1,0,0.9997730446598188,grade
PUS7,gene,PUS7,PUS7,cluster:PUS7,cognitive_impairment,induces,monogenic,A,1.0,0.3333333333333333,HPO genes_to_phenotype; diseases=OMIM:618342,False,1.0,0.0,1.0,3.0,OMIM:618342,1.0,1.0,2022-06-19,"[[""GENE:PUS7"", -1.0, 1.0]]",1,1,0,0.9996852014177682,grade
PUS7,gene,PUS7,PUS7,cluster:PUS7,irritability_or_aggression,induces,monogenic,A,1.0,0.875,HPO genes_to_phenotype; diseases=OMIM:618342,False,1.0,0.0,1.0,8.0,OMIM:618342,2.0,2.0,2019-04-18,"[[""GENE:PUS7"", -1.0, 1.0]]",1,1,0,0.9997328086157783,grade
MAGEL2,gene,MAGEL2,MAGEL2,cluster:ATP10A,somnolence_or_hypersomnia,induces,monogenic,A,1.0,0.895,HPO genes_to_phenotype; diseases=OMIM:176270;ORPHA:994,False,1.0,1.0,2.0,12.0,OMIM:176270;ORPHA:994,2.0,1.0,2012-05-14,"[[""GENE:MAGEL2"", -1.0, 1.0]]",2,2,0,0.9999270073783542,grade
MAGEL2,gene,MAGEL2,MAGEL2,cluster:ATP10A,cognitive_impairment,induces,monogenic,A,1.0,0.545,HPO genes_to_phenotype; diseases=ORPHA:398069,False,0.0,1.0,1.0,,ORPHA:398069,1.0,0.0,,"[[""GENE:MAGEL2"", -1.0, 1.0]]",1,1,0,0.9994232502804609,grade
MAGEL2,gene,MAGEL2,MAGEL2,cluster:ATP10A,psychosis,induces,monogenic,A,1.0,0.545,HPO genes_to_phenotype; diseases=OMIM:176270;ORPHA:177901;ORPHA:177904;ORPHA:398069;ORPHA:98754,False,1.0,4.0,5.0,92.0,OMIM:176270;ORPHA:177901;ORPHA:177904;ORPHA:398069;ORPHA:98754,5.0,1.0,2010-10-08,"[[""GENE:MAGEL2"", -1.0, 1.0]]",5,5,0,0.9999983126596687,grade
LZTFL1,gene,LZTFL1,LZTFL1,cluster:BBIP1,cognitive_impairment,induces,monogenic,A,1.0,1.0,HPO genes_to_phenotype; diseases=OMIM:615994;ORPHA:110,False,1.0,1.0,3.0,1.0,OMIM:615994;ORPHA:110,2.0,1.0,2014-11-26,"[[""GENE:LZTFL1"", -1.0, 1.0]]",3,3,0,0.9998934187245915,grade
LZTFL1,gene,LZTFL1,LZTFL1,cluster:BBIP1,anxiety,induces,monogenic,A,0.68,0.17,HPO genes_to_phenotype; diseases=ORPHA:110,False,0.0,1.0,1.0,,ORPHA:110,1.0,0.0,,"[[""GENE:LZTFL1"", -1.0, 1.0]]",1,1,0,0.9994232502804609,grade
LZTFL1,gene,LZTFL1,LZTFL1,cluster:BBIP1,depressed_mood,induces,monogenic,A,1.0,0.545,HPO genes_to_phenotype; diseases=ORPHA:110,False,0.0,1.0,1.0,,ORPHA:110,1.0,0.0,,"[[""GENE:LZTFL1"", -1.0, 1.0]]",1,1,0,0.9994232502804609,grade
UGT1A1,gene,UGT1A1,UGT1A1,cluster:UGT1A1,cognitive_impairment,induces,monogenic,A,0.68,0.17,HPO genes_to_phenotype; diseases=ORPHA:79234,True,0.0,1.0,1.0,,ORPHA:79234,1.0,0.0,,"[[""GENE:UGT1A1"", -1.0, 1.0]]",1,1,0,0.9997730446598188,grade
TET2,gene,TET2,TET2,cluster:ABCA3,insomnia,induces,monogenic,A,1.0,0.545,HPO genes_to_phenotype; diseases=ORPHA:3318,False,0.0,1.0,1.0,,ORPHA:3318,1.0,0.0,,"[[""GENE:TET2"", -1.0, 1.0]]",1,1,0,0.9997730446598188,grade
TET2,gene,TET2,TET2,cluster:ABCA3,fatigue,induces,monogenic,A,1.0,0.895,HPO genes_to_phenotype; diseases=ORPHA:3318;ORPHA:824;ORPHA:98826;ORPHA:98849;ORPHA:98850,False,0.0,5.0,5.0,,ORPHA:3318;ORPHA:824;ORPHA:98826;ORPHA:98849;ORPHA:98850,5.0,0.0,,"[[""GENE:TET2"", -1.0, 1.0]]",5,5,0,0.9999982989047091,grade
DYM,gene,DYM,DYM,cluster:DYM,cognitive_impairment,induces,monogenic,A,0.68,0.17,HPO genes_to_phenotype; diseases=ORPHA:239,False,0.0,1.0,1.0,,ORPHA:239,1.0,0.0,,"[[""GENE:DYM"", -1.0, 1.0]]",1,1,0,0.9997730446598188,grade
TRPM7,gene,TRPM7,TRPM7,cluster:TRPM7,cognitive_impairment,induces,monogenic,A,1.0,0.3333333333333333,HPO genes_to_phenotype; diseases=OMIM:105500,False,1.0,0.0,1.0,3.0,OMIM:105500,1.0,1.0,2009-02-17,"[[""GENE:TRPM7"", -1.0, 1.0]]",1,1,0,0.9996852014177682,grade
APTX,gene,APTX,APTX,cluster:APTX,cognitive_impairment,induces,monogenic,A,0.68,0.17,HPO genes_to_phenotype; diseases=OMIM:208920,False,1.0,0.0,3.0,,OMIM:208920,2.0,1.0,2012-04-24,"[[""GENE:APTX"", -1.0, 1.0]]",3,3,0,0.9997748793976969,grade
APTX,gene,APTX,APTX,cluster:APTX,fatigue,induces,monogenic,A,1.0,,HPO genes_to_phenotype; diseases=OMIM:607426,False,1.0,0.0,1.0,,OMIM:607426,1.0,0.0,2018-10-08,"[[""GENE:APTX"", -1.0, 1.0]]",1,1,0,0.999631621434846,grade
CC2D1A,gene,CC2D1A,CC2D1A,cluster:CC2D1A,cognitive_impairment,induces,monogenic,A,1.0,1.0,HPO genes_to_phenotype; diseases=OMIM:608443,False,1.0,0.0,1.0,1.0,OMIM:608443,1.0,1.0,2009-02-17,"[[""GENE:CC2D1A"", -1.0, 1.0]]",1,1,0,0.99963784265969,grade
BCOR,gene,BCOR,BCOR,cluster:ABCA3,irritability_or_aggression,induces,monogenic,A,1.0,,HPO genes_to_phenotype; diseases=OMIM:309800,False,1.0,0.0,1.0,,OMIM:309800,1.0,0.0,2014-02-06,"[[""GENE:BCOR"", -1.0, 1.0]]",1,1,0,0.997017116436691,grade
BCOR,gene,BCOR,BCOR,cluster:ABCA3,fatigue,induces,monogenic,A,1.0,0.545,HPO genes_to_phenotype; diseases=ORPHA:520,False,0.0,1.0,1.0,,ORPHA:520,1.0,0.0,,"[[""GENE:BCOR"", -1.0, 1.0]]",1,1,0,0.9994232502804609,grade
PXK,gene,PXK,PXK,cluster:PXK,depressed_mood,induces,monogenic,A,0.68,0.17,HPO genes_to_phenotype; diseases=ORPHA:536,False,0.0,1.0,1.0,,ORPHA:536,1.0,0.0,,"[[""GENE:PXK"", -1.0, 1.0]]",1,1,0,0.9997730446598188,grade
PXK,gene,PXK,PXK,cluster:PXK,fatigue,induces,monogenic,A,1.0,0.895,HPO genes_to_phenotype; diseases=ORPHA:536,False,0.0,1.0,1.0,,ORPHA:536,1.0,0.0,,"[[""GENE:PXK"", -1.0, 1.0]]",1,1,0,0.9997730446598188,grade
TTC19,gene,TTC19,TTC19,cluster:TTC19,cognitive_impairment,induces,monogenic,A,1.0,,HPO genes_to_phenotype; diseases=OMIM:615157,False,1.0,0.0,1.0,,OMIM:615157,1.0,1.0,2013-10-06,"[[""GENE:TTC19"", -1.0, 1.0]]",1,1,0,0.9997748793976969,grade
TTC19,gene,TTC19,TTC19,cluster:TTC19,psychosis,induces,monogenic,A,1.0,,HPO genes_to_phenotype; diseases=OMIM:615157,False,1.0,0.0,2.0,,OMIM:615157,1.0,0.0,2014-02-25,"[[""GENE:TTC19"", -1.0, 1.0]]",2,2,0,0.9997120224657162,grade
TTC19,gene,TTC19,TTC19,cluster:TTC19,anxiety,induces,monogenic,A,1.0,,HPO genes_to_phenotype; diseases=OMIM:615157,False,1.0,0.0,1.0,,OMIM:615157,1.0,0.0,2014-02-25,"[[""GENE:TTC19"", -1.0, 1.0]]",1,1,0,0.9997120224657162,grade
TTC19,gene,TTC19,TTC19,cluster:TTC19,depressed_mood,induces,monogenic,A,1.0,,HPO genes_to_phenotype; diseases=OMIM:615157,False,1.0,0.0,1.0,,OMIM:615157,1.0,0.0,2015-12-30,"[[""GENE:TTC19"", -1.0, 1.0]]",1,1,0,0.9997120224657162,grade
TTC19,gene,TTC19,TTC19,cluster:TTC19,irritability_or_aggression,induces,monogenic,A,1.0,,HPO genes_to_phenotype; diseases=OMIM:615157,False,1.0,0.0,1.0,,OMIM:615157,1.0,0.0,2014-02-25,"[[""GENE:TTC19"", -1.0, 1.0]]",1,1,0,0.9997120224657162,grade
MKS1,gene,MKS1,MKS1,cluster:BBIP1,cognitive_impairment,induces,monogenic,A,1.0,0.545,HPO genes_to_phenotype; diseases=ORPHA:110,False,0.0,1.0,2.0,,ORPHA:110,1.0,0.0,,"[[""GENE:MKS1"", -1.0, 1.0]]",2,2,0,0.9997730446598188,grade
MKS1,gene,MKS1,MKS1,cluster:BBIP1,anxiety,induces,monogenic,A,0.68,0.17,HPO genes_to_phenotype; diseases=ORPHA:110,False,0.0,1.0,1.0,,ORPHA:110,1.0,0.0,,"[[""GENE:MKS1"", -1.0, 1.0]]",1,1,0,0.9997730446598188,grade
MKS1,gene,MKS1,MKS1,cluster:BBIP1,depressed_mood,induces,monogenic,A,1.0,0.545,HPO genes_to_phenotype; diseases=ORPHA:110,False,0.0,1.0,1.0,,ORPHA:110,1.0,0.0,,"[[""GENE:MKS1"", -1.0, 1.0]]",1,1,0,0.9997730446598188,grade
FOCAD,gene,FOCAD,FOCAD,cluster:FOCAD,irritability_or_aggression,induces,monogenic,A,0.2857142857142857,0.07142857142857142,HPO genes_to_phenotype; diseases=OMIM:619991,False,1.0,0.0,1.0,14.0,OMIM:619991,1.0,1.0,2022-08-28,"[[""GENE:FOCAD"", -1.0, 1.0]]",1,1,0,0.9997590296450637,grade
FOCAD,gene,FOCAD,FOCAD,cluster:FOCAD,cognitive_impairment,induces,monogenic,A,0.2857142857142857,0.07142857142857142,HPO genes_to_phenotype; diseases=OMIM:619991,False,1.0,0.0,1.0,14.0,OMIM:619991,1.0,1.0,2022-08-28,"[[""GENE:FOCAD"", -1.0, 1.0]]",1,1,0,0.9997590296450637,grade
RNF125,gene,RNF125,RNF125,cluster:RNF125,anxiety,induces,monogenic,A,0.6666666666666666,0.16666666666666666,HPO genes_to_phenotype; diseases=OMIM:616260,True,1.0,0.0,1.0,6.0,OMIM:616260,1.0,1.0,2014-12-01,"[[""GENE:RNF125"", -1.0, 1.0]]",1,1,0,0.9997188801487722,grade
SDHAF2,gene,SDHAF2,SDHAF2,cluster:ABCA3,anxiety,induces,monogenic,A,1.0,0.545,HPO genes_to_phenotype; diseases=ORPHA:29072,False,0.0,1.0,2.0,,ORPHA:29072,1.0,0.0,,"[[""GENE:SDHAF2"", -1.0, 1.0]]",2,2,0,0.9997730446598188,grade
SDHAF2,gene,SDHAF2,SDHAF2,cluster:ABCA3,fatigue,induces,monogenic,A,1.0,0.545,HPO genes_to_phenotype; diseases=ORPHA:29072,False,0.0,1.0,1.0,,ORPHA:29072,1.0,0.0,,"[[""GENE:SDHAF2"", -1.0, 1.0]]",1,1,0,0.9997730446598188,grade
CLN6,gene,CLN6,CLN6,cluster:CLN6,cognitive_impairment,induces,monogenic,A,1.0,1.0,HPO genes_to_phenotype; diseases=OMIM:204300,False,1.0,0.0,2.0,28.0,OMIM:204300,1.0,1.0,2009-02-17,"[[""GENE:CLN6"", -1.0, 1.0]]",2,2,0,0.9997590296450637,grade
CLN6,gene,CLN6,CLN6,cluster:CLN6,psychosis,induces,monogenic,A,1.0,,HPO genes_to_phenotype; diseases=OMIM:204300,False,1.0,0.0,2.0,,OMIM:204300,1.0,0.0,2012-06-11,"[[""GENE:CLN6"", -1.0, 1.0]]",2,2,0,0.9997120224657162,grade
CLN6,gene,CLN6,CLN6,cluster:CLN6,depressed_mood,induces,monogenic,A,1.0,,HPO genes_to_phenotype; diseases=OMIM:204300,False,1.0,0.0,1.0,,OMIM:204300,1.0,0.0,2009-02-17,"[[""GENE:CLN6"", -1.0, 1.0]]",1,1,0,0.999631621434846,grade
PHIP,gene,PHIP,PHIP,cluster:PHIP,anxiety,induces,monogenic,A,1.0,1.0,HPO genes_to_phenotype; diseases=OMIM:617991,False,1.0,0.0,1.0,2.0,OMIM:617991,1.0,1.0,2018-10-08,"[[""GENE:PHIP"", -1.0, 1.0]]",1,1,0,0.9965454918194486,grade
PHIP,gene,PHIP,PHIP,cluster:PHIP,irritability_or_aggression,induces,monogenic,A,1.0,0.5,HPO genes_to_phenotype; diseases=OMIM:617991,False,1.0,0.0,1.0,2.0,OMIM:617991,1.0,1.0,2018-10-08,"[[""GENE:PHIP"", -1.0, 1.0]]",1,1,0,0.9965454918194486,grade
PHIP,gene,PHIP,PHIP,cluster:PHIP,fatigue,induces,monogenic,A,1.0,0.545,HPO genes_to_phenotype; diseases=ORPHA:589905,False,0.0,1.0,1.0,,ORPHA:589905,1.0,0.0,,"[[""GENE:PHIP"", -1.0, 1.0]]",1,1,0,0.9994232502804609,grade
BANK1,gene,BANK1,BANK1,cluster:BANK1,depressed_mood,induces,monogenic,A,0.68,0.17,HPO genes_to_phenotype; diseases=ORPHA:536,False,0.0,1.0,1.0,,ORPHA:536,1.0,0.0,,"[[""GENE:BANK1"", -1.0, 1.0]]",1,1,0,0.9997730446598188,grade
BANK1,gene,BANK1,BANK1,cluster:BANK1,fatigue,induces,monogenic,A,1.0,0.895,HPO genes_to_phenotype; diseases=ORPHA:536,False,0.0,1.0,1.0,,ORPHA:536,1.0,0.0,,"[[""GENE:BANK1"", -1.0, 1.0]]",1,1,0,0.9997730446598188,grade
DALRD3,gene,DALRD3,DALRD3,cluster:DALRD3,cognitive_impairment,induces,monogenic,A,0.68,0.17,HPO genes_to_phenotype; diseases=ORPHA:442835,False,0.0,1.0,1.0,,ORPHA:442835,1.0,0.0,,"[[""GENE:DALRD3"", -1.0, 1.0]]",1,1,0,0.9997730446598188,grade
DARS2,gene,DARS2,DARS2,cluster:DARS2,cognitive_impairment,induces,monogenic,A,0.68,0.17,HPO genes_to_phenotype; diseases=OMIM:611105;OMIM:621485;ORPHA:137898,False,2.0,1.0,3.0,1.0,OMIM:611105;OMIM:621485;ORPHA:137898,3.0,1.0,2014-04-04,"[[""GENE:DARS2"", -1.0, 1.0]]",3,2,1,0.9998497493393944,grade
SHQ1,gene,SHQ1,SHQ1,cluster:SHQ1,anxiety,induces,monogenic,A,1.0,1.0,HPO genes_to_phenotype; diseases=OMIM:619922,False,1.0,0.0,1.0,2.0,OMIM:619922,1.0,1.0,2022-08-14,"[[""GENE:SHQ1"", -1.0, 1.0]]",1,1,0,0.9996663476591036,grade
MSL2,gene,MSL2,MSL2,cluster:MSL2,irritability_or_aggression,induces,monogenic,A,1.0,1.0,HPO genes_to_phenotype; diseases=OMIM:620985,False,1.0,0.0,2.0,9.0,OMIM:620985,2.0,2.0,2025-12-23,"[[""GENE:MSL2"", -1.0, 1.0]]",2,2,0,0.9997328086157783,grade
MSL2,gene,MSL2,MSL2,cluster:MSL2,anxiety,induces,monogenic,A,1.0,0.6,HPO genes_to_phenotype; diseases=OMIM:620985,False,1.0,0.0,1.0,5.0,OMIM:620985,2.0,2.0,2025-12-23,"[[""GENE:MSL2"", -1.0, 1.0]]",1,1,0,0.9997099799437312,grade
SETD5,gene,SETD5,SETD5,cluster:BRPF1,cognitive_impairment,induces,monogenic,A,1.0,0.895,HPO genes_to_phenotype; diseases=ORPHA:1620,False,0.0,1.0,1.0,,ORPHA:1620,1.0,0.0,,"[[""GENE:SETD5"", -1.0, 1.0]]",1,1,0,0.9997730446598188,grade
BBS7,gene,BBS7,BBS7,cluster:BBIP1,cognitive_impairment,induces,monogenic,A,1.0,0.545,HPO genes_to_phenotype; diseases=ORPHA:110,False,0.0,1.0,2.0,,ORPHA:110,1.0,0.0,,"[[""GENE:BBS7"", -1.0, 1.0]]",2,2,0,0.9997730446598188,grade
BBS7,gene,BBS7,BBS7,cluster:BBIP1,anxiety,induces,monogenic,A,0.68,0.17,HPO genes_to_phenotype; diseases=ORPHA:110,False,0.0,1.0,1.0,,ORPHA:110,1.0,0.0,,"[[""GENE:BBS7"", -1.0, 1.0]]",1,1,0,0.9997730446598188,grade
BBS7,gene,BBS7,BBS7,cluster:BBIP1,depressed_mood,induces,monogenic,A,1.0,0.545,HPO genes_to_phenotype; diseases=ORPHA:110,False,0.0,1.0,1.0,,ORPHA:110,1.0,0.0,,"[[""GENE:BBS7"", -1.0, 1.0]]",1,1,0,0.9997730446598188,grade
STEAP3,gene,STEAP3,STEAP3,cluster:STEAP3,fatigue,induces,monogenic,A,1.0,0.545,HPO genes_to_phenotype; diseases=ORPHA:300298,False,0.0,1.0,1.0,,ORPHA:300298,1.0,0.0,,"[[""GENE:STEAP3"", -1.0, 1.0]]",1,1,0,0.9997730446598188,grade
ELP2,gene,ELP2,ELP2,cluster:ELP2,irritability_or_aggression,induces,monogenic,A,1.0,1.0,HPO genes_to_phenotype; diseases=OMIM:617270,False,1.0,0.0,1.0,2.0,OMIM:617270,1.0,1.0,2017-07-13,"[[""GENE:ELP2"", -1.0, 1.0]]",1,1,0,0.9996663476591036,grade
SLC35C1,gene,SLC35C1,SLC35C1,cluster:SLC35C1,anxiety,induces,monogenic,A,1.0,0.5,HPO genes_to_phenotype; diseases=OMIM:266265,True,1.0,0.0,1.0,2.0,OMIM:266265,1.0,1.0,2014-01-08,"[[""GENE:SLC35C1"", -1.0, 1.0]]",1,1,0,0.9996663476591036,grade
PI4K2A,gene,PI4K2A,PI4K2A,cluster:PI4K2A,psychomotor_agitation,induces,monogenic,A,1.0,1.0,HPO genes_to_phenotype; diseases=OMIM:620732,True,1.0,0.0,1.0,4.0,OMIM:620732,2.0,2.0,2018-10-24,"[[""GENE:PI4K2A"", -1.0, 1.0]]",1,1,0,0.9996990889216895,grade
PI4K2A,gene,PI4K2A,PI4K2A,cluster:PI4K2A,irritability_or_aggression,induces,monogenic,A,1.0,1.0,HPO genes_to_phenotype; diseases=OMIM:620732,True,1.0,0.0,1.0,4.0,OMIM:620732,2.0,2.0,2018-10-24,"[[""GENE:PI4K2A"", -1.0, 1.0]]",1,1,0,0.9996990889216895,grade
PI4K2A,gene,PI4K2A,PI4K2A,cluster:PI4K2A,insomnia,induces,monogenic,A,1.0,1.0,HPO genes_to_phenotype; diseases=OMIM:620732,True,1.0,0.0,1.0,2.0,OMIM:620732,1.0,1.0,2018-10-24,"[[""GENE:PI4K2A"", -1.0, 1.0]]",1,1,0,0.9996663476591036,grade
PIDD1,gene,PIDD1,PIDD1,cluster:PIDD1,cognitive_impairment,induces,monogenic,A,1.0,0.25,HPO genes_to_phenotype; diseases=OMIM:619827,False,1.0,0.0,1.0,12.0,OMIM:619827,1.0,1.0,2022-07-17,"[[""GENE:PIDD1"", -1.0, 1.0]]",1,1,0,0.9997519550861653,grade
PIDD1,gene,PIDD1,PIDD1,cluster:PIDD1,irritability_or_aggression,induces,monogenic,A,1.0,0.5,HPO genes_to_phenotype; diseases=OMIM:619827,False,1.0,0.0,1.0,12.0,OMIM:619827,1.0,1.0,2022-07-17,"[[""GENE:PIDD1"", -1.0, 1.0]]",1,1,0,0.9997519550861653,grade
PIDD1,gene,PIDD1,PIDD1,cluster:PIDD1,psychosis,induces,monogenic,A,1.0,0.25,HPO genes_to_phenotype; diseases=OMIM:619827,False,1.0,0.0,1.0,12.0,OMIM:619827,1.0,1.0,2022-07-17,"[[""GENE:PIDD1"", -1.0, 1.0]]",1,1,0,0.9997519550861653,grade
KIF21A,gene,KIF21A,KIF21A,cluster:ATP10A,somnolence_or_hypersomnia,induces,monogenic,A,1.0,0.895,HPO genes_to_phenotype; diseases=ORPHA:994,False,0.0,1.0,1.0,,ORPHA:994,1.0,0.0,,"[[""GENE:KIF21A"", -1.0, 1.0]]",1,1,0,0.9997730446598188,grade
POMGNT1,gene,POMGNT1,POMGNT1,cluster:B3GALNT2,cognitive_impairment,induces,monogenic,A,1.0,0.895,HPO genes_to_phenotype; diseases=ORPHA:588,True,0.0,1.0,1.0,,ORPHA:588,1.0,0.0,,"[[""GENE:POMGNT1"", -1.0, 1.0]]",1,1,0,0.9994232502804609,grade
POMGNT1,gene,POMGNT1,POMGNT1,cluster:B3GALNT2,fatigue,induces,monogenic,A,1.0,,HPO genes_to_phenotype; diseases=OMIM:613157,True,1.0,0.0,1.0,,OMIM:613157,1.0,0.0,2013-10-22,"[[""GENE:POMGNT1"", -1.0, 1.0]]",1,1,0,0.997017116436691,grade
SLC39A4,gene,SLC39A4,SLC39A4,cluster:SLC39A4,irritability_or_aggression,induces,monogenic,A,1.0,,HPO genes_to_phenotype; diseases=OMIM:201100,True,1.0,0.0,1.0,,OMIM:201100,1.0,0.0,2009-02-17,"[[""GENE:SLC39A4"", -1.0, 1.0]]",1,1,0,0.9997120224657162,grade
CHD7,gene,CHD7,CHD7,cluster:ARNT2,anxiety,induces,monogenic,A,1.0,0.545,HPO genes_to_phenotype; diseases=ORPHA:432,False,0.0,1.0,1.0,,ORPHA:432,1.0,0.0,,"[[""GENE:CHD7"", -1.0, 1.0]]",1,1,0,0.9997730446598188,grade
CHD7,gene,CHD7,CHD7,cluster:ARNT2,depressed_mood,induces,monogenic,A,1.0,0.545,HPO genes_to_phenotype; diseases=ORPHA:432,False,0.0,1.0,1.0,,ORPHA:432,1.0,0.0,,"[[""GENE:CHD7"", -1.0, 1.0]]",1,1,0,0.9997730446598188,grade
OSGEP,gene,OSGEP,OSGEP,cluster:NUP107,cognitive_impairment,induces,monogenic,A,1.0,0.895,HPO genes_to_phenotype; diseases=ORPHA:2065,False,0.0,1.0,1.0,,ORPHA:2065,1.0,0.0,,"[[""GENE:OSGEP"", -1.0, 1.0]]",1,1,0,0.9997730446598188,grade
PEX26,gene,PEX26,PEX26,cluster:PEX1,cognitive_impairment,induces,monogenic,A,1.0,0.895,HPO genes_to_phenotype; diseases=ORPHA:912,False,0.0,1.0,1.0,,ORPHA:912,1.0,0.0,,"[[""GENE:PEX26"", -1.0, 1.0]]",1,1,0,0.9997730446598188,grade
TRMU,gene,TRMU,TRMU,cluster:TRMU,irritability_or_aggression,induces,monogenic,A,1.0,1.0,HPO genes_to_phenotype; diseases=OMIM:613070,True,1.0,0.0,1.0,13.0,OMIM:613070,1.0,1.0,2009-09-01,"[[""GENE:TRMU"", -1.0, 1.0]]",1,1,0,0.9997556443495205,grade
PACS1,gene,PACS1,PACS1,cluster:PACS1,irritability_or_aggression,induces,monogenic,A,1.0,,HPO genes_to_phenotype; diseases=OMIM:615009,False,1.0,0.0,1.0,,OMIM:615009,1.0,0.0,2017-07-13,"[[""GENE:PACS1"", -1.0, 1.0]]",1,1,0,0.9997120224657162,grade
NDC1,gene,NDC1,NDC1,cluster:NDC1,anxiety,induces,monogenic,A,1.0,0.5,HPO genes_to_phenotype; diseases=OMIM:621328,True,1.0,0.0,1.0,2.0,OMIM:621328,1.0,1.0,2024-07-14,"[[""GENE:NDC1"", -1.0, 1.0]]",1,1,0,0.9996663476591036,grade
NDC1,gene,NDC1,NDC1,cluster:NDC1,irritability_or_aggression,induces,monogenic,A,1.0,0.5,HPO genes_to_phenotype; diseases=OMIM:621328,True,1.0,0.0,1.0,2.0,OMIM:621328,1.0,1.0,2024-07-14,"[[""GENE:NDC1"", -1.0, 1.0]]",1,1,0,0.9996663476591036,grade
NDC1,gene,NDC1,NDC1,cluster:NDC1,fatigue,induces,monogenic,A,1.0,1.0,HPO genes_to_phenotype; diseases=OMIM:621328,True,1.0,0.0,1.0,2.0,OMIM:621328,1.0,1.0,2024-07-14,"[[""GENE:NDC1"", -1.0, 1.0]]",1,1,0,0.9996663476591036,grade
WDR11,gene,WDR11,WDR11,cluster:ARNT2,anxiety,induces,monogenic,A,1.0,0.545,HPO genes_to_phenotype; diseases=ORPHA:432,False,0.0,1.0,1.0,,ORPHA:432,1.0,0.0,,"[[""GENE:WDR11"", -1.0, 1.0]]",1,1,0,0.9997730446598188,grade
WDR11,gene,WDR11,WDR11,cluster:ARNT2,depressed_mood,induces,monogenic,A,1.0,0.545,HPO genes_to_phenotype; diseases=ORPHA:432,False,0.0,1.0,1.0,,ORPHA:432,1.0,0.0,,"[[""GENE:WDR11"", -1.0, 1.0]]",1,1,0,0.9997730446598188,grade
VPS35,gene,VPS35,VPS35,cluster:ADH1C,cognitive_impairment,induces,monogenic,A,0.68,0.17,HPO genes_to_phenotype; diseases=ORPHA:411602,False,0.0,1.0,2.0,,ORPHA:411602,1.0,0.0,,"[[""GENE:VPS35"", -1.0, 1.0]]",2,2,0,0.9997730446598188,grade
VPS35,gene,VPS35,VPS35,cluster:ADH1C,psychosis,induces,monogenic,A,0.68,0.17,HPO genes_to_phenotype; diseases=ORPHA:411602,False,0.0,1.0,1.0,,ORPHA:411602,1.0,0.0,,"[[""GENE:VPS35"", -1.0, 1.0]]",1,1,0,0.9997730446598188,grade
VPS35,gene,VPS35,VPS35,cluster:ADH1C,depressed_mood,induces,monogenic,A,0.68,0.17,HPO genes_to_phenotype; diseases=ORPHA:411602,False,0.0,1.0,1.0,,ORPHA:411602,1.0,0.0,,"[[""GENE:VPS35"", -1.0, 1.0]]",1,1,0,0.9997730446598188,grade
VPS35,gene,VPS35,VPS35,cluster:ADH1C,psychomotor_agitation,induces,monogenic,A,0.68,0.17,HPO genes_to_phenotype; diseases=ORPHA:411602,False,0.0,1.0,1.0,,ORPHA:411602,1.0,0.0,,"[[""GENE:VPS35"", -1.0, 1.0]]",1,1,0,0.9997730446598188,grade
NUP133,gene,NUP133,NUP133,cluster:NUP107,cognitive_impairment,induces,monogenic,A,1.0,0.895,HPO genes_to_phenotype; diseases=ORPHA:2065,True,0.0,1.0,1.0,,ORPHA:2065,1.0,0.0,,"[[""GENE:NUP133"", -1.0, 1.0]]",1,1,0,0.9997730446598188,grade
NUP133,gene,NUP133,NUP133,cluster:NUP107,irritability_or_aggression,induces,monogenic,A,0.68,0.17,HPO genes_to_phenotype; diseases=ORPHA:656,True,0.0,1.0,1.0,,ORPHA:656,1.0,0.0,,"[[""GENE:NUP133"", -1.0, 1.0]]",1,1,0,0.9997730446598188,grade
AGK,gene,AGK,AGK,cluster:AGK,cognitive_impairment,induces,monogenic,A,1.0,0.5,HPO genes_to_phenotype; diseases=OMIM:212350,True,1.0,0.0,1.0,2.0,OMIM:212350,1.0,1.0,2012-01-25,"[[""GENE:AGK"", -1.0, 1.0]]",1,1,0,0.9996663476591036,grade
AGK,gene,AGK,AGK,cluster:AGK,fatigue,induces,monogenic,A,1.0,,HPO genes_to_phenotype; diseases=OMIM:212350,True,1.0,0.0,1.0,,OMIM:212350,1.0,0.0,2013-10-22,"[[""GENE:AGK"", -1.0, 1.0]]",1,1,0,0.9997120224657162,grade
NGLY1,gene,NGLY1,NGLY1,cluster:NGLY1,psychomotor_agitation,induces,monogenic,A,1.0,1.0,HPO genes_to_phenotype; diseases=OMIM:615273,True,1.0,0.0,1.0,2.0,OMIM:615273,1.0,1.0,2014-09-09,"[[""GENE:NGLY1"", -1.0, 1.0]]",1,1,0,0.9996663476591036,grade
LRIF1,gene,LRIF1,LRIF1,cluster:LRIF1,fatigue,induces,monogenic,A,1.0,1.0,HPO genes_to_phenotype; diseases=OMIM:619477,False,1.0,0.0,1.0,1.0,OMIM:619477,1.0,1.0,2021-10-18,"[[""GENE:LRIF1"", -1.0, 1.0]]",1,1,0,0.99963784265969,grade
SCN3B,gene,SCN3B,SCN3B,cluster:SCN3B,fatigue,induces,monogenic,A,1.0,0.545,HPO genes_to_phenotype; diseases=ORPHA:334,False,0.0,1.0,1.0,,ORPHA:334,1.0,0.0,,"[[""GENE:SCN3B"", -1.0, 1.0]]",1,1,0,0.9997730446598188,grade
GLT8D1,gene,GLT8D1,GLT8D1,cluster:GLT8D1,cognitive_impairment,induces,monogenic,A,1.0,0.545,HPO genes_to_phenotype; diseases=ORPHA:803,True,0.0,1.0,2.0,,ORPHA:803,1.0,0.0,,"[[""GENE:GLT8D1"", -1.0, 1.0]]",2,2,0,0.9997730446598188,grade
GLT8D1,gene,GLT8D1,GLT8D1,cluster:GLT8D1,anxiety,induces,monogenic,A,1.0,0.545,HPO genes_to_phenotype; diseases=ORPHA:803,True,0.0,1.0,1.0,,ORPHA:803,1.0,0.0,,"[[""GENE:GLT8D1"", -1.0, 1.0]]",1,1,0,0.9997730446598188,grade
GLT8D1,gene,GLT8D1,GLT8D1,cluster:GLT8D1,depressed_mood,induces,monogenic,A,1.0,0.545,HPO genes_to_phenotype; diseases=ORPHA:803,True,0.0,1.0,1.0,,ORPHA:803,1.0,0.0,,"[[""GENE:GLT8D1"", -1.0, 1.0]]",1,1,0,0.9997730446598188,grade
GLT8D1,gene,GLT8D1,GLT8D1,cluster:GLT8D1,fatigue,induces,monogenic,A,1.0,0.545,HPO genes_to_phenotype; diseases=ORPHA:803,True,0.0,1.0,1.0,,ORPHA:803,1.0,0.0,,"[[""GENE:GLT8D1"", -1.0, 1.0]]",1,1,0,0.9997730446598188,grade
CPAP,gene,CPAP,CPAP,cluster:ATR,cognitive_impairment,induces,monogenic,A,1.0,0.895,HPO genes_to_phenotype; diseases=ORPHA:808,False,0.0,1.0,1.0,,ORPHA:808,1.0,0.0,,"[[""GENE:CPAP"", -1.0, 1.0]]",1,1,0,0.9997730446598188,grade
TMEM126B,gene,TMEM126B,TMEM126B,cluster:TMEM126B,fatigue,induces,monogenic,A,1.0,0.3333333333333333,HPO genes_to_phenotype; diseases=OMIM:618250,False,1.0,0.0,1.0,3.0,OMIM:618250,1.0,1.0,2023-02-22,"[[""GENE:TMEM126B"", -1.0, 1.0]]",1,1,0,0.9996852014177682,grade
HDAC8,gene,HDAC8,HDAC8,cluster:ARNT2,anxiety,induces,monogenic,A,1.0,0.545,HPO genes_to_phenotype; diseases=ORPHA:199,False,0.0,1.0,1.0,,ORPHA:199,1.0,0.0,,"[[""GENE:HDAC8"", -1.0, 1.0]]",1,1,0,0.9997730446598188,grade
ASH1L,gene,ASH1L,ASH1L,cluster:ASH1L,somnolence_or_hypersomnia,induces,monogenic,A,0.8,0.2,HPO genes_to_phenotype; diseases=OMIM:617796,True,1.0,0.0,1.0,5.0,OMIM:617796,1.0,1.0,2017-02-13,"[[""GENE:ASH1L"", -1.0, 1.0]]",1,1,0,0.9997099799437312,grade
ASH1L,gene,ASH1L,ASH1L,cluster:ASH1L,irritability_or_aggression,induces,monogenic,A,1.0,0.4,HPO genes_to_phenotype; diseases=OMIM:617796,True,1.0,0.0,1.0,5.0,OMIM:617796,1.0,1.0,2017-02-13,"[[""GENE:ASH1L"", -1.0, 1.0]]",1,1,0,0.9997099799437312,grade
ASH1L,gene,ASH1L,ASH1L,cluster:ASH1L,anxiety,induces,monogenic,A,1.0,1.0,HPO genes_to_phenotype; diseases=OMIM:617796,True,1.0,0.0,1.0,1.0,OMIM:617796,1.0,1.0,2016-11-08,"[[""GENE:ASH1L"", -1.0, 1.0]]",1,1,0,0.99963784265969,grade
KMT2E,gene,KMT2E,KMT2E,cluster:KMT2E,anxiety,induces,monogenic,A,1.0,,HPO genes_to_phenotype; diseases=OMIM:618512,False,1.0,0.0,1.0,,OMIM:618512,1.0,0.0,2019-09-07,"[[""GENE:KMT2E"", -1.0, 1.0]]",1,1,0,0.999631621434846,grade
KMT2E,gene,KMT2E,KMT2E,cluster:KMT2E,irritability_or_aggression,induces,monogenic,A,1.0,,HPO genes_to_phenotype; diseases=OMIM:618512,False,1.0,0.0,1.0,,OMIM:618512,1.0,0.0,2019-09-07,"[[""GENE:KMT2E"", -1.0, 1.0]]",1,1,0,0.999631621434846,grade
MRAP,gene,MRAP,MRAP,cluster:MC2R,fatigue,induces,monogenic,A,1.0,0.545,HPO genes_to_phenotype; diseases=ORPHA:361,False,0.0,1.0,1.0,,ORPHA:361,1.0,0.0,,"[[""GENE:MRAP"", -1.0, 1.0]]",1,1,0,0.9997730446598188,grade
INPP5E,gene,INPP5E,INPP5E,cluster:INPP5E,irritability_or_aggression,induces,monogenic,A,1.0,0.545,HPO genes_to_phenotype; diseases=OMIM:213300;ORPHA:75858,True,1.0,1.0,2.0,,OMIM:213300;ORPHA:75858,2.0,0.0,2009-02-17,"[[""GENE:INPP5E"", -1.0, 1.0]]",2,2,0,0.9998915873699763,grade
TWNK,gene,TWNK,TWNK,cluster:LIG3,somnolence_or_hypersomnia,induces,monogenic,A,1.0,,HPO genes_to_phenotype; diseases=OMIM:271245,False,1.0,0.0,1.0,,OMIM:271245,1.0,0.0,2010-06-18,"[[""GENE:TWNK"", -1.0, 1.0]]",1,1,0,0.9961871887065212,grade
TWNK,gene,TWNK,TWNK,cluster:LIG3,cognitive_impairment,induces,monogenic,A,0.68,0.17,HPO genes_to_phenotype; diseases=OMIM:607459;OMIM:609286;ORPHA:254892;ORPHA:70595,False,2.0,2.0,7.0,7.0,OMIM:607459;OMIM:609286;ORPHA:254892;ORPHA:70595,5.0,1.0,2003-02-01,"[[""GENE:TWNK"", -1.0, 1.0]]",7,7,0,0.9999911540786429,grade
TWNK,gene,TWNK,TWNK,cluster:LIG3,anxiety,induces,monogenic,A,0.68,0.17,HPO genes_to_phenotype; diseases=ORPHA:254892,False,0.0,1.0,1.0,,ORPHA:254892,1.0,0.0,,"[[""GENE:TWNK"", -1.0, 1.0]]",1,1,0,0.9994232502804609,grade
TWNK,gene,TWNK,TWNK,cluster:LIG3,depressed_mood,induces,monogenic,A,0.68,0.17,HPO genes_to_phenotype; diseases=OMIM:607459;OMIM:609286;ORPHA:254892;ORPHA:70595,False,2.0,2.0,4.0,7.0,OMIM:607459;OMIM:609286;ORPHA:254892;ORPHA:70595,4.0,1.0,2003-02-01,"[[""GENE:TWNK"", -1.0, 1.0]]",4,4,0,0.9999886834857838,grade
TWNK,gene,TWNK,TWNK,cluster:LIG3,psychosis,induces,monogenic,A,1.0,,HPO genes_to_phenotype; diseases=OMIM:271245,False,1.0,0.0,1.0,,OMIM:271245,1.0,0.0,2010-06-18,"[[""GENE:TWNK"", -1.0, 1.0]]",1,1,0,0.9961871887065212,grade
TWNK,gene,TWNK,TWNK,cluster:LIG3,fatigue,induces,monogenic,A,1.0,0.545,HPO genes_to_phenotype; diseases=OMIM:609286;ORPHA:254892,False,1.0,1.0,2.0,,OMIM:609286;ORPHA:254892,2.0,0.0,2013-10-22,"[[""GENE:TWNK"", -1.0, 1.0]]",2,2,0,0.9999152539456482,grade
JPH1,gene,JPH1,JPH1,cluster:JPH1,fatigue,induces,monogenic,A,1.0,1.0,HPO genes_to_phenotype; diseases=OMIM:620964,False,1.0,0.0,1.0,1.0,OMIM:620964,1.0,1.0,2025-12-09,"[[""GENE:JPH1"", -1.0, 1.0]]",1,1,0,0.99963784265969,grade
DPYSL5,gene,DPYSL5,DPYSL5,cluster:DPYSL5,irritability_or_aggression,induces,monogenic,A,1.0,0.5714285714285714,HPO genes_to_phenotype; diseases=OMIM:619435,False,1.0,0.0,1.0,7.0,OMIM:619435,1.0,1.0,2021-08-21,"[[""GENE:DPYSL5"", -1.0, 1.0]]",1,1,0,0.999726368839152,grade
STARD7,gene,STARD7,STARD7,cluster:STARD7,cognitive_impairment,induces,monogenic,A,0.68,0.17,HPO genes_to_phenotype; diseases=OMIM:607876,True,1.0,0.0,2.0,199.0,OMIM:607876,2.0,1.0,2015-07-26,"[[""GENE:STARD7"", -1.0, 1.0]]",2,2,0,0.9997748793976969,grade
MCCC1,gene,MCCC1,MCCC1,cluster:MCCC1,insomnia,induces,monogenic,A,1.0,1.0,HPO genes_to_phenotype; diseases=OMIM:210200,True,1.0,0.0,1.0,1.0,OMIM:210200,1.0,1.0,2007-10-30,"[[""GENE:MCCC1"", -1.0, 1.0]]",1,1,0,0.99963784265969,grade
MCCC1,gene,MCCC1,MCCC1,cluster:MCCC1,irritability_or_aggression,induces,monogenic,A,1.0,1.0,HPO genes_to_phenotype; diseases=OMIM:210200,True,1.0,0.0,1.0,1.0,OMIM:210200,1.0,1.0,2007-10-30,"[[""GENE:MCCC1"", -1.0, 1.0]]",1,1,0,0.99963784265969,grade
PRDM8,gene,PRDM8,PRDM8,cluster:PRDM8,cognitive_impairment,induces,monogenic,A,0.68,0.17,HPO genes_to_phenotype; diseases=OMIM:616640;ORPHA:324290,False,1.0,1.0,4.0,,OMIM:616640;ORPHA:324290,2.0,0.0,2017-07-13,"[[""GENE:PRDM8"", -1.0, 1.0]]",4,4,0,0.9999152539456482,grade
PRDM8,gene,PRDM8,PRDM8,cluster:PRDM8,psychosis,induces,monogenic,A,1.0,,HPO genes_to_phenotype; diseases=OMIM:616640,False,1.0,0.0,2.0,,OMIM:616640,2.0,1.0,2017-06-17,"[[""GENE:PRDM8"", -1.0, 1.0]]",2,2,0,0.9976668184004441,grade
TBX20,gene,TBX20,TBX20,cluster:ACTC1,fatigue,induces,monogenic,A,1.0,0.545,HPO genes_to_phenotype; diseases=ORPHA:99103,False,0.0,1.0,1.0,,ORPHA:99103,1.0,0.0,,"[[""GENE:TBX20"", -1.0, 1.0]]",1,1,0,0.9997730446598188,grade
KNL1,gene,KNL1,KNL1,cluster:KNL1,irritability_or_aggression,induces,monogenic,A,1.0,,HPO genes_to_phenotype; diseases=OMIM:604321,False,1.0,0.0,1.0,,OMIM:604321,1.0,0.0,2012-10-17,"[[""GENE:KNL1"", -1.0, 1.0]]",1,1,0,0.9997120224657162,grade
CPA6,gene,CPA6,CPA6,cluster:ABCA3,cognitive_impairment,induces,monogenic,A,0.68,0.17,HPO genes_to_phenotype; diseases=ORPHA:36387,True,0.0,1.0,1.0,,ORPHA:36387,1.0,0.0,,"[[""GENE:CPA6"", -1.0, 1.0]]",1,1,0,0.9997730446598188,grade
CPA6,gene,CPA6,CPA6,cluster:ABCA3,anxiety,induces,monogenic,A,0.25,0.025,HPO genes_to_phenotype; diseases=ORPHA:36387,True,0.0,1.0,1.0,,ORPHA:36387,1.0,0.0,,"[[""GENE:CPA6"", -1.0, 1.0]]",1,1,0,0.9997730446598188,grade
NUP107,gene,NUP107,NUP107,cluster:NUP107,cognitive_impairment,induces,monogenic,A,1.0,0.895,HPO genes_to_phenotype; diseases=ORPHA:2065,True,0.0,1.0,1.0,,ORPHA:2065,1.0,0.0,,"[[""GENE:NUP107"", -1.0, 1.0]]",1,1,0,0.9997730446598188,grade
NUP107,gene,NUP107,NUP107,cluster:NUP107,irritability_or_aggression,induces,monogenic,A,0.68,0.17,HPO genes_to_phenotype; diseases=ORPHA:656,True,0.0,1.0,1.0,,ORPHA:656,1.0,0.0,,"[[""GENE:NUP107"", -1.0, 1.0]]",1,1,0,0.9997730446598188,grade
JPH2,gene,JPH2,JPH2,cluster:JPH2,fatigue,induces,monogenic,A,1.0,0.545,HPO genes_to_phenotype; diseases=ORPHA:154,False,0.0,1.0,1.0,,ORPHA:154,1.0,0.0,,"[[""GENE:JPH2"", -1.0, 1.0]]",1,1,0,0.9997730446598188,grade
GJC2,gene,GJC2,GJC2,cluster:GJC2,cognitive_impairment,induces,monogenic,A,1.0,0.6666666666666666,HPO genes_to_phenotype; diseases=OMIM:608804;OMIM:613206,False,2.0,0.0,2.0,3.0,OMIM:608804;OMIM:613206,2.0,1.0,2009-02-17,"[[""GENE:GJC2"", -1.0, 1.0]]",2,2,0,0.9998824464471056,grade
ZMIZ1,gene,ZMIZ1,ZMIZ1,cluster:ZMIZ1,irritability_or_aggression,induces,monogenic,A,1.0,,HPO genes_to_phenotype; diseases=OMIM:618659,False,1.0,0.0,1.0,,OMIM:618659,1.0,1.0,2020-07-14,"[[""GENE:ZMIZ1"", -1.0, 1.0]]",1,1,0,0.9997748793976969,grade
THOC2,gene,THOC2,THOC2,cluster:THOC2,anxiety,induces,monogenic,A,0.68,0.17,HPO genes_to_phenotype; diseases=OMIM:300957;ORPHA:457240,False,1.0,1.0,2.0,38.0,OMIM:300957;ORPHA:457240,2.0,1.0,2020-08-02,"[[""GENE:THOC2"", -1.0, 1.0]]",2,2,0,0.9999337544286306,grade
THOC2,gene,THOC2,THOC2,cluster:THOC2,depressed_mood,induces,monogenic,A,0.68,0.17,HPO genes_to_phenotype; diseases=OMIM:300957;ORPHA:457240,False,1.0,1.0,2.0,38.0,OMIM:300957;ORPHA:457240,2.0,1.0,2020-08-02,"[[""GENE:THOC2"", -1.0, 1.0]]",2,2,0,0.9999337544286306,grade
ATP10A,gene,ATP10A,ATP10A,cluster:ATP10A,cognitive_impairment,induces,monogenic,A,0.68,0.17,HPO genes_to_phenotype; diseases=ORPHA:411515,True,0.0,1.0,1.0,,ORPHA:411515,1.0,0.0,,"[[""GENE:ATP10A"", -1.0, 1.0]]",1,1,0,0.9997730446598188,grade
THAP11,gene,THAP11,THAP11,cluster:THAP11,cognitive_impairment,induces,monogenic,A,0.8,0.2,HPO genes_to_phenotype; diseases=OMIM:620947,False,1.0,0.0,1.0,5.0,OMIM:620947,1.0,1.0,2025-12-10,"[[""GENE:THAP11"", -1.0, 1.0]]",1,1,0,0.9997099799437312,grade
SLC4A10,gene,SLC4A10,SLC4A10,cluster:SLC4A10,anxiety,induces,monogenic,A,0.8,0.2,HPO genes_to_phenotype; diseases=OMIM:620746,True,1.0,0.0,1.0,5.0,OMIM:620746,1.0,1.0,2023-11-02,"[[""GENE:SLC4A10"", -1.0, 1.0]]",1,1,0,0.9997099799437312,grade
SLC4A10,gene,SLC4A10,SLC4A10,cluster:SLC4A10,irritability_or_aggression,induces,monogenic,A,1.0,0.4,HPO genes_to_phenotype; diseases=OMIM:620746,True,1.0,0.0,1.0,5.0,OMIM:620746,1.0,1.0,2023-11-02,"[[""GENE:SLC4A10"", -1.0, 1.0]]",1,1,0,0.9997099799437312,grade
JPH3,gene,JPH3,JPH3,cluster:JPH3,cognitive_impairment,induces,monogenic,A,1.0,1.0,HPO genes_to_phenotype; diseases=OMIM:606438;ORPHA:98934,False,1.0,1.0,5.0,2.0,OMIM:606438;ORPHA:98934,3.0,1.0,2009-02-17,"[[""GENE:JPH3"", -1.0, 1.0]]",5,5,0,0.9998934187245915,grade
JPH3,gene,JPH3,JPH3,cluster:JPH3,psychosis,induces,monogenic,A,1.0,,HPO genes_to_phenotype; diseases=OMIM:606438,False,1.0,0.0,2.0,,OMIM:606438,1.0,0.0,2009-02-17,"[[""GENE:JPH3"", -1.0, 1.0]]",2,2,0,0.9961871887065212,grade
JPH3,gene,JPH3,JPH3,cluster:JPH3,irritability_or_aggression,induces,monogenic,A,1.0,,HPO genes_to_phenotype; diseases=OMIM:606438,False,1.0,0.0,1.0,,OMIM:606438,1.0,0.0,2009-02-17,"[[""GENE:JPH3"", -1.0, 1.0]]",1,1,0,0.9961871887065212,grade
JPH3,gene,JPH3,JPH3,cluster:JPH3,anxiety,induces,monogenic,A,1.0,,HPO genes_to_phenotype; diseases=OMIM:606438,False,1.0,0.0,1.0,,OMIM:606438,1.0,0.0,2009-02-17,"[[""GENE:JPH3"", -1.0, 1.0]]",1,1,0,0.9961871887065212,grade
JPH3,gene,JPH3,JPH3,cluster:JPH3,depressed_mood,induces,monogenic,A,1.0,,HPO genes_to_phenotype; diseases=OMIM:606438,False,1.0,0.0,1.0,,OMIM:606438,1.0,0.0,2009-02-17,"[[""GENE:JPH3"", -1.0, 1.0]]",1,1,0,0.9961871887065212,grade
CLTRN,gene,CLTRN,CLTRN,cluster:CLTRN,psychosis,induces,monogenic,A,1.0,0.895,HPO genes_to_phenotype; diseases=ORPHA:2116,True,0.0,1.0,2.0,,ORPHA:2116,1.0,0.0,,"[[""GENE:CLTRN"", -1.0, 1.0]]",2,2,0,0.9997730446598188,grade
CLTRN,gene,CLTRN,CLTRN,cluster:CLTRN,anxiety,induces,monogenic,A,1.0,0.895,HPO genes_to_phenotype; diseases=ORPHA:2116,True,0.0,1.0,1.0,,ORPHA:2116,1.0,0.0,,"[[""GENE:CLTRN"", -1.0, 1.0]]",1,1,0,0.9997730446598188,grade
TBC1D24,gene,TBC1D24,TBC1D24,cluster:ABCA3,cognitive_impairment,induces,monogenic,A,1.0,0.895,HPO genes_to_phenotype; diseases=ORPHA:293181;ORPHA:86909,False,0.0,2.0,2.0,,ORPHA:293181;ORPHA:86909,2.0,0.0,,"[[""GENE:TBC1D24"", -1.0, 1.0]]",2,2,0,0.9999332144392659,grade
TBC1D24,gene,TBC1D24,TBC1D24,cluster:ABCA3,somnolence_or_hypersomnia,induces,monogenic,A,0.68,0.17,HPO genes_to_phenotype; diseases=ORPHA:352596,False,0.0,1.0,1.0,,ORPHA:352596,1.0,0.0,,"[[""GENE:TBC1D24"", -1.0, 1.0]]",1,1,0,0.9997730446598188,grade
TBC1D24,gene,TBC1D24,TBC1D24,cluster:ABCA3,irritability_or_aggression,induces,monogenic,A,1.0,0.545,HPO genes_to_phenotype; diseases=ORPHA:86909,False,0.0,1.0,2.0,,ORPHA:86909,1.0,0.0,,"[[""GENE:TBC1D24"", -1.0, 1.0]]",2,2,0,0.9997730446598188,grade
SCAF4,gene,SCAF4,SCAF4,cluster:SCAF4,irritability_or_aggression,induces,monogenic,A,1.0,0.5555555555555556,HPO genes_to_phenotype; diseases=OMIM:620511,False,1.0,0.0,1.0,9.0,OMIM:620511,2.0,2.0,2024-04-01,"[[""GENE:SCAF4"", -1.0, 1.0]]",1,1,0,0.9997384406959443,grade
SLC12A5,gene,SLC12A5,SLC12A5,cluster:ABCA3,cognitive_impairment,induces,monogenic,A,1.0,0.895,HPO genes_to_phenotype; diseases=ORPHA:293181,True,0.0,1.0,1.0,,ORPHA:293181,1.0,0.0,,"[[""GENE:SLC12A5"", -1.0, 1.0]]",1,1,0,0.9997730446598188,grade
ARID1B,gene,ARID1B,ARID1B,cluster:ABCA3,irritability_or_aggression,induces,monogenic,A,0.68,0.17,HPO genes_to_phenotype; diseases=OMIM:135900;ORPHA:1465,False,1.0,1.0,2.0,9.0,OMIM:135900;ORPHA:1465,2.0,1.0,2009-02-17,"[[""GENE:ARID1B"", -1.0, 1.0]]",2,2,0,0.9999230297402218,grade
AARS2,gene,AARS2,AARS2,cluster:AARS2,depressed_mood,induces,monogenic,A,1.0,0.5,HPO genes_to_phenotype; diseases=OMIM:615889,False,1.0,0.0,1.0,6.0,OMIM:615889,1.0,1.0,2015-12-30,"[[""GENE:AARS2"", -1.0, 1.0]]",1,1,0,0.9997188801487722,grade
AARS2,gene,AARS2,AARS2,cluster:AARS2,cognitive_impairment,induces,monogenic,A,0.6666666666666666,0.16666666666666666,HPO genes_to_phenotype; diseases=OMIM:615889,False,1.0,0.0,1.0,6.0,OMIM:615889,1.0,1.0,2014-08-24,"[[""GENE:AARS2"", -1.0, 1.0]]",1,1,0,0.9997188801487722,grade
AARS2,gene,AARS2,AARS2,cluster:AARS2,psychosis,induces,monogenic,A,0.6666666666666666,0.16666666666666666,HPO genes_to_phenotype; diseases=OMIM:615889,False,1.0,0.0,1.0,6.0,OMIM:615889,1.0,1.0,2023-03-06,"[[""GENE:AARS2"", -1.0, 1.0]]",1,1,0,0.9997188801487722,grade
PCDH19,gene,PCDH19,PCDH19,cluster:ABCA3,cognitive_impairment,induces,monogenic,A,1.0,0.545,HPO genes_to_phenotype; diseases=ORPHA:33069,False,0.0,1.0,2.0,,ORPHA:33069,1.0,0.0,,"[[""GENE:PCDH19"", -1.0, 1.0]]",2,2,0,0.9994232502804609,grade
PCDH19,gene,PCDH19,PCDH19,cluster:ABCA3,anxiety,induces,monogenic,A,1.0,0.545,HPO genes_to_phenotype; diseases=ORPHA:33069;ORPHA:714652,False,0.0,2.0,2.0,,ORPHA:33069;ORPHA:714652,2.0,0.0,,"[[""GENE:PCDH19"", -1.0, 1.0]]",2,2,0,0.9998302394354796,grade
PCDH19,gene,PCDH19,PCDH19,cluster:ABCA3,irritability_or_aggression,induces,monogenic,A,1.0,0.545,HPO genes_to_phenotype; diseases=OMIM:300088;ORPHA:714652,False,1.0,1.0,2.0,,OMIM:300088;ORPHA:714652,2.0,0.0,2009-02-17,"[[""GENE:PCDH19"", -1.0, 1.0]]",2,2,0,0.9998915873699763,grade
PCDH19,gene,PCDH19,PCDH19,cluster:ABCA3,psychosis,induces,monogenic,A,0.25,0.025,HPO genes_to_phenotype; diseases=OMIM:300088;ORPHA:714652,False,1.0,1.0,2.0,,OMIM:300088;ORPHA:714652,2.0,0.0,2009-02-17,"[[""GENE:PCDH19"", -1.0, 1.0]]",2,2,0,0.9998915873699763,grade
HACE1,gene,HACE1,HACE1,cluster:ALK,irritability_or_aggression,induces,monogenic,A,0.68,0.17,HPO genes_to_phenotype; diseases=ORPHA:635,True,0.0,1.0,1.0,,ORPHA:635,1.0,0.0,,"[[""GENE:HACE1"", -1.0, 1.0]]",1,1,0,0.9997730446598188,grade
HACE1,gene,HACE1,HACE1,cluster:ALK,fatigue,induces,monogenic,A,1.0,0.545,HPO genes_to_phenotype; diseases=ORPHA:635,True,0.0,1.0,1.0,,ORPHA:635,1.0,0.0,,"[[""GENE:HACE1"", -1.0, 1.0]]",1,1,0,0.9997730446598188,grade
TAOK1,gene,TAOK1,TAOK1,cluster:TAOK1,cognitive_impairment,induces,monogenic,A,1.0,0.25,HPO genes_to_phenotype; diseases=OMIM:619575,False,1.0,0.0,1.0,8.0,OMIM:619575,1.0,1.0,2021-11-27,"[[""GENE:TAOK1"", -1.0, 1.0]]",1,1,0,0.9997328086157783,grade
LRRC7,gene,LRRC7,LRRC7,cluster:LRRC7,psychosis,induces,monogenic,A,1.0,1.0,HPO genes_to_phenotype; diseases=OMIM:621415,False,1.0,0.0,4.0,4.0,OMIM:621415,1.0,1.0,2025-12-22,"[[""GENE:LRRC7"", -1.0, 1.0]]",4,4,0,0.99963784265969,grade
LRRC7,gene,LRRC7,LRRC7,cluster:LRRC7,irritability_or_aggression,induces,monogenic,A,1.0,1.0,HPO genes_to_phenotype; diseases=OMIM:621415,False,1.0,0.0,2.0,8.0,OMIM:621415,1.0,1.0,2025-12-22,"[[""GENE:LRRC7"", -1.0, 1.0]]",2,2,0,0.999726368839152,grade
LRRC7,gene,LRRC7,LRRC7,cluster:LRRC7,anxiety,induces,monogenic,A,1.0,1.0,HPO genes_to_phenotype; diseases=OMIM:621415,False,1.0,0.0,1.0,2.0,OMIM:621415,1.0,1.0,2025-12-22,"[[""GENE:LRRC7"", -1.0, 1.0]]",1,1,0,0.9996663476591036,grade
LRRC7,gene,LRRC7,LRRC7,cluster:LRRC7,cognitive_impairment,induces,monogenic,A,1.0,1.0,HPO genes_to_phenotype; diseases=OMIM:621415,False,1.0,0.0,1.0,2.0,OMIM:621415,1.0,1.0,2025-12-22,"[[""GENE:LRRC7"", -1.0, 1.0]]",1,1,0,0.9996663476591036,grade
LRRC7,gene,LRRC7,LRRC7,cluster:LRRC7,depressed_mood,induces,monogenic,A,1.0,1.0,HPO genes_to_phenotype; diseases=OMIM:621415,False,1.0,0.0,1.0,1.0,OMIM:621415,1.0,1.0,2025-12-22,"[[""GENE:LRRC7"", -1.0, 1.0]]",1,1,0,0.99963784265969,grade
LRRC7,gene,LRRC7,LRRC7,cluster:LRRC7,psychomotor_agitation,induces,monogenic,A,1.0,1.0,HPO genes_to_phenotype; diseases=OMIM:621415,False,1.0,0.0,1.0,1.0,OMIM:621415,1.0,1.0,2025-12-22,"[[""GENE:LRRC7"", -1.0, 1.0]]",1,1,0,0.99963784265969,grade
LRRC7,gene,LRRC7,LRRC7,cluster:LRRC7,insomnia,induces,monogenic,A,1.0,1.0,HPO genes_to_phenotype; diseases=OMIM:621415,False,1.0,0.0,1.0,1.0,OMIM:621415,1.0,1.0,2025-12-22,"[[""GENE:LRRC7"", -1.0, 1.0]]",1,1,0,0.99963784265969,grade
ALS2,gene,ALS2,ALS2,cluster:ADH1C,cognitive_impairment,induces,monogenic,A,0.68,0.17,HPO genes_to_phenotype; diseases=ORPHA:300605,False,0.0,1.0,1.0,,ORPHA:300605,1.0,0.0,,"[[""GENE:ALS2"", -1.0, 1.0]]",1,1,0,0.9997730446598188,grade
CHD8,gene,CHD8,CHD8,cluster:CHD8,anxiety,induces,monogenic,A,1.0,0.36666666666666664,HPO genes_to_phenotype; diseases=OMIM:615032,False,1.0,0.0,1.0,30.0,OMIM:615032,5.0,5.0,2020-11-28,"[[""GENE:CHD8"", -1.0, 1.0]]",1,1,0,0.9976668184004441,grade
CHD8,gene,CHD8,CHD8,cluster:CHD8,cognitive_impairment,induces,monogenic,A,1.0,1.0,HPO genes_to_phenotype; diseases=OMIM:615032,False,1.0,0.0,1.0,6.0,OMIM:615032,2.0,2.0,2024-08-20,"[[""GENE:CHD8"", -1.0, 1.0]]",1,1,0,0.9970879616774058,grade
CHD8,gene,CHD8,CHD8,cluster:CHD8,depressed_mood,induces,monogenic,A,0.3333333333333333,0.08333333333333333,HPO genes_to_phenotype; diseases=OMIM:615032,False,1.0,0.0,1.0,24.0,OMIM:615032,2.0,2.0,2024-08-20,"[[""GENE:CHD8"", -1.0, 1.0]]",1,1,0,0.9976668184004441,grade
CHD8,gene,CHD8,CHD8,cluster:CHD8,irritability_or_aggression,induces,monogenic,A,1.0,0.545,HPO genes_to_phenotype; diseases=ORPHA:261229,False,0.0,1.0,1.0,,ORPHA:261229,1.0,0.0,,"[[""GENE:CHD8"", -1.0, 1.0]]",1,1,0,0.9994232502804609,grade
CHD8,gene,CHD8,CHD8,cluster:CHD8,psychosis,induces,monogenic,A,0.46153846153846156,0.11538461538461539,HPO genes_to_phenotype; diseases=OMIM:615032,False,1.0,0.0,1.0,26.0,OMIM:615032,3.0,3.0,2024-08-20,"[[""GENE:CHD8"", -1.0, 1.0]]",1,1,0,0.9976668184004441,grade
CHD8,gene,CHD8,CHD8,cluster:CHD8,insomnia,induces,monogenic,A,1.0,0.4583333333333333,HPO genes_to_phenotype; diseases=OMIM:615032,False,1.0,0.0,1.0,24.0,OMIM:615032,3.0,3.0,2024-08-20,"[[""GENE:CHD8"", -1.0, 1.0]]",1,1,0,0.9976668184004441,grade
CACHD1,gene,CACHD1,CACHD1,cluster:CACHD1,cognitive_impairment,induces,monogenic,A,1.0,0.6666666666666666,HPO genes_to_phenotype; diseases=OMIM:621566,False,1.0,0.0,1.0,3.0,OMIM:621566,1.0,1.0,2026-06-07,"[[""GENE:CACHD1"", -1.0, 1.0]]",1,1,0,0.9996852014177682,grade
CACHD1,gene,CACHD1,CACHD1,cluster:CACHD1,irritability_or_aggression,induces,monogenic,A,1.0,1.0,HPO genes_to_phenotype; diseases=OMIM:621566,False,1.0,0.0,1.0,1.0,OMIM:621566,1.0,1.0,2026-06-07,"[[""GENE:CACHD1"", -1.0, 1.0]]",1,1,0,0.99963784265969,grade
CACHD1,gene,CACHD1,CACHD1,cluster:CACHD1,anxiety,induces,monogenic,A,1.0,1.0,HPO genes_to_phenotype; diseases=OMIM:621566,False,1.0,0.0,1.0,2.0,OMIM:621566,1.0,1.0,2026-06-07,"[[""GENE:CACHD1"", -1.0, 1.0]]",1,1,0,0.9996663476591036,grade
GBA2,gene,GBA2,GBA2,cluster:GBA2,cognitive_impairment,induces,monogenic,A,1.0,1.0,HPO genes_to_phenotype; diseases=OMIM:614409;ORPHA:320391,True,1.0,1.0,4.0,5.0,OMIM:614409;ORPHA:320391,3.0,1.0,2010-07-01,"[[""GENE:GBA2"", -1.0, 1.0]]",4,4,0,0.9999152539456482,grade
NLRC4,gene,NLRC4,NLRC4,cluster:NLRC4,fatigue,induces,monogenic,A,1.0,1.0,HPO genes_to_phenotype; diseases=OMIM:616050,False,1.0,0.0,1.0,1.0,OMIM:616050,1.0,1.0,2020-10-11,"[[""GENE:NLRC4"", -1.0, 1.0]]",1,1,0,0.99963784265969,grade
JAM2,gene,JAM2,JAM2,cluster:ABCA3,cognitive_impairment,induces,monogenic,A,1.0,0.6666666666666666,HPO genes_to_phenotype; diseases=OMIM:213600;OMIM:618824;ORPHA:1980,False,2.0,1.0,6.0,6.0,OMIM:213600;OMIM:618824;ORPHA:1980,3.0,1.0,2009-02-17,"[[""GENE:JAM2"", -1.0, 1.0]]",6,6,0,0.9999604854498798,grade
JAM2,gene,JAM2,JAM2,cluster:ABCA3,anxiety,induces,monogenic,A,1.0,0.545,HPO genes_to_phenotype; diseases=ORPHA:1980,False,0.0,1.0,1.0,,ORPHA:1980,1.0,0.0,,"[[""GENE:JAM2"", -1.0, 1.0]]",1,1,0,0.9994232502804609,grade
JAM2,gene,JAM2,JAM2,cluster:ABCA3,depressed_mood,induces,monogenic,A,1.0,,HPO genes_to_phenotype; diseases=OMIM:213600,False,1.0,0.0,1.0,,OMIM:213600,1.0,0.0,2009-02-17,"[[""GENE:JAM2"", -1.0, 1.0]]",1,1,0,0.9961871887065212,grade
JAM2,gene,JAM2,JAM2,cluster:ABCA3,psychosis,induces,monogenic,A,1.0,0.545,HPO genes_to_phenotype; diseases=OMIM:213600;ORPHA:1980,False,1.0,1.0,2.0,,OMIM:213600;ORPHA:1980,2.0,0.0,2009-02-17,"[[""GENE:JAM2"", -1.0, 1.0]]",2,2,0,0.9998915873699763,grade
IL21,gene,IL21,IL21,cluster:IL21,fatigue,induces,monogenic,A,1.0,1.0,HPO genes_to_phenotype; diseases=OMIM:615767,False,1.0,0.0,1.0,1.0,OMIM:615767,1.0,1.0,2021-05-09,"[[""GENE:IL21"", -1.0, 1.0]]",1,1,0,0.99963784265969,grade
SLC25A19,gene,SLC25A19,SLC25A19,cluster:SLC25A19,irritability_or_aggression,induces,monogenic,A,1.0,1.0,HPO genes_to_phenotype; diseases=OMIM:607196;ORPHA:99742,True,1.0,1.0,2.0,1.0,OMIM:607196;ORPHA:99742,2.0,1.0,2010-07-01,"[[""GENE:SLC25A19"", -1.0, 1.0]]",2,2,0,0.9998934187245915,grade
PROK2,gene,PROK2,PROK2,cluster:ARNT2,anxiety,induces,monogenic,A,1.0,0.545,HPO genes_to_phenotype; diseases=ORPHA:432,False,0.0,1.0,1.0,,ORPHA:432,1.0,0.0,,"[[""GENE:PROK2"", -1.0, 1.0]]",1,1,0,0.9997730446598188,grade
PROK2,gene,PROK2,PROK2,cluster:ARNT2,depressed_mood,induces,monogenic,A,1.0,0.545,HPO genes_to_phenotype; diseases=ORPHA:432,False,0.0,1.0,1.0,,ORPHA:432,1.0,0.0,,"[[""GENE:PROK2"", -1.0, 1.0]]",1,1,0,0.9997730446598188,grade
EEFSEC,gene,EEFSEC,EEFSEC,cluster:EEFSEC,cognitive_impairment,induces,monogenic,A,1.0,1.0,HPO genes_to_phenotype; diseases=OMIM:621102,False,1.0,0.0,1.0,1.0,OMIM:621102,1.0,1.0,2025-10-02,"[[""GENE:EEFSEC"", -1.0, 1.0]]",1,1,0,0.99963784265969,grade
BCORL1,gene,BCORL1,BCORL1,cluster:BCORL1,irritability_or_aggression,induces,monogenic,A,1.0,0.4,HPO genes_to_phenotype; diseases=OMIM:301029,False,1.0,0.0,1.0,5.0,OMIM:301029,1.0,1.0,2022-11-26,"[[""GENE:BCORL1"", -1.0, 1.0]]",1,1,0,0.9997099799437312,grade
PRDM16,gene,PRDM16,PRDM16,cluster:PRDM16,fatigue,induces,monogenic,A,1.0,0.545,HPO genes_to_phenotype; diseases=ORPHA:154,False,0.0,1.0,1.0,,ORPHA:154,1.0,0.0,,"[[""GENE:PRDM16"", -1.0, 1.0]]",1,1,0,0.9997730446598188,grade
CDH23,gene,CDH23,CDH23,cluster:ABCA3,anxiety,induces,monogenic,A,0.68,0.17,HPO genes_to_phenotype; diseases=ORPHA:231169;ORPHA:96253,False,0.0,2.0,2.0,,ORPHA:231169;ORPHA:96253,2.0,0.0,,"[[""GENE:CDH23"", -1.0, 1.0]]",2,2,0,0.9999332144392659,grade
CDH23,gene,CDH23,CDH23,cluster:ABCA3,cognitive_impairment,induces,monogenic,A,0.68,0.17,HPO genes_to_phenotype; diseases=ORPHA:96253,False,0.0,1.0,2.0,,ORPHA:96253,1.0,0.0,,"[[""GENE:CDH23"", -1.0, 1.0]]",2,2,0,0.9997730446598188,grade
CDH23,gene,CDH23,CDH23,cluster:ABCA3,depressed_mood,induces,monogenic,A,0.68,0.17,HPO genes_to_phenotype; diseases=ORPHA:231169;ORPHA:96253,False,0.0,2.0,2.0,,ORPHA:231169;ORPHA:96253,2.0,0.0,,"[[""GENE:CDH23"", -1.0, 1.0]]",2,2,0,0.9999332144392659,grade
CDH23,gene,CDH23,CDH23,cluster:ABCA3,psychosis,induces,monogenic,A,0.25,0.025,HPO genes_to_phenotype; diseases=ORPHA:96253,False,0.0,1.0,1.0,,ORPHA:96253,1.0,0.0,,"[[""GENE:CDH23"", -1.0, 1.0]]",1,1,0,0.9997730446598188,grade
CDH23,gene,CDH23,CDH23,cluster:ABCA3,fatigue,induces,monogenic,A,1.0,0.545,HPO genes_to_phenotype; diseases=ORPHA:2965;ORPHA:91347,False,0.0,2.0,2.0,,ORPHA:2965;ORPHA:91347,2.0,0.0,,"[[""GENE:CDH23"", -1.0, 1.0]]",2,2,0,0.9999332144392659,grade
IFIH1,gene,IFIH1,IFIH1,cluster:ADAR,irritability_or_aggression,induces,monogenic,A,1.0,0.6,HPO genes_to_phenotype; diseases=OMIM:615846;ORPHA:51,False,1.0,1.0,2.0,5.0,OMIM:615846;ORPHA:51,2.0,1.0,2014-06-24,"[[""GENE:IFIH1"", -1.0, 1.0]]",2,2,0,0.9999146527490381,grade
SEMA4A,gene,SEMA4A,SEMA4A,cluster:ABCA3,cognitive_impairment,induces,monogenic,A,0.68,0.17,HPO genes_to_phenotype; diseases=ORPHA:440437,False,0.0,1.0,1.0,,ORPHA:440437,1.0,0.0,,"[[""GENE:SEMA4A"", -1.0, 1.0]]",1,1,0,0.9997730446598188,grade
SEMA4A,gene,SEMA4A,SEMA4A,cluster:ABCA3,psychosis,induces,monogenic,A,0.68,0.17,HPO genes_to_phenotype; diseases=ORPHA:440437,False,0.0,1.0,1.0,,ORPHA:440437,1.0,0.0,,"[[""GENE:SEMA4A"", -1.0, 1.0]]",1,1,0,0.9997730446598188,grade
SEMA4A,gene,SEMA4A,SEMA4A,cluster:ABCA3,irritability_or_aggression,induces,monogenic,A,1.0,0.545,HPO genes_to_phenotype; diseases=ORPHA:440437,False,0.0,1.0,1.0,,ORPHA:440437,1.0,0.0,,"[[""GENE:SEMA4A"", -1.0, 1.0]]",1,1,0,0.9997730446598188,grade
SEMA4A,gene,SEMA4A,SEMA4A,cluster:ABCA3,anxiety,induces,monogenic,A,1.0,0.545,HPO genes_to_phenotype; diseases=ORPHA:440437,False,0.0,1.0,1.0,,ORPHA:440437,1.0,0.0,,"[[""GENE:SEMA4A"", -1.0, 1.0]]",1,1,0,0.9997730446598188,grade
SEMA4A,gene,SEMA4A,SEMA4A,cluster:ABCA3,depressed_mood,induces,monogenic,A,1.0,0.545,HPO genes_to_phenotype; diseases=ORPHA:440437,False,0.0,1.0,1.0,,ORPHA:440437,1.0,0.0,,"[[""GENE:SEMA4A"", -1.0, 1.0]]",1,1,0,0.9997730446598188,grade
SEMA4A,gene,SEMA4A,SEMA4A,cluster:ABCA3,fatigue,induces,monogenic,A,1.0,0.895,HPO genes_to_phenotype; diseases=ORPHA:440437,False,0.0,1.0,1.0,,ORPHA:440437,1.0,0.0,,"[[""GENE:SEMA4A"", -1.0, 1.0]]",1,1,0,0.9997730446598188,grade
ROBO3,gene,ROBO3,ROBO3,cluster:DCC,cognitive_impairment,induces,monogenic,A,1.0,0.545,HPO genes_to_phenotype; diseases=ORPHA:2744,False,0.0,1.0,1.0,,ORPHA:2744,1.0,0.0,,"[[""GENE:ROBO3"", -1.0, 1.0]]",1,1,0,0.9997730446598188,grade
SOX17,gene,SOX17,SOX17,cluster:SOX17,fatigue,induces,monogenic,A,1.0,0.6,HPO genes_to_phenotype; diseases=OMIM:621248,False,1.0,0.0,1.0,5.0,OMIM:621248,1.0,1.0,2026-01-08,"[[""GENE:SOX17"", -1.0, 1.0]]",1,1,0,0.9997099799437312,grade
NSD1,gene,NSD1,NSD1,cluster:APC2,cognitive_impairment,induces,monogenic,A,1.0,1.0,HPO genes_to_phenotype; diseases=OMIM:117550,True,1.0,0.0,1.0,1.0,OMIM:117550,1.0,1.0,2017-11-07,"[[""GENE:NSD1"", -1.0, 1.0]]",1,1,0,0.9962513618179513,grade
NSD1,gene,NSD1,NSD1,cluster:APC2,anxiety,induces,monogenic,A,0.68,0.17,HPO genes_to_phenotype; diseases=ORPHA:821,True,0.0,1.0,1.0,,ORPHA:821,1.0,0.0,,"[[""GENE:NSD1"", -1.0, 1.0]]",1,1,0,0.9994232502804609,grade
NSD1,gene,NSD1,NSD1,cluster:APC2,irritability_or_aggression,induces,monogenic,A,1.0,1.0,HPO genes_to_phenotype; diseases=OMIM:117550;ORPHA:821,True,1.0,1.0,2.0,1.0,OMIM:117550;ORPHA:821,2.0,1.0,2018-11-01,"[[""GENE:NSD1"", -1.0, 1.0]]",2,2,0,0.9998934187245915,grade
INF2,gene,INF2,INF2,cluster:INF2,irritability_or_aggression,induces,monogenic,A,0.68,0.17,HPO genes_to_phenotype; diseases=ORPHA:656,False,0.0,1.0,1.0,,ORPHA:656,1.0,0.0,,"[[""GENE:INF2"", -1.0, 1.0]]",1,1,0,0.9997730446598188,grade
VPS16,gene,VPS16,VPS16,cluster:VPS16,irritability_or_aggression,induces,monogenic,A,0.25,0.05263157894736842,HPO genes_to_phenotype; diseases=OMIM:619291,False,1.0,0.0,1.0,19.0,OMIM:619291,1.0,1.0,2021-05-29,"[[""GENE:VPS16"", -1.0, 1.0]]",1,1,0,0.9997726473955477,grade
MICAL1,gene,MICAL1,MICAL1,cluster:LGI1,psychosis,induces,monogenic,A,1.0,0.895,HPO genes_to_phenotype; diseases=ORPHA:101046,False,0.0,1.0,2.0,,ORPHA:101046,1.0,0.0,,"[[""GENE:MICAL1"", -1.0, 1.0]]",2,2,0,0.9997730446598188,grade
MICAL1,gene,MICAL1,MICAL1,cluster:LGI1,depressed_mood,induces,monogenic,A,0.25,0.025,HPO genes_to_phenotype; diseases=ORPHA:101046,False,0.0,1.0,1.0,,ORPHA:101046,1.0,0.0,,"[[""GENE:MICAL1"", -1.0, 1.0]]",1,1,0,0.9997730446598188,grade
PORCN,gene,PORCN,PORCN,cluster:PORCN,cognitive_impairment,induces,monogenic,A,1.0,0.545,HPO genes_to_phenotype; diseases=ORPHA:2092,True,0.0,1.0,1.0,,ORPHA:2092,1.0,0.0,,"[[""GENE:PORCN"", -1.0, 1.0]]",1,1,0,0.9997730446598188,grade
NABP1,gene,NABP1,NABP1,cluster:ABCA3,fatigue,induces,monogenic,A,1.0,0.545,HPO genes_to_phenotype; diseases=ORPHA:520,False,0.0,1.0,1.0,,ORPHA:520,1.0,0.0,,"[[""GENE:NABP1"", -1.0, 1.0]]",1,1,0,0.9997730446598188,grade
BCL11B,gene,BCL11B,BCL11B,cluster:BCL11B,anxiety,induces,monogenic,A,0.6666666666666666,0.16666666666666666,HPO genes_to_phenotype; diseases=OMIM:618092,False,1.0,0.0,1.0,12.0,OMIM:618092,1.0,1.0,2018-10-08,"[[""GENE:BCL11B"", -1.0, 1.0]]",1,1,0,0.9997519550861653,grade
PINK1,gene,PINK1,PINK1,cluster:ADH1C,anxiety,induces,monogenic,A,0.68,0.17,HPO genes_to_phenotype; diseases=OMIM:605909;ORPHA:2828,False,1.0,1.0,3.0,,OMIM:605909;ORPHA:2828,2.0,0.0,2009-02-17,"[[""GENE:PINK1"", -1.0, 1.0]]",3,3,0,0.9998915873699763,grade
PINK1,gene,PINK1,PINK1,cluster:ADH1C,cognitive_impairment,induces,monogenic,A,0.68,0.17,HPO genes_to_phenotype; diseases=OMIM:605909;ORPHA:2828,False,1.0,1.0,5.0,,OMIM:605909;ORPHA:2828,2.0,0.0,2009-02-17,"[[""GENE:PINK1"", -1.0, 1.0]]",5,5,0,0.9998915873699763,grade
PINK1,gene,PINK1,PINK1,cluster:ADH1C,insomnia,induces,monogenic,A,0.68,0.17,HPO genes_to_phenotype; diseases=ORPHA:2828,False,0.0,1.0,1.0,,ORPHA:2828,1.0,0.0,,"[[""GENE:PINK1"", -1.0, 1.0]]",1,1,0,0.9994232502804609,grade
PINK1,gene,PINK1,PINK1,cluster:ADH1C,psychosis,induces,monogenic,A,1.0,0.545,HPO genes_to_phenotype; diseases=ORPHA:2828,False,0.0,1.0,1.0,,ORPHA:2828,1.0,0.0,,"[[""GENE:PINK1"", -1.0, 1.0]]",1,1,0,0.9994232502804609,grade
PINK1,gene,PINK1,PINK1,cluster:ADH1C,depressed_mood,induces,monogenic,A,1.0,0.545,HPO genes_to_phenotype; diseases=OMIM:605909;ORPHA:2828,False,1.0,1.0,2.0,,OMIM:605909;ORPHA:2828,2.0,0.0,2009-02-17,"[[""GENE:PINK1"", -1.0, 1.0]]",2,2,0,0.9998915873699763,grade
PINK1,gene,PINK1,PINK1,cluster:ADH1C,psychomotor_agitation,induces,monogenic,A,0.25,0.025,HPO genes_to_phenotype; diseases=ORPHA:2828,False,0.0,1.0,1.0,,ORPHA:2828,1.0,0.0,,"[[""GENE:PINK1"", -1.0, 1.0]]",1,1,0,0.9994232502804609,grade
RTN4R,gene,RTN4R,RTN4R,cluster:CHI3L1,cognitive_impairment,induces,monogenic,A,1.0,,HPO genes_to_phenotype; diseases=OMIM:181500,False,1.0,0.0,1.0,,OMIM:181500,1.0,0.0,2009-02-17,"[[""GENE:RTN4R"", -1.0, 1.0]]",1,1,0,0.999631621434846,grade
RTN4R,gene,RTN4R,RTN4R,cluster:CHI3L1,psychosis,induces,monogenic,A,1.0,,HPO genes_to_phenotype; diseases=OMIM:181500,False,1.0,0.0,2.0,,OMIM:181500,1.0,0.0,2009-02-17,"[[""GENE:RTN4R"", -1.0, 1.0]]",2,2,0,0.999631621434846,grade
UPF3B,gene,UPF3B,UPF3B,cluster:MED12,psychosis,induces,monogenic,A,0.68,0.17,HPO genes_to_phenotype; diseases=ORPHA:776,False,0.0,1.0,2.0,,ORPHA:776,1.0,0.0,,"[[""GENE:UPF3B"", -1.0, 1.0]]",2,2,0,0.9997730446598188,grade
PCDH15,gene,PCDH15,PCDH15,cluster:ABCA3,anxiety,induces,monogenic,A,0.68,0.17,HPO genes_to_phenotype; diseases=ORPHA:231169,False,0.0,1.0,1.0,,ORPHA:231169,1.0,0.0,,"[[""GENE:PCDH15"", -1.0, 1.0]]",1,1,0,0.9997730446598188,grade
PCDH15,gene,PCDH15,PCDH15,cluster:ABCA3,depressed_mood,induces,monogenic,A,0.68,0.17,HPO genes_to_phenotype; diseases=ORPHA:231169,False,0.0,1.0,1.0,,ORPHA:231169,1.0,0.0,,"[[""GENE:PCDH15"", -1.0, 1.0]]",1,1,0,0.9997730446598188,grade
NUP37,gene,NUP37,NUP37,cluster:NUP37,irritability_or_aggression,induces,monogenic,A,0.68,0.17,HPO genes_to_phenotype; diseases=ORPHA:656,True,0.0,1.0,1.0,,ORPHA:656,1.0,0.0,,"[[""GENE:NUP37"", -1.0, 1.0]]",1,1,0,0.9997730446598188,grade
SECISBP2,gene,SECISBP2,SECISBP2,cluster:SECISBP2,cognitive_impairment,induces,monogenic,A,0.68,0.17,HPO genes_to_phenotype; diseases=ORPHA:171706,False,0.0,1.0,1.0,,ORPHA:171706,1.0,0.0,,"[[""GENE:SECISBP2"", -1.0, 1.0]]",1,1,0,0.9997730446598188,grade
FA2H,gene,FA2H,FA2H,cluster:FA2H,cognitive_impairment,induces,monogenic,A,1.0,0.895,HPO genes_to_phenotype; diseases=OMIM:612319;ORPHA:171629;ORPHA:329308,False,1.0,2.0,4.0,,OMIM:612319;ORPHA:171629;ORPHA:329308,3.0,1.0,2012-04-17,"[[""GENE:FA2H"", -1.0, 1.0]]",4,4,0,0.99998050829833,grade
FA2H,gene,FA2H,FA2H,cluster:FA2H,anxiety,induces,monogenic,A,0.25,0.025,HPO genes_to_phenotype; diseases=ORPHA:329308,False,0.0,1.0,1.0,,ORPHA:329308,1.0,0.0,,"[[""GENE:FA2H"", -1.0, 1.0]]",1,1,0,0.9994232502804609,grade
FA2H,gene,FA2H,FA2H,cluster:FA2H,depressed_mood,induces,monogenic,A,0.25,0.025,HPO genes_to_phenotype; diseases=ORPHA:329308,False,0.0,1.0,1.0,,ORPHA:329308,1.0,0.0,,"[[""GENE:FA2H"", -1.0, 1.0]]",1,1,0,0.9994232502804609,grade
GNPTAB,gene,GNPTAB,GNPTAB,cluster:GNPTAB,cognitive_impairment,induces,monogenic,A,1.0,0.545,HPO genes_to_phenotype; diseases=ORPHA:423461;ORPHA:576,True,0.0,2.0,2.0,,ORPHA:423461;ORPHA:576,2.0,0.0,,"[[""GENE:GNPTAB"", -1.0, 1.0]]",2,2,0,0.9999332144392659,grade
NKAP,gene,NKAP,NKAP,cluster:NKAP,irritability_or_aggression,induces,monogenic,A,1.0,,HPO genes_to_phenotype; diseases=OMIM:301039,False,1.0,0.0,1.0,,OMIM:301039,1.0,1.0,2020-04-06,"[[""GENE:NKAP"", -1.0, 1.0]]",1,1,0,0.9997748793976969,grade
CDC73,gene,CDC73,CDC73,cluster:CDC73,fatigue,induces,monogenic,A,1.0,0.545,HPO genes_to_phenotype; diseases=ORPHA:143;ORPHA:99880,False,0.0,2.0,2.0,,ORPHA:143;ORPHA:99880,2.0,0.0,,"[[""GENE:CDC73"", -1.0, 1.0]]",2,2,0,0.9999332144392659,grade
SLC52A2,gene,SLC52A2,SLC52A2,cluster:SLC52A2,irritability_or_aggression,induces,monogenic,A,0.68,0.17,HPO genes_to_phenotype; diseases=OMIM:614707,True,1.0,0.0,1.0,,OMIM:614707,1.0,0.0,2013-04-02,"[[""GENE:SLC52A2"", -1.0, 1.0]]",1,1,0,0.9997120224657162,grade
CARS2,gene,CARS2,CARS2,cluster:CARS2,cognitive_impairment,induces,monogenic,A,1.0,1.0,HPO genes_to_phenotype; diseases=OMIM:616672,False,1.0,0.0,1.0,2.0,OMIM:616672,1.0,1.0,2022-05-23,"[[""GENE:CARS2"", -1.0, 1.0]]",1,1,0,0.9996663476591036,grade
EFL1,gene,EFL1,EFL1,cluster:EFL1,cognitive_impairment,induces,monogenic,A,0.68,0.17,HPO genes_to_phenotype; diseases=ORPHA:811,True,0.0,1.0,1.0,,ORPHA:811,1.0,0.0,,"[[""GENE:EFL1"", -1.0, 1.0]]",1,1,0,0.9997730446598188,grade
PPCS,gene,PPCS,PPCS,cluster:PPCS,fatigue,induces,monogenic,A,1.0,0.545,HPO genes_to_phenotype; diseases=ORPHA:154,True,0.0,1.0,1.0,,ORPHA:154,1.0,0.0,,"[[""GENE:PPCS"", -1.0, 1.0]]",1,1,0,0.9997730446598188,grade
TBL1XR1,gene,TBL1XR1,TBL1XR1,cluster:ABCA3,fatigue,induces,monogenic,A,1.0,0.545,HPO genes_to_phenotype; diseases=ORPHA:520,False,0.0,1.0,1.0,,ORPHA:520,1.0,0.0,,"[[""GENE:TBL1XR1"", -1.0, 1.0]]",1,1,0,0.9997730446598188,grade
PALB2,gene,PALB2,PALB2,cluster:ABCA3,fatigue,induces,monogenic,A,1.0,0.895,HPO genes_to_phenotype; diseases=ORPHA:1333,False,0.0,1.0,1.0,,ORPHA:1333,1.0,0.0,,"[[""GENE:PALB2"", -1.0, 1.0]]",1,1,0,0.9997730446598188,grade
KCTD17,gene,KCTD17,KCTD17,cluster:DRD2,anxiety,induces,monogenic,A,1.0,0.545,HPO genes_to_phenotype; diseases=OMIM:616398;ORPHA:36899,False,1.0,1.0,3.0,8.0,OMIM:616398;ORPHA:36899,2.0,1.0,2015-06-22,"[[""GENE:KCTD17"", -1.0, 1.0]]",3,3,0,0.999921372049475,grade
KCTD17,gene,KCTD17,KCTD17,cluster:DRD2,depressed_mood,induces,monogenic,A,1.0,0.545,HPO genes_to_phenotype; diseases=OMIM:616398;ORPHA:36899,False,1.0,1.0,2.0,8.0,OMIM:616398;ORPHA:36899,2.0,1.0,2015-12-30,"[[""GENE:KCTD17"", -1.0, 1.0]]",2,2,0,0.999921372049475,grade
SLC25A22,gene,SLC25A22,SLC25A22,cluster:ABCA3,cognitive_impairment,induces,monogenic,A,1.0,0.895,HPO genes_to_phenotype; diseases=ORPHA:293181,True,0.0,1.0,1.0,,ORPHA:293181,1.0,0.0,,"[[""GENE:SLC25A22"", -1.0, 1.0]]",1,1,0,0.9997730446598188,grade
ALG9,gene,ALG9,ALG9,cluster:ALG9,irritability_or_aggression,induces,monogenic,A,0.68,0.17,HPO genes_to_phenotype; diseases=ORPHA:79328,True,0.0,1.0,1.0,,ORPHA:79328,1.0,0.0,,"[[""GENE:ALG9"", -1.0, 1.0]]",1,1,0,0.9997730446598188,grade
EHMT1,gene,EHMT1,EHMT1,cluster:EHMT1,irritability_or_aggression,induces,monogenic,A,1.0,0.25961538461538464,HPO genes_to_phenotype; diseases=OMIM:610253;ORPHA:96147,True,1.0,1.0,2.0,104.0,OMIM:610253;ORPHA:96147,2.0,1.0,2009-02-17,"[[""GENE:EHMT1"", -1.0, 1.0]]",2,2,0,0.9999337544286306,grade
EHMT1,gene,EHMT1,EHMT1,cluster:EHMT1,anxiety,induces,monogenic,A,1.0,0.25,HPO genes_to_phenotype; diseases=OMIM:610253;ORPHA:96147,True,1.0,1.0,2.0,104.0,OMIM:610253;ORPHA:96147,2.0,1.0,2024-07-15,"[[""GENE:EHMT1"", -1.0, 1.0]]",2,2,0,0.9999337544286306,grade
EHMT1,gene,EHMT1,EHMT1,cluster:EHMT1,depressed_mood,induces,monogenic,A,0.68,0.17,HPO genes_to_phenotype; diseases=OMIM:610253;ORPHA:96147,True,1.0,1.0,2.0,104.0,OMIM:610253;ORPHA:96147,2.0,1.0,2024-07-15,"[[""GENE:EHMT1"", -1.0, 1.0]]",2,2,0,0.9999337544286306,grade
EHMT1,gene,EHMT1,EHMT1,cluster:EHMT1,psychosis,induces,monogenic,A,0.5384615384615384,0.1346153846153846,HPO genes_to_phenotype; diseases=OMIM:610253,True,1.0,0.0,1.0,104.0,OMIM:610253,1.0,1.0,2024-07-15,"[[""GENE:EHMT1"", -1.0, 1.0]]",1,1,0,0.9976668184004441,grade
CLMP,gene,CLMP,CLMP,cluster:CLMP,cognitive_impairment,induces,monogenic,A,1.0,0.545,HPO genes_to_phenotype; diseases=ORPHA:2301,False,0.0,1.0,1.0,,ORPHA:2301,1.0,0.0,,"[[""GENE:CLMP"", -1.0, 1.0]]",1,1,0,0.9997730446598188,grade
ALG13,gene,ALG13,ALG13,cluster:ALG13,cognitive_impairment,induces,monogenic,A,0.68,0.17,HPO genes_to_phenotype; diseases=ORPHA:324422,True,0.0,1.0,1.0,,ORPHA:324422,1.0,0.0,,"[[""GENE:ALG13"", -1.0, 1.0]]",1,1,0,0.9997730446598188,grade
UBA5,gene,UBA5,UBA5,cluster:UBA5,cognitive_impairment,induces,monogenic,A,0.68,0.17,HPO genes_to_phenotype; diseases=ORPHA:442835,False,0.0,1.0,1.0,,ORPHA:442835,1.0,0.0,,"[[""GENE:UBA5"", -1.0, 1.0]]",1,1,0,0.9994232502804609,grade
UBA5,gene,UBA5,UBA5,cluster:UBA5,irritability_or_aggression,induces,monogenic,A,1.0,0.5555555555555556,HPO genes_to_phenotype; diseases=OMIM:617132,False,1.0,0.0,1.0,9.0,OMIM:617132,1.0,1.0,2017-07-13,"[[""GENE:UBA5"", -1.0, 1.0]]",1,1,0,0.9972900874448941,grade
NUP85,gene,NUP85,NUP85,cluster:ATR,cognitive_impairment,induces,monogenic,A,1.0,0.895,HPO genes_to_phenotype; diseases=ORPHA:808,True,0.0,1.0,1.0,,ORPHA:808,1.0,0.0,,"[[""GENE:NUP85"", -1.0, 1.0]]",1,1,0,0.9997730446598188,grade
NUP85,gene,NUP85,NUP85,cluster:ATR,irritability_or_aggression,induces,monogenic,A,0.68,0.17,HPO genes_to_phenotype; diseases=ORPHA:656,True,0.0,1.0,1.0,,ORPHA:656,1.0,0.0,,"[[""GENE:NUP85"", -1.0, 1.0]]",1,1,0,0.9997730446598188,grade
NAA60,gene,NAA60,NAA60,cluster:ABCA3,cognitive_impairment,induces,monogenic,A,1.0,0.545,HPO genes_to_phenotype; diseases=OMIM:213600;ORPHA:1980,True,1.0,1.0,5.0,,OMIM:213600;ORPHA:1980,2.0,0.0,2009-02-17,"[[""GENE:NAA60"", -1.0, 1.0]]",5,5,0,0.9998915873699763,grade
NAA60,gene,NAA60,NAA60,cluster:ABCA3,anxiety,induces,monogenic,A,1.0,0.545,HPO genes_to_phenotype; diseases=OMIM:620786;ORPHA:1980,True,1.0,1.0,2.0,10.0,OMIM:620786;ORPHA:1980,2.0,1.0,2024-03-13,"[[""GENE:NAA60"", -1.0, 1.0]]",2,2,0,0.9999244991788775,grade
NAA60,gene,NAA60,NAA60,cluster:ABCA3,depressed_mood,induces,monogenic,A,0.4,0.1,HPO genes_to_phenotype; diseases=OMIM:213600;OMIM:620786,True,2.0,0.0,2.0,10.0,OMIM:213600;OMIM:620786,2.0,1.0,2009-02-17,"[[""GENE:NAA60"", -1.0, 1.0]]",2,2,0,0.9987285557863471,grade
NAA60,gene,NAA60,NAA60,cluster:ABCA3,psychosis,induces,monogenic,A,1.0,0.545,HPO genes_to_phenotype; diseases=OMIM:213600;OMIM:620786;ORPHA:1980,True,2.0,1.0,3.0,10.0,OMIM:213600;OMIM:620786;ORPHA:1980,3.0,1.0,2009-02-17,"[[""GENE:NAA60"", -1.0, 1.0]]",3,3,0,0.9999639374205871,grade
KIAA0319L,gene,KIAA0319L,KIAA0319L,cluster:KIAA0319L,depressed_mood,induces,monogenic,A,0.68,0.17,HPO genes_to_phenotype; diseases=ORPHA:536,False,0.0,1.0,1.0,,ORPHA:536,1.0,0.0,,"[[""GENE:KIAA0319L"", -1.0, 1.0]]",1,1,0,0.9997730446598188,grade
KIAA0319L,gene,KIAA0319L,KIAA0319L,cluster:KIAA0319L,fatigue,induces,monogenic,A,1.0,0.895,HPO genes_to_phenotype; diseases=ORPHA:536,False,0.0,1.0,1.0,,ORPHA:536,1.0,0.0,,"[[""GENE:KIAA0319L"", -1.0, 1.0]]",1,1,0,0.9997730446598188,grade
DHDDS,gene,DHDDS,DHDDS,cluster:DHDDS,cognitive_impairment,induces,monogenic,A,0.68,0.17,HPO genes_to_phenotype; diseases=ORPHA:442835,True,0.0,1.0,1.0,,ORPHA:442835,1.0,0.0,,"[[""GENE:DHDDS"", -1.0, 1.0]]",1,1,0,0.9997730446598188,grade
PANK2,gene,PANK2,PANK2,cluster:PANK2,cognitive_impairment,induces,monogenic,A,1.0,0.545,HPO genes_to_phenotype; diseases=OMIM:234200;ORPHA:216866;ORPHA:216873,True,1.0,2.0,4.0,92.0,OMIM:234200;ORPHA:216866;ORPHA:216873,5.0,2.0,2003-01-02,"[[""GENE:PANK2"", -1.0, 1.0]]",4,4,0,0.99998050829833,grade
PANK2,gene,PANK2,PANK2,cluster:PANK2,irritability_or_aggression,induces,monogenic,A,1.0,0.545,HPO genes_to_phenotype; diseases=ORPHA:216873,True,0.0,1.0,2.0,,ORPHA:216873,1.0,0.0,,"[[""GENE:PANK2"", -1.0, 1.0]]",2,2,0,0.9994232502804609,grade
PANK2,gene,PANK2,PANK2,cluster:PANK2,depressed_mood,induces,monogenic,A,1.0,0.545,HPO genes_to_phenotype; diseases=OMIM:234200;ORPHA:216873,True,1.0,1.0,2.0,17.0,OMIM:234200;ORPHA:216873,3.0,2.0,2005-05-24,"[[""GENE:PANK2"", -1.0, 1.0]]",2,2,0,0.9999316566404312,grade
PANK2,gene,PANK2,PANK2,cluster:PANK2,psychosis,induces,monogenic,A,0.25,0.025,HPO genes_to_phenotype; diseases=ORPHA:216873,True,0.0,1.0,1.0,,ORPHA:216873,1.0,0.0,,"[[""GENE:PANK2"", -1.0, 1.0]]",1,1,0,0.9994232502804609,grade
IFT74,gene,IFT74,IFT74,cluster:BBIP1,cognitive_impairment,induces,monogenic,A,1.0,0.545,HPO genes_to_phenotype; diseases=ORPHA:110,False,0.0,1.0,2.0,,ORPHA:110,1.0,0.0,,"[[""GENE:IFT74"", -1.0, 1.0]]",2,2,0,0.9997730446598188,grade
IFT74,gene,IFT74,IFT74,cluster:BBIP1,anxiety,induces,monogenic,A,0.68,0.17,HPO genes_to_phenotype; diseases=ORPHA:110,False,0.0,1.0,1.0,,ORPHA:110,1.0,0.0,,"[[""GENE:IFT74"", -1.0, 1.0]]",1,1,0,0.9997730446598188,grade
IFT74,gene,IFT74,IFT74,cluster:BBIP1,depressed_mood,induces,monogenic,A,1.0,0.545,HPO genes_to_phenotype; diseases=ORPHA:110,False,0.0,1.0,1.0,,ORPHA:110,1.0,0.0,,"[[""GENE:IFT74"", -1.0, 1.0]]",1,1,0,0.9997730446598188,grade
CEP290,gene,CEP290,CEP290,cluster:BBIP1,cognitive_impairment,induces,monogenic,A,1.0,0.545,HPO genes_to_phenotype; diseases=ORPHA:110,False,0.0,1.0,2.0,,ORPHA:110,1.0,0.0,,"[[""GENE:CEP290"", -1.0, 1.0]]",2,2,0,0.9994232502804609,grade
CEP290,gene,CEP290,CEP290,cluster:BBIP1,anxiety,induces,monogenic,A,0.68,0.17,HPO genes_to_phenotype; diseases=ORPHA:110,False,0.0,1.0,1.0,,ORPHA:110,1.0,0.0,,"[[""GENE:CEP290"", -1.0, 1.0]]",1,1,0,0.9994232502804609,grade
CEP290,gene,CEP290,CEP290,cluster:BBIP1,depressed_mood,induces,monogenic,A,1.0,0.545,HPO genes_to_phenotype; diseases=ORPHA:110,False,0.0,1.0,1.0,,ORPHA:110,1.0,0.0,,"[[""GENE:CEP290"", -1.0, 1.0]]",1,1,0,0.9994232502804609,grade
CEP290,gene,CEP290,CEP290,cluster:BBIP1,irritability_or_aggression,induces,monogenic,A,0.4444444444444444,0.1111111111111111,HPO genes_to_phenotype; diseases=OMIM:610188,False,1.0,0.0,1.0,9.0,OMIM:610188,1.0,1.0,2022-09-29,"[[""GENE:CEP290"", -1.0, 1.0]]",1,1,0,0.9972900874448941,grade
FBXO11,gene,FBXO11,FBXO11,cluster:FBXO11,cognitive_impairment,induces,monogenic,A,1.0,,HPO genes_to_phenotype; diseases=OMIM:618089,False,1.0,0.0,1.0,,OMIM:618089,1.0,0.0,2018-10-08,"[[""GENE:FBXO11"", -1.0, 1.0]]",1,1,0,0.999631621434846,grade
FBXO11,gene,FBXO11,FBXO11,cluster:FBXO11,insomnia,induces,monogenic,A,1.0,0.3333333333333333,HPO genes_to_phenotype; diseases=OMIM:618089,False,1.0,0.0,1.0,18.0,OMIM:618089,1.0,1.0,2024-06-22,"[[""GENE:FBXO11"", -1.0, 1.0]]",1,1,0,0.9997702770224728,grade
SPG11,gene,SPG11,SPG11,cluster:ADH1C,cognitive_impairment,induces,monogenic,A,1.0,0.895,HPO genes_to_phenotype; diseases=OMIM:602099;OMIM:604360;ORPHA:2822;ORPHA:300605,False,2.0,2.0,7.0,23.0,OMIM:602099;OMIM:604360;ORPHA:2822;ORPHA:300605,4.0,1.0,2012-03-12,"[[""GENE:SPG11"", -1.0, 1.0]]",7,6,1,0.9999366129815114,grade
SPG11,gene,SPG11,SPG11,cluster:ADH1C,psychosis,induces,monogenic,A,0.68,0.17,HPO genes_to_phenotype; diseases=ORPHA:2822,False,0.0,1.0,1.0,,ORPHA:2822,1.0,0.0,,"[[""GENE:SPG11"", -1.0, 1.0]]",1,1,0,0.9994232502804609,grade
CEP63,gene,CEP63,CEP63,cluster:ATR,cognitive_impairment,induces,monogenic,A,1.0,0.895,HPO genes_to_phenotype; diseases=ORPHA:808,False,0.0,1.0,1.0,,ORPHA:808,1.0,0.0,,"[[""GENE:CEP63"", -1.0, 1.0]]",1,1,0,0.9997730446598188,grade
DNAJC5,gene,DNAJC5,DNAJC5,cluster:DNAJC5,psychosis,induces,monogenic,A,1.0,,HPO genes_to_phenotype; diseases=OMIM:162350,False,1.0,0.0,2.0,,OMIM:162350,1.0,0.0,2012-06-11,"[[""GENE:DNAJC5"", -1.0, 1.0]]",2,2,0,0.9997120224657162,grade
DNAJC5,gene,DNAJC5,DNAJC5,cluster:DNAJC5,depressed_mood,induces,monogenic,A,1.0,1.0,HPO genes_to_phenotype; diseases=OMIM:162350,False,1.0,0.0,1.0,1.0,OMIM:162350,1.0,1.0,2009-02-17,"[[""GENE:DNAJC5"", -1.0, 1.0]]",1,1,0,0.99963784265969,grade
DNAJC5,gene,DNAJC5,DNAJC5,cluster:DNAJC5,cognitive_impairment,induces,monogenic,A,1.0,1.0,HPO genes_to_phenotype; diseases=OMIM:162350,False,1.0,0.0,1.0,1.0,OMIM:162350,1.0,1.0,2009-02-17,"[[""GENE:DNAJC5"", -1.0, 1.0]]",1,1,0,0.99963784265969,grade
COASY,gene,COASY,COASY,cluster:COASY,cognitive_impairment,induces,monogenic,A,1.0,0.895,HPO genes_to_phenotype; diseases=OMIM:615643;ORPHA:397725,True,1.0,1.0,2.0,,OMIM:615643;ORPHA:397725,2.0,0.0,2014-03-24,"[[""GENE:COASY"", -1.0, 1.0]]",2,2,0,0.9999152539456482,grade
COASY,gene,COASY,COASY,cluster:COASY,depressed_mood,induces,monogenic,A,1.0,,HPO genes_to_phenotype; diseases=OMIM:615643,True,1.0,0.0,1.0,,OMIM:615643,1.0,0.0,2015-12-30,"[[""GENE:COASY"", -1.0, 1.0]]",1,1,0,0.997017116436691,grade
SLC19A3,gene,SLC19A3,SLC19A3,cluster:SLC19A3,cognitive_impairment,induces,monogenic,A,1.0,0.6666666666666666,HPO genes_to_phenotype; diseases=OMIM:607483;ORPHA:263410,True,1.0,1.0,2.0,12.0,OMIM:607483;ORPHA:263410,3.0,2.0,1998-07-01,"[[""GENE:SLC19A3"", -1.0, 1.0]]",2,2,0,0.9999270073783542,grade
SLC19A3,gene,SLC19A3,SLC19A3,cluster:SLC19A3,irritability_or_aggression,induces,monogenic,A,1.0,0.545,HPO genes_to_phenotype; diseases=OMIM:607483;ORPHA:263410,True,1.0,1.0,2.0,,OMIM:607483;ORPHA:263410,2.0,0.0,2015-02-22,"[[""GENE:SLC19A3"", -1.0, 1.0]]",2,2,0,0.9999152539456482,grade
SLC19A3,gene,SLC19A3,SLC19A3,cluster:SLC19A3,psychomotor_agitation,induces,monogenic,A,1.0,0.545,HPO genes_to_phenotype; diseases=ORPHA:263410,True,0.0,1.0,1.0,,ORPHA:263410,1.0,0.0,,"[[""GENE:SLC19A3"", -1.0, 1.0]]",1,1,0,0.9994232502804609,grade
SLC2A10,gene,SLC2A10,SLC2A10,cluster:SLC2A10,fatigue,induces,monogenic,A,1.0,0.545,HPO genes_to_phenotype; diseases=ORPHA:3342,True,0.0,1.0,1.0,,ORPHA:3342,1.0,0.0,,"[[""GENE:SLC2A10"", -1.0, 1.0]]",1,1,0,0.9997730446598188,grade
LMAN2L,gene,LMAN2L,LMAN2L,cluster:LMAN2L,irritability_or_aggression,induces,monogenic,A,0.5714285714285714,0.14285714285714285,HPO genes_to_phenotype; diseases=OMIM:616887,False,1.0,0.0,1.0,7.0,OMIM:616887,1.0,1.0,2022-09-05,"[[""GENE:LMAN2L"", -1.0, 1.0]]",1,1,0,0.999726368839152,grade
FIP1L1,gene,FIP1L1,FIP1L1,cluster:ABCA3,fatigue,induces,monogenic,A,1.0,0.545,HPO genes_to_phenotype; diseases=ORPHA:520,False,0.0,1.0,1.0,,ORPHA:520,1.0,0.0,,"[[""GENE:FIP1L1"", -1.0, 1.0]]",1,1,0,0.9997730446598188,grade
SPRY4,gene,SPRY4,SPRY4,cluster:ARNT2,anxiety,induces,monogenic,A,1.0,0.545,HPO genes_to_phenotype; diseases=ORPHA:432,False,0.0,1.0,1.0,,ORPHA:432,1.0,0.0,,"[[""GENE:SPRY4"", -1.0, 1.0]]",1,1,0,0.9997730446598188,grade
SPRY4,gene,SPRY4,SPRY4,cluster:ARNT2,depressed_mood,induces,monogenic,A,1.0,0.545,HPO genes_to_phenotype; diseases=ORPHA:432,False,0.0,1.0,1.0,,ORPHA:432,1.0,0.0,,"[[""GENE:SPRY4"", -1.0, 1.0]]",1,1,0,0.9997730446598188,grade
MED25,gene,MED25,MED25,cluster:MED25,irritability_or_aggression,induces,monogenic,A,0.68,0.17,HPO genes_to_phenotype; diseases=ORPHA:464738,False,0.0,1.0,1.0,,ORPHA:464738,1.0,0.0,,"[[""GENE:MED25"", -1.0, 1.0]]",1,1,0,0.9997730446598188,grade
ARHGAP24,gene,ARHGAP24,ARHGAP24,cluster:ARHGAP24,irritability_or_aggression,induces,monogenic,A,0.68,0.17,HPO genes_to_phenotype; diseases=ORPHA:656,False,0.0,1.0,1.0,,ORPHA:656,1.0,0.0,,"[[""GENE:ARHGAP24"", -1.0, 1.0]]",1,1,0,0.9997730446598188,grade
CCM2,gene,CCM2,CCM2,cluster:ABCA3,cognitive_impairment,induces,monogenic,A,0.68,0.17,HPO genes_to_phenotype; diseases=ORPHA:221061,False,0.0,1.0,1.0,,ORPHA:221061,1.0,0.0,,"[[""GENE:CCM2"", -1.0, 1.0]]",1,1,0,0.9997730446598188,grade
ESPN,gene,ESPN,ESPN,cluster:ABCA3,anxiety,induces,monogenic,A,0.68,0.17,HPO genes_to_phenotype; diseases=ORPHA:231169,False,0.0,1.0,1.0,,ORPHA:231169,1.0,0.0,,"[[""GENE:ESPN"", -1.0, 1.0]]",1,1,0,0.9997730446598188,grade
ESPN,gene,ESPN,ESPN,cluster:ABCA3,depressed_mood,induces,monogenic,A,0.68,0.17,HPO genes_to_phenotype; diseases=ORPHA:231169,False,0.0,1.0,1.0,,ORPHA:231169,1.0,0.0,,"[[""GENE:ESPN"", -1.0, 1.0]]",1,1,0,0.9997730446598188,grade
ADGRV1,gene,ADGRV1,ADGRV1,cluster:ABCA3,cognitive_impairment,induces,monogenic,A,0.68,0.17,HPO genes_to_phenotype; diseases=ORPHA:36387,False,0.0,1.0,1.0,,ORPHA:36387,1.0,0.0,,"[[""GENE:ADGRV1"", -1.0, 1.0]]",1,1,0,0.9997730446598188,grade
ADGRV1,gene,ADGRV1,ADGRV1,cluster:ABCA3,anxiety,induces,monogenic,A,0.68,0.17,HPO genes_to_phenotype; diseases=ORPHA:231178;ORPHA:36387,False,0.0,2.0,2.0,,ORPHA:231178;ORPHA:36387,2.0,0.0,,"[[""GENE:ADGRV1"", -1.0, 1.0]]",2,2,0,0.9999332144392659,grade
ADGRV1,gene,ADGRV1,ADGRV1,cluster:ABCA3,depressed_mood,induces,monogenic,A,0.68,0.17,HPO genes_to_phenotype; diseases=ORPHA:231178,False,0.0,1.0,1.0,,ORPHA:231178,1.0,0.0,,"[[""GENE:ADGRV1"", -1.0, 1.0]]",1,1,0,0.9997730446598188,grade
ADGRV1,gene,ADGRV1,ADGRV1,cluster:ABCA3,fatigue,induces,monogenic,A,1.0,0.545,HPO genes_to_phenotype; diseases=ORPHA:231178,False,0.0,1.0,1.0,,ORPHA:231178,1.0,0.0,,"[[""GENE:ADGRV1"", -1.0, 1.0]]",1,1,0,0.9997730446598188,grade
TMEM222,gene,TMEM222,TMEM222,cluster:TMEM222,irritability_or_aggression,induces,monogenic,A,1.0,0.35294117647058826,HPO genes_to_phenotype; diseases=OMIM:619470,False,1.0,0.0,1.0,17.0,OMIM:619470,1.0,1.0,2021-10-16,"[[""GENE:TMEM222"", -1.0, 1.0]]",1,1,0,0.9997677517071517,grade
ATRIP,gene,ATRIP,ATRIP,cluster:ATR,cognitive_impairment,induces,monogenic,A,1.0,0.895,HPO genes_to_phenotype; diseases=ORPHA:808,False,0.0,1.0,1.0,,ORPHA:808,1.0,0.0,,"[[""GENE:ATRIP"", -1.0, 1.0]]",1,1,0,0.9997730446598188,grade
ZNRF3,gene,ZNRF3,ZNRF3,cluster:ABCA3,anxiety,induces,monogenic,A,1.0,0.545,HPO genes_to_phenotype; diseases=ORPHA:1501,False,0.0,1.0,2.0,,ORPHA:1501,1.0,0.0,,"[[""GENE:ZNRF3"", -1.0, 1.0]]",2,2,0,0.9997730446598188,grade
ZNRF3,gene,ZNRF3,ZNRF3,cluster:ABCA3,irritability_or_aggression,induces,monogenic,A,1.0,0.545,HPO genes_to_phenotype; diseases=ORPHA:1501,False,0.0,1.0,1.0,,ORPHA:1501,1.0,0.0,,"[[""GENE:ZNRF3"", -1.0, 1.0]]",1,1,0,0.9997730446598188,grade
RNASEH2C,gene,RNASEH2C,RNASEH2C,cluster:ADAR,irritability_or_aggression,induces,monogenic,A,1.0,0.545,HPO genes_to_phenotype; diseases=ORPHA:51,False,0.0,1.0,1.0,,ORPHA:51,1.0,0.0,,"[[""GENE:RNASEH2C"", -1.0, 1.0]]",1,1,0,0.9997730446598188,grade
GTF2IRD2,gene,GTF2IRD2,GTF2IRD2,cluster:BAZ1B,insomnia,induces,monogenic,A,1.0,0.545,HPO genes_to_phenotype; diseases=ORPHA:904,False,0.0,1.0,1.0,,ORPHA:904,1.0,0.0,,"[[""GENE:GTF2IRD2"", -1.0, 1.0]]",1,1,0,0.9997730446598188,grade
GTF2IRD2,gene,GTF2IRD2,GTF2IRD2,cluster:BAZ1B,anxiety,induces,monogenic,A,1.0,0.895,HPO genes_to_phenotype; diseases=ORPHA:904,False,0.0,1.0,1.0,,ORPHA:904,1.0,0.0,,"[[""GENE:GTF2IRD2"", -1.0, 1.0]]",1,1,0,0.9997730446598188,grade
GTF2IRD2,gene,GTF2IRD2,GTF2IRD2,cluster:BAZ1B,depressed_mood,induces,monogenic,A,1.0,0.895,HPO genes_to_phenotype; diseases=ORPHA:904,False,0.0,1.0,1.0,,ORPHA:904,1.0,0.0,,"[[""GENE:GTF2IRD2"", -1.0, 1.0]]",1,1,0,0.9997730446598188,grade
USP48,gene,USP48,USP48,cluster:ABCA3,anxiety,induces,monogenic,A,0.25,0.025,HPO genes_to_phenotype; diseases=ORPHA:96253,True,0.0,1.0,1.0,,ORPHA:96253,1.0,0.0,,"[[""GENE:USP48"", -1.0, 1.0]]",1,1,0,0.9997730446598188,grade
USP48,gene,USP48,USP48,cluster:ABCA3,cognitive_impairment,induces,monogenic,A,0.68,0.17,HPO genes_to_phenotype; diseases=ORPHA:96253,True,0.0,1.0,2.0,,ORPHA:96253,1.0,0.0,,"[[""GENE:USP48"", -1.0, 1.0]]",2,2,0,0.9997730446598188,grade
USP48,gene,USP48,USP48,cluster:ABCA3,depressed_mood,induces,monogenic,A,0.68,0.17,HPO genes_to_phenotype; diseases=ORPHA:96253,True,0.0,1.0,1.0,,ORPHA:96253,1.0,0.0,,"[[""GENE:USP48"", -1.0, 1.0]]",1,1,0,0.9997730446598188,grade
USP48,gene,USP48,USP48,cluster:ABCA3,psychosis,induces,monogenic,A,0.25,0.025,HPO genes_to_phenotype; diseases=ORPHA:96253,True,0.0,1.0,1.0,,ORPHA:96253,1.0,0.0,,"[[""GENE:USP48"", -1.0, 1.0]]",1,1,0,0.9997730446598188,grade
TRAF7,gene,TRAF7,TRAF7,cluster:ABCA3,somnolence_or_hypersomnia,induces,monogenic,A,0.25,0.025,HPO genes_to_phenotype; diseases=ORPHA:2495,True,0.0,1.0,1.0,,ORPHA:2495,1.0,0.0,,"[[""GENE:TRAF7"", -1.0, 1.0]]",1,1,0,0.9997730446598188,grade
TRAF7,gene,TRAF7,TRAF7,cluster:ABCA3,cognitive_impairment,induces,monogenic,A,0.68,0.17,HPO genes_to_phenotype; diseases=ORPHA:2495,True,0.0,1.0,3.0,,ORPHA:2495,1.0,0.0,,"[[""GENE:TRAF7"", -1.0, 1.0]]",3,3,0,0.9997730446598188,grade
POLR3GL,gene,POLR3GL,POLR3GL,cluster:POLR3GL,fatigue,induces,monogenic,A,1.0,0.6666666666666666,HPO genes_to_phenotype; diseases=OMIM:619234,True,1.0,0.0,1.0,3.0,OMIM:619234,1.0,1.0,2019-05-14,"[[""GENE:POLR3GL"", -1.0, 1.0]]",1,1,0,0.9996852014177682,grade
COQ5,gene,COQ5,COQ5,cluster:COQ5,irritability_or_aggression,induces,monogenic,A,1.0,0.3333333333333333,HPO genes_to_phenotype; diseases=OMIM:619028,True,1.0,0.0,1.0,3.0,OMIM:619028,1.0,1.0,2017-11-08,"[[""GENE:COQ5"", -1.0, 1.0]]",1,1,0,0.9996852014177682,grade
COQ5,gene,COQ5,COQ5,cluster:COQ5,cognitive_impairment,induces,monogenic,A,1.0,0.3333333333333333,HPO genes_to_phenotype; diseases=OMIM:619028,True,1.0,0.0,1.0,3.0,OMIM:619028,1.0,1.0,2017-11-08,"[[""GENE:COQ5"", -1.0, 1.0]]",1,1,0,0.9996852014177682,grade
ACBD6,gene,ACBD6,ACBD6,cluster:ACBD6,irritability_or_aggression,induces,monogenic,A,1.0,0.3783783783783784,HPO genes_to_phenotype; diseases=OMIM:620785,False,1.0,0.0,1.0,37.0,OMIM:620785,1.0,1.0,2024-07-10,"[[""GENE:ACBD6"", -1.0, 1.0]]",1,1,0,0.9997748793976969,grade
NKX6-2,gene,NKX6-2,NKX6-2,cluster:NKX6-2,cognitive_impairment,induces,monogenic,A,1.0,0.2857142857142857,HPO genes_to_phenotype; diseases=OMIM:617560,False,1.0,0.0,1.0,7.0,OMIM:617560,1.0,1.0,2022-03-07,"[[""GENE:NKX6-2"", -1.0, 1.0]]",1,1,0,0.999726368839152,grade
SLITRK2,gene,SLITRK2,SLITRK2,cluster:SLITRK2,anxiety,induces,monogenic,A,1.0,0.875,HPO genes_to_phenotype; diseases=OMIM:301107,False,1.0,0.0,1.0,8.0,OMIM:301107,1.0,1.0,2023-07-07,"[[""GENE:SLITRK2"", -1.0, 1.0]]",1,1,0,0.9997328086157783,grade
SLITRK2,gene,SLITRK2,SLITRK2,cluster:SLITRK2,irritability_or_aggression,induces,monogenic,A,1.0,0.25,HPO genes_to_phenotype; diseases=OMIM:301107,False,1.0,0.0,1.0,8.0,OMIM:301107,1.0,1.0,2023-07-07,"[[""GENE:SLITRK2"", -1.0, 1.0]]",1,1,0,0.9997328086157783,grade
KISS1R,gene,KISS1R,KISS1R,cluster:ARNT2,anxiety,induces,monogenic,A,1.0,0.545,HPO genes_to_phenotype; diseases=ORPHA:432,False,0.0,1.0,1.0,,ORPHA:432,1.0,0.0,,"[[""GENE:KISS1R"", -1.0, 1.0]]",1,1,0,0.9997730446598188,grade
KISS1R,gene,KISS1R,KISS1R,cluster:ARNT2,depressed_mood,induces,monogenic,A,1.0,0.545,HPO genes_to_phenotype; diseases=ORPHA:432,False,0.0,1.0,1.0,,ORPHA:432,1.0,0.0,,"[[""GENE:KISS1R"", -1.0, 1.0]]",1,1,0,0.9997730446598188,grade
HAVCR2,gene,HAVCR2,HAVCR2,cluster:HAVCR2,fatigue,induces,monogenic,A,1.0,0.545,HPO genes_to_phenotype; diseases=ORPHA:86884,False,0.0,1.0,1.0,,ORPHA:86884,1.0,0.0,,"[[""GENE:HAVCR2"", -1.0, 1.0]]",1,1,0,0.9997730446598188,grade
ZSCAN10,gene,ZSCAN10,ZSCAN10,cluster:ZSCAN10,irritability_or_aggression,induces,monogenic,A,1.0,0.2857142857142857,HPO genes_to_phenotype; diseases=OMIM:620910,False,1.0,0.0,1.0,7.0,OMIM:620910,1.0,1.0,2025-12-08,"[[""GENE:ZSCAN10"", -1.0, 1.0]]",1,1,0,0.999726368839152,grade
LINGO1,gene,LINGO1,LINGO1,cluster:LINGO1,irritability_or_aggression,induces,monogenic,A,1.0,1.0,HPO genes_to_phenotype; diseases=OMIM:618103,False,1.0,0.0,1.0,5.0,OMIM:618103,1.0,1.0,2019-04-18,"[[""GENE:LINGO1"", -1.0, 1.0]]",1,1,0,0.9997099799437312,grade
DISP1,gene,DISP1,DISP1,cluster:ARNT2,irritability_or_aggression,induces,monogenic,A,1.0,0.545,HPO genes_to_phenotype; diseases=ORPHA:220386;ORPHA:93924;ORPHA:93925;ORPHA:93926,False,0.0,4.0,4.0,,ORPHA:220386;ORPHA:93924;ORPHA:93925;ORPHA:93926,4.0,0.0,,"[[""GENE:DISP1"", -1.0, 1.0]]",4,4,0,0.9999942183170779,grade
DISP1,gene,DISP1,DISP1,cluster:ARNT2,anxiety,induces,monogenic,A,1.0,0.545,HPO genes_to_phenotype; diseases=ORPHA:220386;ORPHA:93924;ORPHA:93925;ORPHA:93926,False,0.0,4.0,4.0,,ORPHA:220386;ORPHA:93924;ORPHA:93925;ORPHA:93926,4.0,0.0,,"[[""GENE:DISP1"", -1.0, 1.0]]",4,4,0,0.9999942183170779,grade
DISP1,gene,DISP1,DISP1,cluster:ARNT2,cognitive_impairment,induces,monogenic,A,1.0,0.545,HPO genes_to_phenotype; diseases=ORPHA:280195,False,0.0,1.0,1.0,,ORPHA:280195,1.0,0.0,,"[[""GENE:DISP1"", -1.0, 1.0]]",1,1,0,0.9997730446598188,grade
DISP1,gene,DISP1,DISP1,cluster:ARNT2,depressed_mood,induces,monogenic,A,1.0,0.545,HPO genes_to_phenotype; diseases=ORPHA:220386;ORPHA:93924;ORPHA:93925;ORPHA:93926,False,0.0,4.0,4.0,,ORPHA:220386;ORPHA:93924;ORPHA:93925;ORPHA:93926,4.0,0.0,,"[[""GENE:DISP1"", -1.0, 1.0]]",4,4,0,0.9999942183170779,grade
FRMD5,gene,FRMD5,FRMD5,cluster:FRMD5,anxiety,induces,monogenic,A,0.5,0.125,HPO genes_to_phenotype; diseases=OMIM:620094,False,1.0,0.0,1.0,8.0,OMIM:620094,1.0,1.0,2022-11-24,"[[""GENE:FRMD5"", -1.0, 1.0]]",1,1,0,0.9997328086157783,grade
PIGY,gene,PIGY,PIGY,cluster:PIGY,irritability_or_aggression,induces,monogenic,A,1.0,,HPO genes_to_phenotype; diseases=OMIM:616809,True,1.0,0.0,1.0,,OMIM:616809,1.0,0.0,2019-03-27,"[[""GENE:PIGY"", -1.0, 1.0]]",1,1,0,0.9997120224657162,grade
SHANK3,gene,SHANK3,SHANK3,cluster:SHANK3,irritability_or_aggression,induces,monogenic,A,1.0,0.25,HPO genes_to_phenotype; diseases=OMIM:606232,False,1.0,0.0,1.0,,OMIM:606232,1.0,1.0,2012-04-24,"[[""GENE:SHANK3"", -1.0, 1.0]]",1,1,0,0.9997748793976969,grade
PNPT1,gene,PNPT1,PNPT1,cluster:PNPT1,cognitive_impairment,induces,monogenic,A,0.25,0.0,HPO genes_to_phenotype; diseases=OMIM:614934,False,1.0,0.0,1.0,3.0,OMIM:614934,1.0,1.0,2020-08-09,"[[""GENE:PNPT1"", -1.0, 1.0]]",1,0,1,0.998481001247051,grade
LHX4,gene,LHX4,LHX4,cluster:ARNT2,fatigue,induces,monogenic,A,1.0,0.545,HPO genes_to_phenotype; diseases=ORPHA:226307;ORPHA:95494,False,0.0,2.0,2.0,,ORPHA:226307;ORPHA:95494,2.0,0.0,,"[[""GENE:LHX4"", -1.0, 1.0]]",2,2,0,0.9999332144392659,grade
YIF1B,gene,YIF1B,YIF1B,cluster:YIF1B,irritability_or_aggression,induces,monogenic,A,1.0,1.0,HPO genes_to_phenotype; diseases=OMIM:619125,False,1.0,0.0,1.0,6.0,OMIM:619125,1.0,1.0,2021-01-07,"[[""GENE:YIF1B"", -1.0, 1.0]]",1,1,0,0.9997188801487722,grade
TMEM67,gene,TMEM67,TMEM67,cluster:DCDC2,irritability_or_aggression,induces,monogenic,A,0.68,0.17,HPO genes_to_phenotype; diseases=ORPHA:84081,False,0.0,1.0,1.0,,ORPHA:84081,1.0,0.0,,"[[""GENE:TMEM67"", -1.0, 1.0]]",1,1,0,0.9997730446598188,grade
TMEM67,gene,TMEM67,TMEM67,cluster:DCDC2,psychomotor_agitation,induces,monogenic,A,0.68,0.17,HPO genes_to_phenotype; diseases=ORPHA:84081,False,0.0,1.0,1.0,,ORPHA:84081,1.0,0.0,,"[[""GENE:TMEM67"", -1.0, 1.0]]",1,1,0,0.9997730446598188,grade
TTC5,gene,TTC5,TTC5,cluster:TTC5,irritability_or_aggression,induces,monogenic,A,1.0,0.25,HPO genes_to_phenotype; diseases=OMIM:619244,False,1.0,0.0,1.0,8.0,OMIM:619244,1.0,1.0,2022-02-27,"[[""GENE:TTC5"", -1.0, 1.0]]",1,1,0,0.9997328086157783,grade
BBIP1,gene,BBIP1,BBIP1,cluster:BBIP1,cognitive_impairment,induces,monogenic,A,1.0,0.545,HPO genes_to_phenotype; diseases=ORPHA:110,False,0.0,1.0,2.0,,ORPHA:110,1.0,0.0,,"[[""GENE:BBIP1"", -1.0, 1.0]]",2,2,0,0.9997730446598188,grade
BBIP1,gene,BBIP1,BBIP1,cluster:BBIP1,anxiety,induces,monogenic,A,0.68,0.17,HPO genes_to_phenotype; diseases=ORPHA:110,False,0.0,1.0,1.0,,ORPHA:110,1.0,0.0,,"[[""GENE:BBIP1"", -1.0, 1.0]]",1,1,0,0.9997730446598188,grade
BBIP1,gene,BBIP1,BBIP1,cluster:BBIP1,depressed_mood,induces,monogenic,A,1.0,0.545,HPO genes_to_phenotype; diseases=ORPHA:110,False,0.0,1.0,1.0,,ORPHA:110,1.0,0.0,,"[[""GENE:BBIP1"", -1.0, 1.0]]",1,1,0,0.9997730446598188,grade
TIMM50,gene,TIMM50,TIMM50,cluster:TIMM50,irritability_or_aggression,induces,monogenic,A,1.0,0.895,HPO genes_to_phenotype; diseases=OMIM:617698;ORPHA:505216,False,1.0,1.0,2.0,4.0,OMIM:617698;ORPHA:505216,2.0,1.0,2019-04-18,"[[""GENE:TIMM50"", -1.0, 1.0]]",2,2,0,0.9999114470526677,grade
MARS2,gene,MARS2,MARS2,cluster:MARS2,cognitive_impairment,induces,monogenic,A,1.0,0.43478260869565216,HPO genes_to_phenotype; diseases=OMIM:611390,True,1.0,0.0,1.0,23.0,OMIM:611390,1.0,1.0,2009-02-17,"[[""GENE:MARS2"", -1.0, 1.0]]",1,1,0,0.9997748793976969,grade
FOXP2,gene,FOXP2,FOXP2,cluster:FOXP2,cognitive_impairment,induces,monogenic,A,0.68,0.17,HPO genes_to_phenotype; diseases=ORPHA:251061,False,0.0,1.0,1.0,,ORPHA:251061,1.0,0.0,,"[[""GENE:FOXP2"", -1.0, 1.0]]",1,1,0,0.9997730446598188,grade
TP53RK,gene,TP53RK,TP53RK,cluster:NUP107,cognitive_impairment,induces,monogenic,A,1.0,0.895,HPO genes_to_phenotype; diseases=ORPHA:2065,False,0.0,1.0,1.0,,ORPHA:2065,1.0,0.0,,"[[""GENE:TP53RK"", -1.0, 1.0]]",1,1,0,0.9997730446598188,grade
NACC1,gene,NACC1,NACC1,cluster:NACC1,irritability_or_aggression,induces,monogenic,A,1.0,1.0,HPO genes_to_phenotype; diseases=OMIM:617393;ORPHA:500545,False,1.0,1.0,2.0,7.0,OMIM:617393;ORPHA:500545,2.0,1.0,2017-07-13,"[[""GENE:NACC1"", -1.0, 1.0]]",2,2,0,0.999919476613192,grade
ADAT3,gene,ADAT3,ADAT3,cluster:ADAT3,irritability_or_aggression,induces,monogenic,A,0.68,0.17,HPO genes_to_phenotype; diseases=OMIM:615286;ORPHA:363528,False,1.0,1.0,2.0,,OMIM:615286;ORPHA:363528,2.0,0.0,2019-02-22,"[[""GENE:ADAT3"", -1.0, 1.0]]",2,2,0,0.9998915873699763,grade
SLC46A1,gene,SLC46A1,SLC46A1,cluster:SLC46A1,irritability_or_aggression,induces,monogenic,A,1.0,,HPO genes_to_phenotype; diseases=OMIM:229050,True,1.0,0.0,1.0,,OMIM:229050,1.0,0.0,2010-06-18,"[[""GENE:SLC46A1"", -1.0, 1.0]]",1,1,0,0.999631621434846,grade
CYP2U1,gene,CYP2U1,CYP2U1,cluster:CYP2U1,cognitive_impairment,induces,monogenic,A,0.68,0.17,HPO genes_to_phenotype; diseases=OMIM:615030;ORPHA:320411,True,1.0,1.0,2.0,7.0,OMIM:615030;ORPHA:320411,2.0,1.0,2012-11-21,"[[""GENE:CYP2U1"", -1.0, 1.0]]",2,2,0,0.999919476613192,grade
EFHC1,gene,EFHC1,EFHC1,cluster:ABCA3,anxiety,induces,monogenic,A,0.68,0.17,HPO genes_to_phenotype; diseases=ORPHA:1941,False,0.0,1.0,1.0,,ORPHA:1941,1.0,0.0,,"[[""GENE:EFHC1"", -1.0, 1.0]]",1,1,0,0.9997730446598188,grade
EFHC1,gene,EFHC1,EFHC1,cluster:ABCA3,irritability_or_aggression,induces,monogenic,A,0.25,0.025,HPO genes_to_phenotype; diseases=ORPHA:307,False,0.0,1.0,1.0,,ORPHA:307,1.0,0.0,,"[[""GENE:EFHC1"", -1.0, 1.0]]",1,1,0,0.9997730446598188,grade
NLRP3,gene,NLRP3,NLRP3,cluster:NLRP3,fatigue,induces,monogenic,A,1.0,1.0,HPO genes_to_phenotype; diseases=OMIM:120100;OMIM:191900;ORPHA:1451;ORPHA:47045,False,2.0,2.0,4.0,3.0,OMIM:120100;OMIM:191900;ORPHA:1451;ORPHA:47045,4.0,2.0,2020-09-26,"[[""GENE:NLRP3"", -1.0, 1.0]]",4,4,0,0.9999920446757179,grade
SLITRK1,gene,SLITRK1,SLITRK1,cluster:HDC,irritability_or_aggression,induces,monogenic,A,1.0,,HPO genes_to_phenotype; diseases=OMIM:137580,False,1.0,0.0,1.0,,OMIM:137580,1.0,0.0,2013-02-25,"[[""GENE:SLITRK1"", -1.0, 1.0]]",1,1,0,0.9997120224657162,grade
PTPMT1,gene,PTPMT1,PTPMT1,cluster:PTPMT1,fatigue,induces,monogenic,A,1.0,1.0,HPO genes_to_phenotype; diseases=OMIM:621199,True,1.0,0.0,1.0,1.0,OMIM:621199,1.0,1.0,2025-02-03,"[[""GENE:PTPMT1"", -1.0, 1.0]]",1,1,0,0.99963784265969,grade
SLC26A9,gene,SLC26A9,SLC26A9,cluster:BAZ1B,anxiety,induces,monogenic,A,0.68,0.17,HPO genes_to_phenotype; diseases=ORPHA:586,True,0.0,1.0,1.0,,ORPHA:586,1.0,0.0,,"[[""GENE:SLC26A9"", -1.0, 1.0]]",1,1,0,0.9997730446598188,grade
SLC26A9,gene,SLC26A9,SLC26A9,cluster:BAZ1B,depressed_mood,induces,monogenic,A,0.68,0.17,HPO genes_to_phenotype; diseases=ORPHA:586,True,0.0,1.0,1.0,,ORPHA:586,1.0,0.0,,"[[""GENE:SLC26A9"", -1.0, 1.0]]",1,1,0,0.9997730446598188,grade
SLC25A26,gene,SLC25A26,SLC25A26,cluster:SLC25A26,fatigue,induces,monogenic,A,1.0,,HPO genes_to_phenotype; diseases=OMIM:616794,True,1.0,0.0,1.0,,OMIM:616794,1.0,1.0,2015-10-29,"[[""GENE:SLC25A26"", -1.0, 1.0]]",1,1,0,0.9997748793976969,grade
NUS1,gene,NUS1,NUS1,cluster:NUS1,cognitive_impairment,induces,monogenic,A,0.68,0.17,HPO genes_to_phenotype; diseases=ORPHA:442835,False,0.0,1.0,1.0,,ORPHA:442835,1.0,0.0,,"[[""GENE:NUS1"", -1.0, 1.0]]",1,1,0,0.9997730446598188,grade
RAB39B,gene,RAB39B,RAB39B,cluster:RAB39B,cognitive_impairment,induces,monogenic,A,0.68,0.17,HPO genes_to_phenotype; diseases=OMIM:311510,False,1.0,0.0,1.0,,OMIM:311510,1.0,0.0,2015-02-22,"[[""GENE:RAB39B"", -1.0, 1.0]]",1,1,0,0.9997120224657162,grade
TSEN15,gene,TSEN15,TSEN15,cluster:TSEN15,irritability_or_aggression,induces,monogenic,A,1.0,0.6666666666666666,HPO genes_to_phenotype; diseases=OMIM:617026,False,1.0,0.0,1.0,3.0,OMIM:617026,1.0,1.0,2022-10-23,"[[""GENE:TSEN15"", -1.0, 1.0]]",1,1,0,0.9996852014177682,grade
CYP2R1,gene,CYP2R1,CYP2R1,cluster:CYP27B1,irritability_or_aggression,induces,monogenic,A,0.68,0.17,HPO genes_to_phenotype; diseases=ORPHA:289157,True,0.0,1.0,1.0,,ORPHA:289157,1.0,0.0,,"[[""GENE:CYP2R1"", -1.0, 1.0]]",1,1,0,0.9997730446598188,grade
LRRK2,gene,LRRK2,LRRK2,cluster:ADH1C,anxiety,induces,monogenic,A,0.68,0.17,HPO genes_to_phenotype; diseases=ORPHA:2828,False,0.0,1.0,2.0,,ORPHA:2828,1.0,0.0,,"[[""GENE:LRRK2"", -1.0, 1.0]]",2,2,0,0.9994232502804609,grade
LRRK2,gene,LRRK2,LRRK2,cluster:ADH1C,cognitive_impairment,induces,monogenic,A,0.68,0.17,HPO genes_to_phenotype; diseases=OMIM:607060;ORPHA:2828;ORPHA:411602,False,1.0,2.0,7.0,,OMIM:607060;ORPHA:2828;ORPHA:411602,3.0,0.0,2009-02-17,"[[""GENE:LRRK2"", -1.0, 1.0]]",7,7,0,0.99996810036518,grade
LRRK2,gene,LRRK2,LRRK2,cluster:ADH1C,insomnia,induces,monogenic,A,0.68,0.17,HPO genes_to_phenotype; diseases=ORPHA:2828,False,0.0,1.0,1.0,,ORPHA:2828,1.0,0.0,,"[[""GENE:LRRK2"", -1.0, 1.0]]",1,1,0,0.9994232502804609,grade
LRRK2,gene,LRRK2,LRRK2,cluster:ADH1C,psychosis,induces,monogenic,A,1.0,0.545,HPO genes_to_phenotype; diseases=ORPHA:2828;ORPHA:411602,False,0.0,2.0,2.0,,ORPHA:2828;ORPHA:411602,2.0,0.0,,"[[""GENE:LRRK2"", -1.0, 1.0]]",2,2,0,0.9998302394354796,grade
LRRK2,gene,LRRK2,LRRK2,cluster:ADH1C,depressed_mood,induces,monogenic,A,1.0,0.545,HPO genes_to_phenotype; diseases=ORPHA:2828;ORPHA:411602,False,0.0,2.0,2.0,,ORPHA:2828;ORPHA:411602,2.0,0.0,,"[[""GENE:LRRK2"", -1.0, 1.0]]",2,2,0,0.9998302394354796,grade
LRRK2,gene,LRRK2,LRRK2,cluster:ADH1C,psychomotor_agitation,induces,monogenic,A,0.68,0.17,HPO genes_to_phenotype; diseases=ORPHA:2828;ORPHA:411602,False,0.0,2.0,2.0,,ORPHA:2828;ORPHA:411602,2.0,0.0,,"[[""GENE:LRRK2"", -1.0, 1.0]]",2,2,0,0.9998302394354796,grade
TPH2,gene,TPH2,TPH2,cluster:CHI3L1,depressed_mood,induces,monogenic,A,1.0,0.5,HPO genes_to_phenotype; diseases=OMIM:608516;OMIM:613003,True,2.0,0.0,2.0,2.0,OMIM:608516;OMIM:613003,2.0,1.0,2008-04-01,"[[""GENE:TPH2"", -1.0, 1.0]]",2,2,0,0.9998754045163776,grade
PLD4,gene,PLD4,PLD4,cluster:PLD4,fatigue,induces,monogenic,A,0.25,0.0,HPO genes_to_phenotype; diseases=OMIM:621369,False,1.0,0.0,1.0,1.0,OMIM:621369,1.0,1.0,2026-01-21,"[[""GENE:PLD4"", -1.0, 1.0]]",1,0,1,0.9986338511496282,grade
TTC8,gene,TTC8,TTC8,cluster:BBIP1,cognitive_impairment,induces,monogenic,A,1.0,0.545,HPO genes_to_phenotype; diseases=ORPHA:110,False,0.0,1.0,2.0,,ORPHA:110,1.0,0.0,,"[[""GENE:TTC8"", -1.0, 1.0]]",2,2,0,0.9997730446598188,grade
TTC8,gene,TTC8,TTC8,cluster:BBIP1,anxiety,induces,monogenic,A,0.68,0.17,HPO genes_to_phenotype; diseases=ORPHA:110,False,0.0,1.0,1.0,,ORPHA:110,1.0,0.0,,"[[""GENE:TTC8"", -1.0, 1.0]]",1,1,0,0.9997730446598188,grade
TTC8,gene,TTC8,TTC8,cluster:BBIP1,depressed_mood,induces,monogenic,A,1.0,0.545,HPO genes_to_phenotype; diseases=ORPHA:110,False,0.0,1.0,1.0,,ORPHA:110,1.0,0.0,,"[[""GENE:TTC8"", -1.0, 1.0]]",1,1,0,0.9997730446598188,grade
MTFMT,gene,MTFMT,MTFMT,cluster:MTFMT,cognitive_impairment,induces,monogenic,A,1.0,,HPO genes_to_phenotype; diseases=OMIM:614947,True,1.0,0.0,1.0,,OMIM:614947,1.0,0.0,2014-05-04,"[[""GENE:MTFMT"", -1.0, 1.0]]",1,1,0,0.9997120224657162,grade
USH1G,gene,USH1G,USH1G,cluster:ABCA3,anxiety,induces,monogenic,A,0.68,0.17,HPO genes_to_phenotype; diseases=ORPHA:231169,False,0.0,1.0,1.0,,ORPHA:231169,1.0,0.0,,"[[""GENE:USH1G"", -1.0, 1.0]]",1,1,0,0.9997730446598188,grade
USH1G,gene,USH1G,USH1G,cluster:ABCA3,depressed_mood,induces,monogenic,A,0.68,0.17,HPO genes_to_phenotype; diseases=ORPHA:231169,False,0.0,1.0,1.0,,ORPHA:231169,1.0,0.0,,"[[""GENE:USH1G"", -1.0, 1.0]]",1,1,0,0.9997730446598188,grade
CPT1C,gene,CPT1C,CPT1C,cluster:CPT1C,cognitive_impairment,induces,monogenic,C,0.0,,HPO genes_to_phenotype; diseases=ORPHA:444099,True,0.0,1.0,1.0,,ORPHA:444099,0.0,0.0,,"[[""GENE:CPT1C"", -1.0, 1.0]]",1,0,1,0.995007103555682,grade
PROKR2,gene,PROKR2,PROKR2,cluster:ARNT2,anxiety,induces,monogenic,A,1.0,0.545,HPO genes_to_phenotype; diseases=ORPHA:432,False,0.0,1.0,1.0,,ORPHA:432,1.0,0.0,,"[[""GENE:PROKR2"", -1.0, 1.0]]",1,1,0,0.9997730446598188,grade
PROKR2,gene,PROKR2,PROKR2,cluster:ARNT2,depressed_mood,induces,monogenic,A,1.0,0.545,HPO genes_to_phenotype; diseases=ORPHA:432,False,0.0,1.0,1.0,,ORPHA:432,1.0,0.0,,"[[""GENE:PROKR2"", -1.0, 1.0]]",1,1,0,0.9997730446598188,grade
PROKR2,gene,PROKR2,PROKR2,cluster:ARNT2,fatigue,induces,monogenic,A,0.68,0.17,HPO genes_to_phenotype; diseases=ORPHA:3157,False,0.0,1.0,1.0,,ORPHA:3157,1.0,0.0,,"[[""GENE:PROKR2"", -1.0, 1.0]]",1,1,0,0.9997730446598188,grade
CMPK2,gene,CMPK2,CMPK2,cluster:ABCA3,cognitive_impairment,induces,monogenic,A,1.0,0.6666666666666666,HPO genes_to_phenotype; diseases=OMIM:621018;ORPHA:1980,True,1.0,1.0,4.0,3.0,OMIM:621018;ORPHA:1980,2.0,1.0,2022-11-29,"[[""GENE:CMPK2"", -1.0, 1.0]]",4,4,0,0.9999073592912551,grade
CMPK2,gene,CMPK2,CMPK2,cluster:ABCA3,anxiety,induces,monogenic,A,1.0,0.545,HPO genes_to_phenotype; diseases=ORPHA:1980,True,0.0,1.0,1.0,,ORPHA:1980,1.0,0.0,,"[[""GENE:CMPK2"", -1.0, 1.0]]",1,1,0,0.9994232502804609,grade
CMPK2,gene,CMPK2,CMPK2,cluster:ABCA3,psychosis,induces,monogenic,A,1.0,0.545,HPO genes_to_phenotype; diseases=ORPHA:1980,True,0.0,1.0,1.0,,ORPHA:1980,1.0,0.0,,"[[""GENE:CMPK2"", -1.0, 1.0]]",1,1,0,0.9994232502804609,grade
BBS5,gene,BBS5,BBS5,cluster:BBIP1,cognitive_impairment,induces,monogenic,A,1.0,0.545,HPO genes_to_phenotype; diseases=ORPHA:110,False,0.0,1.0,2.0,,ORPHA:110,1.0,0.0,,"[[""GENE:BBS5"", -1.0, 1.0]]",2,2,0,0.9997730446598188,grade
BBS5,gene,BBS5,BBS5,cluster:BBIP1,anxiety,induces,monogenic,A,0.68,0.17,HPO genes_to_phenotype; diseases=ORPHA:110,False,0.0,1.0,1.0,,ORPHA:110,1.0,0.0,,"[[""GENE:BBS5"", -1.0, 1.0]]",1,1,0,0.9997730446598188,grade
BBS5,gene,BBS5,BBS5,cluster:BBIP1,depressed_mood,induces,monogenic,A,1.0,0.545,HPO genes_to_phenotype; diseases=ORPHA:110,False,0.0,1.0,1.0,,ORPHA:110,1.0,0.0,,"[[""GENE:BBS5"", -1.0, 1.0]]",1,1,0,0.9997730446598188,grade
UROC1,gene,UROC1,UROC1,cluster:UROC1,irritability_or_aggression,induces,monogenic,A,1.0,,HPO genes_to_phenotype; diseases=OMIM:276880,True,1.0,0.0,1.0,,OMIM:276880,1.0,0.0,2009-02-17,"[[""GENE:UROC1"", -1.0, 1.0]]",1,1,0,0.9997120224657162,grade
LSM11,gene,LSM11,LSM11,cluster:ADAR,irritability_or_aggression,induces,monogenic,A,1.0,1.0,HPO genes_to_phenotype; diseases=OMIM:619486;ORPHA:51,False,1.0,1.0,2.0,2.0,OMIM:619486;ORPHA:51,2.0,1.0,2021-10-17,"[[""GENE:LSM11"", -1.0, 1.0]]",2,2,0,0.9999018095935599,grade
TMEM270,gene,TMEM270,TMEM270,cluster:BAZ1B,insomnia,induces,monogenic,A,1.0,0.545,HPO genes_to_phenotype; diseases=ORPHA:904,False,0.0,1.0,1.0,,ORPHA:904,1.0,0.0,,"[[""GENE:TMEM270"", -1.0, 1.0]]",1,1,0,0.9997730446598188,grade
TMEM270,gene,TMEM270,TMEM270,cluster:BAZ1B,anxiety,induces,monogenic,A,1.0,0.895,HPO genes_to_phenotype; diseases=ORPHA:904,False,0.0,1.0,1.0,,ORPHA:904,1.0,0.0,,"[[""GENE:TMEM270"", -1.0, 1.0]]",1,1,0,0.9997730446598188,grade
TMEM270,gene,TMEM270,TMEM270,cluster:BAZ1B,depressed_mood,induces,monogenic,A,1.0,0.895,HPO genes_to_phenotype; diseases=ORPHA:904,False,0.0,1.0,1.0,,ORPHA:904,1.0,0.0,,"[[""GENE:TMEM270"", -1.0, 1.0]]",1,1,0,0.9997730446598188,grade
NKX2-6,gene,NKX2-6,NKX2-6,cluster:NKX2-6,fatigue,induces,monogenic,A,1.0,0.545,HPO genes_to_phenotype; diseases=ORPHA:334,False,0.0,1.0,1.0,,ORPHA:334,1.0,0.0,,"[[""GENE:NKX2-6"", -1.0, 1.0]]",1,1,0,0.9997730446598188,grade
PTCHD1,gene,PTCHD1,PTCHD1,cluster:PTCHD1,irritability_or_aggression,induces,monogenic,A,1.0,,HPO genes_to_phenotype; diseases=OMIM:300830,False,1.0,0.0,1.0,,OMIM:300830,1.0,0.0,2015-11-15,"[[""GENE:PTCHD1"", -1.0, 1.0]]",1,1,0,0.9997120224657162,grade
GATA5,gene,GATA5,GATA5,cluster:GATA5,fatigue,induces,monogenic,A,1.0,0.545,HPO genes_to_phenotype; diseases=ORPHA:334,False,0.0,1.0,1.0,,ORPHA:334,1.0,0.0,,"[[""GENE:GATA5"", -1.0, 1.0]]",1,1,0,0.9997730446598188,grade
SLC32A1,gene,SLC32A1,SLC32A1,cluster:ABCA3,cognitive_impairment,induces,monogenic,A,0.68,0.17,HPO genes_to_phenotype; diseases=ORPHA:36387,True,0.0,1.0,1.0,,ORPHA:36387,1.0,0.0,,"[[""GENE:SLC32A1"", -1.0, 1.0]]",1,1,0,0.9994232502804609,grade
SLC32A1,gene,SLC32A1,SLC32A1,cluster:ABCA3,anxiety,induces,monogenic,A,0.25,0.025,HPO genes_to_phenotype; diseases=ORPHA:36387,True,0.0,1.0,1.0,,ORPHA:36387,1.0,0.0,,"[[""GENE:SLC32A1"", -1.0, 1.0]]",1,1,0,0.9994232502804609,grade
SLC32A1,gene,SLC32A1,SLC32A1,cluster:ABCA3,irritability_or_aggression,induces,monogenic,A,1.0,0.5,HPO genes_to_phenotype; diseases=OMIM:620774,True,1.0,0.0,1.0,2.0,OMIM:620774,1.0,1.0,2022-09-08,"[[""GENE:SLC32A1"", -1.0, 1.0]]",1,1,0,0.9965454918194486,grade
PRICKLE1,gene,PRICKLE1,PRICKLE1,cluster:ADH1C,cognitive_impairment,induces,monogenic,A,0.68,0.17,HPO genes_to_phenotype; diseases=ORPHA:308,False,0.0,1.0,1.0,,ORPHA:308,1.0,0.0,,"[[""GENE:PRICKLE1"", -1.0, 1.0]]",1,1,0,0.9997730446598188,grade
DSG4,gene,DSG4,DSG4,cluster:DSG4,cognitive_impairment,induces,monogenic,A,0.68,0.17,HPO genes_to_phenotype; diseases=ORPHA:573,False,0.0,1.0,1.0,,ORPHA:573,1.0,0.0,,"[[""GENE:DSG4"", -1.0, 1.0]]",1,1,0,0.9997730446598188,grade
TICAM1,gene,TICAM1,TICAM1,cluster:ADH1C,somnolence_or_hypersomnia,induces,monogenic,A,0.68,0.17,HPO genes_to_phenotype; diseases=ORPHA:1930,False,0.0,1.0,1.0,,ORPHA:1930,1.0,0.0,,"[[""GENE:TICAM1"", -1.0, 1.0]]",1,1,0,0.9997730446598188,grade
TICAM1,gene,TICAM1,TICAM1,cluster:ADH1C,fatigue,induces,monogenic,A,1.0,0.545,HPO genes_to_phenotype; diseases=ORPHA:1930,False,0.0,1.0,1.0,,ORPHA:1930,1.0,0.0,,"[[""GENE:TICAM1"", -1.0, 1.0]]",1,1,0,0.9997730446598188,grade
B3GALNT2,gene,B3GALNT2,B3GALNT2,cluster:B3GALNT2,cognitive_impairment,induces,monogenic,A,1.0,0.895,HPO genes_to_phenotype; diseases=ORPHA:588,True,0.0,1.0,1.0,,ORPHA:588,1.0,0.0,,"[[""GENE:B3GALNT2"", -1.0, 1.0]]",1,1,0,0.9997730446598188,grade
IL23R,gene,IL23R,IL23R,cluster:BCL2,cognitive_impairment,induces,monogenic,A,1.0,0.545,HPO genes_to_phenotype; diseases=ORPHA:117,False,0.0,1.0,2.0,,ORPHA:117,1.0,0.0,,"[[""GENE:IL23R"", -1.0, 1.0]]",2,2,0,0.9997730446598188,grade
IL23R,gene,IL23R,IL23R,cluster:BCL2,irritability_or_aggression,induces,monogenic,A,0.68,0.17,HPO genes_to_phenotype; diseases=ORPHA:117,False,0.0,1.0,1.0,,ORPHA:117,1.0,0.0,,"[[""GENE:IL23R"", -1.0, 1.0]]",1,1,0,0.9997730446598188,grade
IL23R,gene,IL23R,IL23R,cluster:BCL2,fatigue,induces,monogenic,A,1.0,0.895,HPO genes_to_phenotype; diseases=ORPHA:117,False,0.0,1.0,1.0,,ORPHA:117,1.0,0.0,,"[[""GENE:IL23R"", -1.0, 1.0]]",1,1,0,0.9997730446598188,grade
EXOC8,gene,EXOC8,EXOC8,cluster:EXOC8,irritability_or_aggression,induces,monogenic,A,1.0,0.3333333333333333,HPO genes_to_phenotype; diseases=OMIM:619076,False,1.0,0.0,1.0,3.0,OMIM:619076,1.0,1.0,2020-12-13,"[[""GENE:EXOC8"", -1.0, 1.0]]",1,1,0,0.9996852014177682,grade
ARL6IP6,gene,ARL6IP6,ARL6IP6,cluster:ARL6IP6,cognitive_impairment,induces,monogenic,A,0.68,0.17,HPO genes_to_phenotype; diseases=ORPHA:1556,False,0.0,1.0,1.0,,ORPHA:1556,1.0,0.0,,"[[""GENE:ARL6IP6"", -1.0, 1.0]]",1,1,0,0.9997730446598188,grade
MDGA2,gene,MDGA2,MDGA2,cluster:MDGA2,cognitive_impairment,induces,monogenic,A,0.68,0.17,HPO genes_to_phenotype; diseases=ORPHA:442835,False,0.0,1.0,1.0,,ORPHA:442835,1.0,0.0,,"[[""GENE:MDGA2"", -1.0, 1.0]]",1,1,0,0.9994232502804609,grade
MDGA2,gene,MDGA2,MDGA2,cluster:MDGA2,irritability_or_aggression,induces,monogenic,A,1.0,1.0,HPO genes_to_phenotype; diseases=OMIM:621608,False,1.0,0.0,1.0,5.0,OMIM:621608,1.0,1.0,2026-06-08,"[[""GENE:MDGA2"", -1.0, 1.0]]",1,1,0,0.9969960173416802,grade
SPRED1,gene,SPRED1,SPRED1,cluster:SPRED1,cognitive_impairment,induces,monogenic,A,0.68,0.17,HPO genes_to_phenotype; diseases=ORPHA:137605,False,0.0,1.0,2.0,,ORPHA:137605,1.0,0.0,,"[[""GENE:SPRED1"", -1.0, 1.0]]",2,2,0,0.9997730446598188,grade
NAGS,gene,NAGS,NAGS,cluster:NAGS,cognitive_impairment,induces,monogenic,A,0.68,0.17,HPO genes_to_phenotype; diseases=OMIM:237310;ORPHA:927,True,1.0,1.0,5.0,,OMIM:237310;ORPHA:927,2.0,0.0,2009-02-17,"[[""GENE:NAGS"", -1.0, 1.0]]",5,5,0,0.9999152539456482,grade
NAGS,gene,NAGS,NAGS,cluster:NAGS,insomnia,induces,monogenic,A,0.68,0.17,HPO genes_to_phenotype; diseases=ORPHA:927,True,0.0,1.0,1.0,,ORPHA:927,1.0,0.0,,"[[""GENE:NAGS"", -1.0, 1.0]]",1,1,0,0.9994232502804609,grade
NAGS,gene,NAGS,NAGS,cluster:NAGS,anxiety,induces,monogenic,A,0.68,0.17,HPO genes_to_phenotype; diseases=ORPHA:927,True,0.0,1.0,1.0,,ORPHA:927,1.0,0.0,,"[[""GENE:NAGS"", -1.0, 1.0]]",1,1,0,0.9994232502804609,grade
NAGS,gene,NAGS,NAGS,cluster:NAGS,irritability_or_aggression,induces,monogenic,A,1.0,,HPO genes_to_phenotype; diseases=OMIM:237310,True,1.0,0.0,1.0,,OMIM:237310,1.0,0.0,2009-02-17,"[[""GENE:NAGS"", -1.0, 1.0]]",1,1,0,0.9961871887065212,grade
NAGS,gene,NAGS,NAGS,cluster:NAGS,psychomotor_agitation,induces,monogenic,A,0.68,0.17,HPO genes_to_phenotype; diseases=ORPHA:927,True,0.0,1.0,1.0,,ORPHA:927,1.0,0.0,,"[[""GENE:NAGS"", -1.0, 1.0]]",1,1,0,0.9994232502804609,grade
NAGS,gene,NAGS,NAGS,cluster:NAGS,fatigue,induces,monogenic,A,0.68,0.17,HPO genes_to_phenotype; diseases=ORPHA:927,True,0.0,1.0,1.0,,ORPHA:927,1.0,0.0,,"[[""GENE:NAGS"", -1.0, 1.0]]",1,1,0,0.9994232502804609,grade
SASS6,gene,SASS6,SASS6,cluster:SASS6,irritability_or_aggression,induces,monogenic,A,1.0,1.0,HPO genes_to_phenotype; diseases=OMIM:616402,False,1.0,0.0,1.0,4.0,OMIM:616402,1.0,1.0,2015-06-22,"[[""GENE:SASS6"", -1.0, 1.0]]",1,1,0,0.9996990889216895,grade
ASXL1,gene,ASXL1,ASXL1,cluster:ABCA3,fatigue,induces,monogenic,A,1.0,0.545,HPO genes_to_phenotype; diseases=ORPHA:98849;ORPHA:98850,False,0.0,2.0,2.0,,ORPHA:98849;ORPHA:98850,2.0,0.0,,"[[""GENE:ASXL1"", -1.0, 1.0]]",2,2,0,0.9999332144392659,grade
PTCRA,gene,PTCRA,PTCRA,cluster:PTCRA,fatigue,induces,monogenic,A,1.0,1.0,HPO genes_to_phenotype; diseases=OMIM:620931,False,1.0,0.0,1.0,1.0,OMIM:620931,1.0,1.0,2025-12-23,"[[""GENE:PTCRA"", -1.0, 1.0]]",1,1,0,0.99963784265969,grade
ARID2,gene,ARID2,ARID2,cluster:ABCA3,anxiety,induces,monogenic,A,1.0,0.25,HPO genes_to_phenotype; diseases=OMIM:617808,False,1.0,0.0,1.0,4.0,OMIM:617808,1.0,1.0,2018-05-19,"[[""GENE:ARID2"", -1.0, 1.0]]",1,1,0,0.9968835275404955,grade
ARID2,gene,ARID2,ARID2,cluster:ABCA3,cognitive_impairment,induces,monogenic,A,1.0,1.0,HPO genes_to_phenotype; diseases=OMIM:617808,False,1.0,0.0,1.0,1.0,OMIM:617808,1.0,1.0,2026-06-16,"[[""GENE:ARID2"", -1.0, 1.0]]",1,1,0,0.9962513618179513,grade
ARID2,gene,ARID2,ARID2,cluster:ABCA3,irritability_or_aggression,induces,monogenic,A,1.0,0.25,HPO genes_to_phenotype; diseases=OMIM:617808;ORPHA:1465,False,1.0,1.0,2.0,4.0,OMIM:617808;ORPHA:1465,2.0,1.0,2026-06-16,"[[""GENE:ARID2"", -1.0, 1.0]]",2,2,0,0.9999114470526677,grade
ACSF3,gene,ACSF3,ACSF3,cluster:ACSF3,cognitive_impairment,induces,monogenic,A,0.68,0.17,HPO genes_to_phenotype; diseases=ORPHA:289504,True,0.0,1.0,1.0,,ORPHA:289504,1.0,0.0,,"[[""GENE:ACSF3"", -1.0, 1.0]]",1,1,0,0.9997730446598188,grade
ALG14,gene,ALG14,ALG14,cluster:ALG14,anxiety,induces,monogenic,A,1.0,1.0,HPO genes_to_phenotype; diseases=OMIM:619031,True,1.0,0.0,1.0,2.0,OMIM:619031,1.0,1.0,2018-10-15,"[[""GENE:ALG14"", -1.0, 1.0]]",1,1,0,0.9996663476591036,grade
ALG14,gene,ALG14,ALG14,cluster:ALG14,irritability_or_aggression,induces,monogenic,A,1.0,1.0,HPO genes_to_phenotype; diseases=OMIM:619031,True,1.0,0.0,1.0,2.0,OMIM:619031,1.0,1.0,2018-10-15,"[[""GENE:ALG14"", -1.0, 1.0]]",1,1,0,0.9996663476591036,grade
IBA57,gene,IBA57,IBA57,cluster:IBA57,cognitive_impairment,induces,monogenic,A,1.0,,HPO genes_to_phenotype; diseases=OMIM:615330,True,1.0,0.0,1.0,,OMIM:615330,1.0,0.0,2018-10-08,"[[""GENE:IBA57"", -1.0, 1.0]]",1,1,0,0.999631621434846,grade
IBA57,gene,IBA57,IBA57,cluster:IBA57,irritability_or_aggression,induces,monogenic,A,1.0,,HPO genes_to_phenotype; diseases=OMIM:615330,True,1.0,0.0,1.0,,OMIM:615330,1.0,0.0,2018-10-08,"[[""GENE:IBA57"", -1.0, 1.0]]",1,1,0,0.999631621434846,grade
TET3,gene,TET3,TET3,cluster:TET3,anxiety,induces,monogenic,A,1.0,0.5,HPO genes_to_phenotype; diseases=OMIM:618798,False,1.0,0.0,1.0,6.0,OMIM:618798,1.0,1.0,2020-05-18,"[[""GENE:TET3"", -1.0, 1.0]]",1,1,0,0.9997188801487722,grade
TET3,gene,TET3,TET3,cluster:TET3,depressed_mood,induces,monogenic,A,0.6666666666666666,0.16666666666666666,HPO genes_to_phenotype; diseases=OMIM:618798,False,1.0,0.0,1.0,6.0,OMIM:618798,1.0,1.0,2020-05-18,"[[""GENE:TET3"", -1.0, 1.0]]",1,1,0,0.9997188801487722,grade
LGI3,gene,LGI3,LGI3,cluster:LGI3,anxiety,induces,monogenic,A,0.25,0.0625,HPO genes_to_phenotype; diseases=OMIM:620007,False,1.0,0.0,1.0,16.0,OMIM:620007,1.0,1.0,2022-08-28,"[[""GENE:LGI3"", -1.0, 1.0]]",1,1,0,0.999765051825854,grade
C9orf72,gene,C9orf72,C9orf72,cluster:C9orf72,cognitive_impairment,induces,monogenic,A,1.0,,HPO genes_to_phenotype; diseases=OMIM:105550,False,1.0,0.0,2.0,,OMIM:105550,1.0,0.0,2009-02-17,"[[""GENE:C9orf72"", -1.0, 1.0]]",2,2,0,0.999631621434846,grade
C9orf72,gene,C9orf72,C9orf72,cluster:C9orf72,psychosis,induces,monogenic,A,1.0,,HPO genes_to_phenotype; diseases=OMIM:105550,False,1.0,0.0,2.0,,OMIM:105550,1.0,0.0,2012-08-05,"[[""GENE:C9orf72"", -1.0, 1.0]]",2,2,0,0.9997120224657162,grade
C9orf72,gene,C9orf72,C9orf72,cluster:C9orf72,depressed_mood,induces,monogenic,A,1.0,,HPO genes_to_phenotype; diseases=OMIM:105550,False,1.0,0.0,1.0,,OMIM:105550,1.0,0.0,2012-08-05,"[[""GENE:C9orf72"", -1.0, 1.0]]",1,1,0,0.9997120224657162,grade
SAMD9L,gene,SAMD9L,SAMD9L,cluster:SAMD9L,cognitive_impairment,induces,monogenic,A,0.25,0.0,HPO genes_to_phenotype; diseases=OMIM:619806,False,1.0,0.0,1.0,9.0,OMIM:619806,1.0,1.0,2022-06-14,"[[""GENE:SAMD9L"", -1.0, 1.0]]",1,0,1,0.9982524360419758,grade
HEPACAM,gene,HEPACAM,HEPACAM,cluster:AQP4,cognitive_impairment,induces,monogenic,A,1.0,0.9,HPO genes_to_phenotype; diseases=OMIM:613925;ORPHA:2478,False,1.0,1.0,2.0,10.0,OMIM:613925;ORPHA:2478,2.0,1.0,2012-10-17,"[[""GENE:HEPACAM"", -1.0, 1.0]]",2,2,0,0.9999244991788775,grade
JMJD1C,gene,JMJD1C,JMJD1C,cluster:ARVCF,anxiety,induces,monogenic,A,1.0,0.545,HPO genes_to_phenotype; diseases=ORPHA:567,False,0.0,1.0,1.0,,ORPHA:567,1.0,0.0,,"[[""GENE:JMJD1C"", -1.0, 1.0]]",1,1,0,0.9997730446598188,grade
JMJD1C,gene,JMJD1C,JMJD1C,cluster:ARVCF,depressed_mood,induces,monogenic,A,0.68,0.17,HPO genes_to_phenotype; diseases=ORPHA:567,False,0.0,1.0,1.0,,ORPHA:567,1.0,0.0,,"[[""GENE:JMJD1C"", -1.0, 1.0]]",1,1,0,0.9997730446598188,grade
JAZF1,gene,JAZF1,JAZF1,cluster:JAZF1,depressed_mood,induces,monogenic,A,0.68,0.17,HPO genes_to_phenotype; diseases=ORPHA:536,False,0.0,1.0,1.0,,ORPHA:536,1.0,0.0,,"[[""GENE:JAZF1"", -1.0, 1.0]]",1,1,0,0.9997730446598188,grade
JAZF1,gene,JAZF1,JAZF1,cluster:JAZF1,fatigue,induces,monogenic,A,1.0,0.895,HPO genes_to_phenotype; diseases=ORPHA:536,False,0.0,1.0,1.0,,ORPHA:536,1.0,0.0,,"[[""GENE:JAZF1"", -1.0, 1.0]]",1,1,0,0.9997730446598188,grade
EBF3,gene,EBF3,EBF3,cluster:EBF3,anxiety,induces,monogenic,A,0.25,0.025,HPO genes_to_phenotype; diseases=ORPHA:96148,False,0.0,1.0,1.0,,ORPHA:96148,1.0,0.0,,"[[""GENE:EBF3"", -1.0, 1.0]]",1,1,0,0.9997730446598188,grade
EBF3,gene,EBF3,EBF3,cluster:EBF3,irritability_or_aggression,induces,monogenic,A,0.68,0.17,HPO genes_to_phenotype; diseases=ORPHA:96148,False,0.0,1.0,1.0,,ORPHA:96148,1.0,0.0,,"[[""GENE:EBF3"", -1.0, 1.0]]",1,1,0,0.9997730446598188,grade
ASPM,gene,ASPM,ASPM,cluster:ASPM,irritability_or_aggression,induces,monogenic,A,0.5714285714285714,0.14285714285714285,HPO genes_to_phenotype; diseases=OMIM:608716,False,1.0,0.0,1.0,21.0,OMIM:608716,1.0,1.0,2024-07-02,"[[""GENE:ASPM"", -1.0, 1.0]]",1,1,0,0.9997748793976969,grade
DAOA,gene,DAOA,DAOA,cluster:CHI3L1,cognitive_impairment,induces,monogenic,A,1.0,,HPO genes_to_phenotype; diseases=OMIM:181500,False,1.0,0.0,1.0,,OMIM:181500,1.0,0.0,2009-02-17,"[[""GENE:DAOA"", -1.0, 1.0]]",1,1,0,0.999631621434846,grade
DAOA,gene,DAOA,DAOA,cluster:CHI3L1,psychosis,induces,monogenic,A,1.0,,HPO genes_to_phenotype; diseases=OMIM:181500,False,1.0,0.0,2.0,,OMIM:181500,1.0,0.0,2009-02-17,"[[""GENE:DAOA"", -1.0, 1.0]]",2,2,0,0.999631621434846,grade
PGM2L1,gene,PGM2L1,PGM2L1,cluster:PGM2L1,irritability_or_aggression,induces,monogenic,A,1.0,0.25,HPO genes_to_phenotype; diseases=OMIM:620191,True,1.0,0.0,1.0,4.0,OMIM:620191,1.0,1.0,2021-05-11,"[[""GENE:PGM2L1"", -1.0, 1.0]]",1,1,0,0.9996990889216895,grade
HECTD4,gene,HECTD4,HECTD4,cluster:HECTD4,anxiety,induces,monogenic,A,0.5714285714285714,0.14285714285714285,HPO genes_to_phenotype; diseases=OMIM:620250,False,1.0,0.0,1.0,7.0,OMIM:620250,1.0,1.0,2022-11-19,"[[""GENE:HECTD4"", -1.0, 1.0]]",1,1,0,0.999726368839152,grade
HECTD4,gene,HECTD4,HECTD4,cluster:HECTD4,irritability_or_aggression,induces,monogenic,A,1.0,0.5714285714285714,HPO genes_to_phenotype; diseases=OMIM:620250,False,1.0,0.0,1.0,7.0,OMIM:620250,1.0,1.0,2022-11-19,"[[""GENE:HECTD4"", -1.0, 1.0]]",1,1,0,0.999726368839152,grade
TSEN54,gene,TSEN54,TSEN54,cluster:TSEN54,psychomotor_agitation,induces,monogenic,A,1.0,,HPO genes_to_phenotype; diseases=OMIM:277470,False,1.0,0.0,1.0,,OMIM:277470,1.0,0.0,2012-11-26,"[[""GENE:TSEN54"", -1.0, 1.0]]",1,1,0,0.9997120224657162,grade
KANSL1,gene,KANSL1,KANSL1,cluster:KANSL1,anxiety,induces,monogenic,A,0.68,0.17,HPO genes_to_phenotype; diseases=OMIM:610443,False,1.0,0.0,1.0,,OMIM:610443,1.0,1.0,2018-10-08,"[[""GENE:KANSL1"", -1.0, 1.0]]",1,1,0,0.9997748793976969,grade
SLC13A5,gene,SLC13A5,SLC13A5,cluster:SLC13A5,cognitive_impairment,induces,monogenic,A,1.0,0.895,HPO genes_to_phenotype; diseases=ORPHA:1946;ORPHA:442835,True,0.0,2.0,3.0,,ORPHA:1946;ORPHA:442835,2.0,0.0,,"[[""GENE:SLC13A5"", -1.0, 1.0]]",3,3,0,0.9999332144392659,grade
LAMA1,gene,LAMA1,LAMA1,cluster:LAMA1,cognitive_impairment,induces,monogenic,A,1.0,0.895,HPO genes_to_phenotype; diseases=ORPHA:370022,False,0.0,1.0,1.0,,ORPHA:370022,1.0,0.0,,"[[""GENE:LAMA1"", -1.0, 1.0]]",1,1,0,0.9997730446598188,grade
EMC10,gene,EMC10,EMC10,cluster:EMC10,cognitive_impairment,induces,monogenic,A,1.0,0.5,HPO genes_to_phenotype; diseases=OMIM:619264,False,1.0,0.0,1.0,2.0,OMIM:619264,1.0,1.0,2021-06-20,"[[""GENE:EMC10"", -1.0, 1.0]]",1,1,0,0.9996663476591036,grade
EMC10,gene,EMC10,EMC10,cluster:EMC10,anxiety,induces,monogenic,A,1.0,1.0,HPO genes_to_phenotype; diseases=OMIM:619264,False,1.0,0.0,1.0,2.0,OMIM:619264,1.0,1.0,2021-06-20,"[[""GENE:EMC10"", -1.0, 1.0]]",1,1,0,0.9996663476591036,grade
WDR62,gene,WDR62,WDR62,cluster:WDR62,irritability_or_aggression,induces,monogenic,A,1.0,,HPO genes_to_phenotype; diseases=OMIM:604317,False,1.0,0.0,1.0,,OMIM:604317,1.0,0.0,2012-10-17,"[[""GENE:WDR62"", -1.0, 1.0]]",1,1,0,0.9997120224657162,grade
DOK7,gene,DOK7,DOK7,cluster:ATP10A,somnolence_or_hypersomnia,induces,monogenic,A,1.0,0.895,HPO genes_to_phenotype; diseases=ORPHA:994,False,0.0,1.0,1.0,,ORPHA:994,1.0,0.0,,"[[""GENE:DOK7"", -1.0, 1.0]]",1,1,0,0.9997730446598188,grade
NSMCE2,gene,NSMCE2,NSMCE2,cluster:ATR,cognitive_impairment,induces,monogenic,A,1.0,0.895,HPO genes_to_phenotype; diseases=ORPHA:808,False,0.0,1.0,1.0,,ORPHA:808,1.0,0.0,,"[[""GENE:NSMCE2"", -1.0, 1.0]]",1,1,0,0.9997730446598188,grade
UBAC2,gene,UBAC2,UBAC2,cluster:BCL2,cognitive_impairment,induces,monogenic,A,1.0,0.545,HPO genes_to_phenotype; diseases=ORPHA:117,True,0.0,1.0,2.0,,ORPHA:117,1.0,0.0,,"[[""GENE:UBAC2"", -1.0, 1.0]]",2,2,0,0.9997730446598188,grade
UBAC2,gene,UBAC2,UBAC2,cluster:BCL2,irritability_or_aggression,induces,monogenic,A,0.68,0.17,HPO genes_to_phenotype; diseases=ORPHA:117,True,0.0,1.0,1.0,,ORPHA:117,1.0,0.0,,"[[""GENE:UBAC2"", -1.0, 1.0]]",1,1,0,0.9997730446598188,grade
UBAC2,gene,UBAC2,UBAC2,cluster:BCL2,fatigue,induces,monogenic,A,1.0,0.895,HPO genes_to_phenotype; diseases=ORPHA:117,True,0.0,1.0,1.0,,ORPHA:117,1.0,0.0,,"[[""GENE:UBAC2"", -1.0, 1.0]]",1,1,0,0.9997730446598188,grade
SLC6A19,gene,SLC6A19,SLC6A19,cluster:CLTRN,psychosis,induces,monogenic,A,1.0,0.895,HPO genes_to_phenotype; diseases=OMIM:234500;ORPHA:2116,True,1.0,1.0,3.0,,OMIM:234500;ORPHA:2116,2.0,0.0,2009-02-17,"[[""GENE:SLC6A19"", -1.0, 1.0]]",3,3,0,0.9999152539456482,grade
SLC6A19,gene,SLC6A19,SLC6A19,cluster:CLTRN,anxiety,induces,monogenic,A,1.0,0.895,HPO genes_to_phenotype; diseases=ORPHA:2116,True,0.0,1.0,1.0,,ORPHA:2116,1.0,0.0,,"[[""GENE:SLC6A19"", -1.0, 1.0]]",1,1,0,0.9994232502804609,grade
GLDN,gene,GLDN,GLDN,cluster:ATP10A,somnolence_or_hypersomnia,induces,monogenic,A,1.0,0.895,HPO genes_to_phenotype; diseases=ORPHA:994,False,0.0,1.0,1.0,,ORPHA:994,1.0,0.0,,"[[""GENE:GLDN"", -1.0, 1.0]]",1,1,0,0.9997730446598188,grade
TUBB2B,gene,TUBB2B,TUBB2B,cluster:TUBB2B,cognitive_impairment,induces,monogenic,A,1.0,0.895,HPO genes_to_phenotype; diseases=ORPHA:300573,False,0.0,1.0,1.0,,ORPHA:300573,1.0,0.0,,"[[""GENE:TUBB2B"", -1.0, 1.0]]",1,1,0,0.9997730446598188,grade
HCN1,gene,HCN1,HCN1,cluster:ABCA3,cognitive_impairment,induces,monogenic,A,0.68,0.17,HPO genes_to_phenotype; diseases=ORPHA:36387;ORPHA:442835,True,0.0,2.0,2.0,,ORPHA:36387;ORPHA:442835,2.0,0.0,,"[[""GENE:HCN1"", -1.0, 1.0]]",2,2,0,0.9999332144392659,grade
HCN1,gene,HCN1,HCN1,cluster:ABCA3,anxiety,induces,monogenic,A,0.25,0.025,HPO genes_to_phenotype; diseases=ORPHA:36387,True,0.0,1.0,1.0,,ORPHA:36387,1.0,0.0,,"[[""GENE:HCN1"", -1.0, 1.0]]",1,1,0,0.9997730446598188,grade
IRF2BP2,gene,IRF2BP2,IRF2BP2,cluster:ABCA3,fatigue,induces,monogenic,A,1.0,0.545,HPO genes_to_phenotype; diseases=ORPHA:520,False,0.0,1.0,1.0,,ORPHA:520,1.0,0.0,,"[[""GENE:IRF2BP2"", -1.0, 1.0]]",1,1,0,0.9997730446598188,grade
NHLRC1,gene,NHLRC1,NHLRC1,cluster:EPM2A,cognitive_impairment,induces,monogenic,A,1.0,0.545,HPO genes_to_phenotype; diseases=OMIM:620681;ORPHA:501,True,1.0,1.0,4.0,17.0,OMIM:620681;ORPHA:501,2.0,1.0,2005-03-22,"[[""GENE:NHLRC1"", -1.0, 1.0]]",4,4,0,0.9999316566404312,grade
NHLRC1,gene,NHLRC1,NHLRC1,cluster:EPM2A,psychosis,induces,monogenic,A,1.0,0.545,HPO genes_to_phenotype; diseases=ORPHA:501,True,0.0,1.0,1.0,,ORPHA:501,1.0,0.0,,"[[""GENE:NHLRC1"", -1.0, 1.0]]",1,1,0,0.9994232502804609,grade
NHLRC1,gene,NHLRC1,NHLRC1,cluster:EPM2A,depressed_mood,induces,monogenic,A,1.0,0.545,HPO genes_to_phenotype; diseases=ORPHA:501,True,0.0,1.0,1.0,,ORPHA:501,1.0,0.0,,"[[""GENE:NHLRC1"", -1.0, 1.0]]",1,1,0,0.9994232502804609,grade
LIN28B,gene,LIN28B,LIN28B,cluster:ALK,irritability_or_aggression,induces,monogenic,A,0.68,0.17,HPO genes_to_phenotype; diseases=ORPHA:635,False,0.0,1.0,1.0,,ORPHA:635,1.0,0.0,,"[[""GENE:LIN28B"", -1.0, 1.0]]",1,1,0,0.9997730446598188,grade
LIN28B,gene,LIN28B,LIN28B,cluster:ALK,fatigue,induces,monogenic,A,1.0,0.545,HPO genes_to_phenotype; diseases=ORPHA:635,False,0.0,1.0,1.0,,ORPHA:635,1.0,0.0,,"[[""GENE:LIN28B"", -1.0, 1.0]]",1,1,0,0.9997730446598188,grade
GDF6,gene,GDF6,GDF6,cluster:GDF3,cognitive_impairment,induces,monogenic,A,0.68,0.17,HPO genes_to_phenotype; diseases=ORPHA:2345,False,0.0,1.0,1.0,,ORPHA:2345,1.0,0.0,,"[[""GENE:GDF6"", -1.0, 1.0]]",1,1,0,0.9997730446598188,grade
MIR17HG,gene,MIR17HG,MIR17HG,cluster:MIR17HG,anxiety,induces,monogenic,A,0.68,0.17,HPO genes_to_phenotype; diseases=ORPHA:391646,False,0.0,1.0,1.0,,ORPHA:391646,1.0,0.0,,"[[""GENE:MIR17HG"", -1.0, 1.0]]",1,1,0,0.9997730446598188,grade
EIF2AK4,gene,EIF2AK4,EIF2AK4,cluster:EIF2AK4,fatigue,induces,monogenic,A,1.0,0.5,HPO genes_to_phenotype; diseases=OMIM:234810,False,1.0,0.0,1.0,4.0,OMIM:234810,1.0,1.0,2020-10-21,"[[""GENE:EIF2AK4"", -1.0, 1.0]]",1,1,0,0.9996990889216895,grade
CISD2,gene,CISD2,CISD2,cluster:CISD2,psychosis,induces,monogenic,A,0.68,0.17,HPO genes_to_phenotype; diseases=ORPHA:3463,False,0.0,1.0,1.0,,ORPHA:3463,1.0,0.0,,"[[""GENE:CISD2"", -1.0, 1.0]]",1,1,0,0.9994232502804609,grade
CISD2,gene,CISD2,CISD2,cluster:CISD2,depressed_mood,induces,monogenic,A,1.0,,HPO genes_to_phenotype; diseases=OMIM:604928,False,1.0,0.0,1.0,,OMIM:604928,1.0,1.0,2015-12-30,"[[""GENE:CISD2"", -1.0, 1.0]]",1,1,0,0.9976668184004441,grade
CISD2,gene,CISD2,CISD2,cluster:CISD2,cognitive_impairment,induces,monogenic,A,0.68,0.17,HPO genes_to_phenotype; diseases=ORPHA:3463,False,0.0,1.0,1.0,,ORPHA:3463,1.0,0.0,,"[[""GENE:CISD2"", -1.0, 1.0]]",1,1,0,0.9994232502804609,grade
NCF1,gene,NCF1,NCF1,cluster:BAZ1B,insomnia,induces,monogenic,A,1.0,0.545,HPO genes_to_phenotype; diseases=ORPHA:904,False,0.0,1.0,1.0,,ORPHA:904,1.0,0.0,,"[[""GENE:NCF1"", -1.0, 1.0]]",1,1,0,0.9997730446598188,grade
NCF1,gene,NCF1,NCF1,cluster:BAZ1B,anxiety,induces,monogenic,A,1.0,0.895,HPO genes_to_phenotype; diseases=ORPHA:904,False,0.0,1.0,1.0,,ORPHA:904,1.0,0.0,,"[[""GENE:NCF1"", -1.0, 1.0]]",1,1,0,0.9997730446598188,grade
NCF1,gene,NCF1,NCF1,cluster:BAZ1B,depressed_mood,induces,monogenic,A,1.0,0.895,HPO genes_to_phenotype; diseases=ORPHA:904,False,0.0,1.0,1.0,,ORPHA:904,1.0,0.0,,"[[""GENE:NCF1"", -1.0, 1.0]]",1,1,0,0.9997730446598188,grade
SFTPA1,gene,SFTPA1,SFTPA1,cluster:ABCA3,fatigue,induces,monogenic,A,1.0,0.545,HPO genes_to_phenotype; diseases=ORPHA:2032,False,0.0,1.0,1.0,,ORPHA:2032,1.0,0.0,,"[[""GENE:SFTPA1"", -1.0, 1.0]]",1,1,0,0.9997730446598188,grade
MUC5B,gene,MUC5B,MUC5B,cluster:ABCA3,fatigue,induces,monogenic,A,1.0,0.545,HPO genes_to_phenotype; diseases=ORPHA:2032,False,0.0,1.0,1.0,,ORPHA:2032,1.0,0.0,,"[[""GENE:MUC5B"", -1.0, 1.0]]",1,1,0,0.9997730446598188,grade
SFTPA2,gene,SFTPA2,SFTPA2,cluster:ABCA3,fatigue,induces,monogenic,A,1.0,0.545,HPO genes_to_phenotype; diseases=ORPHA:2032,False,0.0,1.0,1.0,,ORPHA:2032,1.0,0.0,,"[[""GENE:SFTPA2"", -1.0, 1.0]]",1,1,0,0.9997730446598188,grade
CID100000896,drug,melatonin,CHEMBL2094268,CHEMBL2094268,irritability_or_aggression,induces,pharmacological,B,0.6,,SIDER 4.1; targets CHEMBL2094268:AGONIST,False,,,,,,,,,"[[""GENE:MTNR1A"", 1.0, 0.5], [""GENE:MTNR1B"", 1.0, 0.5]]",2,2,0,0.9993638692815722,grade
CID100000896,drug,melatonin,CHEMBL2094268,CHEMBL2094268,anxiety,induces,pharmacological,B,0.6,,SIDER 4.1; targets CHEMBL2094268:AGONIST,False,,,,,,,,,"[[""GENE:MTNR1A"", 1.0, 0.5], [""GENE:MTNR1B"", 1.0, 0.5]]",2,2,0,0.9993638692815722,grade
CID100000896,drug,melatonin,CHEMBL2094268,CHEMBL2094268,fatigue,induces,pharmacological,B,0.6,,SIDER 4.1; targets CHEMBL2094268:AGONIST,False,,,,,,,,,"[[""GENE:MTNR1A"", 1.0, 0.5], [""GENE:MTNR1B"", 1.0, 0.5]]",2,2,0,0.9993638692815722,grade
CID100000896,drug,melatonin,CHEMBL2094268,CHEMBL2094268,psychomotor_agitation,induces,pharmacological,B,0.6,,SIDER 4.1; targets CHEMBL2094268:AGONIST,False,,,,,,,,,"[[""GENE:MTNR1A"", 1.0, 0.5], [""GENE:MTNR1B"", 1.0, 0.5]]",1,1,0,0.9993638692815722,grade
CID100000896,drug,melatonin,CHEMBL2094268,CHEMBL2094268,cognitive_impairment,induces,pharmacological,B,0.6,,SIDER 4.1; targets CHEMBL2094268:AGONIST,False,,,,,,,,,"[[""GENE:MTNR1A"", 1.0, 0.5], [""GENE:MTNR1B"", 1.0, 0.5]]",2,2,0,0.9993638692815722,grade
CID100000896,drug,melatonin,CHEMBL2094268,CHEMBL2094268,depressed_mood,induces,pharmacological,B,0.6,,SIDER 4.1; targets CHEMBL2094268:AGONIST,False,,,,,,,,,"[[""GENE:MTNR1A"", 1.0, 0.5], [""GENE:MTNR1B"", 1.0, 0.5]]",1,1,0,0.9993638692815722,grade
CID100000896,drug,melatonin,CHEMBL2094268,CHEMBL2094268,insomnia,induces,pharmacological,B,0.6,,SIDER 4.1; targets CHEMBL2094268:AGONIST,False,,,,,,,,,"[[""GENE:MTNR1A"", 1.0, 0.5], [""GENE:MTNR1B"", 1.0, 0.5]]",1,1,0,0.9993638692815722,grade
CID100000896,drug,melatonin,CHEMBL2094268,CHEMBL2094268,somnolence_or_hypersomnia,induces,pharmacological,B,0.6,,SIDER 4.1; targets CHEMBL2094268:AGONIST,False,,,,,,,,,"[[""GENE:MTNR1A"", 1.0, 0.5], [""GENE:MTNR1B"", 1.0, 0.5]]",1,1,0,0.9993638692815722,grade
CID100000942,drug,nicotine,CHEMBL1907589,CHEMBL1907589,insomnia,induces,pharmacological,B,0.6,,SIDER 4.1; targets CHEMBL1907589:AGONIST,False,,,,,,,,,"[[""GENE:CHRNA4"", 1.0, 0.5], [""GENE:CHRNB2"", 1.0, 0.5]]",1,1,0,0.9993638692815722,grade
CID100000942,drug,nicotine,CHEMBL1907589,CHEMBL1907589,anxiety,induces,pharmacological,B,0.6,,SIDER 4.1; targets CHEMBL1907589:AGONIST,False,,,,,,,,,"[[""GENE:CHRNA4"", 1.0, 0.5], [""GENE:CHRNB2"", 1.0, 0.5]]",2,2,0,0.9993638692815722,grade
CID100000942,drug,nicotine,CHEMBL1907589,CHEMBL1907589,fatigue,induces,pharmacological,B,0.6,,SIDER 4.1; targets CHEMBL1907589:AGONIST,False,,,,,,,,,"[[""GENE:CHRNA4"", 1.0, 0.5], [""GENE:CHRNB2"", 1.0, 0.5]]",2,2,0,0.9993638692815722,grade
CID100000942,drug,nicotine,CHEMBL1907589,CHEMBL1907589,cognitive_impairment,induces,pharmacological,B,0.6,0.03,SIDER 4.1; targets CHEMBL1907589:AGONIST,False,,,,,,,,,"[[""GENE:CHRNA4"", 1.0, 0.5], [""GENE:CHRNB2"", 1.0, 0.5]]",3,3,0,0.9995386773806634,grade
CID100000942,drug,nicotine,CHEMBL1907589,CHEMBL1907589,irritability_or_aggression,induces,pharmacological,B,0.6,,SIDER 4.1; targets CHEMBL1907589:AGONIST,False,,,,,,,,,"[[""GENE:CHRNA4"", 1.0, 0.5], [""GENE:CHRNB2"", 1.0, 0.5]]",1,1,0,0.9993638692815722,grade
CID100000942,drug,nicotine,CHEMBL1907589,CHEMBL1907589,psychomotor_agitation,induces,pharmacological,B,0.6,,SIDER 4.1; targets CHEMBL1907589:AGONIST,False,,,,,,,,,"[[""GENE:CHRNA4"", 1.0, 0.5], [""GENE:CHRNB2"", 1.0, 0.5]]",1,1,0,0.9993638692815722,grade
CID100000942,drug,nicotine,CHEMBL1907589,CHEMBL1907589,somnolence_or_hypersomnia,induces,pharmacological,B,0.6,,SIDER 4.1; targets CHEMBL1907589:AGONIST,False,,,,,,,,,"[[""GENE:CHRNA4"", 1.0, 0.5], [""GENE:CHRNB2"", 1.0, 0.5]]",1,1,0,0.9993638692815722,grade
CID100001775,drug,phenytoin,CHEMBL2331043,CHEMBL2331043,fatigue,induces,pharmacological,B,0.6,0.0235,SIDER 4.1; targets CHEMBL2331043:BLOCKER,True,,,,,,,,,"[[""GENE:SCN10A"", -1.0, 0.1], [""GENE:SCN11A"", -1.0, 0.1], [""GENE:SCN1A"", -1.0, 0.1], [""GENE:SCN2A"", -1.0, 0.1], [""GENE:SCN3A"", -1.0, 0.1], [""GENE:SCN4A"", -1.0, 0.1], [""GENE:SCN5A"", -1.0, 0.1], [""GENE:SCN7A"", -1.0, 0.1], [""GENE:SCN8A"", -1.0, 0.1], [""GENE:SCN9A"", -1.0, 0.1]]",5,5,0,0.9994582753435345,grade
CID100001775,drug,phenytoin,CHEMBL2331043,CHEMBL2331043,cognitive_impairment,induces,pharmacological,B,0.15,0.0055,SIDER 4.1; targets CHEMBL2331043:BLOCKER,True,,,,,,,,,"[[""GENE:SCN10A"", -1.0, 0.1], [""GENE:SCN11A"", -1.0, 0.1], [""GENE:SCN1A"", -1.0, 0.1], [""GENE:SCN2A"", -1.0, 0.1], [""GENE:SCN3A"", -1.0, 0.1], [""GENE:SCN4A"", -1.0, 0.1], [""GENE:SCN5A"", -1.0, 0.1], [""GENE:SCN7A"", -1.0, 0.1], [""GENE:SCN8A"", -1.0, 0.1], [""GENE:SCN9A"", -1.0, 0.1]]",1,1,0,0.9994582753435345,grade
CID100001775,drug,phenytoin,CHEMBL2331043,CHEMBL2331043,somnolence_or_hypersomnia,induces,pharmacological,B,0.6,0.1595,SIDER 4.1; targets CHEMBL2331043:BLOCKER,True,,,,,,,,,"[[""GENE:SCN10A"", -1.0, 0.1], [""GENE:SCN11A"", -1.0, 0.1], [""GENE:SCN1A"", -1.0, 0.1], [""GENE:SCN2A"", -1.0, 0.1], [""GENE:SCN3A"", -1.0, 0.1], [""GENE:SCN4A"", -1.0, 0.1], [""GENE:SCN5A"", -1.0, 0.1], [""GENE:SCN7A"", -1.0, 0.1], [""GENE:SCN8A"", -1.0, 0.1], [""GENE:SCN9A"", -1.0, 0.1]]",4,4,0,0.9994582753435345,grade
CID100001775,drug,phenytoin,CHEMBL2331043,CHEMBL2331043,irritability_or_aggression,induces,pharmacological,B,0.6,,SIDER 4.1; targets CHEMBL2331043:BLOCKER,True,,,,,,,,,"[[""GENE:SCN10A"", -1.0, 0.1], [""GENE:SCN11A"", -1.0, 0.1], [""GENE:SCN1A"", -1.0, 0.1], [""GENE:SCN2A"", -1.0, 0.1], [""GENE:SCN3A"", -1.0, 0.1], [""GENE:SCN4A"", -1.0, 0.1], [""GENE:SCN5A"", -1.0, 0.1], [""GENE:SCN7A"", -1.0, 0.1], [""GENE:SCN8A"", -1.0, 0.1], [""GENE:SCN9A"", -1.0, 0.1]]",1,1,0,0.9993638692815722,grade
CID100001775,drug,phenytoin,CHEMBL2331043,CHEMBL2331043,anxiety,induces,pharmacological,B,0.6,0.505,SIDER 4.1; targets CHEMBL2331043:BLOCKER,True,,,,,,,,,"[[""GENE:SCN10A"", -1.0, 0.1], [""GENE:SCN11A"", -1.0, 0.1], [""GENE:SCN1A"", -1.0, 0.1], [""GENE:SCN2A"", -1.0, 0.1], [""GENE:SCN3A"", -1.0, 0.1], [""GENE:SCN4A"", -1.0, 0.1], [""GENE:SCN5A"", -1.0, 0.1], [""GENE:SCN7A"", -1.0, 0.1], [""GENE:SCN8A"", -1.0, 0.1], [""GENE:SCN9A"", -1.0, 0.1]]",1,1,0,0.9994582753435345,grade
CID100001775,drug,phenytoin,CHEMBL2331043,CHEMBL2331043,psychosis,induces,pharmacological,B,0.15,0.0055,SIDER 4.1; targets CHEMBL2331043:BLOCKER,True,,,,,,,,,"[[""GENE:SCN10A"", -1.0, 0.1], [""GENE:SCN11A"", -1.0, 0.1], [""GENE:SCN1A"", -1.0, 0.1], [""GENE:SCN2A"", -1.0, 0.1], [""GENE:SCN3A"", -1.0, 0.1], [""GENE:SCN4A"", -1.0, 0.1], [""GENE:SCN5A"", -1.0, 0.1], [""GENE:SCN7A"", -1.0, 0.1], [""GENE:SCN8A"", -1.0, 0.1], [""GENE:SCN9A"", -1.0, 0.1]]",1,1,0,0.9994582753435345,grade
CID100001775,drug,phenytoin,CHEMBL2331043,CHEMBL2331043,psychomotor_agitation,induces,pharmacological,B,0.15,0.012833333333333334,SIDER 4.1; targets CHEMBL2331043:BLOCKER,True,,,,,,,,,"[[""GENE:SCN10A"", -1.0, 0.1], [""GENE:SCN11A"", -1.0, 0.1], [""GENE:SCN1A"", -1.0, 0.1], [""GENE:SCN2A"", -1.0, 0.1], [""GENE:SCN3A"", -1.0, 0.1], [""GENE:SCN4A"", -1.0, 0.1], [""GENE:SCN5A"", -1.0, 0.1], [""GENE:SCN7A"", -1.0, 0.1], [""GENE:SCN8A"", -1.0, 0.1], [""GENE:SCN9A"", -1.0, 0.1]]",3,3,0,0.9994582753435345,grade
CID100001775,drug,phenytoin,CHEMBL2331043,CHEMBL2331043,insomnia,induces,pharmacological,B,0.15,0.0055,SIDER 4.1; targets CHEMBL2331043:BLOCKER,True,,,,,,,,,"[[""GENE:SCN10A"", -1.0, 0.1], [""GENE:SCN11A"", -1.0, 0.1], [""GENE:SCN1A"", -1.0, 0.1], [""GENE:SCN2A"", -1.0, 0.1], [""GENE:SCN3A"", -1.0, 0.1], [""GENE:SCN4A"", -1.0, 0.1], [""GENE:SCN5A"", -1.0, 0.1], [""GENE:SCN7A"", -1.0, 0.1], [""GENE:SCN8A"", -1.0, 0.1], [""GENE:SCN9A"", -1.0, 0.1]]",1,1,0,0.9994582753435345,grade
CID100002118,drug,alprazolam,CHEMBL2093872,CHEMBL2093872,irritability_or_aggression,induces,pharmacological,B,0.6,0.38866666666666666,SIDER 4.1; targets CHEMBL2093872:POSITIVE ALLOSTERIC MODULATOR,False,,,,,,,,,"[[""GENE:GABRA1"", 0.5, 0.07692307692307693], [""GENE:GABRA2"", 0.5, 0.07692307692307693], [""GENE:GABRA3"", 0.5, 0.07692307692307693], [""GENE:GABRA4"", 0.5, 0.07692307692307693], [""GENE:GABRA5"", 0.5, 0.07692307692307693], [""GENE:GABRA6"", 0.5, 0.07692307692307693], [""GENE:GABRB1"", 0.5, 0.07692307692307693], [""GENE:GABRB2"", 0.5, 0.07692307692307693], [""GENE:GABRB3"", 0.5, 0.07692307692307693], [""GENE:GABRD"", 0.5, 0.07692307692307693], [""GENE:GABRE"", 0.5, 0.07692307692307693], [""GENE:GABRG2"", 0.5, 0.07692307692307693], [""GENE:GABRQ"", 0.5, 0.07692307692307693]]",4,4,0,0.9995386773806634,grade
CID100002118,drug,alprazolam,CHEMBL2093872,CHEMBL2093872,anxiety,induces,pharmacological,B,0.6,0.1561,SIDER 4.1; targets CHEMBL2093872:POSITIVE ALLOSTERIC MODULATOR,False,,,,,,,,,"[[""GENE:GABRA1"", 0.5, 0.07692307692307693], [""GENE:GABRA2"", 0.5, 0.07692307692307693], [""GENE:GABRA3"", 0.5, 0.07692307692307693], [""GENE:GABRA4"", 0.5, 0.07692307692307693], [""GENE:GABRA5"", 0.5, 0.07692307692307693], [""GENE:GABRA6"", 0.5, 0.07692307692307693], [""GENE:GABRB1"", 0.5, 0.07692307692307693], [""GENE:GABRB2"", 0.5, 0.07692307692307693], [""GENE:GABRB3"", 0.5, 0.07692307692307693], [""GENE:GABRD"", 0.5, 0.07692307692307693], [""GENE:GABRE"", 0.5, 0.07692307692307693], [""GENE:GABRG2"", 0.5, 0.07692307692307693], [""GENE:GABRQ"", 0.5, 0.07692307692307693]]",8,8,0,0.9995386773806634,grade
CID100002118,drug,alprazolam,CHEMBL2093872,CHEMBL2093872,fatigue,induces,pharmacological,B,0.6,0.22999999999999998,SIDER 4.1; targets CHEMBL2093872:POSITIVE ALLOSTERIC MODULATOR,False,,,,,,,,,"[[""GENE:GABRA1"", 0.5, 0.07692307692307693], [""GENE:GABRA2"", 0.5, 0.07692307692307693], [""GENE:GABRA3"", 0.5, 0.07692307692307693], [""GENE:GABRA4"", 0.5, 0.07692307692307693], [""GENE:GABRA5"", 0.5, 0.07692307692307693], [""GENE:GABRA6"", 0.5, 0.07692307692307693], [""GENE:GABRB1"", 0.5, 0.07692307692307693], [""GENE:GABRB2"", 0.5, 0.07692307692307693], [""GENE:GABRB3"", 0.5, 0.07692307692307693], [""GENE:GABRD"", 0.5, 0.07692307692307693], [""GENE:GABRE"", 0.5, 0.07692307692307693], [""GENE:GABRG2"", 0.5, 0.07692307692307693], [""GENE:GABRQ"", 0.5, 0.07692307692307693]]",14,14,0,0.9995386773806634,grade
CID100002118,drug,alprazolam,CHEMBL2093872,CHEMBL2093872,cognitive_impairment,induces,pharmacological,B,0.6,0.20750000000000002,SIDER 4.1; targets CHEMBL2093872:POSITIVE ALLOSTERIC MODULATOR,False,,,,,,,,,"[[""GENE:GABRA1"", 0.5, 0.07692307692307693], [""GENE:GABRA2"", 0.5, 0.07692307692307693], [""GENE:GABRA3"", 0.5, 0.07692307692307693], [""GENE:GABRA4"", 0.5, 0.07692307692307693], [""GENE:GABRA5"", 0.5, 0.07692307692307693], [""GENE:GABRA6"", 0.5, 0.07692307692307693], [""GENE:GABRB1"", 0.5, 0.07692307692307693], [""GENE:GABRB2"", 0.5, 0.07692307692307693], [""GENE:GABRB3"", 0.5, 0.07692307692307693], [""GENE:GABRD"", 0.5, 0.07692307692307693], [""GENE:GABRE"", 0.5, 0.07692307692307693], [""GENE:GABRG2"", 0.5, 0.07692307692307693], [""GENE:GABRQ"", 0.5, 0.07692307692307693]]",10,10,0,0.9995386773806634,grade
CID100002118,drug,alprazolam,CHEMBL2093872,CHEMBL2093872,depressed_mood,induces,pharmacological,B,0.556,0.09266666666666667,SIDER 4.1; targets CHEMBL2093872:POSITIVE ALLOSTERIC MODULATOR,False,,,,,,,,,"[[""GENE:GABRA1"", 0.5, 0.07692307692307693], [""GENE:GABRA2"", 0.5, 0.07692307692307693], [""GENE:GABRA3"", 0.5, 0.07692307692307693], [""GENE:GABRA4"", 0.5, 0.07692307692307693], [""GENE:GABRA5"", 0.5, 0.07692307692307693], [""GENE:GABRA6"", 0.5, 0.07692307692307693], [""GENE:GABRB1"", 0.5, 0.07692307692307693], [""GENE:GABRB2"", 0.5, 0.07692307692307693], [""GENE:GABRB3"", 0.5, 0.07692307692307693], [""GENE:GABRD"", 0.5, 0.07692307692307693], [""GENE:GABRE"", 0.5, 0.07692307692307693], [""GENE:GABRG2"", 0.5, 0.07692307692307693], [""GENE:GABRQ"", 0.5, 0.07692307692307693]]",7,7,0,0.9995386773806634,grade
CID100002118,drug,alprazolam,CHEMBL2093872,CHEMBL2093872,somnolence_or_hypersomnia,induces,pharmacological,B,0.6,0.26816666666666666,SIDER 4.1; targets CHEMBL2093872:POSITIVE ALLOSTERIC MODULATOR,False,,,,,,,,,"[[""GENE:GABRA1"", 0.5, 0.07692307692307693], [""GENE:GABRA2"", 0.5, 0.07692307692307693], [""GENE:GABRA3"", 0.5, 0.07692307692307693], [""GENE:GABRA4"", 0.5, 0.07692307692307693], [""GENE:GABRA5"", 0.5, 0.07692307692307693], [""GENE:GABRA6"", 0.5, 0.07692307692307693], [""GENE:GABRB1"", 0.5, 0.07692307692307693], [""GENE:GABRB2"", 0.5, 0.07692307692307693], [""GENE:GABRB3"", 0.5, 0.07692307692307693], [""GENE:GABRD"", 0.5, 0.07692307692307693], [""GENE:GABRE"", 0.5, 0.07692307692307693], [""GENE:GABRG2"", 0.5, 0.07692307692307693], [""GENE:GABRQ"", 0.5, 0.07692307692307693]]",7,7,0,0.9995386773806634,grade
CID100002118,drug,alprazolam,CHEMBL2093872,CHEMBL2093872,psychosis,induces,pharmacological,B,0.15,0.0055,SIDER 4.1; targets CHEMBL2093872:POSITIVE ALLOSTERIC MODULATOR,False,,,,,,,,,"[[""GENE:GABRA1"", 0.5, 0.07692307692307693], [""GENE:GABRA2"", 0.5, 0.07692307692307693], [""GENE:GABRA3"", 0.5, 0.07692307692307693], [""GENE:GABRA4"", 0.5, 0.07692307692307693], [""GENE:GABRA5"", 0.5, 0.07692307692307693], [""GENE:GABRA6"", 0.5, 0.07692307692307693], [""GENE:GABRB1"", 0.5, 0.07692307692307693], [""GENE:GABRB2"", 0.5, 0.07692307692307693], [""GENE:GABRB3"", 0.5, 0.07692307692307693], [""GENE:GABRD"", 0.5, 0.07692307692307693], [""GENE:GABRE"", 0.5, 0.07692307692307693], [""GENE:GABRG2"", 0.5, 0.07692307692307693], [""GENE:GABRQ"", 0.5, 0.07692307692307693]]",1,1,0,0.9994582753435345,grade
CID100002118,drug,alprazolam,CHEMBL2093872,CHEMBL2093872,psychomotor_agitation,induces,pharmacological,B,0.6,0.18666666666666668,SIDER 4.1; targets CHEMBL2093872:POSITIVE ALLOSTERIC MODULATOR,False,,,,,,,,,"[[""GENE:GABRA1"", 0.5, 0.07692307692307693], [""GENE:GABRA2"", 0.5, 0.07692307692307693], [""GENE:GABRA3"", 0.5, 0.07692307692307693], [""GENE:GABRA4"", 0.5, 0.07692307692307693], [""GENE:GABRA5"", 0.5, 0.07692307692307693], [""GENE:GABRA6"", 0.5, 0.07692307692307693], [""GENE:GABRB1"", 0.5, 0.07692307692307693], [""GENE:GABRB2"", 0.5, 0.07692307692307693], [""GENE:GABRB3"", 0.5, 0.07692307692307693], [""GENE:GABRD"", 0.5, 0.07692307692307693], [""GENE:GABRE"", 0.5, 0.07692307692307693], [""GENE:GABRG2"", 0.5, 0.07692307692307693], [""GENE:GABRQ"", 0.5, 0.07692307692307693]]",3,3,0,0.9995386773806634,grade
CID100002118,drug,alprazolam,CHEMBL2093872,CHEMBL2093872,elevated_mood_or_mania,induces,pharmacological,B,0.15,0.0055,SIDER 4.1; targets CHEMBL2093872:POSITIVE ALLOSTERIC MODULATOR,False,,,,,,,,,"[[""GENE:GABRA1"", 0.5, 0.07692307692307693], [""GENE:GABRA2"", 0.5, 0.07692307692307693], [""GENE:GABRA3"", 0.5, 0.07692307692307693], [""GENE:GABRA4"", 0.5, 0.07692307692307693], [""GENE:GABRA5"", 0.5, 0.07692307692307693], [""GENE:GABRA6"", 0.5, 0.07692307692307693], [""GENE:GABRB1"", 0.5, 0.07692307692307693], [""GENE:GABRB2"", 0.5, 0.07692307692307693], [""GENE:GABRB3"", 0.5, 0.07692307692307693], [""GENE:GABRD"", 0.5, 0.07692307692307693], [""GENE:GABRE"", 0.5, 0.07692307692307693], [""GENE:GABRG2"", 0.5, 0.07692307692307693], [""GENE:GABRQ"", 0.5, 0.07692307692307693]]",5,5,0,0.9994582753435345,grade
CID100002118,drug,alprazolam,CHEMBL2093872,CHEMBL2093872,psychomotor_retardation,induces,pharmacological,B,0.15,0.0055,SIDER 4.1; targets CHEMBL2093872:POSITIVE ALLOSTERIC MODULATOR,False,,,,,,,,,"[[""GENE:GABRA1"", 0.5, 0.07692307692307693], [""GENE:GABRA2"", 0.5, 0.07692307692307693], [""GENE:GABRA3"", 0.5, 0.07692307692307693], [""GENE:GABRA4"", 0.5, 0.07692307692307693], [""GENE:GABRA5"", 0.5, 0.07692307692307693], [""GENE:GABRA6"", 0.5, 0.07692307692307693], [""GENE:GABRB1"", 0.5, 0.07692307692307693], [""GENE:GABRB2"", 0.5, 0.07692307692307693], [""GENE:GABRB3"", 0.5, 0.07692307692307693], [""GENE:GABRD"", 0.5, 0.07692307692307693], [""GENE:GABRE"", 0.5, 0.07692307692307693], [""GENE:GABRG2"", 0.5, 0.07692307692307693], [""GENE:GABRQ"", 0.5, 0.07692307692307693]]",2,2,0,0.9994582753435345,grade
CID100002118,drug,alprazolam,CHEMBL2093872,CHEMBL2093872,insomnia,induces,pharmacological,B,0.6,0.22859999999999997,SIDER 4.1; targets CHEMBL2093872:POSITIVE ALLOSTERIC MODULATOR,False,,,,,,,,,"[[""GENE:GABRA1"", 0.5, 0.07692307692307693], [""GENE:GABRA2"", 0.5, 0.07692307692307693], [""GENE:GABRA3"", 0.5, 0.07692307692307693], [""GENE:GABRA4"", 0.5, 0.07692307692307693], [""GENE:GABRA5"", 0.5, 0.07692307692307693], [""GENE:GABRA6"", 0.5, 0.07692307692307693], [""GENE:GABRB1"", 0.5, 0.07692307692307693], [""GENE:GABRB2"", 0.5, 0.07692307692307693], [""GENE:GABRB3"", 0.5, 0.07692307692307693], [""GENE:GABRD"", 0.5, 0.07692307692307693], [""GENE:GABRE"", 0.5, 0.07692307692307693], [""GENE:GABRG2"", 0.5, 0.07692307692307693], [""GENE:GABRQ"", 0.5, 0.07692307692307693]]",5,5,0,0.9995386773806634,grade
CID100002244,drug,aspirin,CHEMBL2094253,CHEMBL2094253,cognitive_impairment,induces,pharmacological,B,0.6,,SIDER 4.1; targets CHEMBL2094253:INHIBITOR,True,,,,,,,,,"[[""GENE:PTGS1"", -1.0, 0.5], [""GENE:PTGS2"", -1.0, 0.5]]",1,1,0,0.9993638692815722,grade
CID100002244,drug,aspirin,CHEMBL2094253,CHEMBL2094253,somnolence_or_hypersomnia,induces,pharmacological,B,0.6,,SIDER 4.1; targets CHEMBL2094253:INHIBITOR,True,,,,,,,,,"[[""GENE:PTGS1"", -1.0, 0.5], [""GENE:PTGS2"", -1.0, 0.5]]",1,1,0,0.9993638692815722,grade
CID100002244,drug,aspirin,CHEMBL2094253,CHEMBL2094253,psychomotor_agitation,induces,pharmacological,B,0.6,,SIDER 4.1; targets CHEMBL2094253:INHIBITOR,True,,,,,,,,,"[[""GENE:PTGS1"", -1.0, 0.5], [""GENE:PTGS2"", -1.0, 0.5]]",1,1,0,0.9993638692815722,grade
CID100002441,drug,bromazepam,CHEMBL4956,CHEMBL4956,irritability_or_aggression,induces,pharmacological,B,0.15,0.0005,SIDER 4.1; targets CHEMBL4956:POSITIVE ALLOSTERIC MODULATOR,False,,,,,,,,,"[[""GENE:GABRA2"", 0.5, 1.0]]",2,2,0,0.9994582753435345,grade
CID100002441,drug,bromazepam,CHEMBL4956,CHEMBL4956,cognitive_impairment,induces,pharmacological,B,0.15,0.00525,SIDER 4.1; targets CHEMBL4956:POSITIVE ALLOSTERIC MODULATOR,False,,,,,,,,,"[[""GENE:GABRA2"", 0.5, 1.0]]",2,2,0,0.9994582753435345,grade
CID100002441,drug,bromazepam,CHEMBL4956,CHEMBL4956,psychosis,induces,pharmacological,B,0.15,0.0005,SIDER 4.1; targets CHEMBL4956:POSITIVE ALLOSTERIC MODULATOR,False,,,,,,,,,"[[""GENE:GABRA2"", 0.5, 1.0]]",3,3,0,0.9994582753435345,grade
CID100002441,drug,bromazepam,CHEMBL4956,CHEMBL4956,somnolence_or_hypersomnia,induces,pharmacological,B,0.6,0.16025,SIDER 4.1; targets CHEMBL4956:POSITIVE ALLOSTERIC MODULATOR,False,,,,,,,,,"[[""GENE:GABRA2"", 0.5, 1.0]]",2,2,0,0.9994582753435345,grade
CID100002441,drug,bromazepam,CHEMBL4956,CHEMBL4956,fatigue,induces,pharmacological,B,0.15,0.0005,SIDER 4.1; targets CHEMBL4956:POSITIVE ALLOSTERIC MODULATOR,False,,,,,,,,,"[[""GENE:GABRA2"", 0.5, 1.0]]",2,2,0,0.9994582753435345,grade
CID100002441,drug,bromazepam,CHEMBL4956,CHEMBL4956,anxiety,induces,pharmacological,B,0.15,0.0005,SIDER 4.1; targets CHEMBL4956:POSITIVE ALLOSTERIC MODULATOR,False,,,,,,,,,"[[""GENE:GABRA2"", 0.5, 1.0]]",1,1,0,0.9994582753435345,grade
CID100002441,drug,bromazepam,CHEMBL4956,CHEMBL4956,psychomotor_agitation,induces,pharmacological,B,0.15,0.0005,SIDER 4.1; targets CHEMBL4956:POSITIVE ALLOSTERIC MODULATOR,False,,,,,,,,,"[[""GENE:GABRA2"", 0.5, 1.0]]",1,1,0,0.9994582753435345,grade
CID100002441,drug,bromazepam,CHEMBL4956,CHEMBL4956,elevated_mood_or_mania,induces,pharmacological,B,0.6,,SIDER 4.1; targets CHEMBL4956:POSITIVE ALLOSTERIC MODULATOR,False,,,,,,,,,"[[""GENE:GABRA2"", 0.5, 1.0]]",1,1,0,0.9993638692815722,grade
CID100002443,drug,bromocriptine,CHEMBL2331075,CHEMBL2331075,anxiety,induces,pharmacological,B,0.6,,SIDER 4.1; targets CHEMBL2331075:AGONIST,False,,,,,,,,,"[[""GENE:DRD2"", 1.0, 0.3333333333333333], [""GENE:DRD3"", 1.0, 0.3333333333333333], [""GENE:DRD4"", 1.0, 0.3333333333333333]]",2,2,0,0.9993638692815722,grade
CID100002443,drug,bromocriptine,CHEMBL2331075,CHEMBL2331075,fatigue,induces,pharmacological,B,0.15,0.023200000000000005,SIDER 4.1; targets CHEMBL2331075:AGONIST,False,,,,,,,,,"[[""GENE:DRD2"", 1.0, 0.3333333333333333], [""GENE:DRD3"", 1.0, 0.3333333333333333], [""GENE:DRD4"", 1.0, 0.3333333333333333]]",10,10,0,0.9994582753435345,grade
CID100002443,drug,bromocriptine,CHEMBL2331075,CHEMBL2331075,cognitive_impairment,induces,pharmacological,B,0.15,0.0005,SIDER 4.1; targets CHEMBL2331075:AGONIST,False,,,,,,,,,"[[""GENE:DRD2"", 1.0, 0.3333333333333333], [""GENE:DRD3"", 1.0, 0.3333333333333333], [""GENE:DRD4"", 1.0, 0.3333333333333333]]",1,1,0,0.9994582753435345,grade
CID100002443,drug,bromocriptine,CHEMBL2331075,CHEMBL2331075,psychosis,induces,pharmacological,B,0.15,0.0005,SIDER 4.1; targets CHEMBL2331075:AGONIST,False,,,,,,,,,"[[""GENE:DRD2"", 1.0, 0.3333333333333333], [""GENE:DRD3"", 1.0, 0.3333333333333333], [""GENE:DRD4"", 1.0, 0.3333333333333333]]",4,4,0,0.9994582753435345,grade
CID100002443,drug,bromocriptine,CHEMBL2331075,CHEMBL2331075,somnolence_or_hypersomnia,induces,pharmacological,B,0.6,0.13399999999999998,SIDER 4.1; targets CHEMBL2331075:AGONIST,False,,,,,,,,,"[[""GENE:DRD2"", 1.0, 0.3333333333333333], [""GENE:DRD3"", 1.0, 0.3333333333333333], [""GENE:DRD4"", 1.0, 0.3333333333333333]]",4,4,0,0.9994582753435345,grade
CID100002443,drug,bromocriptine,CHEMBL2331075,CHEMBL2331075,psychomotor_agitation,induces,pharmacological,B,0.15,0.0005,SIDER 4.1; targets CHEMBL2331075:AGONIST,False,,,,,,,,,"[[""GENE:DRD2"", 1.0, 0.3333333333333333], [""GENE:DRD3"", 1.0, 0.3333333333333333], [""GENE:DRD4"", 1.0, 0.3333333333333333]]",1,1,0,0.9994582753435345,grade
CID100002443,drug,bromocriptine,CHEMBL2331075,CHEMBL2331075,elevated_mood_or_mania,induces,pharmacological,B,0.6,,SIDER 4.1; targets CHEMBL2331075:AGONIST,False,,,,,,,,,"[[""GENE:DRD2"", 1.0, 0.3333333333333333], [""GENE:DRD3"", 1.0, 0.3333333333333333], [""GENE:DRD4"", 1.0, 0.3333333333333333]]",1,1,0,0.9993638692815722,grade
CID100002443,drug,bromocriptine,CHEMBL2331075,CHEMBL2331075,insomnia,induces,pharmacological,B,0.15,0.0005,SIDER 4.1; targets CHEMBL2331075:AGONIST,False,,,,,,,,,"[[""GENE:DRD2"", 1.0, 0.3333333333333333], [""GENE:DRD3"", 1.0, 0.3333333333333333], [""GENE:DRD4"", 1.0, 0.3333333333333333]]",2,2,0,0.9994582753435345,grade
CID100002474,drug,bupivacaine,CHEMBL2072,CHEMBL2072,anxiety,induces,pharmacological,B,0.6,0.01153409,SIDER 4.1; targets CHEMBL2072:BLOCKER,True,,,,,,,,,"[[""GENE:SCN4A"", -1.0, 1.0]]",3,3,0,0.9994582753435345,grade
CID100002474,drug,bupivacaine,CHEMBL2072,CHEMBL2072,fatigue,induces,pharmacological,B,0.15,0.0005,SIDER 4.1; targets CHEMBL2072:BLOCKER,True,,,,,,,,,"[[""GENE:SCN4A"", -1.0, 1.0]]",1,1,0,0.9994582753435345,grade
CID100002474,drug,bupivacaine,CHEMBL2072,CHEMBL2072,cognitive_impairment,induces,pharmacological,B,0.6,,SIDER 4.1; targets CHEMBL2072:BLOCKER,True,,,,,,,,,"[[""GENE:SCN4A"", -1.0, 1.0]]",1,1,0,0.9993638692815722,grade
CID100002474,drug,bupivacaine,CHEMBL2072,CHEMBL2072,somnolence_or_hypersomnia,induces,pharmacological,B,0.15,0.018632844,SIDER 4.1; targets CHEMBL2072:BLOCKER,True,,,,,,,,,"[[""GENE:SCN4A"", -1.0, 1.0]]",5,5,0,0.9995386773806634,grade
CID100002474,drug,bupivacaine,CHEMBL2072,CHEMBL2072,psychomotor_agitation,induces,pharmacological,B,0.6,,SIDER 4.1; targets CHEMBL2072:BLOCKER,True,,,,,,,,,"[[""GENE:SCN4A"", -1.0, 1.0]]",1,1,0,0.9993638692815722,grade
CID100002474,drug,bupivacaine,CHEMBL2072,CHEMBL2072,elevated_mood_or_mania,induces,pharmacological,B,0.6,,SIDER 4.1; targets CHEMBL2072:BLOCKER,True,,,,,,,,,"[[""GENE:SCN4A"", -1.0, 1.0]]",1,1,0,0.9993638692815722,grade
CID100002474,drug,bupivacaine,CHEMBL2072,CHEMBL2072,depressed_mood,induces,pharmacological,B,0.6,,SIDER 4.1; targets CHEMBL2072:BLOCKER,True,,,,,,,,,"[[""GENE:SCN4A"", -1.0, 1.0]]",1,1,0,0.9993638692815722,grade
CID100002474,drug,bupivacaine,CHEMBL2072,CHEMBL2072,insomnia,induces,pharmacological,B,0.6,,SIDER 4.1; targets CHEMBL2072:BLOCKER,True,,,,,,,,,"[[""GENE:SCN4A"", -1.0, 1.0]]",1,1,0,0.9993638692815722,grade
CID100002512,drug,cabergoline,CHEMBL217,CHEMBL217,irritability_or_aggression,induces,pharmacological,B,0.15,0.0005,SIDER 4.1; targets CHEMBL217:AGONIST,False,,,,,,,,,"[[""GENE:DRD2"", 1.0, 1.0]]",1,1,0,0.9994582753435345,grade
CID100002512,drug,cabergoline,CHEMBL217,CHEMBL217,anxiety,induces,pharmacological,B,0.28507404,0.04751234,SIDER 4.1; targets CHEMBL217:AGONIST,False,,,,,,,,,"[[""GENE:DRD2"", 1.0, 1.0]]",8,8,0,0.9995386773806634,grade
CID100002512,drug,cabergoline,CHEMBL217,CHEMBL217,fatigue,induces,pharmacological,B,0.3456863399999999,0.057614389999999994,SIDER 4.1; targets CHEMBL217:AGONIST,False,,,,,,,,,"[[""GENE:DRD2"", 1.0, 1.0]]",15,15,0,0.9995386773806634,grade
CID100002512,drug,cabergoline,CHEMBL217,CHEMBL217,cognitive_impairment,induces,pharmacological,B,0.264,0.044000000000000004,SIDER 4.1; targets CHEMBL217:AGONIST,False,,,,,,,,,"[[""GENE:DRD2"", 1.0, 1.0]]",7,7,0,0.9994582753435345,grade
CID100002512,drug,cabergoline,CHEMBL217,CHEMBL217,psychosis,induces,pharmacological,B,0.40049999999999997,0.06675,SIDER 4.1; targets CHEMBL217:AGONIST,False,,,,,,,,,"[[""GENE:DRD2"", 1.0, 1.0]]",6,6,0,0.9995386773806634,grade
CID100002512,drug,cabergoline,CHEMBL217,CHEMBL217,depressed_mood,induces,pharmacological,B,0.16616219999999998,0.0276937,SIDER 4.1; targets CHEMBL217:AGONIST,False,,,,,,,,,"[[""GENE:DRD2"", 1.0, 1.0]]",3,3,0,0.9995386773806634,grade
CID100002512,drug,cabergoline,CHEMBL217,CHEMBL217,elevated_mood_or_mania,induces,pharmacological,B,0.285,0.0475,SIDER 4.1; targets CHEMBL217:AGONIST,False,,,,,,,,,"[[""GENE:DRD2"", 1.0, 1.0]]",2,2,0,0.9994582753435345,grade
CID100002512,drug,cabergoline,CHEMBL217,CHEMBL217,somnolence_or_hypersomnia,induces,pharmacological,B,0.36350447999999996,0.06058408,SIDER 4.1; targets CHEMBL217:AGONIST,False,,,,,,,,,"[[""GENE:DRD2"", 1.0, 1.0]]",10,10,0,0.9995386773806634,grade
CID100002512,drug,cabergoline,CHEMBL217,CHEMBL217,insomnia,induces,pharmacological,B,0.45623271,0.076038785,SIDER 4.1; targets CHEMBL217:AGONIST,False,,,,,,,,,"[[""GENE:DRD2"", 1.0, 1.0]]",6,6,0,0.9995386773806634,grade
CID100002519,drug,caffeine,CHEMBL2111329,CHEMBL2111329,irritability_or_aggression,induces,pharmacological,B,0.6,,SIDER 4.1; targets CHEMBL2111329:ANTAGONIST,False,,,,,,,,,"[[""GENE:ADORA1"", -1.0, 0.25], [""GENE:ADORA2A"", -1.0, 0.25], [""GENE:ADORA2B"", -1.0, 0.25], [""GENE:ADORA3"", -1.0, 0.25]]",1,1,0,0.9993638692815722,grade
CID100002519,drug,caffeine,CHEMBL2111329,CHEMBL2111329,psychomotor_agitation,induces,pharmacological,B,0.6,,SIDER 4.1; targets CHEMBL2111329:ANTAGONIST,False,,,,,,,,,"[[""GENE:ADORA1"", -1.0, 0.25], [""GENE:ADORA2A"", -1.0, 0.25], [""GENE:ADORA2B"", -1.0, 0.25], [""GENE:ADORA3"", -1.0, 0.25]]",1,1,0,0.9993638692815722,grade
CID100002519,drug,caffeine,CHEMBL2111329,CHEMBL2111329,anxiety,induces,pharmacological,B,0.6,,SIDER 4.1; targets CHEMBL2111329:ANTAGONIST,False,,,,,,,,,"[[""GENE:ADORA1"", -1.0, 0.25], [""GENE:ADORA2A"", -1.0, 0.25], [""GENE:ADORA2B"", -1.0, 0.25], [""GENE:ADORA3"", -1.0, 0.25]]",1,1,0,0.9993638692815722,grade
CID100002554,drug,carbamazepine,CHEMBL2331043,CHEMBL2331043,irritability_or_aggression,induces,pharmacological,B,0.15,0.0005,SIDER 4.1; targets CHEMBL2331043:BLOCKER,True,,,,,,,,,"[[""GENE:SCN10A"", -1.0, 0.1], [""GENE:SCN11A"", -1.0, 0.1], [""GENE:SCN1A"", -1.0, 0.1], [""GENE:SCN2A"", -1.0, 0.1], [""GENE:SCN3A"", -1.0, 0.1], [""GENE:SCN4A"", -1.0, 0.1], [""GENE:SCN5A"", -1.0, 0.1], [""GENE:SCN7A"", -1.0, 0.1], [""GENE:SCN8A"", -1.0, 0.1], [""GENE:SCN9A"", -1.0, 0.1]]",2,2,0,0.9994582753435345,grade
CID100002554,drug,carbamazepine,CHEMBL2331043,CHEMBL2331043,anxiety,induces,pharmacological,B,0.6,0.07,SIDER 4.1; targets CHEMBL2331043:BLOCKER,True,,,,,,,,,"[[""GENE:SCN10A"", -1.0, 0.1], [""GENE:SCN11A"", -1.0, 0.1], [""GENE:SCN1A"", -1.0, 0.1], [""GENE:SCN2A"", -1.0, 0.1], [""GENE:SCN3A"", -1.0, 0.1], [""GENE:SCN4A"", -1.0, 0.1], [""GENE:SCN5A"", -1.0, 0.1], [""GENE:SCN7A"", -1.0, 0.1], [""GENE:SCN8A"", -1.0, 0.1], [""GENE:SCN9A"", -1.0, 0.1]]",2,2,0,0.9994582753435345,grade
CID100002554,drug,carbamazepine,CHEMBL2331043,CHEMBL2331043,fatigue,induces,pharmacological,B,0.6,0.55,SIDER 4.1; targets CHEMBL2331043:BLOCKER,True,,,,,,,,,"[[""GENE:SCN10A"", -1.0, 0.1], [""GENE:SCN11A"", -1.0, 0.1], [""GENE:SCN1A"", -1.0, 0.1], [""GENE:SCN2A"", -1.0, 0.1], [""GENE:SCN3A"", -1.0, 0.1], [""GENE:SCN4A"", -1.0, 0.1], [""GENE:SCN5A"", -1.0, 0.1], [""GENE:SCN7A"", -1.0, 0.1], [""GENE:SCN8A"", -1.0, 0.1], [""GENE:SCN9A"", -1.0, 0.1]]",3,3,0,0.9995386773806634,grade
CID100002554,drug,carbamazepine,CHEMBL2331043,CHEMBL2331043,cognitive_impairment,induces,pharmacological,B,0.6,0.16866666666666663,SIDER 4.1; targets CHEMBL2331043:BLOCKER,True,,,,,,,,,"[[""GENE:SCN10A"", -1.0, 0.1], [""GENE:SCN11A"", -1.0, 0.1], [""GENE:SCN1A"", -1.0, 0.1], [""GENE:SCN2A"", -1.0, 0.1], [""GENE:SCN3A"", -1.0, 0.1], [""GENE:SCN4A"", -1.0, 0.1], [""GENE:SCN5A"", -1.0, 0.1], [""GENE:SCN7A"", -1.0, 0.1], [""GENE:SCN8A"", -1.0, 0.1], [""GENE:SCN9A"", -1.0, 0.1]]",4,4,0,0.9994582753435345,grade
CID100002554,drug,carbamazepine,CHEMBL2331043,CHEMBL2331043,depressed_mood,induces,pharmacological,B,0.42000000000000004,0.07,SIDER 4.1; targets CHEMBL2331043:BLOCKER,True,,,,,,,,,"[[""GENE:SCN10A"", -1.0, 0.1], [""GENE:SCN11A"", -1.0, 0.1], [""GENE:SCN1A"", -1.0, 0.1], [""GENE:SCN2A"", -1.0, 0.1], [""GENE:SCN3A"", -1.0, 0.1], [""GENE:SCN4A"", -1.0, 0.1], [""GENE:SCN5A"", -1.0, 0.1], [""GENE:SCN7A"", -1.0, 0.1], [""GENE:SCN8A"", -1.0, 0.1], [""GENE:SCN9A"", -1.0, 0.1]]",1,1,0,0.9994582753435345,grade
CID100002554,drug,carbamazepine,CHEMBL2331043,CHEMBL2331043,somnolence_or_hypersomnia,induces,pharmacological,B,0.6,0.2773265,SIDER 4.1; targets CHEMBL2331043:BLOCKER,True,,,,,,,,,"[[""GENE:SCN10A"", -1.0, 0.1], [""GENE:SCN11A"", -1.0, 0.1], [""GENE:SCN1A"", -1.0, 0.1], [""GENE:SCN2A"", -1.0, 0.1], [""GENE:SCN3A"", -1.0, 0.1], [""GENE:SCN4A"", -1.0, 0.1], [""GENE:SCN5A"", -1.0, 0.1], [""GENE:SCN7A"", -1.0, 0.1], [""GENE:SCN8A"", -1.0, 0.1], [""GENE:SCN9A"", -1.0, 0.1]]",6,6,0,0.9995386773806634,grade
CID100002554,drug,carbamazepine,CHEMBL2331043,CHEMBL2331043,psychosis,induces,pharmacological,B,0.15,0.0005,SIDER 4.1; targets CHEMBL2331043:BLOCKER,True,,,,,,,,,"[[""GENE:SCN10A"", -1.0, 0.1], [""GENE:SCN11A"", -1.0, 0.1], [""GENE:SCN1A"", -1.0, 0.1], [""GENE:SCN2A"", -1.0, 0.1], [""GENE:SCN3A"", -1.0, 0.1], [""GENE:SCN4A"", -1.0, 0.1], [""GENE:SCN5A"", -1.0, 0.1], [""GENE:SCN7A"", -1.0, 0.1], [""GENE:SCN8A"", -1.0, 0.1], [""GENE:SCN9A"", -1.0, 0.1]]",2,2,0,0.9994582753435345,grade
CID100002554,drug,carbamazepine,CHEMBL2331043,CHEMBL2331043,psychomotor_agitation,induces,pharmacological,B,0.15,0.0005,SIDER 4.1; targets CHEMBL2331043:BLOCKER,True,,,,,,,,,"[[""GENE:SCN10A"", -1.0, 0.1], [""GENE:SCN11A"", -1.0, 0.1], [""GENE:SCN1A"", -1.0, 0.1], [""GENE:SCN2A"", -1.0, 0.1], [""GENE:SCN3A"", -1.0, 0.1], [""GENE:SCN4A"", -1.0, 0.1], [""GENE:SCN5A"", -1.0, 0.1], [""GENE:SCN7A"", -1.0, 0.1], [""GENE:SCN8A"", -1.0, 0.1], [""GENE:SCN9A"", -1.0, 0.1]]",2,2,0,0.9994582753435345,grade
CID100002554,drug,carbamazepine,CHEMBL2331043,CHEMBL2331043,elevated_mood_or_mania,induces,pharmacological,B,0.6,,SIDER 4.1; targets CHEMBL2331043:BLOCKER,True,,,,,,,,,"[[""GENE:SCN10A"", -1.0, 0.1], [""GENE:SCN11A"", -1.0, 0.1], [""GENE:SCN1A"", -1.0, 0.1], [""GENE:SCN2A"", -1.0, 0.1], [""GENE:SCN3A"", -1.0, 0.1], [""GENE:SCN4A"", -1.0, 0.1], [""GENE:SCN5A"", -1.0, 0.1], [""GENE:SCN7A"", -1.0, 0.1], [""GENE:SCN8A"", -1.0, 0.1], [""GENE:SCN9A"", -1.0, 0.1]]",1,1,0,0.9993638692815722,grade
CID100002554,drug,carbamazepine,CHEMBL2331043,CHEMBL2331043,insomnia,induces,pharmacological,B,0.15,0.0005,SIDER 4.1; targets CHEMBL2331043:BLOCKER,True,,,,,,,,,"[[""GENE:SCN10A"", -1.0, 0.1], [""GENE:SCN11A"", -1.0, 0.1], [""GENE:SCN1A"", -1.0, 0.1], [""GENE:SCN2A"", -1.0, 0.1], [""GENE:SCN3A"", -1.0, 0.1], [""GENE:SCN4A"", -1.0, 0.1], [""GENE:SCN5A"", -1.0, 0.1], [""GENE:SCN7A"", -1.0, 0.1], [""GENE:SCN8A"", -1.0, 0.1], [""GENE:SCN9A"", -1.0, 0.1]]",1,1,0,0.9994582753435345,grade
CID100002789,drug,clobazam,CHEMBL2093872,CHEMBL2093872,irritability_or_aggression,induces,pharmacological,B,0.49999999999999994,0.08333333333333333,SIDER 4.1; targets CHEMBL2093872:POSITIVE ALLOSTERIC MODULATOR,False,,,,,,,,,"[[""GENE:GABRA1"", 0.5, 0.07692307692307693], [""GENE:GABRA2"", 0.5, 0.07692307692307693], [""GENE:GABRA3"", 0.5, 0.07692307692307693], [""GENE:GABRA4"", 0.5, 0.07692307692307693], [""GENE:GABRA5"", 0.5, 0.07692307692307693], [""GENE:GABRA6"", 0.5, 0.07692307692307693], [""GENE:GABRB1"", 0.5, 0.07692307692307693], [""GENE:GABRB2"", 0.5, 0.07692307692307693], [""GENE:GABRB3"", 0.5, 0.07692307692307693], [""GENE:GABRD"", 0.5, 0.07692307692307693], [""GENE:GABRE"", 0.5, 0.07692307692307693], [""GENE:GABRG2"", 0.5, 0.07692307692307693], [""GENE:GABRQ"", 0.5, 0.07692307692307693]]",8,8,0,0.9995386773806634,grade
CID100002789,drug,clobazam,CHEMBL2093872,CHEMBL2093872,anxiety,induces,pharmacological,B,0.6,0.0005,SIDER 4.1; targets CHEMBL2093872:POSITIVE ALLOSTERIC MODULATOR,False,,,,,,,,,"[[""GENE:GABRA1"", 0.5, 0.07692307692307693], [""GENE:GABRA2"", 0.5, 0.07692307692307693], [""GENE:GABRA3"", 0.5, 0.07692307692307693], [""GENE:GABRA4"", 0.5, 0.07692307692307693], [""GENE:GABRA5"", 0.5, 0.07692307692307693], [""GENE:GABRA6"", 0.5, 0.07692307692307693], [""GENE:GABRB1"", 0.5, 0.07692307692307693], [""GENE:GABRB2"", 0.5, 0.07692307692307693], [""GENE:GABRB3"", 0.5, 0.07692307692307693], [""GENE:GABRD"", 0.5, 0.07692307692307693], [""GENE:GABRE"", 0.5, 0.07692307692307693], [""GENE:GABRG2"", 0.5, 0.07692307692307693], [""GENE:GABRQ"", 0.5, 0.07692307692307693]]",2,2,0,0.9994582753435345,grade
CID100002789,drug,clobazam,CHEMBL2093872,CHEMBL2093872,fatigue,induces,pharmacological,B,0.24,0.04,SIDER 4.1; targets CHEMBL2093872:POSITIVE ALLOSTERIC MODULATOR,False,,,,,,,,,"[[""GENE:GABRA1"", 0.5, 0.07692307692307693], [""GENE:GABRA2"", 0.5, 0.07692307692307693], [""GENE:GABRA3"", 0.5, 0.07692307692307693], [""GENE:GABRA4"", 0.5, 0.07692307692307693], [""GENE:GABRA5"", 0.5, 0.07692307692307693], [""GENE:GABRA6"", 0.5, 0.07692307692307693], [""GENE:GABRB1"", 0.5, 0.07692307692307693], [""GENE:GABRB2"", 0.5, 0.07692307692307693], [""GENE:GABRB3"", 0.5, 0.07692307692307693], [""GENE:GABRD"", 0.5, 0.07692307692307693], [""GENE:GABRE"", 0.5, 0.07692307692307693], [""GENE:GABRG2"", 0.5, 0.07692307692307693], [""GENE:GABRQ"", 0.5, 0.07692307692307693]]",4,4,0,0.9995386773806634,grade
CID100002789,drug,clobazam,CHEMBL2093872,CHEMBL2093872,cognitive_impairment,induces,pharmacological,B,0.15,0.00825,SIDER 4.1; targets CHEMBL2093872:POSITIVE ALLOSTERIC MODULATOR,False,,,,,,,,,"[[""GENE:GABRA1"", 0.5, 0.07692307692307693], [""GENE:GABRA2"", 0.5, 0.07692307692307693], [""GENE:GABRA3"", 0.5, 0.07692307692307693], [""GENE:GABRA4"", 0.5, 0.07692307692307693], [""GENE:GABRA5"", 0.5, 0.07692307692307693], [""GENE:GABRA6"", 0.5, 0.07692307692307693], [""GENE:GABRB1"", 0.5, 0.07692307692307693], [""GENE:GABRB2"", 0.5, 0.07692307692307693], [""GENE:GABRB3"", 0.5, 0.07692307692307693], [""GENE:GABRD"", 0.5, 0.07692307692307693], [""GENE:GABRE"", 0.5, 0.07692307692307693], [""GENE:GABRG2"", 0.5, 0.07692307692307693], [""GENE:GABRQ"", 0.5, 0.07692307692307693]]",2,2,0,0.9994582753435345,grade
CID100002789,drug,clobazam,CHEMBL2093872,CHEMBL2093872,psychosis,induces,pharmacological,B,0.6,0.0005,SIDER 4.1; targets CHEMBL2093872:POSITIVE ALLOSTERIC MODULATOR,False,,,,,,,,,"[[""GENE:GABRA1"", 0.5, 0.07692307692307693], [""GENE:GABRA2"", 0.5, 0.07692307692307693], [""GENE:GABRA3"", 0.5, 0.07692307692307693], [""GENE:GABRA4"", 0.5, 0.07692307692307693], [""GENE:GABRA5"", 0.5, 0.07692307692307693], [""GENE:GABRA6"", 0.5, 0.07692307692307693], [""GENE:GABRB1"", 0.5, 0.07692307692307693], [""GENE:GABRB2"", 0.5, 0.07692307692307693], [""GENE:GABRB3"", 0.5, 0.07692307692307693], [""GENE:GABRD"", 0.5, 0.07692307692307693], [""GENE:GABRE"", 0.5, 0.07692307692307693], [""GENE:GABRG2"", 0.5, 0.07692307692307693], [""GENE:GABRQ"", 0.5, 0.07692307692307693]]",3,3,0,0.9994582753435345,grade
CID100002789,drug,clobazam,CHEMBL2093872,CHEMBL2093872,depressed_mood,induces,pharmacological,B,0.21000000000000002,0.035,SIDER 4.1; targets CHEMBL2093872:POSITIVE ALLOSTERIC MODULATOR,False,,,,,,,,,"[[""GENE:GABRA1"", 0.5, 0.07692307692307693], [""GENE:GABRA2"", 0.5, 0.07692307692307693], [""GENE:GABRA3"", 0.5, 0.07692307692307693], [""GENE:GABRA4"", 0.5, 0.07692307692307693], [""GENE:GABRA5"", 0.5, 0.07692307692307693], [""GENE:GABRA6"", 0.5, 0.07692307692307693], [""GENE:GABRB1"", 0.5, 0.07692307692307693], [""GENE:GABRB2"", 0.5, 0.07692307692307693], [""GENE:GABRB3"", 0.5, 0.07692307692307693], [""GENE:GABRD"", 0.5, 0.07692307692307693], [""GENE:GABRE"", 0.5, 0.07692307692307693], [""GENE:GABRG2"", 0.5, 0.07692307692307693], [""GENE:GABRQ"", 0.5, 0.07692307692307693]]",1,1,0,0.9994582753435345,grade
CID100002789,drug,clobazam,CHEMBL2093872,CHEMBL2093872,somnolence_or_hypersomnia,induces,pharmacological,B,0.6,0.24555555555555555,SIDER 4.1; targets CHEMBL2093872:POSITIVE ALLOSTERIC MODULATOR,False,,,,,,,,,"[[""GENE:GABRA1"", 0.5, 0.07692307692307693], [""GENE:GABRA2"", 0.5, 0.07692307692307693], [""GENE:GABRA3"", 0.5, 0.07692307692307693], [""GENE:GABRA4"", 0.5, 0.07692307692307693], [""GENE:GABRA5"", 0.5, 0.07692307692307693], [""GENE:GABRA6"", 0.5, 0.07692307692307693], [""GENE:GABRB1"", 0.5, 0.07692307692307693], [""GENE:GABRB2"", 0.5, 0.07692307692307693], [""GENE:GABRB3"", 0.5, 0.07692307692307693], [""GENE:GABRD"", 0.5, 0.07692307692307693], [""GENE:GABRE"", 0.5, 0.07692307692307693], [""GENE:GABRG2"", 0.5, 0.07692307692307693], [""GENE:GABRQ"", 0.5, 0.07692307692307693]]",9,9,0,0.9995386773806634,grade
CID100002789,drug,clobazam,CHEMBL2093872,CHEMBL2093872,psychomotor_agitation,induces,pharmacological,B,0.18075,0.030125000000000002,SIDER 4.1; targets CHEMBL2093872:POSITIVE ALLOSTERIC MODULATOR,False,,,,,,,,,"[[""GENE:GABRA1"", 0.5, 0.07692307692307693], [""GENE:GABRA2"", 0.5, 0.07692307692307693], [""GENE:GABRA3"", 0.5, 0.07692307692307693], [""GENE:GABRA4"", 0.5, 0.07692307692307693], [""GENE:GABRA5"", 0.5, 0.07692307692307693], [""GENE:GABRA6"", 0.5, 0.07692307692307693], [""GENE:GABRB1"", 0.5, 0.07692307692307693], [""GENE:GABRB2"", 0.5, 0.07692307692307693], [""GENE:GABRB3"", 0.5, 0.07692307692307693], [""GENE:GABRD"", 0.5, 0.07692307692307693], [""GENE:GABRE"", 0.5, 0.07692307692307693], [""GENE:GABRG2"", 0.5, 0.07692307692307693], [""GENE:GABRQ"", 0.5, 0.07692307692307693]]",4,4,0,0.9995386773806634,grade
CID100002789,drug,clobazam,CHEMBL2093872,CHEMBL2093872,elevated_mood_or_mania,induces,pharmacological,B,0.6,,SIDER 4.1; targets CHEMBL2093872:POSITIVE ALLOSTERIC MODULATOR,False,,,,,,,,,"[[""GENE:GABRA1"", 0.5, 0.07692307692307693], [""GENE:GABRA2"", 0.5, 0.07692307692307693], [""GENE:GABRA3"", 0.5, 0.07692307692307693], [""GENE:GABRA4"", 0.5, 0.07692307692307693], [""GENE:GABRA5"", 0.5, 0.07692307692307693], [""GENE:GABRA6"", 0.5, 0.07692307692307693], [""GENE:GABRB1"", 0.5, 0.07692307692307693], [""GENE:GABRB2"", 0.5, 0.07692307692307693], [""GENE:GABRB3"", 0.5, 0.07692307692307693], [""GENE:GABRD"", 0.5, 0.07692307692307693], [""GENE:GABRE"", 0.5, 0.07692307692307693], [""GENE:GABRG2"", 0.5, 0.07692307692307693], [""GENE:GABRQ"", 0.5, 0.07692307692307693]]",1,1,0,0.9993638692815722,grade
CID100002789,drug,clobazam,CHEMBL2093872,CHEMBL2093872,insomnia,induces,pharmacological,B,0.237,0.0395,SIDER 4.1; targets CHEMBL2093872:POSITIVE ALLOSTERIC MODULATOR,False,,,,,,,,,"[[""GENE:GABRA1"", 0.5, 0.07692307692307693], [""GENE:GABRA2"", 0.5, 0.07692307692307693], [""GENE:GABRA3"", 0.5, 0.07692307692307693], [""GENE:GABRA4"", 0.5, 0.07692307692307693], [""GENE:GABRA5"", 0.5, 0.07692307692307693], [""GENE:GABRA6"", 0.5, 0.07692307692307693], [""GENE:GABRB1"", 0.5, 0.07692307692307693], [""GENE:GABRB2"", 0.5, 0.07692307692307693], [""GENE:GABRB3"", 0.5, 0.07692307692307693], [""GENE:GABRD"", 0.5, 0.07692307692307693], [""GENE:GABRE"", 0.5, 0.07692307692307693], [""GENE:GABRG2"", 0.5, 0.07692307692307693], [""GENE:GABRQ"", 0.5, 0.07692307692307693]]",4,4,0,0.9995386773806634,grade
CID100002802,drug,clonazepam,CHEMBL2093872,CHEMBL2093872,irritability_or_aggression,induces,pharmacological,B,0.15,0.015,SIDER 4.1; targets CHEMBL2093872:POSITIVE ALLOSTERIC MODULATOR,False,,,,,,,,,"[[""GENE:GABRA1"", 0.5, 0.07692307692307693], [""GENE:GABRA2"", 0.5, 0.07692307692307693], [""GENE:GABRA3"", 0.5, 0.07692307692307693], [""GENE:GABRA4"", 0.5, 0.07692307692307693], [""GENE:GABRA5"", 0.5, 0.07692307692307693], [""GENE:GABRA6"", 0.5, 0.07692307692307693], [""GENE:GABRB1"", 0.5, 0.07692307692307693], [""GENE:GABRB2"", 0.5, 0.07692307692307693], [""GENE:GABRB3"", 0.5, 0.07692307692307693], [""GENE:GABRD"", 0.5, 0.07692307692307693], [""GENE:GABRE"", 0.5, 0.07692307692307693], [""GENE:GABRG2"", 0.5, 0.07692307692307693], [""GENE:GABRQ"", 0.5, 0.07692307692307693]]",2,2,0,0.9994582753435345,grade
CID100002802,drug,clonazepam,CHEMBL2093872,CHEMBL2093872,anxiety,induces,pharmacological,B,0.6,0.02,SIDER 4.1; targets CHEMBL2093872:POSITIVE ALLOSTERIC MODULATOR,False,,,,,,,,,"[[""GENE:GABRA1"", 0.5, 0.07692307692307693], [""GENE:GABRA2"", 0.5, 0.07692307692307693], [""GENE:GABRA3"", 0.5, 0.07692307692307693], [""GENE:GABRA4"", 0.5, 0.07692307692307693], [""GENE:GABRA5"", 0.5, 0.07692307692307693], [""GENE:GABRA6"", 0.5, 0.07692307692307693], [""GENE:GABRB1"", 0.5, 0.07692307692307693], [""GENE:GABRB2"", 0.5, 0.07692307692307693], [""GENE:GABRB3"", 0.5, 0.07692307692307693], [""GENE:GABRD"", 0.5, 0.07692307692307693], [""GENE:GABRE"", 0.5, 0.07692307692307693], [""GENE:GABRG2"", 0.5, 0.07692307692307693], [""GENE:GABRQ"", 0.5, 0.07692307692307693]]",3,3,0,0.9995386773806634,grade
CID100002802,drug,clonazepam,CHEMBL2093872,CHEMBL2093872,cognitive_impairment,induces,pharmacological,B,0.6,0.04,SIDER 4.1; targets CHEMBL2093872:POSITIVE ALLOSTERIC MODULATOR,False,,,,,,,,,"[[""GENE:GABRA1"", 0.5, 0.07692307692307693], [""GENE:GABRA2"", 0.5, 0.07692307692307693], [""GENE:GABRA3"", 0.5, 0.07692307692307693], [""GENE:GABRA4"", 0.5, 0.07692307692307693], [""GENE:GABRA5"", 0.5, 0.07692307692307693], [""GENE:GABRA6"", 0.5, 0.07692307692307693], [""GENE:GABRB1"", 0.5, 0.07692307692307693], [""GENE:GABRB2"", 0.5, 0.07692307692307693], [""GENE:GABRB3"", 0.5, 0.07692307692307693], [""GENE:GABRD"", 0.5, 0.07692307692307693], [""GENE:GABRE"", 0.5, 0.07692307692307693], [""GENE:GABRG2"", 0.5, 0.07692307692307693], [""GENE:GABRQ"", 0.5, 0.07692307692307693]]",4,4,0,0.9995386773806634,grade
CID100002802,drug,clonazepam,CHEMBL2093872,CHEMBL2093872,psychosis,induces,pharmacological,B,0.6,,SIDER 4.1; targets CHEMBL2093872:POSITIVE ALLOSTERIC MODULATOR,False,,,,,,,,,"[[""GENE:GABRA1"", 0.5, 0.07692307692307693], [""GENE:GABRA2"", 0.5, 0.07692307692307693], [""GENE:GABRA3"", 0.5, 0.07692307692307693], [""GENE:GABRA4"", 0.5, 0.07692307692307693], [""GENE:GABRA5"", 0.5, 0.07692307692307693], [""GENE:GABRA6"", 0.5, 0.07692307692307693], [""GENE:GABRB1"", 0.5, 0.07692307692307693], [""GENE:GABRB2"", 0.5, 0.07692307692307693], [""GENE:GABRB3"", 0.5, 0.07692307692307693], [""GENE:GABRD"", 0.5, 0.07692307692307693], [""GENE:GABRE"", 0.5, 0.07692307692307693], [""GENE:GABRG2"", 0.5, 0.07692307692307693], [""GENE:GABRQ"", 0.5, 0.07692307692307693]]",3,3,0,0.9993638692815722,grade
CID100002802,drug,clonazepam,CHEMBL2093872,CHEMBL2093872,depressed_mood,induces,pharmacological,B,0.33,0.05500000000000001,SIDER 4.1; targets CHEMBL2093872:POSITIVE ALLOSTERIC MODULATOR,False,,,,,,,,,"[[""GENE:GABRA1"", 0.5, 0.07692307692307693], [""GENE:GABRA2"", 0.5, 0.07692307692307693], [""GENE:GABRA3"", 0.5, 0.07692307692307693], [""GENE:GABRA4"", 0.5, 0.07692307692307693], [""GENE:GABRA5"", 0.5, 0.07692307692307693], [""GENE:GABRA6"", 0.5, 0.07692307692307693], [""GENE:GABRB1"", 0.5, 0.07692307692307693], [""GENE:GABRB2"", 0.5, 0.07692307692307693], [""GENE:GABRB3"", 0.5, 0.07692307692307693], [""GENE:GABRD"", 0.5, 0.07692307692307693], [""GENE:GABRE"", 0.5, 0.07692307692307693], [""GENE:GABRG2"", 0.5, 0.07692307692307693], [""GENE:GABRQ"", 0.5, 0.07692307692307693]]",2,2,0,0.9995386773806634,grade
CID100002802,drug,clonazepam,CHEMBL2093872,CHEMBL2093872,somnolence_or_hypersomnia,induces,pharmacological,B,0.6,0.3133333333333333,SIDER 4.1; targets CHEMBL2093872:POSITIVE ALLOSTERIC MODULATOR,False,,,,,,,,,"[[""GENE:GABRA1"", 0.5, 0.07692307692307693], [""GENE:GABRA2"", 0.5, 0.07692307692307693], [""GENE:GABRA3"", 0.5, 0.07692307692307693], [""GENE:GABRA4"", 0.5, 0.07692307692307693], [""GENE:GABRA5"", 0.5, 0.07692307692307693], [""GENE:GABRA6"", 0.5, 0.07692307692307693], [""GENE:GABRB1"", 0.5, 0.07692307692307693], [""GENE:GABRB2"", 0.5, 0.07692307692307693], [""GENE:GABRB3"", 0.5, 0.07692307692307693], [""GENE:GABRD"", 0.5, 0.07692307692307693], [""GENE:GABRE"", 0.5, 0.07692307692307693], [""GENE:GABRG2"", 0.5, 0.07692307692307693], [""GENE:GABRQ"", 0.5, 0.07692307692307693]]",3,3,0,0.9995386773806634,grade
CID100002802,drug,clonazepam,CHEMBL2093872,CHEMBL2093872,fatigue,induces,pharmacological,B,0.45000000000000007,0.07500000000000001,SIDER 4.1; targets CHEMBL2093872:POSITIVE ALLOSTERIC MODULATOR,False,,,,,,,,,"[[""GENE:GABRA1"", 0.5, 0.07692307692307693], [""GENE:GABRA2"", 0.5, 0.07692307692307693], [""GENE:GABRA3"", 0.5, 0.07692307692307693], [""GENE:GABRA4"", 0.5, 0.07692307692307693], [""GENE:GABRA5"", 0.5, 0.07692307692307693], [""GENE:GABRA6"", 0.5, 0.07692307692307693], [""GENE:GABRB1"", 0.5, 0.07692307692307693], [""GENE:GABRB2"", 0.5, 0.07692307692307693], [""GENE:GABRB3"", 0.5, 0.07692307692307693], [""GENE:GABRD"", 0.5, 0.07692307692307693], [""GENE:GABRE"", 0.5, 0.07692307692307693], [""GENE:GABRG2"", 0.5, 0.07692307692307693], [""GENE:GABRQ"", 0.5, 0.07692307692307693]]",4,4,0,0.9995386773806634,grade
CID100002802,drug,clonazepam,CHEMBL2093872,CHEMBL2093872,psychomotor_agitation,induces,pharmacological,B,0.15,0.011,SIDER 4.1; targets CHEMBL2093872:POSITIVE ALLOSTERIC MODULATOR,False,,,,,,,,,"[[""GENE:GABRA1"", 0.5, 0.07692307692307693], [""GENE:GABRA2"", 0.5, 0.07692307692307693], [""GENE:GABRA3"", 0.5, 0.07692307692307693], [""GENE:GABRA4"", 0.5, 0.07692307692307693], [""GENE:GABRA5"", 0.5, 0.07692307692307693], [""GENE:GABRA6"", 0.5, 0.07692307692307693], [""GENE:GABRB1"", 0.5, 0.07692307692307693], [""GENE:GABRB2"", 0.5, 0.07692307692307693], [""GENE:GABRB3"", 0.5, 0.07692307692307693], [""GENE:GABRD"", 0.5, 0.07692307692307693], [""GENE:GABRE"", 0.5, 0.07692307692307693], [""GENE:GABRG2"", 0.5, 0.07692307692307693], [""GENE:GABRQ"", 0.5, 0.07692307692307693]]",2,2,0,0.9994582753435345,grade
CID100002802,drug,clonazepam,CHEMBL2093872,CHEMBL2093872,elevated_mood_or_mania,induces,pharmacological,B,0.6,,SIDER 4.1; targets CHEMBL2093872:POSITIVE ALLOSTERIC MODULATOR,False,,,,,,,,,"[[""GENE:GABRA1"", 0.5, 0.07692307692307693], [""GENE:GABRA2"", 0.5, 0.07692307692307693], [""GENE:GABRA3"", 0.5, 0.07692307692307693], [""GENE:GABRA4"", 0.5, 0.07692307692307693], [""GENE:GABRA5"", 0.5, 0.07692307692307693], [""GENE:GABRA6"", 0.5, 0.07692307692307693], [""GENE:GABRB1"", 0.5, 0.07692307692307693], [""GENE:GABRB2"", 0.5, 0.07692307692307693], [""GENE:GABRB3"", 0.5, 0.07692307692307693], [""GENE:GABRD"", 0.5, 0.07692307692307693], [""GENE:GABRE"", 0.5, 0.07692307692307693], [""GENE:GABRG2"", 0.5, 0.07692307692307693], [""GENE:GABRQ"", 0.5, 0.07692307692307693]]",1,1,0,0.9993638692815722,grade
CID100002802,drug,clonazepam,CHEMBL2093872,CHEMBL2093872,insomnia,induces,pharmacological,B,0.6,,SIDER 4.1; targets CHEMBL2093872:POSITIVE ALLOSTERIC MODULATOR,False,,,,,,,,,"[[""GENE:GABRA1"", 0.5, 0.07692307692307693], [""GENE:GABRA2"", 0.5, 0.07692307692307693], [""GENE:GABRA3"", 0.5, 0.07692307692307693], [""GENE:GABRA4"", 0.5, 0.07692307692307693], [""GENE:GABRA5"", 0.5, 0.07692307692307693], [""GENE:GABRA6"", 0.5, 0.07692307692307693], [""GENE:GABRB1"", 0.5, 0.07692307692307693], [""GENE:GABRB2"", 0.5, 0.07692307692307693], [""GENE:GABRB3"", 0.5, 0.07692307692307693], [""GENE:GABRD"", 0.5, 0.07692307692307693], [""GENE:GABRE"", 0.5, 0.07692307692307693], [""GENE:GABRG2"", 0.5, 0.07692307692307693], [""GENE:GABRQ"", 0.5, 0.07692307692307693]]",1,1,0,0.9993638692815722,grade
CID100002803,drug,clonidine,CHEMBL2095158,CHEMBL2095158,irritability_or_aggression,induces,pharmacological,B,0.3,0.05,SIDER 4.1; targets CHEMBL2095158:AGONIST,False,,,,,,,,,"[[""GENE:ADRA2A"", 1.0, 0.3333333333333333], [""GENE:ADRA2B"", 1.0, 0.3333333333333333], [""GENE:ADRA2C"", 1.0, 0.3333333333333333]]",6,6,0,0.9995386773806634,grade
CID100002803,drug,clonidine,CHEMBL2095158,CHEMBL2095158,anxiety,induces,pharmacological,B,0.6,0.01,SIDER 4.1; targets CHEMBL2095158:AGONIST,False,,,,,,,,,"[[""GENE:ADRA2A"", 1.0, 0.3333333333333333], [""GENE:ADRA2B"", 1.0, 0.3333333333333333], [""GENE:ADRA2C"", 1.0, 0.3333333333333333]]",3,3,0,0.9994582753435345,grade
CID100002803,drug,clonidine,CHEMBL2095158,CHEMBL2095158,fatigue,induces,pharmacological,B,0.6,0.11,SIDER 4.1; targets CHEMBL2095158:AGONIST,False,,,,,,,,,"[[""GENE:ADRA2A"", 1.0, 0.3333333333333333], [""GENE:ADRA2B"", 1.0, 0.3333333333333333], [""GENE:ADRA2C"", 1.0, 0.3333333333333333]]",6,6,0,0.9995386773806634,grade
CID100002803,drug,clonidine,CHEMBL2095158,CHEMBL2095158,cognitive_impairment,induces,pharmacological,B,0.6,0.2557895,SIDER 4.1; targets CHEMBL2095158:AGONIST,False,,,,,,,,,"[[""GENE:ADRA2A"", 1.0, 0.3333333333333333], [""GENE:ADRA2B"", 1.0, 0.3333333333333333], [""GENE:ADRA2C"", 1.0, 0.3333333333333333]]",2,2,0,0.9995386773806634,grade
CID100002803,drug,clonidine,CHEMBL2095158,CHEMBL2095158,depressed_mood,induces,pharmacological,B,0.6,,SIDER 4.1; targets CHEMBL2095158:AGONIST,False,,,,,,,,,"[[""GENE:ADRA2A"", 1.0, 0.3333333333333333], [""GENE:ADRA2B"", 1.0, 0.3333333333333333], [""GENE:ADRA2C"", 1.0, 0.3333333333333333]]",1,1,0,0.9993638692815722,grade
CID100002803,drug,clonidine,CHEMBL2095158,CHEMBL2095158,somnolence_or_hypersomnia,induces,pharmacological,B,0.6,0.17394737500000002,SIDER 4.1; targets CHEMBL2095158:AGONIST,False,,,,,,,,,"[[""GENE:ADRA2A"", 1.0, 0.3333333333333333], [""GENE:ADRA2B"", 1.0, 0.3333333333333333], [""GENE:ADRA2C"", 1.0, 0.3333333333333333]]",8,8,0,0.9995386773806634,grade
CID100002803,drug,clonidine,CHEMBL2095158,CHEMBL2095158,psychosis,induces,pharmacological,B,0.1593948,0.0265658,SIDER 4.1; targets CHEMBL2095158:AGONIST,False,,,,,,,,,"[[""GENE:ADRA2A"", 1.0, 0.3333333333333333], [""GENE:ADRA2B"", 1.0, 0.3333333333333333], [""GENE:ADRA2C"", 1.0, 0.3333333333333333]]",2,2,0,0.9995386773806634,grade
CID100002803,drug,clonidine,CHEMBL2095158,CHEMBL2095158,psychomotor_agitation,induces,pharmacological,B,0.6,,SIDER 4.1; targets CHEMBL2095158:AGONIST,False,,,,,,,,,"[[""GENE:ADRA2A"", 1.0, 0.3333333333333333], [""GENE:ADRA2B"", 1.0, 0.3333333333333333], [""GENE:ADRA2C"", 1.0, 0.3333333333333333]]",1,1,0,0.9993638692815722,grade
CID100002803,drug,clonidine,CHEMBL2095158,CHEMBL2095158,psychomotor_retardation,induces,pharmacological,B,0.6,,SIDER 4.1; targets CHEMBL2095158:AGONIST,False,,,,,,,,,"[[""GENE:ADRA2A"", 1.0, 0.3333333333333333], [""GENE:ADRA2B"", 1.0, 0.3333333333333333], [""GENE:ADRA2C"", 1.0, 0.3333333333333333]]",1,1,0,0.9993638692815722,grade
CID100002803,drug,clonidine,CHEMBL2095158,CHEMBL2095158,insomnia,induces,pharmacological,B,0.24,0.04,SIDER 4.1; targets CHEMBL2095158:AGONIST,False,,,,,,,,,"[[""GENE:ADRA2A"", 1.0, 0.3333333333333333], [""GENE:ADRA2B"", 1.0, 0.3333333333333333], [""GENE:ADRA2C"", 1.0, 0.3333333333333333]]",3,3,0,0.9995386773806634,grade
CID100003016,drug,diazepam,CHEMBL2093872,CHEMBL2093872,irritability_or_aggression,induces,pharmacological,B,0.6,,SIDER 4.1; targets CHEMBL2093872:POSITIVE ALLOSTERIC MODULATOR,False,,,,,,,,,"[[""GENE:GABRA1"", 0.5, 0.07692307692307693], [""GENE:GABRA2"", 0.5, 0.07692307692307693], [""GENE:GABRA3"", 0.5, 0.07692307692307693], [""GENE:GABRA4"", 0.5, 0.07692307692307693], [""GENE:GABRA5"", 0.5, 0.07692307692307693], [""GENE:GABRA6"", 0.5, 0.07692307692307693], [""GENE:GABRB1"", 0.5, 0.07692307692307693], [""GENE:GABRB2"", 0.5, 0.07692307692307693], [""GENE:GABRB3"", 0.5, 0.07692307692307693], [""GENE:GABRD"", 0.5, 0.07692307692307693], [""GENE:GABRE"", 0.5, 0.07692307692307693], [""GENE:GABRG2"", 0.5, 0.07692307692307693], [""GENE:GABRQ"", 0.5, 0.07692307692307693]]",1,1,0,0.9993638692815722,grade
CID100003016,drug,diazepam,CHEMBL2093872,CHEMBL2093872,fatigue,induces,pharmacological,B,0.6,0.04,SIDER 4.1; targets CHEMBL2093872:POSITIVE ALLOSTERIC MODULATOR,False,,,,,,,,,"[[""GENE:GABRA1"", 0.5, 0.07692307692307693], [""GENE:GABRA2"", 0.5, 0.07692307692307693], [""GENE:GABRA3"", 0.5, 0.07692307692307693], [""GENE:GABRA4"", 0.5, 0.07692307692307693], [""GENE:GABRA5"", 0.5, 0.07692307692307693], [""GENE:GABRA6"", 0.5, 0.07692307692307693], [""GENE:GABRB1"", 0.5, 0.07692307692307693], [""GENE:GABRB2"", 0.5, 0.07692307692307693], [""GENE:GABRB3"", 0.5, 0.07692307692307693], [""GENE:GABRD"", 0.5, 0.07692307692307693], [""GENE:GABRE"", 0.5, 0.07692307692307693], [""GENE:GABRG2"", 0.5, 0.07692307692307693], [""GENE:GABRQ"", 0.5, 0.07692307692307693]]",2,2,0,0.9994582753435345,grade
CID100003016,drug,diazepam,CHEMBL2093872,CHEMBL2093872,cognitive_impairment,induces,pharmacological,B,0.6,,SIDER 4.1; targets CHEMBL2093872:POSITIVE ALLOSTERIC MODULATOR,False,,,,,,,,,"[[""GENE:GABRA1"", 0.5, 0.07692307692307693], [""GENE:GABRA2"", 0.5, 0.07692307692307693], [""GENE:GABRA3"", 0.5, 0.07692307692307693], [""GENE:GABRA4"", 0.5, 0.07692307692307693], [""GENE:GABRA5"", 0.5, 0.07692307692307693], [""GENE:GABRA6"", 0.5, 0.07692307692307693], [""GENE:GABRB1"", 0.5, 0.07692307692307693], [""GENE:GABRB2"", 0.5, 0.07692307692307693], [""GENE:GABRB3"", 0.5, 0.07692307692307693], [""GENE:GABRD"", 0.5, 0.07692307692307693], [""GENE:GABRE"", 0.5, 0.07692307692307693], [""GENE:GABRG2"", 0.5, 0.07692307692307693], [""GENE:GABRQ"", 0.5, 0.07692307692307693]]",3,3,0,0.9993638692815722,grade
CID100003016,drug,diazepam,CHEMBL2093872,CHEMBL2093872,psychosis,induces,pharmacological,B,0.6,,SIDER 4.1; targets CHEMBL2093872:POSITIVE ALLOSTERIC MODULATOR,False,,,,,,,,,"[[""GENE:GABRA1"", 0.5, 0.07692307692307693], [""GENE:GABRA2"", 0.5, 0.07692307692307693], [""GENE:GABRA3"", 0.5, 0.07692307692307693], [""GENE:GABRA4"", 0.5, 0.07692307692307693], [""GENE:GABRA5"", 0.5, 0.07692307692307693], [""GENE:GABRA6"", 0.5, 0.07692307692307693], [""GENE:GABRB1"", 0.5, 0.07692307692307693], [""GENE:GABRB2"", 0.5, 0.07692307692307693], [""GENE:GABRB3"", 0.5, 0.07692307692307693], [""GENE:GABRD"", 0.5, 0.07692307692307693], [""GENE:GABRE"", 0.5, 0.07692307692307693], [""GENE:GABRG2"", 0.5, 0.07692307692307693], [""GENE:GABRQ"", 0.5, 0.07692307692307693]]",3,3,0,0.9993638692815722,grade
CID100003016,drug,diazepam,CHEMBL2093872,CHEMBL2093872,depressed_mood,induces,pharmacological,B,0.6,,SIDER 4.1; targets CHEMBL2093872:POSITIVE ALLOSTERIC MODULATOR,False,,,,,,,,,"[[""GENE:GABRA1"", 0.5, 0.07692307692307693], [""GENE:GABRA2"", 0.5, 0.07692307692307693], [""GENE:GABRA3"", 0.5, 0.07692307692307693], [""GENE:GABRA4"", 0.5, 0.07692307692307693], [""GENE:GABRA5"", 0.5, 0.07692307692307693], [""GENE:GABRA6"", 0.5, 0.07692307692307693], [""GENE:GABRB1"", 0.5, 0.07692307692307693], [""GENE:GABRB2"", 0.5, 0.07692307692307693], [""GENE:GABRB3"", 0.5, 0.07692307692307693], [""GENE:GABRD"", 0.5, 0.07692307692307693], [""GENE:GABRE"", 0.5, 0.07692307692307693], [""GENE:GABRG2"", 0.5, 0.07692307692307693], [""GENE:GABRQ"", 0.5, 0.07692307692307693]]",1,1,0,0.9993638692815722,grade
CID100003016,drug,diazepam,CHEMBL2093872,CHEMBL2093872,somnolence_or_hypersomnia,induces,pharmacological,B,0.6,0.23,SIDER 4.1; targets CHEMBL2093872:POSITIVE ALLOSTERIC MODULATOR,False,,,,,,,,,"[[""GENE:GABRA1"", 0.5, 0.07692307692307693], [""GENE:GABRA2"", 0.5, 0.07692307692307693], [""GENE:GABRA3"", 0.5, 0.07692307692307693], [""GENE:GABRA4"", 0.5, 0.07692307692307693], [""GENE:GABRA5"", 0.5, 0.07692307692307693], [""GENE:GABRA6"", 0.5, 0.07692307692307693], [""GENE:GABRB1"", 0.5, 0.07692307692307693], [""GENE:GABRB2"", 0.5, 0.07692307692307693], [""GENE:GABRB3"", 0.5, 0.07692307692307693], [""GENE:GABRD"", 0.5, 0.07692307692307693], [""GENE:GABRE"", 0.5, 0.07692307692307693], [""GENE:GABRG2"", 0.5, 0.07692307692307693], [""GENE:GABRQ"", 0.5, 0.07692307692307693]]",1,1,0,0.9994582753435345,grade
CID100003016,drug,diazepam,CHEMBL2093872,CHEMBL2093872,anxiety,induces,pharmacological,B,0.6,,SIDER 4.1; targets CHEMBL2093872:POSITIVE ALLOSTERIC MODULATOR,False,,,,,,,,,"[[""GENE:GABRA1"", 0.5, 0.07692307692307693], [""GENE:GABRA2"", 0.5, 0.07692307692307693], [""GENE:GABRA3"", 0.5, 0.07692307692307693], [""GENE:GABRA4"", 0.5, 0.07692307692307693], [""GENE:GABRA5"", 0.5, 0.07692307692307693], [""GENE:GABRA6"", 0.5, 0.07692307692307693], [""GENE:GABRB1"", 0.5, 0.07692307692307693], [""GENE:GABRB2"", 0.5, 0.07692307692307693], [""GENE:GABRB3"", 0.5, 0.07692307692307693], [""GENE:GABRD"", 0.5, 0.07692307692307693], [""GENE:GABRE"", 0.5, 0.07692307692307693], [""GENE:GABRG2"", 0.5, 0.07692307692307693], [""GENE:GABRQ"", 0.5, 0.07692307692307693]]",1,1,0,0.9993638692815722,grade
CID100003016,drug,diazepam,CHEMBL2093872,CHEMBL2093872,psychomotor_agitation,induces,pharmacological,B,0.6,,SIDER 4.1; targets CHEMBL2093872:POSITIVE ALLOSTERIC MODULATOR,False,,,,,,,,,"[[""GENE:GABRA1"", 0.5, 0.07692307692307693], [""GENE:GABRA2"", 0.5, 0.07692307692307693], [""GENE:GABRA3"", 0.5, 0.07692307692307693], [""GENE:GABRA4"", 0.5, 0.07692307692307693], [""GENE:GABRA5"", 0.5, 0.07692307692307693], [""GENE:GABRA6"", 0.5, 0.07692307692307693], [""GENE:GABRB1"", 0.5, 0.07692307692307693], [""GENE:GABRB2"", 0.5, 0.07692307692307693], [""GENE:GABRB3"", 0.5, 0.07692307692307693], [""GENE:GABRD"", 0.5, 0.07692307692307693], [""GENE:GABRE"", 0.5, 0.07692307692307693], [""GENE:GABRG2"", 0.5, 0.07692307692307693], [""GENE:GABRQ"", 0.5, 0.07692307692307693]]",1,1,0,0.9993638692815722,grade
CID100003016,drug,diazepam,CHEMBL2093872,CHEMBL2093872,elevated_mood_or_mania,induces,pharmacological,B,0.6,,SIDER 4.1; targets CHEMBL2093872:POSITIVE ALLOSTERIC MODULATOR,False,,,,,,,,,"[[""GENE:GABRA1"", 0.5, 0.07692307692307693], [""GENE:GABRA2"", 0.5, 0.07692307692307693], [""GENE:GABRA3"", 0.5, 0.07692307692307693], [""GENE:GABRA4"", 0.5, 0.07692307692307693], [""GENE:GABRA5"", 0.5, 0.07692307692307693], [""GENE:GABRA6"", 0.5, 0.07692307692307693], [""GENE:GABRB1"", 0.5, 0.07692307692307693], [""GENE:GABRB2"", 0.5, 0.07692307692307693], [""GENE:GABRB3"", 0.5, 0.07692307692307693], [""GENE:GABRD"", 0.5, 0.07692307692307693], [""GENE:GABRE"", 0.5, 0.07692307692307693], [""GENE:GABRG2"", 0.5, 0.07692307692307693], [""GENE:GABRQ"", 0.5, 0.07692307692307693]]",1,1,0,0.9993638692815722,grade
CID100003016,drug,diazepam,CHEMBL2093872,CHEMBL2093872,insomnia,induces,pharmacological,B,0.6,,SIDER 4.1; targets CHEMBL2093872:POSITIVE ALLOSTERIC MODULATOR,False,,,,,,,,,"[[""GENE:GABRA1"", 0.5, 0.07692307692307693], [""GENE:GABRA2"", 0.5, 0.07692307692307693], [""GENE:GABRA3"", 0.5, 0.07692307692307693], [""GENE:GABRA4"", 0.5, 0.07692307692307693], [""GENE:GABRA5"", 0.5, 0.07692307692307693], [""GENE:GABRA6"", 0.5, 0.07692307692307693], [""GENE:GABRB1"", 0.5, 0.07692307692307693], [""GENE:GABRB2"", 0.5, 0.07692307692307693], [""GENE:GABRB3"", 0.5, 0.07692307692307693], [""GENE:GABRD"", 0.5, 0.07692307692307693], [""GENE:GABRE"", 0.5, 0.07692307692307693], [""GENE:GABRG2"", 0.5, 0.07692307692307693], [""GENE:GABRQ"", 0.5, 0.07692307692307693]]",1,1,0,0.9993638692815722,grade
CID100003059,drug,diflunisal,CHEMBL2094253,CHEMBL2094253,fatigue,induces,pharmacological,B,0.6,,SIDER 4.1; targets CHEMBL2094253:INHIBITOR,True,,,,,,,,,"[[""GENE:PTGS1"", -1.0, 0.5], [""GENE:PTGS2"", -1.0, 0.5]]",2,2,0,0.9993638692815722,grade
CID100003059,drug,diflunisal,CHEMBL2094253,CHEMBL2094253,cognitive_impairment,induces,pharmacological,B,0.6,,SIDER 4.1; targets CHEMBL2094253:INHIBITOR,True,,,,,,,,,"[[""GENE:PTGS1"", -1.0, 0.5], [""GENE:PTGS2"", -1.0, 0.5]]",1,1,0,0.9993638692815722,grade
CID100003059,drug,diflunisal,CHEMBL2094253,CHEMBL2094253,psychosis,induces,pharmacological,B,0.6,,SIDER 4.1; targets CHEMBL2094253:INHIBITOR,True,,,,,,,,,"[[""GENE:PTGS1"", -1.0, 0.5], [""GENE:PTGS2"", -1.0, 0.5]]",1,1,0,0.9993638692815722,grade
CID100003059,drug,diflunisal,CHEMBL2094253,CHEMBL2094253,anxiety,induces,pharmacological,B,0.6,,SIDER 4.1; targets CHEMBL2094253:INHIBITOR,True,,,,,,,,,"[[""GENE:PTGS1"", -1.0, 0.5], [""GENE:PTGS2"", -1.0, 0.5]]",1,1,0,0.9993638692815722,grade
CID100003059,drug,diflunisal,CHEMBL2094253,CHEMBL2094253,insomnia,induces,pharmacological,B,0.6,,SIDER 4.1; targets CHEMBL2094253:INHIBITOR,True,,,,,,,,,"[[""GENE:PTGS1"", -1.0, 0.5], [""GENE:PTGS2"", -1.0, 0.5]]",1,1,0,0.9993638692815722,grade
CID100003059,drug,diflunisal,CHEMBL2094253,CHEMBL2094253,somnolence_or_hypersomnia,induces,pharmacological,B,0.6,,SIDER 4.1; targets CHEMBL2094253:INHIBITOR,True,,,,,,,,,"[[""GENE:PTGS1"", -1.0, 0.5], [""GENE:PTGS2"", -1.0, 0.5]]",1,1,0,0.9993638692815722,grade
CID100003117,drug,disulfiram,CHEMBL1935,CHEMBL1935,fatigue,induces,pharmacological,B,0.6,,SIDER 4.1; targets CHEMBL1935:INHIBITOR,True,,,,,,,,,"[[""GENE:ALDH2"", -1.0, 1.0]]",2,2,0,0.9993638692815722,grade
CID100003117,drug,disulfiram,CHEMBL1935,CHEMBL1935,somnolence_or_hypersomnia,induces,pharmacological,B,0.6,,SIDER 4.1; targets CHEMBL1935:INHIBITOR,True,,,,,,,,,"[[""GENE:ALDH2"", -1.0, 1.0]]",1,1,0,0.9993638692815722,grade
CID100003117,drug,disulfiram,CHEMBL1935,CHEMBL1935,psychosis,induces,pharmacological,B,0.6,,SIDER 4.1; targets CHEMBL1935:INHIBITOR,True,,,,,,,,,"[[""GENE:ALDH2"", -1.0, 1.0]]",1,1,0,0.9993638692815722,grade
CID100003121,drug,valproate,CHEMBL1911,CHEMBL1911,irritability_or_aggression,induces,pharmacological,B,0.15,0.0005,SIDER 4.1; targets CHEMBL1911:INHIBITOR,True,,,,,,,,,"[[""GENE:ALDH5A1"", -1.0, 1.0]]",1,1,0,0.9994582753435345,grade
CID100003121,drug,valproate,CHEMBL1911,CHEMBL1911,anxiety,induces,pharmacological,B,0.6,0.09,SIDER 4.1; targets CHEMBL1911:INHIBITOR,True,,,,,,,,,"[[""GENE:ALDH5A1"", -1.0, 1.0]]",3,3,0,0.9994582753435345,grade
CID100003121,drug,valproate,CHEMBL1911,CHEMBL1911,fatigue,induces,pharmacological,B,0.6,0.245,SIDER 4.1; targets CHEMBL1911:INHIBITOR,True,,,,,,,,,"[[""GENE:ALDH5A1"", -1.0, 1.0]]",17,17,0,0.9995386773806634,grade
CID100003121,drug,valproate,CHEMBL1911,CHEMBL1911,cognitive_impairment,induces,pharmacological,B,0.6,,SIDER 4.1; targets CHEMBL1911:INHIBITOR,True,,,,,,,,,"[[""GENE:ALDH5A1"", -1.0, 1.0]]",3,3,0,0.9993638692815722,grade
CID100003121,drug,valproate,CHEMBL1911,CHEMBL1911,depressed_mood,induces,pharmacological,B,0.26999999999999996,0.045,SIDER 4.1; targets CHEMBL1911:INHIBITOR,True,,,,,,,,,"[[""GENE:ALDH5A1"", -1.0, 1.0]]",2,2,0,0.9994582753435345,grade
CID100003121,drug,valproate,CHEMBL1911,CHEMBL1911,somnolence_or_hypersomnia,induces,pharmacological,B,0.6,0.14792307692307693,SIDER 4.1; targets CHEMBL1911:INHIBITOR,True,,,,,,,,,"[[""GENE:ALDH5A1"", -1.0, 1.0]]",13,13,0,0.9995386773806634,grade
CID100003121,drug,valproate,CHEMBL1911,CHEMBL1911,psychosis,induces,pharmacological,B,0.6,0.0005,SIDER 4.1; targets CHEMBL1911:INHIBITOR,True,,,,,,,,,"[[""GENE:ALDH5A1"", -1.0, 1.0]]",2,2,0,0.9994582753435345,grade
CID100003121,drug,valproate,CHEMBL1911,CHEMBL1911,psychomotor_agitation,induces,pharmacological,B,0.15,0.0005,SIDER 4.1; targets CHEMBL1911:INHIBITOR,True,,,,,,,,,"[[""GENE:ALDH5A1"", -1.0, 1.0]]",1,1,0,0.9994582753435345,grade
CID100003121,drug,valproate,CHEMBL1911,CHEMBL1911,elevated_mood_or_mania,induces,pharmacological,B,0.6,,SIDER 4.1; targets CHEMBL1911:INHIBITOR,True,,,,,,,,,"[[""GENE:ALDH5A1"", -1.0, 1.0]]",1,1,0,0.9993638692815722,grade
CID100003121,drug,valproate,CHEMBL1911,CHEMBL1911,insomnia,induces,pharmacological,B,0.6,0.12,SIDER 4.1; targets CHEMBL1911:INHIBITOR,True,,,,,,,,,"[[""GENE:ALDH5A1"", -1.0, 1.0]]",2,2,0,0.9994582753435345,grade
CID100003158,drug,doxepin,CHEMBL231,CHEMBL231,anxiety,induces,pharmacological,B,0.6,0.0055,SIDER 4.1; targets CHEMBL231:ANTAGONIST,False,,,,,,,,,"[[""GENE:HRH1"", -1.0, 1.0]]",2,2,0,0.9994582753435345,grade
CID100003158,drug,doxepin,CHEMBL231,CHEMBL231,fatigue,induces,pharmacological,B,0.15,0.016924366666666666,SIDER 4.1; targets CHEMBL231:ANTAGONIST,False,,,,,,,,,"[[""GENE:HRH1"", -1.0, 1.0]]",7,7,0,0.9994582753435345,grade
CID100003158,drug,doxepin,CHEMBL231,CHEMBL231,cognitive_impairment,induces,pharmacological,B,0.15,0.0005,SIDER 4.1; targets CHEMBL231:ANTAGONIST,False,,,,,,,,,"[[""GENE:HRH1"", -1.0, 1.0]]",2,2,0,0.9994582753435345,grade
CID100003158,drug,doxepin,CHEMBL231,CHEMBL231,psychosis,induces,pharmacological,B,0.6,,SIDER 4.1; targets CHEMBL231:ANTAGONIST,False,,,,,,,,,"[[""GENE:HRH1"", -1.0, 1.0]]",3,3,0,0.9993638692815722,grade
CID100003158,drug,doxepin,CHEMBL231,CHEMBL231,somnolence_or_hypersomnia,induces,pharmacological,B,0.57916515,0.096527525,SIDER 4.1; targets CHEMBL231:ANTAGONIST,False,,,,,,,,,"[[""GENE:HRH1"", -1.0, 1.0]]",4,4,0,0.9995386773806634,grade
CID100003158,drug,doxepin,CHEMBL231,CHEMBL231,psychomotor_agitation,induces,pharmacological,B,0.6,,SIDER 4.1; targets CHEMBL231:ANTAGONIST,False,,,,,,,,,"[[""GENE:HRH1"", -1.0, 1.0]]",1,1,0,0.9993638692815722,grade
CID100003158,drug,doxepin,CHEMBL231,CHEMBL231,elevated_mood_or_mania,induces,pharmacological,B,0.6,,SIDER 4.1; targets CHEMBL231:ANTAGONIST,False,,,,,,,,,"[[""GENE:HRH1"", -1.0, 1.0]]",1,1,0,0.9993638692815722,grade
CID100003158,drug,doxepin,CHEMBL231,CHEMBL231,insomnia,induces,pharmacological,B,0.15,0.0005,SIDER 4.1; targets CHEMBL231:ANTAGONIST,False,,,,,,,,,"[[""GENE:HRH1"", -1.0, 1.0]]",1,1,0,0.9994582753435345,grade
CID100003158,drug,doxepin,CHEMBL231,CHEMBL231,irritability_or_aggression,induces,pharmacological,B,0.6,,SIDER 4.1; targets CHEMBL231:ANTAGONIST,False,,,,,,,,,"[[""GENE:HRH1"", -1.0, 1.0]]",1,1,0,0.9993638692815722,grade
CID100003261,drug,estazolam,CHEMBL2093872,CHEMBL2093872,anxiety,induces,pharmacological,B,0.6,0.505,SIDER 4.1; targets CHEMBL2093872:POSITIVE ALLOSTERIC MODULATOR,False,,,,,,,,,"[[""GENE:GABRA1"", 0.5, 0.07692307692307693], [""GENE:GABRA2"", 0.5, 0.07692307692307693], [""GENE:GABRA3"", 0.5, 0.07692307692307693], [""GENE:GABRA4"", 0.5, 0.07692307692307693], [""GENE:GABRA5"", 0.5, 0.07692307692307693], [""GENE:GABRA6"", 0.5, 0.07692307692307693], [""GENE:GABRB1"", 0.5, 0.07692307692307693], [""GENE:GABRB2"", 0.5, 0.07692307692307693], [""GENE:GABRB3"", 0.5, 0.07692307692307693], [""GENE:GABRD"", 0.5, 0.07692307692307693], [""GENE:GABRE"", 0.5, 0.07692307692307693], [""GENE:GABRG2"", 0.5, 0.07692307692307693], [""GENE:GABRQ"", 0.5, 0.07692307692307693]]",2,2,0,0.9995386773806634,grade
CID100003261,drug,estazolam,CHEMBL2093872,CHEMBL2093872,fatigue,induces,pharmacological,B,0.6,0.11,SIDER 4.1; targets CHEMBL2093872:POSITIVE ALLOSTERIC MODULATOR,False,,,,,,,,,"[[""GENE:GABRA1"", 0.5, 0.07692307692307693], [""GENE:GABRA2"", 0.5, 0.07692307692307693], [""GENE:GABRA3"", 0.5, 0.07692307692307693], [""GENE:GABRA4"", 0.5, 0.07692307692307693], [""GENE:GABRA5"", 0.5, 0.07692307692307693], [""GENE:GABRA6"", 0.5, 0.07692307692307693], [""GENE:GABRB1"", 0.5, 0.07692307692307693], [""GENE:GABRB2"", 0.5, 0.07692307692307693], [""GENE:GABRB3"", 0.5, 0.07692307692307693], [""GENE:GABRD"", 0.5, 0.07692307692307693], [""GENE:GABRE"", 0.5, 0.07692307692307693], [""GENE:GABRG2"", 0.5, 0.07692307692307693], [""GENE:GABRQ"", 0.5, 0.07692307692307693]]",1,1,0,0.9995386773806634,grade
CID100003261,drug,estazolam,CHEMBL2093872,CHEMBL2093872,cognitive_impairment,induces,pharmacological,B,0.15,0.02,SIDER 4.1; targets CHEMBL2093872:POSITIVE ALLOSTERIC MODULATOR,False,,,,,,,,,"[[""GENE:GABRA1"", 0.5, 0.07692307692307693], [""GENE:GABRA2"", 0.5, 0.07692307692307693], [""GENE:GABRA3"", 0.5, 0.07692307692307693], [""GENE:GABRA4"", 0.5, 0.07692307692307693], [""GENE:GABRA5"", 0.5, 0.07692307692307693], [""GENE:GABRA6"", 0.5, 0.07692307692307693], [""GENE:GABRB1"", 0.5, 0.07692307692307693], [""GENE:GABRB2"", 0.5, 0.07692307692307693], [""GENE:GABRB3"", 0.5, 0.07692307692307693], [""GENE:GABRD"", 0.5, 0.07692307692307693], [""GENE:GABRE"", 0.5, 0.07692307692307693], [""GENE:GABRG2"", 0.5, 0.07692307692307693], [""GENE:GABRQ"", 0.5, 0.07692307692307693]]",1,1,0,0.9994582753435345,grade
CID100003261,drug,estazolam,CHEMBL2093872,CHEMBL2093872,depressed_mood,induces,pharmacological,B,0.15,0.02,SIDER 4.1; targets CHEMBL2093872:POSITIVE ALLOSTERIC MODULATOR,False,,,,,,,,,"[[""GENE:GABRA1"", 0.5, 0.07692307692307693], [""GENE:GABRA2"", 0.5, 0.07692307692307693], [""GENE:GABRA3"", 0.5, 0.07692307692307693], [""GENE:GABRA4"", 0.5, 0.07692307692307693], [""GENE:GABRA5"", 0.5, 0.07692307692307693], [""GENE:GABRA6"", 0.5, 0.07692307692307693], [""GENE:GABRB1"", 0.5, 0.07692307692307693], [""GENE:GABRB2"", 0.5, 0.07692307692307693], [""GENE:GABRB3"", 0.5, 0.07692307692307693], [""GENE:GABRD"", 0.5, 0.07692307692307693], [""GENE:GABRE"", 0.5, 0.07692307692307693], [""GENE:GABRG2"", 0.5, 0.07692307692307693], [""GENE:GABRQ"", 0.5, 0.07692307692307693]]",1,1,0,0.9995386773806634,grade
CID100003261,drug,estazolam,CHEMBL2093872,CHEMBL2093872,psychosis,induces,pharmacological,B,0.15,0.0005,SIDER 4.1; targets CHEMBL2093872:POSITIVE ALLOSTERIC MODULATOR,False,,,,,,,,,"[[""GENE:GABRA1"", 0.5, 0.07692307692307693], [""GENE:GABRA2"", 0.5, 0.07692307692307693], [""GENE:GABRA3"", 0.5, 0.07692307692307693], [""GENE:GABRA4"", 0.5, 0.07692307692307693], [""GENE:GABRA5"", 0.5, 0.07692307692307693], [""GENE:GABRA6"", 0.5, 0.07692307692307693], [""GENE:GABRB1"", 0.5, 0.07692307692307693], [""GENE:GABRB2"", 0.5, 0.07692307692307693], [""GENE:GABRB3"", 0.5, 0.07692307692307693], [""GENE:GABRD"", 0.5, 0.07692307692307693], [""GENE:GABRE"", 0.5, 0.07692307692307693], [""GENE:GABRG2"", 0.5, 0.07692307692307693], [""GENE:GABRQ"", 0.5, 0.07692307692307693]]",1,1,0,0.9994582753435345,grade
CID100003261,drug,estazolam,CHEMBL2093872,CHEMBL2093872,psychomotor_agitation,induces,pharmacological,B,0.15,0.0055,SIDER 4.1; targets CHEMBL2093872:POSITIVE ALLOSTERIC MODULATOR,False,,,,,,,,,"[[""GENE:GABRA1"", 0.5, 0.07692307692307693], [""GENE:GABRA2"", 0.5, 0.07692307692307693], [""GENE:GABRA3"", 0.5, 0.07692307692307693], [""GENE:GABRA4"", 0.5, 0.07692307692307693], [""GENE:GABRA5"", 0.5, 0.07692307692307693], [""GENE:GABRA6"", 0.5, 0.07692307692307693], [""GENE:GABRB1"", 0.5, 0.07692307692307693], [""GENE:GABRB2"", 0.5, 0.07692307692307693], [""GENE:GABRB3"", 0.5, 0.07692307692307693], [""GENE:GABRD"", 0.5, 0.07692307692307693], [""GENE:GABRE"", 0.5, 0.07692307692307693], [""GENE:GABRG2"", 0.5, 0.07692307692307693], [""GENE:GABRQ"", 0.5, 0.07692307692307693]]",1,1,0,0.9994582753435345,grade
CID100003261,drug,estazolam,CHEMBL2093872,CHEMBL2093872,elevated_mood_or_mania,induces,pharmacological,B,0.15,0.0055,SIDER 4.1; targets CHEMBL2093872:POSITIVE ALLOSTERIC MODULATOR,False,,,,,,,,,"[[""GENE:GABRA1"", 0.5, 0.07692307692307693], [""GENE:GABRA2"", 0.5, 0.07692307692307693], [""GENE:GABRA3"", 0.5, 0.07692307692307693], [""GENE:GABRA4"", 0.5, 0.07692307692307693], [""GENE:GABRA5"", 0.5, 0.07692307692307693], [""GENE:GABRA6"", 0.5, 0.07692307692307693], [""GENE:GABRB1"", 0.5, 0.07692307692307693], [""GENE:GABRB2"", 0.5, 0.07692307692307693], [""GENE:GABRB3"", 0.5, 0.07692307692307693], [""GENE:GABRD"", 0.5, 0.07692307692307693], [""GENE:GABRE"", 0.5, 0.07692307692307693], [""GENE:GABRG2"", 0.5, 0.07692307692307693], [""GENE:GABRQ"", 0.5, 0.07692307692307693]]",1,1,0,0.9994582753435345,grade
CID100003261,drug,estazolam,CHEMBL2093872,CHEMBL2093872,somnolence_or_hypersomnia,induces,pharmacological,B,0.6,0.42,SIDER 4.1; targets CHEMBL2093872:POSITIVE ALLOSTERIC MODULATOR,False,,,,,,,,,"[[""GENE:GABRA1"", 0.5, 0.07692307692307693], [""GENE:GABRA2"", 0.5, 0.07692307692307693], [""GENE:GABRA3"", 0.5, 0.07692307692307693], [""GENE:GABRA4"", 0.5, 0.07692307692307693], [""GENE:GABRA5"", 0.5, 0.07692307692307693], [""GENE:GABRA6"", 0.5, 0.07692307692307693], [""GENE:GABRB1"", 0.5, 0.07692307692307693], [""GENE:GABRB2"", 0.5, 0.07692307692307693], [""GENE:GABRB3"", 0.5, 0.07692307692307693], [""GENE:GABRD"", 0.5, 0.07692307692307693], [""GENE:GABRE"", 0.5, 0.07692307692307693], [""GENE:GABRG2"", 0.5, 0.07692307692307693], [""GENE:GABRQ"", 0.5, 0.07692307692307693]]",1,1,0,0.9995386773806634,grade
CID100003291,drug,ethosuximide,CHEMBL2362995,CHEMBL2362995,irritability_or_aggression,induces,pharmacological,B,0.6,,SIDER 4.1; targets CHEMBL2362995:BLOCKER,False,,,,,,,,,"[[""GENE:CACNA1G"", -1.0, 0.3333333333333333], [""GENE:CACNA1H"", -1.0, 0.3333333333333333], [""GENE:CACNA1I"", -1.0, 0.3333333333333333]]",2,2,0,0.9993638692815722,grade
CID100003291,drug,ethosuximide,CHEMBL2362995,CHEMBL2362995,somnolence_or_hypersomnia,induces,pharmacological,B,0.6,,SIDER 4.1; targets CHEMBL2362995:BLOCKER,False,,,,,,,,,"[[""GENE:CACNA1G"", -1.0, 0.3333333333333333], [""GENE:CACNA1H"", -1.0, 0.3333333333333333], [""GENE:CACNA1I"", -1.0, 0.3333333333333333]]",1,1,0,0.9993638692815722,grade
CID100003291,drug,ethosuximide,CHEMBL2362995,CHEMBL2362995,fatigue,induces,pharmacological,B,0.6,,SIDER 4.1; targets CHEMBL2362995:BLOCKER,False,,,,,,,,,"[[""GENE:CACNA1G"", -1.0, 0.3333333333333333], [""GENE:CACNA1H"", -1.0, 0.3333333333333333], [""GENE:CACNA1I"", -1.0, 0.3333333333333333]]",2,2,0,0.9993638692815722,grade
CID100003291,drug,ethosuximide,CHEMBL2362995,CHEMBL2362995,psychosis,induces,pharmacological,B,0.6,,SIDER 4.1; targets CHEMBL2362995:BLOCKER,False,,,,,,,,,"[[""GENE:CACNA1G"", -1.0, 0.3333333333333333], [""GENE:CACNA1H"", -1.0, 0.3333333333333333], [""GENE:CACNA1I"", -1.0, 0.3333333333333333]]",1,1,0,0.9993638692815722,grade
CID100003291,drug,ethosuximide,CHEMBL2362995,CHEMBL2362995,psychomotor_agitation,induces,pharmacological,B,0.6,,SIDER 4.1; targets CHEMBL2362995:BLOCKER,False,,,,,,,,,"[[""GENE:CACNA1G"", -1.0, 0.3333333333333333], [""GENE:CACNA1H"", -1.0, 0.3333333333333333], [""GENE:CACNA1I"", -1.0, 0.3333333333333333]]",1,1,0,0.9993638692815722,grade
CID100003291,drug,ethosuximide,CHEMBL2362995,CHEMBL2362995,elevated_mood_or_mania,induces,pharmacological,B,0.6,,SIDER 4.1; targets CHEMBL2362995:BLOCKER,False,,,,,,,,,"[[""GENE:CACNA1G"", -1.0, 0.3333333333333333], [""GENE:CACNA1H"", -1.0, 0.3333333333333333], [""GENE:CACNA1I"", -1.0, 0.3333333333333333]]",1,1,0,0.9993638692815722,grade
CID100003291,drug,ethosuximide,CHEMBL2362995,CHEMBL2362995,cognitive_impairment,induces,pharmacological,B,0.6,,SIDER 4.1; targets CHEMBL2362995:BLOCKER,False,,,,,,,,,"[[""GENE:CACNA1G"", -1.0, 0.3333333333333333], [""GENE:CACNA1H"", -1.0, 0.3333333333333333], [""GENE:CACNA1I"", -1.0, 0.3333333333333333]]",1,1,0,0.9993638692815722,grade
CID100003292,drug,ethotoin,CHEMBL2331043,CHEMBL2331043,fatigue,induces,pharmacological,B,0.6,,SIDER 4.1; targets CHEMBL2331043:BLOCKER,True,,,,,,,,,"[[""GENE:SCN10A"", -1.0, 0.1], [""GENE:SCN11A"", -1.0, 0.1], [""GENE:SCN1A"", -1.0, 0.1], [""GENE:SCN2A"", -1.0, 0.1], [""GENE:SCN3A"", -1.0, 0.1], [""GENE:SCN4A"", -1.0, 0.1], [""GENE:SCN5A"", -1.0, 0.1], [""GENE:SCN7A"", -1.0, 0.1], [""GENE:SCN8A"", -1.0, 0.1], [""GENE:SCN9A"", -1.0, 0.1]]",2,2,0,0.9993638692815722,grade
CID100003292,drug,ethotoin,CHEMBL2331043,CHEMBL2331043,insomnia,induces,pharmacological,B,0.6,,SIDER 4.1; targets CHEMBL2331043:BLOCKER,True,,,,,,,,,"[[""GENE:SCN10A"", -1.0, 0.1], [""GENE:SCN11A"", -1.0, 0.1], [""GENE:SCN1A"", -1.0, 0.1], [""GENE:SCN2A"", -1.0, 0.1], [""GENE:SCN3A"", -1.0, 0.1], [""GENE:SCN4A"", -1.0, 0.1], [""GENE:SCN5A"", -1.0, 0.1], [""GENE:SCN7A"", -1.0, 0.1], [""GENE:SCN8A"", -1.0, 0.1], [""GENE:SCN9A"", -1.0, 0.1]]",1,1,0,0.9993638692815722,grade
CID100003331,drug,felbamate,CHEMBL2094124,CHEMBL2094124,anxiety,induces,pharmacological,B,0.6,0.1155,SIDER 4.1; targets CHEMBL2094124:ANTAGONIST,False,,,,,,,,,"[[""GENE:GRIN1"", -1.0, 0.16666666666666666], [""GENE:GRIN2A"", -1.0, 0.16666666666666666], [""GENE:GRIN2B"", -1.0, 0.16666666666666666], [""GENE:GRIN2C"", -1.0, 0.16666666666666666], [""GENE:GRIN2D"", -1.0, 0.16666666666666666], [""GENE:GRIN3A"", -1.0, 0.16666666666666666]]",5,5,0,0.9995386773806634,grade
CID100003331,drug,felbamate,CHEMBL2094124,CHEMBL2094124,fatigue,induces,pharmacological,B,0.6,0.1758,SIDER 4.1; targets CHEMBL2094124:ANTAGONIST,False,,,,,,,,,"[[""GENE:GRIN1"", -1.0, 0.16666666666666666], [""GENE:GRIN2A"", -1.0, 0.16666666666666666], [""GENE:GRIN2B"", -1.0, 0.16666666666666666], [""GENE:GRIN2C"", -1.0, 0.16666666666666666], [""GENE:GRIN2D"", -1.0, 0.16666666666666666], [""GENE:GRIN3A"", -1.0, 0.16666666666666666]]",9,9,0,0.9995386773806634,grade
CID100003331,drug,felbamate,CHEMBL2094124,CHEMBL2094124,cognitive_impairment,induces,pharmacological,B,0.6,,SIDER 4.1; targets CHEMBL2094124:ANTAGONIST,False,,,,,,,,,"[[""GENE:GRIN1"", -1.0, 0.16666666666666666], [""GENE:GRIN2A"", -1.0, 0.16666666666666666], [""GENE:GRIN2B"", -1.0, 0.16666666666666666], [""GENE:GRIN2C"", -1.0, 0.16666666666666666], [""GENE:GRIN2D"", -1.0, 0.16666666666666666], [""GENE:GRIN3A"", -1.0, 0.16666666666666666]]",2,2,0,0.9993638692815722,grade
CID100003331,drug,felbamate,CHEMBL2094124,CHEMBL2094124,psychosis,induces,pharmacological,B,0.6,0.0055,SIDER 4.1; targets CHEMBL2094124:ANTAGONIST,False,,,,,,,,,"[[""GENE:GRIN1"", -1.0, 0.16666666666666666], [""GENE:GRIN2A"", -1.0, 0.16666666666666666], [""GENE:GRIN2B"", -1.0, 0.16666666666666666], [""GENE:GRIN2C"", -1.0, 0.16666666666666666], [""GENE:GRIN2D"", -1.0, 0.16666666666666666], [""GENE:GRIN3A"", -1.0, 0.16666666666666666]]",3,3,0,0.9994582753435345,grade
CID100003331,drug,felbamate,CHEMBL2094124,CHEMBL2094124,depressed_mood,induces,pharmacological,B,0.318,0.053,SIDER 4.1; targets CHEMBL2094124:ANTAGONIST,False,,,,,,,,,"[[""GENE:GRIN1"", -1.0, 0.16666666666666666], [""GENE:GRIN2A"", -1.0, 0.16666666666666666], [""GENE:GRIN2B"", -1.0, 0.16666666666666666], [""GENE:GRIN2C"", -1.0, 0.16666666666666666], [""GENE:GRIN2D"", -1.0, 0.16666666666666666], [""GENE:GRIN3A"", -1.0, 0.16666666666666666]]",1,1,0,0.9995386773806634,grade
CID100003331,drug,felbamate,CHEMBL2094124,CHEMBL2094124,psychomotor_agitation,induces,pharmacological,B,0.6,0.505,SIDER 4.1; targets CHEMBL2094124:ANTAGONIST,False,,,,,,,,,"[[""GENE:GRIN1"", -1.0, 0.16666666666666666], [""GENE:GRIN2A"", -1.0, 0.16666666666666666], [""GENE:GRIN2B"", -1.0, 0.16666666666666666], [""GENE:GRIN2C"", -1.0, 0.16666666666666666], [""GENE:GRIN2D"", -1.0, 0.16666666666666666], [""GENE:GRIN3A"", -1.0, 0.16666666666666666]]",1,1,0,0.9994582753435345,grade
CID100003331,drug,felbamate,CHEMBL2094124,CHEMBL2094124,elevated_mood_or_mania,induces,pharmacological,B,0.6,0.0055,SIDER 4.1; targets CHEMBL2094124:ANTAGONIST,False,,,,,,,,,"[[""GENE:GRIN1"", -1.0, 0.16666666666666666], [""GENE:GRIN2A"", -1.0, 0.16666666666666666], [""GENE:GRIN2B"", -1.0, 0.16666666666666666], [""GENE:GRIN2C"", -1.0, 0.16666666666666666], [""GENE:GRIN2D"", -1.0, 0.16666666666666666], [""GENE:GRIN3A"", -1.0, 0.16666666666666666]]",2,2,0,0.9994582753435345,grade
CID100003331,drug,felbamate,CHEMBL2094124,CHEMBL2094124,insomnia,induces,pharmacological,B,0.6,0.11549999999999999,SIDER 4.1; targets CHEMBL2094124:ANTAGONIST,False,,,,,,,,,"[[""GENE:GRIN1"", -1.0, 0.16666666666666666], [""GENE:GRIN2A"", -1.0, 0.16666666666666666], [""GENE:GRIN2B"", -1.0, 0.16666666666666666], [""GENE:GRIN2C"", -1.0, 0.16666666666666666], [""GENE:GRIN2D"", -1.0, 0.16666666666666666], [""GENE:GRIN3A"", -1.0, 0.16666666666666666]]",4,4,0,0.9995386773806634,grade
CID100003331,drug,felbamate,CHEMBL2094124,CHEMBL2094124,irritability_or_aggression,induces,pharmacological,B,0.6,0.505,SIDER 4.1; targets CHEMBL2094124:ANTAGONIST,False,,,,,,,,,"[[""GENE:GRIN1"", -1.0, 0.16666666666666666], [""GENE:GRIN2A"", -1.0, 0.16666666666666666], [""GENE:GRIN2B"", -1.0, 0.16666666666666666], [""GENE:GRIN2C"", -1.0, 0.16666666666666666], [""GENE:GRIN2D"", -1.0, 0.16666666666666666], [""GENE:GRIN3A"", -1.0, 0.16666666666666666]]",1,1,0,0.9994582753435345,grade
CID100003331,drug,felbamate,CHEMBL2094124,CHEMBL2094124,somnolence_or_hypersomnia,induces,pharmacological,B,0.6,0.3385,SIDER 4.1; targets CHEMBL2094124:ANTAGONIST,False,,,,,,,,,"[[""GENE:GRIN1"", -1.0, 0.16666666666666666], [""GENE:GRIN2A"", -1.0, 0.16666666666666666], [""GENE:GRIN2B"", -1.0, 0.16666666666666666], [""GENE:GRIN2C"", -1.0, 0.16666666666666666], [""GENE:GRIN2D"", -1.0, 0.16666666666666666], [""GENE:GRIN3A"", -1.0, 0.16666666666666666]]",2,2,0,0.9995386773806634,grade
CID100003345,drug,fentanyl,CHEMBL233,CHEMBL233,anxiety,induces,pharmacological,B,0.4938598153846154,0.08230996923076923,SIDER 4.1; targets CHEMBL233:AGONIST,False,,,,,,,,,"[[""GENE:OPRM1"", 1.0, 1.0]]",18,18,0,0.9994582753435345,grade
CID100003345,drug,fentanyl,CHEMBL233,CHEMBL233,fatigue,induces,pharmacological,B,0.6,0.11418769024390242,SIDER 4.1; targets CHEMBL233:AGONIST,False,,,,,,,,,"[[""GENE:OPRM1"", 1.0, 1.0]]",60,60,0,0.9995386773806634,grade
CID100003345,drug,fentanyl,CHEMBL233,CHEMBL233,cognitive_impairment,induces,pharmacological,B,0.6,0.07704802777777779,SIDER 4.1; targets CHEMBL233:AGONIST,False,,,,,,,,,"[[""GENE:OPRM1"", 1.0, 1.0]]",20,20,0,0.9994582753435345,grade
CID100003345,drug,fentanyl,CHEMBL233,CHEMBL233,depressed_mood,induces,pharmacological,B,0.2786748399999999,0.04644580666666666,SIDER 4.1; targets CHEMBL233:AGONIST,False,,,,,,,,,"[[""GENE:OPRM1"", 1.0, 1.0]]",15,15,0,0.9995386773806634,grade
CID100003345,drug,fentanyl,CHEMBL233,CHEMBL233,somnolence_or_hypersomnia,induces,pharmacological,B,0.5492529374999999,0.09154215624999999,SIDER 4.1; targets CHEMBL233:AGONIST,False,,,,,,,,,"[[""GENE:OPRM1"", 1.0, 1.0]]",32,32,0,0.9995386773806634,grade
CID100003345,drug,fentanyl,CHEMBL233,CHEMBL233,psychosis,induces,pharmacological,B,0.6,0.007091666666666666,SIDER 4.1; targets CHEMBL233:AGONIST,False,,,,,,,,,"[[""GENE:OPRM1"", 1.0, 1.0]]",7,7,0,0.9994582753435345,grade
CID100003345,drug,fentanyl,CHEMBL233,CHEMBL233,irritability_or_aggression,induces,pharmacological,B,0.6,,SIDER 4.1; targets CHEMBL233:AGONIST,False,,,,,,,,,"[[""GENE:OPRM1"", 1.0, 1.0]]",1,1,0,0.9993638692815722,grade
CID100003345,drug,fentanyl,CHEMBL233,CHEMBL233,psychomotor_agitation,induces,pharmacological,B,0.15,0.000275,SIDER 4.1; targets CHEMBL233:AGONIST,False,,,,,,,,,"[[""GENE:OPRM1"", 1.0, 1.0]]",2,2,0,0.9994582753435345,grade
CID100003345,drug,fentanyl,CHEMBL233,CHEMBL233,elevated_mood_or_mania,induces,pharmacological,B,0.15,0.000275,SIDER 4.1; targets CHEMBL233:AGONIST,False,,,,,,,,,"[[""GENE:OPRM1"", 1.0, 1.0]]",2,2,0,0.9994582753435345,grade
CID100003345,drug,fentanyl,CHEMBL233,CHEMBL233,insomnia,induces,pharmacological,B,0.4512950333333333,0.07521583888888889,SIDER 4.1; targets CHEMBL233:AGONIST,False,,,,,,,,,"[[""GENE:OPRM1"", 1.0, 1.0]]",18,18,0,0.9995386773806634,grade
CID100003380,drug,flunitrazepam,CHEMBL2093872,CHEMBL2093872,irritability_or_aggression,induces,pharmacological,B,0.15,0.0005,SIDER 4.1; targets CHEMBL2093872:POSITIVE ALLOSTERIC MODULATOR,False,,,,,,,,,"[[""GENE:GABRA1"", 0.5, 0.07692307692307693], [""GENE:GABRA2"", 0.5, 0.07692307692307693], [""GENE:GABRA3"", 0.5, 0.07692307692307693], [""GENE:GABRA4"", 0.5, 0.07692307692307693], [""GENE:GABRA5"", 0.5, 0.07692307692307693], [""GENE:GABRA6"", 0.5, 0.07692307692307693], [""GENE:GABRB1"", 0.5, 0.07692307692307693], [""GENE:GABRB2"", 0.5, 0.07692307692307693], [""GENE:GABRB3"", 0.5, 0.07692307692307693], [""GENE:GABRD"", 0.5, 0.07692307692307693], [""GENE:GABRE"", 0.5, 0.07692307692307693], [""GENE:GABRG2"", 0.5, 0.07692307692307693], [""GENE:GABRQ"", 0.5, 0.07692307692307693]]",2,2,0,0.9994582753435345,grade
CID100003380,drug,flunitrazepam,CHEMBL2093872,CHEMBL2093872,anxiety,induces,pharmacological,B,0.15,0.0005,SIDER 4.1; targets CHEMBL2093872:POSITIVE ALLOSTERIC MODULATOR,False,,,,,,,,,"[[""GENE:GABRA1"", 0.5, 0.07692307692307693], [""GENE:GABRA2"", 0.5, 0.07692307692307693], [""GENE:GABRA3"", 0.5, 0.07692307692307693], [""GENE:GABRA4"", 0.5, 0.07692307692307693], [""GENE:GABRA5"", 0.5, 0.07692307692307693], [""GENE:GABRA6"", 0.5, 0.07692307692307693], [""GENE:GABRB1"", 0.5, 0.07692307692307693], [""GENE:GABRB2"", 0.5, 0.07692307692307693], [""GENE:GABRB3"", 0.5, 0.07692307692307693], [""GENE:GABRD"", 0.5, 0.07692307692307693], [""GENE:GABRE"", 0.5, 0.07692307692307693], [""GENE:GABRG2"", 0.5, 0.07692307692307693], [""GENE:GABRQ"", 0.5, 0.07692307692307693]]",1,1,0,0.9994582753435345,grade
CID100003380,drug,flunitrazepam,CHEMBL2093872,CHEMBL2093872,fatigue,induces,pharmacological,B,0.6,0.505,SIDER 4.1; targets CHEMBL2093872:POSITIVE ALLOSTERIC MODULATOR,False,,,,,,,,,"[[""GENE:GABRA1"", 0.5, 0.07692307692307693], [""GENE:GABRA2"", 0.5, 0.07692307692307693], [""GENE:GABRA3"", 0.5, 0.07692307692307693], [""GENE:GABRA4"", 0.5, 0.07692307692307693], [""GENE:GABRA5"", 0.5, 0.07692307692307693], [""GENE:GABRA6"", 0.5, 0.07692307692307693], [""GENE:GABRB1"", 0.5, 0.07692307692307693], [""GENE:GABRB2"", 0.5, 0.07692307692307693], [""GENE:GABRB3"", 0.5, 0.07692307692307693], [""GENE:GABRD"", 0.5, 0.07692307692307693], [""GENE:GABRE"", 0.5, 0.07692307692307693], [""GENE:GABRG2"", 0.5, 0.07692307692307693], [""GENE:GABRQ"", 0.5, 0.07692307692307693]]",3,3,0,0.9994582753435345,grade
CID100003380,drug,flunitrazepam,CHEMBL2093872,CHEMBL2093872,cognitive_impairment,induces,pharmacological,B,0.6,0.505,SIDER 4.1; targets CHEMBL2093872:POSITIVE ALLOSTERIC MODULATOR,False,,,,,,,,,"[[""GENE:GABRA1"", 0.5, 0.07692307692307693], [""GENE:GABRA2"", 0.5, 0.07692307692307693], [""GENE:GABRA3"", 0.5, 0.07692307692307693], [""GENE:GABRA4"", 0.5, 0.07692307692307693], [""GENE:GABRA5"", 0.5, 0.07692307692307693], [""GENE:GABRA6"", 0.5, 0.07692307692307693], [""GENE:GABRB1"", 0.5, 0.07692307692307693], [""GENE:GABRB2"", 0.5, 0.07692307692307693], [""GENE:GABRB3"", 0.5, 0.07692307692307693], [""GENE:GABRD"", 0.5, 0.07692307692307693], [""GENE:GABRE"", 0.5, 0.07692307692307693], [""GENE:GABRG2"", 0.5, 0.07692307692307693], [""GENE:GABRQ"", 0.5, 0.07692307692307693]]",1,1,0,0.9994582753435345,grade
CID100003380,drug,flunitrazepam,CHEMBL2093872,CHEMBL2093872,psychosis,induces,pharmacological,B,0.15,0.0005,SIDER 4.1; targets CHEMBL2093872:POSITIVE ALLOSTERIC MODULATOR,False,,,,,,,,,"[[""GENE:GABRA1"", 0.5, 0.07692307692307693], [""GENE:GABRA2"", 0.5, 0.07692307692307693], [""GENE:GABRA3"", 0.5, 0.07692307692307693], [""GENE:GABRA4"", 0.5, 0.07692307692307693], [""GENE:GABRA5"", 0.5, 0.07692307692307693], [""GENE:GABRA6"", 0.5, 0.07692307692307693], [""GENE:GABRB1"", 0.5, 0.07692307692307693], [""GENE:GABRB2"", 0.5, 0.07692307692307693], [""GENE:GABRB3"", 0.5, 0.07692307692307693], [""GENE:GABRD"", 0.5, 0.07692307692307693], [""GENE:GABRE"", 0.5, 0.07692307692307693], [""GENE:GABRG2"", 0.5, 0.07692307692307693], [""GENE:GABRQ"", 0.5, 0.07692307692307693]]",3,3,0,0.9994582753435345,grade
CID100003380,drug,flunitrazepam,CHEMBL2093872,CHEMBL2093872,somnolence_or_hypersomnia,induces,pharmacological,B,0.6,0.505,SIDER 4.1; targets CHEMBL2093872:POSITIVE ALLOSTERIC MODULATOR,False,,,,,,,,,"[[""GENE:GABRA1"", 0.5, 0.07692307692307693], [""GENE:GABRA2"", 0.5, 0.07692307692307693], [""GENE:GABRA3"", 0.5, 0.07692307692307693], [""GENE:GABRA4"", 0.5, 0.07692307692307693], [""GENE:GABRA5"", 0.5, 0.07692307692307693], [""GENE:GABRA6"", 0.5, 0.07692307692307693], [""GENE:GABRB1"", 0.5, 0.07692307692307693], [""GENE:GABRB2"", 0.5, 0.07692307692307693], [""GENE:GABRB3"", 0.5, 0.07692307692307693], [""GENE:GABRD"", 0.5, 0.07692307692307693], [""GENE:GABRE"", 0.5, 0.07692307692307693], [""GENE:GABRG2"", 0.5, 0.07692307692307693], [""GENE:GABRQ"", 0.5, 0.07692307692307693]]",1,1,0,0.9994582753435345,grade
CID100003380,drug,flunitrazepam,CHEMBL2093872,CHEMBL2093872,psychomotor_agitation,induces,pharmacological,B,0.15,0.0005,SIDER 4.1; targets CHEMBL2093872:POSITIVE ALLOSTERIC MODULATOR,False,,,,,,,,,"[[""GENE:GABRA1"", 0.5, 0.07692307692307693], [""GENE:GABRA2"", 0.5, 0.07692307692307693], [""GENE:GABRA3"", 0.5, 0.07692307692307693], [""GENE:GABRA4"", 0.5, 0.07692307692307693], [""GENE:GABRA5"", 0.5, 0.07692307692307693], [""GENE:GABRA6"", 0.5, 0.07692307692307693], [""GENE:GABRB1"", 0.5, 0.07692307692307693], [""GENE:GABRB2"", 0.5, 0.07692307692307693], [""GENE:GABRB3"", 0.5, 0.07692307692307693], [""GENE:GABRD"", 0.5, 0.07692307692307693], [""GENE:GABRE"", 0.5, 0.07692307692307693], [""GENE:GABRG2"", 0.5, 0.07692307692307693], [""GENE:GABRQ"", 0.5, 0.07692307692307693]]",2,2,0,0.9994582753435345,grade
CID100003446,drug,gabapentin,CHEMBL2363032,CHEMBL2363032,anxiety,induces,pharmacological,B,0.6,0.1703333333333333,SIDER 4.1; targets CHEMBL2363032:MODULATOR,False,,,,,,,,,"[[""GENE:CACNA1A"", 0.0, 0.045454545454545456], [""GENE:CACNA1B"", 0.0, 0.045454545454545456], [""GENE:CACNA1C"", 0.0, 0.045454545454545456], [""GENE:CACNA1D"", 0.0, 0.045454545454545456], [""GENE:CACNA1E"", 0.0, 0.045454545454545456], [""GENE:CACNA1F"", 0.0, 0.045454545454545456], [""GENE:CACNA1G"", 0.0, 0.045454545454545456], [""GENE:CACNA1H"", 0.0, 0.045454545454545456], [""GENE:CACNA1I"", 0.0, 0.045454545454545456], [""GENE:CACNA1S"", 0.0, 0.045454545454545456], [""GENE:CACNA2D1"", 0.0, 0.045454545454545456], [""GENE:CACNA2D3"", 0.0, 0.045454545454545456], [""GENE:CACNB1"", 0.0, 0.045454545454545456], [""GENE:CACNB2"", 0.0, 0.045454545454545456], [""GENE:CACNB3"", 0.0, 0.045454545454545456], [""GENE:CACNB4"", 0.0, 0.045454545454545456], [""GENE:CACNG1"", 0.0, 0.045454545454545456], [""GENE:CACNG2"", 0.0, 0.045454545454545456], [""GENE:CACNG3"", 0.0, 0.045454545454545456], [""GENE:CACNG6"", 0.0, 0.045454545454545456], [""GENE:CACNG7"", 0.0, 0.045454545454545456], [""GENE:CACNG8"", 0.0, 0.045454545454545456]]",6,6,0,0.9995386773806634,grade
CID100003446,drug,gabapentin,CHEMBL2363032,CHEMBL2363032,fatigue,induces,pharmacological,B,0.5953333333333335,0.09922222222222225,SIDER 4.1; targets CHEMBL2363032:MODULATOR,False,,,,,,,,,"[[""GENE:CACNA1A"", 0.0, 0.045454545454545456], [""GENE:CACNA1B"", 0.0, 0.045454545454545456], [""GENE:CACNA1C"", 0.0, 0.045454545454545456], [""GENE:CACNA1D"", 0.0, 0.045454545454545456], [""GENE:CACNA1E"", 0.0, 0.045454545454545456], [""GENE:CACNA1F"", 0.0, 0.045454545454545456], [""GENE:CACNA1G"", 0.0, 0.045454545454545456], [""GENE:CACNA1H"", 0.0, 0.045454545454545456], [""GENE:CACNA1I"", 0.0, 0.045454545454545456], [""GENE:CACNA1S"", 0.0, 0.045454545454545456], [""GENE:CACNA2D1"", 0.0, 0.045454545454545456], [""GENE:CACNA2D3"", 0.0, 0.045454545454545456], [""GENE:CACNB1"", 0.0, 0.045454545454545456], [""GENE:CACNB2"", 0.0, 0.045454545454545456], [""GENE:CACNB3"", 0.0, 0.045454545454545456], [""GENE:CACNB4"", 0.0, 0.045454545454545456], [""GENE:CACNG1"", 0.0, 0.045454545454545456], [""GENE:CACNG2"", 0.0, 0.045454545454545456], [""GENE:CACNG3"", 0.0, 0.045454545454545456], [""GENE:CACNG6"", 0.0, 0.045454545454545456], [""GENE:CACNG7"", 0.0, 0.045454545454545456], [""GENE:CACNG8"", 0.0, 0.045454545454545456]]",29,29,0,0.9995386773806634,grade
CID100003446,drug,gabapentin,CHEMBL2363032,CHEMBL2363032,cognitive_impairment,induces,pharmacological,B,0.6,0.17416666666666666,SIDER 4.1; targets CHEMBL2363032:MODULATOR,False,,,,,,,,,"[[""GENE:CACNA1A"", 0.0, 0.045454545454545456], [""GENE:CACNA1B"", 0.0, 0.045454545454545456], [""GENE:CACNA1C"", 0.0, 0.045454545454545456], [""GENE:CACNA1D"", 0.0, 0.045454545454545456], [""GENE:CACNA1E"", 0.0, 0.045454545454545456], [""GENE:CACNA1F"", 0.0, 0.045454545454545456], [""GENE:CACNA1G"", 0.0, 0.045454545454545456], [""GENE:CACNA1H"", 0.0, 0.045454545454545456], [""GENE:CACNA1I"", 0.0, 0.045454545454545456], [""GENE:CACNA1S"", 0.0, 0.045454545454545456], [""GENE:CACNA2D1"", 0.0, 0.045454545454545456], [""GENE:CACNA2D3"", 0.0, 0.045454545454545456], [""GENE:CACNB1"", 0.0, 0.045454545454545456], [""GENE:CACNB2"", 0.0, 0.045454545454545456], [""GENE:CACNB3"", 0.0, 0.045454545454545456], [""GENE:CACNB4"", 0.0, 0.045454545454545456], [""GENE:CACNG1"", 0.0, 0.045454545454545456], [""GENE:CACNG2"", 0.0, 0.045454545454545456], [""GENE:CACNG3"", 0.0, 0.045454545454545456], [""GENE:CACNG6"", 0.0, 0.045454545454545456], [""GENE:CACNG7"", 0.0, 0.045454545454545456], [""GENE:CACNG8"", 0.0, 0.045454545454545456]]",4,4,0,0.9995386773806634,grade
CID100003446,drug,gabapentin,CHEMBL2363032,CHEMBL2363032,psychosis,induces,pharmacological,B,0.15,0.003833333333333333,SIDER 4.1; targets CHEMBL2363032:MODULATOR,False,,,,,,,,,"[[""GENE:CACNA1A"", 0.0, 0.045454545454545456], [""GENE:CACNA1B"", 0.0, 0.045454545454545456], [""GENE:CACNA1C"", 0.0, 0.045454545454545456], [""GENE:CACNA1D"", 0.0, 0.045454545454545456], [""GENE:CACNA1E"", 0.0, 0.045454545454545456], [""GENE:CACNA1F"", 0.0, 0.045454545454545456], [""GENE:CACNA1G"", 0.0, 0.045454545454545456], [""GENE:CACNA1H"", 0.0, 0.045454545454545456], [""GENE:CACNA1I"", 0.0, 0.045454545454545456], [""GENE:CACNA1S"", 0.0, 0.045454545454545456], [""GENE:CACNA2D1"", 0.0, 0.045454545454545456], [""GENE:CACNA2D3"", 0.0, 0.045454545454545456], [""GENE:CACNB1"", 0.0, 0.045454545454545456], [""GENE:CACNB2"", 0.0, 0.045454545454545456], [""GENE:CACNB3"", 0.0, 0.045454545454545456], [""GENE:CACNB4"", 0.0, 0.045454545454545456], [""GENE:CACNG1"", 0.0, 0.045454545454545456], [""GENE:CACNG2"", 0.0, 0.045454545454545456], [""GENE:CACNG3"", 0.0, 0.045454545454545456], [""GENE:CACNG6"", 0.0, 0.045454545454545456], [""GENE:CACNG7"", 0.0, 0.045454545454545456], [""GENE:CACNG8"", 0.0, 0.045454545454545456]]",6,6,0,0.9994582753435345,grade
CID100003446,drug,gabapentin,CHEMBL2363032,CHEMBL2363032,depressed_mood,induces,pharmacological,B,0.15,0.016800000000000002,SIDER 4.1; targets CHEMBL2363032:MODULATOR,False,,,,,,,,,"[[""GENE:CACNA1A"", 0.0, 0.045454545454545456], [""GENE:CACNA1B"", 0.0, 0.045454545454545456], [""GENE:CACNA1C"", 0.0, 0.045454545454545456], [""GENE:CACNA1D"", 0.0, 0.045454545454545456], [""GENE:CACNA1E"", 0.0, 0.045454545454545456], [""GENE:CACNA1F"", 0.0, 0.045454545454545456], [""GENE:CACNA1G"", 0.0, 0.045454545454545456], [""GENE:CACNA1H"", 0.0, 0.045454545454545456], [""GENE:CACNA1I"", 0.0, 0.045454545454545456], [""GENE:CACNA1S"", 0.0, 0.045454545454545456], [""GENE:CACNA2D1"", 0.0, 0.045454545454545456], [""GENE:CACNA2D3"", 0.0, 0.045454545454545456], [""GENE:CACNB1"", 0.0, 0.045454545454545456], [""GENE:CACNB2"", 0.0, 0.045454545454545456], [""GENE:CACNB3"", 0.0, 0.045454545454545456], [""GENE:CACNB4"", 0.0, 0.045454545454545456], [""GENE:CACNG1"", 0.0, 0.045454545454545456], [""GENE:CACNG2"", 0.0, 0.045454545454545456], [""GENE:CACNG3"", 0.0, 0.045454545454545456], [""GENE:CACNG6"", 0.0, 0.045454545454545456], [""GENE:CACNG7"", 0.0, 0.045454545454545456], [""GENE:CACNG8"", 0.0, 0.045454545454545456]]",5,5,0,0.9995386773806634,grade
CID100003446,drug,gabapentin,CHEMBL2363032,CHEMBL2363032,somnolence_or_hypersomnia,induces,pharmacological,B,0.6,0.11544444444444446,SIDER 4.1; targets CHEMBL2363032:MODULATOR,False,,,,,,,,,"[[""GENE:CACNA1A"", 0.0, 0.045454545454545456], [""GENE:CACNA1B"", 0.0, 0.045454545454545456], [""GENE:CACNA1C"", 0.0, 0.045454545454545456], [""GENE:CACNA1D"", 0.0, 0.045454545454545456], [""GENE:CACNA1E"", 0.0, 0.045454545454545456], [""GENE:CACNA1F"", 0.0, 0.045454545454545456], [""GENE:CACNA1G"", 0.0, 0.045454545454545456], [""GENE:CACNA1H"", 0.0, 0.045454545454545456], [""GENE:CACNA1I"", 0.0, 0.045454545454545456], [""GENE:CACNA1S"", 0.0, 0.045454545454545456], [""GENE:CACNA2D1"", 0.0, 0.045454545454545456], [""GENE:CACNA2D3"", 0.0, 0.045454545454545456], [""GENE:CACNB1"", 0.0, 0.045454545454545456], [""GENE:CACNB2"", 0.0, 0.045454545454545456], [""GENE:CACNB3"", 0.0, 0.045454545454545456], [""GENE:CACNB4"", 0.0, 0.045454545454545456], [""GENE:CACNG1"", 0.0, 0.045454545454545456], [""GENE:CACNG2"", 0.0, 0.045454545454545456], [""GENE:CACNG3"", 0.0, 0.045454545454545456], [""GENE:CACNG6"", 0.0, 0.045454545454545456], [""GENE:CACNG7"", 0.0, 0.045454545454545456], [""GENE:CACNG8"", 0.0, 0.045454545454545456]]",18,18,0,0.9995386773806634,grade
CID100003446,drug,gabapentin,CHEMBL2363032,CHEMBL2363032,irritability_or_aggression,induces,pharmacological,B,0.24,0.04,SIDER 4.1; targets CHEMBL2363032:MODULATOR,False,,,,,,,,,"[[""GENE:CACNA1A"", 0.0, 0.045454545454545456], [""GENE:CACNA1B"", 0.0, 0.045454545454545456], [""GENE:CACNA1C"", 0.0, 0.045454545454545456], [""GENE:CACNA1D"", 0.0, 0.045454545454545456], [""GENE:CACNA1E"", 0.0, 0.045454545454545456], [""GENE:CACNA1F"", 0.0, 0.045454545454545456], [""GENE:CACNA1G"", 0.0, 0.045454545454545456], [""GENE:CACNA1H"", 0.0, 0.045454545454545456], [""GENE:CACNA1I"", 0.0, 0.045454545454545456], [""GENE:CACNA1S"", 0.0, 0.045454545454545456], [""GENE:CACNA2D1"", 0.0, 0.045454545454545456], [""GENE:CACNA2D3"", 0.0, 0.045454545454545456], [""GENE:CACNB1"", 0.0, 0.045454545454545456], [""GENE:CACNB2"", 0.0, 0.045454545454545456], [""GENE:CACNB3"", 0.0, 0.045454545454545456], [""GENE:CACNB4"", 0.0, 0.045454545454545456], [""GENE:CACNG1"", 0.0, 0.045454545454545456], [""GENE:CACNG2"", 0.0, 0.045454545454545456], [""GENE:CACNG3"", 0.0, 0.045454545454545456], [""GENE:CACNG6"", 0.0, 0.045454545454545456], [""GENE:CACNG7"", 0.0, 0.045454545454545456], [""GENE:CACNG8"", 0.0, 0.045454545454545456]]",1,1,0,0.9995386773806634,grade
CID100003446,drug,gabapentin,CHEMBL2363032,CHEMBL2363032,psychomotor_agitation,induces,pharmacological,B,0.4462499999999999,0.074375,SIDER 4.1; targets CHEMBL2363032:MODULATOR,False,,,,,,,,,"[[""GENE:CACNA1A"", 0.0, 0.045454545454545456], [""GENE:CACNA1B"", 0.0, 0.045454545454545456], [""GENE:CACNA1C"", 0.0, 0.045454545454545456], [""GENE:CACNA1D"", 0.0, 0.045454545454545456], [""GENE:CACNA1E"", 0.0, 0.045454545454545456], [""GENE:CACNA1F"", 0.0, 0.045454545454545456], [""GENE:CACNA1G"", 0.0, 0.045454545454545456], [""GENE:CACNA1H"", 0.0, 0.045454545454545456], [""GENE:CACNA1I"", 0.0, 0.045454545454545456], [""GENE:CACNA1S"", 0.0, 0.045454545454545456], [""GENE:CACNA2D1"", 0.0, 0.045454545454545456], [""GENE:CACNA2D3"", 0.0, 0.045454545454545456], [""GENE:CACNB1"", 0.0, 0.045454545454545456], [""GENE:CACNB2"", 0.0, 0.045454545454545456], [""GENE:CACNB3"", 0.0, 0.045454545454545456], [""GENE:CACNB4"", 0.0, 0.045454545454545456], [""GENE:CACNG1"", 0.0, 0.045454545454545456], [""GENE:CACNG2"", 0.0, 0.045454545454545456], [""GENE:CACNG3"", 0.0, 0.045454545454545456], [""GENE:CACNG6"", 0.0, 0.045454545454545456], [""GENE:CACNG7"", 0.0, 0.045454545454545456], [""GENE:CACNG8"", 0.0, 0.045454545454545456]]",8,8,0,0.9995386773806634,grade
CID100003446,drug,gabapentin,CHEMBL2363032,CHEMBL2363032,elevated_mood_or_mania,induces,pharmacological,B,0.15,0.0055,SIDER 4.1; targets CHEMBL2363032:MODULATOR,False,,,,,,,,,"[[""GENE:CACNA1A"", 0.0, 0.045454545454545456], [""GENE:CACNA1B"", 0.0, 0.045454545454545456], [""GENE:CACNA1C"", 0.0, 0.045454545454545456], [""GENE:CACNA1D"", 0.0, 0.045454545454545456], [""GENE:CACNA1E"", 0.0, 0.045454545454545456], [""GENE:CACNA1F"", 0.0, 0.045454545454545456], [""GENE:CACNA1G"", 0.0, 0.045454545454545456], [""GENE:CACNA1H"", 0.0, 0.045454545454545456], [""GENE:CACNA1I"", 0.0, 0.045454545454545456], [""GENE:CACNA1S"", 0.0, 0.045454545454545456], [""GENE:CACNA2D1"", 0.0, 0.045454545454545456], [""GENE:CACNA2D3"", 0.0, 0.045454545454545456], [""GENE:CACNB1"", 0.0, 0.045454545454545456], [""GENE:CACNB2"", 0.0, 0.045454545454545456], [""GENE:CACNB3"", 0.0, 0.045454545454545456], [""GENE:CACNB4"", 0.0, 0.045454545454545456], [""GENE:CACNG1"", 0.0, 0.045454545454545456], [""GENE:CACNG2"", 0.0, 0.045454545454545456], [""GENE:CACNG3"", 0.0, 0.045454545454545456], [""GENE:CACNG6"", 0.0, 0.045454545454545456], [""GENE:CACNG7"", 0.0, 0.045454545454545456], [""GENE:CACNG8"", 0.0, 0.045454545454545456]]",3,3,0,0.9994582753435345,grade
CID100003446,drug,gabapentin,CHEMBL2363032,CHEMBL2363032,insomnia,induces,pharmacological,B,0.16699999999999998,0.027833333333333335,SIDER 4.1; targets CHEMBL2363032:MODULATOR,False,,,,,,,,,"[[""GENE:CACNA1A"", 0.0, 0.045454545454545456], [""GENE:CACNA1B"", 0.0, 0.045454545454545456], [""GENE:CACNA1C"", 0.0, 0.045454545454545456], [""GENE:CACNA1D"", 0.0, 0.045454545454545456], [""GENE:CACNA1E"", 0.0, 0.045454545454545456], [""GENE:CACNA1F"", 0.0, 0.045454545454545456], [""GENE:CACNA1G"", 0.0, 0.045454545454545456], [""GENE:CACNA1H"", 0.0, 0.045454545454545456], [""GENE:CACNA1I"", 0.0, 0.045454545454545456], [""GENE:CACNA1S"", 0.0, 0.045454545454545456], [""GENE:CACNA2D1"", 0.0, 0.045454545454545456], [""GENE:CACNA2D3"", 0.0, 0.045454545454545456], [""GENE:CACNB1"", 0.0, 0.045454545454545456], [""GENE:CACNB2"", 0.0, 0.045454545454545456], [""GENE:CACNB3"", 0.0, 0.045454545454545456], [""GENE:CACNB4"", 0.0, 0.045454545454545456], [""GENE:CACNG1"", 0.0, 0.045454545454545456], [""GENE:CACNG2"", 0.0, 0.045454545454545456], [""GENE:CACNG3"", 0.0, 0.045454545454545456], [""GENE:CACNG6"", 0.0, 0.045454545454545456], [""GENE:CACNG7"", 0.0, 0.045454545454545456], [""GENE:CACNG8"", 0.0, 0.045454545454545456]]",6,6,0,0.9995386773806634,grade
CID100003676,drug,lidocaine,CHEMBL2331043,CHEMBL2331043,fatigue,induces,pharmacological,B,0.6,,SIDER 4.1; targets CHEMBL2331043:BLOCKER,True,,,,,,,,,"[[""GENE:SCN10A"", -1.0, 0.1], [""GENE:SCN11A"", -1.0, 0.1], [""GENE:SCN1A"", -1.0, 0.1], [""GENE:SCN2A"", -1.0, 0.1], [""GENE:SCN3A"", -1.0, 0.1], [""GENE:SCN4A"", -1.0, 0.1], [""GENE:SCN5A"", -1.0, 0.1], [""GENE:SCN7A"", -1.0, 0.1], [""GENE:SCN8A"", -1.0, 0.1], [""GENE:SCN9A"", -1.0, 0.1]]",1,1,0,0.9993638692815722,grade
CID100003676,drug,lidocaine,CHEMBL2331043,CHEMBL2331043,cognitive_impairment,induces,pharmacological,B,0.6,,SIDER 4.1; targets CHEMBL2331043:BLOCKER,True,,,,,,,,,"[[""GENE:SCN10A"", -1.0, 0.1], [""GENE:SCN11A"", -1.0, 0.1], [""GENE:SCN1A"", -1.0, 0.1], [""GENE:SCN2A"", -1.0, 0.1], [""GENE:SCN3A"", -1.0, 0.1], [""GENE:SCN4A"", -1.0, 0.1], [""GENE:SCN5A"", -1.0, 0.1], [""GENE:SCN7A"", -1.0, 0.1], [""GENE:SCN8A"", -1.0, 0.1], [""GENE:SCN9A"", -1.0, 0.1]]",1,1,0,0.9993638692815722,grade
CID100003676,drug,lidocaine,CHEMBL2331043,CHEMBL2331043,somnolence_or_hypersomnia,induces,pharmacological,B,0.6,,SIDER 4.1; targets CHEMBL2331043:BLOCKER,True,,,,,,,,,"[[""GENE:SCN10A"", -1.0, 0.1], [""GENE:SCN11A"", -1.0, 0.1], [""GENE:SCN1A"", -1.0, 0.1], [""GENE:SCN2A"", -1.0, 0.1], [""GENE:SCN3A"", -1.0, 0.1], [""GENE:SCN4A"", -1.0, 0.1], [""GENE:SCN5A"", -1.0, 0.1], [""GENE:SCN7A"", -1.0, 0.1], [""GENE:SCN8A"", -1.0, 0.1], [""GENE:SCN9A"", -1.0, 0.1]]",1,1,0,0.9993638692815722,grade
CID100003676,drug,lidocaine,CHEMBL2331043,CHEMBL2331043,anxiety,induces,pharmacological,B,0.6,,SIDER 4.1; targets CHEMBL2331043:BLOCKER,True,,,,,,,,,"[[""GENE:SCN10A"", -1.0, 0.1], [""GENE:SCN11A"", -1.0, 0.1], [""GENE:SCN1A"", -1.0, 0.1], [""GENE:SCN2A"", -1.0, 0.1], [""GENE:SCN3A"", -1.0, 0.1], [""GENE:SCN4A"", -1.0, 0.1], [""GENE:SCN5A"", -1.0, 0.1], [""GENE:SCN7A"", -1.0, 0.1], [""GENE:SCN8A"", -1.0, 0.1], [""GENE:SCN9A"", -1.0, 0.1]]",2,2,0,0.9993638692815722,grade
CID100003676,drug,lidocaine,CHEMBL2331043,CHEMBL2331043,psychosis,induces,pharmacological,B,0.6,,SIDER 4.1; targets CHEMBL2331043:BLOCKER,True,,,,,,,,,"[[""GENE:SCN10A"", -1.0, 0.1], [""GENE:SCN11A"", -1.0, 0.1], [""GENE:SCN1A"", -1.0, 0.1], [""GENE:SCN2A"", -1.0, 0.1], [""GENE:SCN3A"", -1.0, 0.1], [""GENE:SCN4A"", -1.0, 0.1], [""GENE:SCN5A"", -1.0, 0.1], [""GENE:SCN7A"", -1.0, 0.1], [""GENE:SCN8A"", -1.0, 0.1], [""GENE:SCN9A"", -1.0, 0.1]]",1,1,0,0.9993638692815722,grade
CID100003676,drug,lidocaine,CHEMBL2331043,CHEMBL2331043,psychomotor_agitation,induces,pharmacological,B,0.6,,SIDER 4.1; targets CHEMBL2331043:BLOCKER,True,,,,,,,,,"[[""GENE:SCN10A"", -1.0, 0.1], [""GENE:SCN11A"", -1.0, 0.1], [""GENE:SCN1A"", -1.0, 0.1], [""GENE:SCN2A"", -1.0, 0.1], [""GENE:SCN3A"", -1.0, 0.1], [""GENE:SCN4A"", -1.0, 0.1], [""GENE:SCN5A"", -1.0, 0.1], [""GENE:SCN7A"", -1.0, 0.1], [""GENE:SCN8A"", -1.0, 0.1], [""GENE:SCN9A"", -1.0, 0.1]]",1,1,0,0.9993638692815722,grade
CID100003676,drug,lidocaine,CHEMBL2331043,CHEMBL2331043,elevated_mood_or_mania,induces,pharmacological,B,0.6,,SIDER 4.1; targets CHEMBL2331043:BLOCKER,True,,,,,,,,,"[[""GENE:SCN10A"", -1.0, 0.1], [""GENE:SCN11A"", -1.0, 0.1], [""GENE:SCN1A"", -1.0, 0.1], [""GENE:SCN2A"", -1.0, 0.1], [""GENE:SCN3A"", -1.0, 0.1], [""GENE:SCN4A"", -1.0, 0.1], [""GENE:SCN5A"", -1.0, 0.1], [""GENE:SCN7A"", -1.0, 0.1], [""GENE:SCN8A"", -1.0, 0.1], [""GENE:SCN9A"", -1.0, 0.1]]",1,1,0,0.9993638692815722,grade
CID100003759,drug,isocarboxazid,CHEMBL2095205,CHEMBL2095205,somnolence_or_hypersomnia,induces,pharmacological,B,0.6,,SIDER 4.1; targets CHEMBL2095205:INHIBITOR,True,,,,,,,,,"[[""GENE:MAOA"", -1.0, 0.5], [""GENE:MAOB"", -1.0, 0.5]]",1,1,0,0.9993638692815722,grade
CID100003759,drug,isocarboxazid,CHEMBL2095205,CHEMBL2095205,psychosis,induces,pharmacological,B,0.15,0.0005,SIDER 4.1; targets CHEMBL2095205:INHIBITOR,True,,,,,,,,,"[[""GENE:MAOA"", -1.0, 0.5], [""GENE:MAOB"", -1.0, 0.5]]",1,1,0,0.9994582753435345,grade
CID100003759,drug,isocarboxazid,CHEMBL2095205,CHEMBL2095205,elevated_mood_or_mania,induces,pharmacological,B,0.15,0.0005,SIDER 4.1; targets CHEMBL2095205:INHIBITOR,True,,,,,,,,,"[[""GENE:MAOA"", -1.0, 0.5], [""GENE:MAOB"", -1.0, 0.5]]",1,1,0,0.9994582753435345,grade
CID100003759,drug,isocarboxazid,CHEMBL2095205,CHEMBL2095205,psychomotor_agitation,induces,pharmacological,B,0.6,,SIDER 4.1; targets CHEMBL2095205:INHIBITOR,True,,,,,,,,,"[[""GENE:MAOA"", -1.0, 0.5], [""GENE:MAOB"", -1.0, 0.5]]",1,1,0,0.9993638692815722,grade
CID100003759,drug,isocarboxazid,CHEMBL2095205,CHEMBL2095205,cognitive_impairment,induces,pharmacological,B,0.6,,SIDER 4.1; targets CHEMBL2095205:INHIBITOR,True,,,,,,,,,"[[""GENE:MAOA"", -1.0, 0.5], [""GENE:MAOB"", -1.0, 0.5]]",1,1,0,0.9993638692815722,grade
CID100003878,drug,lamotrigine,CHEMBL2331043,CHEMBL2331043,anxiety,induces,pharmacological,B,0.6,0.17833333333333334,SIDER 4.1; targets CHEMBL2331043:BLOCKER,True,,,,,,,,,"[[""GENE:SCN10A"", -1.0, 0.1], [""GENE:SCN11A"", -1.0, 0.1], [""GENE:SCN1A"", -1.0, 0.1], [""GENE:SCN2A"", -1.0, 0.1], [""GENE:SCN3A"", -1.0, 0.1], [""GENE:SCN4A"", -1.0, 0.1], [""GENE:SCN5A"", -1.0, 0.1], [""GENE:SCN7A"", -1.0, 0.1], [""GENE:SCN8A"", -1.0, 0.1], [""GENE:SCN9A"", -1.0, 0.1]]",9,9,0,0.9995386773806634,grade
CID100003878,drug,lamotrigine,CHEMBL2331043,CHEMBL2331043,fatigue,induces,pharmacological,B,0.42000000000000004,0.07,SIDER 4.1; targets CHEMBL2331043:BLOCKER,True,,,,,,,,,"[[""GENE:SCN10A"", -1.0, 0.1], [""GENE:SCN11A"", -1.0, 0.1], [""GENE:SCN1A"", -1.0, 0.1], [""GENE:SCN2A"", -1.0, 0.1], [""GENE:SCN3A"", -1.0, 0.1], [""GENE:SCN4A"", -1.0, 0.1], [""GENE:SCN5A"", -1.0, 0.1], [""GENE:SCN7A"", -1.0, 0.1], [""GENE:SCN8A"", -1.0, 0.1], [""GENE:SCN9A"", -1.0, 0.1]]",13,13,0,0.9995386773806634,grade
CID100003878,drug,lamotrigine,CHEMBL2331043,CHEMBL2331043,cognitive_impairment,induces,pharmacological,B,0.6,0.505,SIDER 4.1; targets CHEMBL2331043:BLOCKER,True,,,,,,,,,"[[""GENE:SCN10A"", -1.0, 0.1], [""GENE:SCN11A"", -1.0, 0.1], [""GENE:SCN1A"", -1.0, 0.1], [""GENE:SCN2A"", -1.0, 0.1], [""GENE:SCN3A"", -1.0, 0.1], [""GENE:SCN4A"", -1.0, 0.1], [""GENE:SCN5A"", -1.0, 0.1], [""GENE:SCN7A"", -1.0, 0.1], [""GENE:SCN8A"", -1.0, 0.1], [""GENE:SCN9A"", -1.0, 0.1]]",1,1,0,0.9994582753435345,grade
CID100003878,drug,lamotrigine,CHEMBL2331043,CHEMBL2331043,psychosis,induces,pharmacological,B,0.15,0.0055,SIDER 4.1; targets CHEMBL2331043:BLOCKER,True,,,,,,,,,"[[""GENE:SCN10A"", -1.0, 0.1], [""GENE:SCN11A"", -1.0, 0.1], [""GENE:SCN1A"", -1.0, 0.1], [""GENE:SCN2A"", -1.0, 0.1], [""GENE:SCN3A"", -1.0, 0.1], [""GENE:SCN4A"", -1.0, 0.1], [""GENE:SCN5A"", -1.0, 0.1], [""GENE:SCN7A"", -1.0, 0.1], [""GENE:SCN8A"", -1.0, 0.1], [""GENE:SCN9A"", -1.0, 0.1]]",3,3,0,0.9994582753435345,grade
CID100003878,drug,lamotrigine,CHEMBL2331043,CHEMBL2331043,depressed_mood,induces,pharmacological,B,0.18099999999999997,0.030166666666666665,SIDER 4.1; targets CHEMBL2331043:BLOCKER,True,,,,,,,,,"[[""GENE:SCN10A"", -1.0, 0.1], [""GENE:SCN11A"", -1.0, 0.1], [""GENE:SCN1A"", -1.0, 0.1], [""GENE:SCN2A"", -1.0, 0.1], [""GENE:SCN3A"", -1.0, 0.1], [""GENE:SCN4A"", -1.0, 0.1], [""GENE:SCN5A"", -1.0, 0.1], [""GENE:SCN7A"", -1.0, 0.1], [""GENE:SCN8A"", -1.0, 0.1], [""GENE:SCN9A"", -1.0, 0.1]]",6,6,0,0.9995386773806634,grade
CID100003878,drug,lamotrigine,CHEMBL2331043,CHEMBL2331043,somnolence_or_hypersomnia,induces,pharmacological,B,0.6,0.1042857142857143,SIDER 4.1; targets CHEMBL2331043:BLOCKER,True,,,,,,,,,"[[""GENE:SCN10A"", -1.0, 0.1], [""GENE:SCN11A"", -1.0, 0.1], [""GENE:SCN1A"", -1.0, 0.1], [""GENE:SCN2A"", -1.0, 0.1], [""GENE:SCN3A"", -1.0, 0.1], [""GENE:SCN4A"", -1.0, 0.1], [""GENE:SCN5A"", -1.0, 0.1], [""GENE:SCN7A"", -1.0, 0.1], [""GENE:SCN8A"", -1.0, 0.1], [""GENE:SCN9A"", -1.0, 0.1]]",7,7,0,0.9995386773806634,grade
CID100003878,drug,lamotrigine,CHEMBL2331043,CHEMBL2331043,irritability_or_aggression,induces,pharmacological,B,0.15,0.016666666666666666,SIDER 4.1; targets CHEMBL2331043:BLOCKER,True,,,,,,,,,"[[""GENE:SCN10A"", -1.0, 0.1], [""GENE:SCN11A"", -1.0, 0.1], [""GENE:SCN1A"", -1.0, 0.1], [""GENE:SCN2A"", -1.0, 0.1], [""GENE:SCN3A"", -1.0, 0.1], [""GENE:SCN4A"", -1.0, 0.1], [""GENE:SCN5A"", -1.0, 0.1], [""GENE:SCN7A"", -1.0, 0.1], [""GENE:SCN8A"", -1.0, 0.1], [""GENE:SCN9A"", -1.0, 0.1]]",3,3,0,0.9995386773806634,grade
CID100003878,drug,lamotrigine,CHEMBL2331043,CHEMBL2331043,psychomotor_agitation,induces,pharmacological,B,0.15,0.006999999999999999,SIDER 4.1; targets CHEMBL2331043:BLOCKER,True,,,,,,,,,"[[""GENE:SCN10A"", -1.0, 0.1], [""GENE:SCN11A"", -1.0, 0.1], [""GENE:SCN1A"", -1.0, 0.1], [""GENE:SCN2A"", -1.0, 0.1], [""GENE:SCN3A"", -1.0, 0.1], [""GENE:SCN4A"", -1.0, 0.1], [""GENE:SCN5A"", -1.0, 0.1], [""GENE:SCN7A"", -1.0, 0.1], [""GENE:SCN8A"", -1.0, 0.1], [""GENE:SCN9A"", -1.0, 0.1]]",3,3,0,0.9995386773806634,grade
CID100003878,drug,lamotrigine,CHEMBL2331043,CHEMBL2331043,elevated_mood_or_mania,induces,pharmacological,B,0.6,0.0055,SIDER 4.1; targets CHEMBL2331043:BLOCKER,True,,,,,,,,,"[[""GENE:SCN10A"", -1.0, 0.1], [""GENE:SCN11A"", -1.0, 0.1], [""GENE:SCN1A"", -1.0, 0.1], [""GENE:SCN2A"", -1.0, 0.1], [""GENE:SCN3A"", -1.0, 0.1], [""GENE:SCN4A"", -1.0, 0.1], [""GENE:SCN5A"", -1.0, 0.1], [""GENE:SCN7A"", -1.0, 0.1], [""GENE:SCN8A"", -1.0, 0.1], [""GENE:SCN9A"", -1.0, 0.1]]",3,3,0,0.9994582753435345,grade
CID100003878,drug,lamotrigine,CHEMBL2331043,CHEMBL2331043,insomnia,induces,pharmacological,B,0.325,0.05416666666666667,SIDER 4.1; targets CHEMBL2331043:BLOCKER,True,,,,,,,,,"[[""GENE:SCN10A"", -1.0, 0.1], [""GENE:SCN11A"", -1.0, 0.1], [""GENE:SCN1A"", -1.0, 0.1], [""GENE:SCN2A"", -1.0, 0.1], [""GENE:SCN3A"", -1.0, 0.1], [""GENE:SCN4A"", -1.0, 0.1], [""GENE:SCN5A"", -1.0, 0.1], [""GENE:SCN7A"", -1.0, 0.1], [""GENE:SCN8A"", -1.0, 0.1], [""GENE:SCN9A"", -1.0, 0.1]]",6,6,0,0.9995386773806634,grade
CID100003958,drug,lorazepam,CHEMBL2093872,CHEMBL2093872,irritability_or_aggression,induces,pharmacological,B,0.6,,SIDER 4.1; targets CHEMBL2093872:POSITIVE ALLOSTERIC MODULATOR,False,,,,,,,,,"[[""GENE:GABRA1"", 0.5, 0.07692307692307693], [""GENE:GABRA2"", 0.5, 0.07692307692307693], [""GENE:GABRA3"", 0.5, 0.07692307692307693], [""GENE:GABRA4"", 0.5, 0.07692307692307693], [""GENE:GABRA5"", 0.5, 0.07692307692307693], [""GENE:GABRA6"", 0.5, 0.07692307692307693], [""GENE:GABRB1"", 0.5, 0.07692307692307693], [""GENE:GABRB2"", 0.5, 0.07692307692307693], [""GENE:GABRB3"", 0.5, 0.07692307692307693], [""GENE:GABRD"", 0.5, 0.07692307692307693], [""GENE:GABRE"", 0.5, 0.07692307692307693], [""GENE:GABRG2"", 0.5, 0.07692307692307693], [""GENE:GABRQ"", 0.5, 0.07692307692307693]]",2,2,0,0.9993638692815722,grade
CID100003958,drug,lorazepam,CHEMBL2093872,CHEMBL2093872,fatigue,induces,pharmacological,B,0.6,0.02375,SIDER 4.1; targets CHEMBL2093872:POSITIVE ALLOSTERIC MODULATOR,False,,,,,,,,,"[[""GENE:GABRA1"", 0.5, 0.07692307692307693], [""GENE:GABRA2"", 0.5, 0.07692307692307693], [""GENE:GABRA3"", 0.5, 0.07692307692307693], [""GENE:GABRA4"", 0.5, 0.07692307692307693], [""GENE:GABRA5"", 0.5, 0.07692307692307693], [""GENE:GABRA6"", 0.5, 0.07692307692307693], [""GENE:GABRB1"", 0.5, 0.07692307692307693], [""GENE:GABRB2"", 0.5, 0.07692307692307693], [""GENE:GABRB3"", 0.5, 0.07692307692307693], [""GENE:GABRD"", 0.5, 0.07692307692307693], [""GENE:GABRE"", 0.5, 0.07692307692307693], [""GENE:GABRG2"", 0.5, 0.07692307692307693], [""GENE:GABRQ"", 0.5, 0.07692307692307693]]",3,3,0,0.9994582753435345,grade
CID100003958,drug,lorazepam,CHEMBL2093872,CHEMBL2093872,cognitive_impairment,induces,pharmacological,B,0.6,0.0055,SIDER 4.1; targets CHEMBL2093872:POSITIVE ALLOSTERIC MODULATOR,False,,,,,,,,,"[[""GENE:GABRA1"", 0.5, 0.07692307692307693], [""GENE:GABRA2"", 0.5, 0.07692307692307693], [""GENE:GABRA3"", 0.5, 0.07692307692307693], [""GENE:GABRA4"", 0.5, 0.07692307692307693], [""GENE:GABRA5"", 0.5, 0.07692307692307693], [""GENE:GABRA6"", 0.5, 0.07692307692307693], [""GENE:GABRB1"", 0.5, 0.07692307692307693], [""GENE:GABRB2"", 0.5, 0.07692307692307693], [""GENE:GABRB3"", 0.5, 0.07692307692307693], [""GENE:GABRD"", 0.5, 0.07692307692307693], [""GENE:GABRE"", 0.5, 0.07692307692307693], [""GENE:GABRG2"", 0.5, 0.07692307692307693], [""GENE:GABRQ"", 0.5, 0.07692307692307693]]",2,2,0,0.9994582753435345,grade
CID100003958,drug,lorazepam,CHEMBL2093872,CHEMBL2093872,somnolence_or_hypersomnia,induces,pharmacological,B,0.6,0.0293929,SIDER 4.1; targets CHEMBL2093872:POSITIVE ALLOSTERIC MODULATOR,False,,,,,,,,,"[[""GENE:GABRA1"", 0.5, 0.07692307692307693], [""GENE:GABRA2"", 0.5, 0.07692307692307693], [""GENE:GABRA3"", 0.5, 0.07692307692307693], [""GENE:GABRA4"", 0.5, 0.07692307692307693], [""GENE:GABRA5"", 0.5, 0.07692307692307693], [""GENE:GABRA6"", 0.5, 0.07692307692307693], [""GENE:GABRB1"", 0.5, 0.07692307692307693], [""GENE:GABRB2"", 0.5, 0.07692307692307693], [""GENE:GABRB3"", 0.5, 0.07692307692307693], [""GENE:GABRD"", 0.5, 0.07692307692307693], [""GENE:GABRE"", 0.5, 0.07692307692307693], [""GENE:GABRG2"", 0.5, 0.07692307692307693], [""GENE:GABRQ"", 0.5, 0.07692307692307693]]",4,4,0,0.9994582753435345,grade
CID100003958,drug,lorazepam,CHEMBL2093872,CHEMBL2093872,psychosis,induces,pharmacological,B,0.6,0.0055,SIDER 4.1; targets CHEMBL2093872:POSITIVE ALLOSTERIC MODULATOR,False,,,,,,,,,"[[""GENE:GABRA1"", 0.5, 0.07692307692307693], [""GENE:GABRA2"", 0.5, 0.07692307692307693], [""GENE:GABRA3"", 0.5, 0.07692307692307693], [""GENE:GABRA4"", 0.5, 0.07692307692307693], [""GENE:GABRA5"", 0.5, 0.07692307692307693], [""GENE:GABRA6"", 0.5, 0.07692307692307693], [""GENE:GABRB1"", 0.5, 0.07692307692307693], [""GENE:GABRB2"", 0.5, 0.07692307692307693], [""GENE:GABRB3"", 0.5, 0.07692307692307693], [""GENE:GABRD"", 0.5, 0.07692307692307693], [""GENE:GABRE"", 0.5, 0.07692307692307693], [""GENE:GABRG2"", 0.5, 0.07692307692307693], [""GENE:GABRQ"", 0.5, 0.07692307692307693]]",2,2,0,0.9994582753435345,grade
CID100003958,drug,lorazepam,CHEMBL2093872,CHEMBL2093872,anxiety,induces,pharmacological,B,0.15,0.0005,SIDER 4.1; targets CHEMBL2093872:POSITIVE ALLOSTERIC MODULATOR,False,,,,,,,,,"[[""GENE:GABRA1"", 0.5, 0.07692307692307693], [""GENE:GABRA2"", 0.5, 0.07692307692307693], [""GENE:GABRA3"", 0.5, 0.07692307692307693], [""GENE:GABRA4"", 0.5, 0.07692307692307693], [""GENE:GABRA5"", 0.5, 0.07692307692307693], [""GENE:GABRA6"", 0.5, 0.07692307692307693], [""GENE:GABRB1"", 0.5, 0.07692307692307693], [""GENE:GABRB2"", 0.5, 0.07692307692307693], [""GENE:GABRB3"", 0.5, 0.07692307692307693], [""GENE:GABRD"", 0.5, 0.07692307692307693], [""GENE:GABRE"", 0.5, 0.07692307692307693], [""GENE:GABRG2"", 0.5, 0.07692307692307693], [""GENE:GABRQ"", 0.5, 0.07692307692307693]]",1,1,0,0.9994582753435345,grade
CID100003958,drug,lorazepam,CHEMBL2093872,CHEMBL2093872,psychomotor_agitation,induces,pharmacological,B,0.15,0.0055,SIDER 4.1; targets CHEMBL2093872:POSITIVE ALLOSTERIC MODULATOR,False,,,,,,,,,"[[""GENE:GABRA1"", 0.5, 0.07692307692307693], [""GENE:GABRA2"", 0.5, 0.07692307692307693], [""GENE:GABRA3"", 0.5, 0.07692307692307693], [""GENE:GABRA4"", 0.5, 0.07692307692307693], [""GENE:GABRA5"", 0.5, 0.07692307692307693], [""GENE:GABRA6"", 0.5, 0.07692307692307693], [""GENE:GABRB1"", 0.5, 0.07692307692307693], [""GENE:GABRB2"", 0.5, 0.07692307692307693], [""GENE:GABRB3"", 0.5, 0.07692307692307693], [""GENE:GABRD"", 0.5, 0.07692307692307693], [""GENE:GABRE"", 0.5, 0.07692307692307693], [""GENE:GABRG2"", 0.5, 0.07692307692307693], [""GENE:GABRQ"", 0.5, 0.07692307692307693]]",1,1,0,0.9994582753435345,grade
CID100003958,drug,lorazepam,CHEMBL2093872,CHEMBL2093872,elevated_mood_or_mania,induces,pharmacological,B,0.6,,SIDER 4.1; targets CHEMBL2093872:POSITIVE ALLOSTERIC MODULATOR,False,,,,,,,,,"[[""GENE:GABRA1"", 0.5, 0.07692307692307693], [""GENE:GABRA2"", 0.5, 0.07692307692307693], [""GENE:GABRA3"", 0.5, 0.07692307692307693], [""GENE:GABRA4"", 0.5, 0.07692307692307693], [""GENE:GABRA5"", 0.5, 0.07692307692307693], [""GENE:GABRA6"", 0.5, 0.07692307692307693], [""GENE:GABRB1"", 0.5, 0.07692307692307693], [""GENE:GABRB2"", 0.5, 0.07692307692307693], [""GENE:GABRB3"", 0.5, 0.07692307692307693], [""GENE:GABRD"", 0.5, 0.07692307692307693], [""GENE:GABRE"", 0.5, 0.07692307692307693], [""GENE:GABRG2"", 0.5, 0.07692307692307693], [""GENE:GABRQ"", 0.5, 0.07692307692307693]]",2,2,0,0.9993638692815722,grade
CID100004060,drug,mephenytoin,CHEMBL2331043,CHEMBL2331043,cognitive_impairment,induces,pharmacological,B,0.6,,SIDER 4.1; targets CHEMBL2331043:BLOCKER,True,,,,,,,,,"[[""GENE:SCN10A"", -1.0, 0.1], [""GENE:SCN11A"", -1.0, 0.1], [""GENE:SCN1A"", -1.0, 0.1], [""GENE:SCN2A"", -1.0, 0.1], [""GENE:SCN3A"", -1.0, 0.1], [""GENE:SCN4A"", -1.0, 0.1], [""GENE:SCN5A"", -1.0, 0.1], [""GENE:SCN7A"", -1.0, 0.1], [""GENE:SCN8A"", -1.0, 0.1], [""GENE:SCN9A"", -1.0, 0.1]]",1,1,0,0.9993638692815722,grade
CID100004060,drug,mephenytoin,CHEMBL2331043,CHEMBL2331043,somnolence_or_hypersomnia,induces,pharmacological,B,0.6,,SIDER 4.1; targets CHEMBL2331043:BLOCKER,True,,,,,,,,,"[[""GENE:SCN10A"", -1.0, 0.1], [""GENE:SCN11A"", -1.0, 0.1], [""GENE:SCN1A"", -1.0, 0.1], [""GENE:SCN2A"", -1.0, 0.1], [""GENE:SCN3A"", -1.0, 0.1], [""GENE:SCN4A"", -1.0, 0.1], [""GENE:SCN5A"", -1.0, 0.1], [""GENE:SCN7A"", -1.0, 0.1], [""GENE:SCN8A"", -1.0, 0.1], [""GENE:SCN9A"", -1.0, 0.1]]",1,1,0,0.9993638692815722,grade
CID100004060,drug,mephenytoin,CHEMBL2331043,CHEMBL2331043,fatigue,induces,pharmacological,B,0.6,,SIDER 4.1; targets CHEMBL2331043:BLOCKER,True,,,,,,,,,"[[""GENE:SCN10A"", -1.0, 0.1], [""GENE:SCN11A"", -1.0, 0.1], [""GENE:SCN1A"", -1.0, 0.1], [""GENE:SCN2A"", -1.0, 0.1], [""GENE:SCN3A"", -1.0, 0.1], [""GENE:SCN4A"", -1.0, 0.1], [""GENE:SCN5A"", -1.0, 0.1], [""GENE:SCN7A"", -1.0, 0.1], [""GENE:SCN8A"", -1.0, 0.1], [""GENE:SCN9A"", -1.0, 0.1]]",2,2,0,0.9993638692815722,grade
CID100004060,drug,mephenytoin,CHEMBL2331043,CHEMBL2331043,irritability_or_aggression,induces,pharmacological,B,0.6,,SIDER 4.1; targets CHEMBL2331043:BLOCKER,True,,,,,,,,,"[[""GENE:SCN10A"", -1.0, 0.1], [""GENE:SCN11A"", -1.0, 0.1], [""GENE:SCN1A"", -1.0, 0.1], [""GENE:SCN2A"", -1.0, 0.1], [""GENE:SCN3A"", -1.0, 0.1], [""GENE:SCN4A"", -1.0, 0.1], [""GENE:SCN5A"", -1.0, 0.1], [""GENE:SCN7A"", -1.0, 0.1], [""GENE:SCN8A"", -1.0, 0.1], [""GENE:SCN9A"", -1.0, 0.1]]",1,1,0,0.9993638692815722,grade
CID100004060,drug,mephenytoin,CHEMBL2331043,CHEMBL2331043,anxiety,induces,pharmacological,B,0.6,,SIDER 4.1; targets CHEMBL2331043:BLOCKER,True,,,,,,,,,"[[""GENE:SCN10A"", -1.0, 0.1], [""GENE:SCN11A"", -1.0, 0.1], [""GENE:SCN1A"", -1.0, 0.1], [""GENE:SCN2A"", -1.0, 0.1], [""GENE:SCN3A"", -1.0, 0.1], [""GENE:SCN4A"", -1.0, 0.1], [""GENE:SCN5A"", -1.0, 0.1], [""GENE:SCN7A"", -1.0, 0.1], [""GENE:SCN8A"", -1.0, 0.1], [""GENE:SCN9A"", -1.0, 0.1]]",1,1,0,0.9993638692815722,grade
CID100004060,drug,mephenytoin,CHEMBL2331043,CHEMBL2331043,psychosis,induces,pharmacological,B,0.6,,SIDER 4.1; targets CHEMBL2331043:BLOCKER,True,,,,,,,,,"[[""GENE:SCN10A"", -1.0, 0.1], [""GENE:SCN11A"", -1.0, 0.1], [""GENE:SCN1A"", -1.0, 0.1], [""GENE:SCN2A"", -1.0, 0.1], [""GENE:SCN3A"", -1.0, 0.1], [""GENE:SCN4A"", -1.0, 0.1], [""GENE:SCN5A"", -1.0, 0.1], [""GENE:SCN7A"", -1.0, 0.1], [""GENE:SCN8A"", -1.0, 0.1], [""GENE:SCN9A"", -1.0, 0.1]]",1,1,0,0.9993638692815722,grade
CID100004060,drug,mephenytoin,CHEMBL2331043,CHEMBL2331043,insomnia,induces,pharmacological,B,0.6,,SIDER 4.1; targets CHEMBL2331043:BLOCKER,True,,,,,,,,,"[[""GENE:SCN10A"", -1.0, 0.1], [""GENE:SCN11A"", -1.0, 0.1], [""GENE:SCN1A"", -1.0, 0.1], [""GENE:SCN2A"", -1.0, 0.1], [""GENE:SCN3A"", -1.0, 0.1], [""GENE:SCN4A"", -1.0, 0.1], [""GENE:SCN5A"", -1.0, 0.1], [""GENE:SCN7A"", -1.0, 0.1], [""GENE:SCN8A"", -1.0, 0.1], [""GENE:SCN9A"", -1.0, 0.1]]",1,1,0,0.9993638692815722,grade
CID100004064,drug,meprobamate,CHEMBL2093872,CHEMBL2093872,fatigue,induces,pharmacological,B,0.6,,SIDER 4.1; targets CHEMBL2093872:AGONIST,False,,,,,,,,,"[[""GENE:GABRA1"", 1.0, 0.07692307692307693], [""GENE:GABRA2"", 1.0, 0.07692307692307693], [""GENE:GABRA3"", 1.0, 0.07692307692307693], [""GENE:GABRA4"", 1.0, 0.07692307692307693], [""GENE:GABRA5"", 1.0, 0.07692307692307693], [""GENE:GABRA6"", 1.0, 0.07692307692307693], [""GENE:GABRB1"", 1.0, 0.07692307692307693], [""GENE:GABRB2"", 1.0, 0.07692307692307693], [""GENE:GABRB3"", 1.0, 0.07692307692307693], [""GENE:GABRD"", 1.0, 0.07692307692307693], [""GENE:GABRE"", 1.0, 0.07692307692307693], [""GENE:GABRG2"", 1.0, 0.07692307692307693], [""GENE:GABRQ"", 1.0, 0.07692307692307693]]",1,1,0,0.9993638692815722,grade
CID100004064,drug,meprobamate,CHEMBL2093872,CHEMBL2093872,somnolence_or_hypersomnia,induces,pharmacological,B,0.6,,SIDER 4.1; targets CHEMBL2093872:AGONIST,False,,,,,,,,,"[[""GENE:GABRA1"", 1.0, 0.07692307692307693], [""GENE:GABRA2"", 1.0, 0.07692307692307693], [""GENE:GABRA3"", 1.0, 0.07692307692307693], [""GENE:GABRA4"", 1.0, 0.07692307692307693], [""GENE:GABRA5"", 1.0, 0.07692307692307693], [""GENE:GABRA6"", 1.0, 0.07692307692307693], [""GENE:GABRB1"", 1.0, 0.07692307692307693], [""GENE:GABRB2"", 1.0, 0.07692307692307693], [""GENE:GABRB3"", 1.0, 0.07692307692307693], [""GENE:GABRD"", 1.0, 0.07692307692307693], [""GENE:GABRE"", 1.0, 0.07692307692307693], [""GENE:GABRG2"", 1.0, 0.07692307692307693], [""GENE:GABRQ"", 1.0, 0.07692307692307693]]",1,1,0,0.9993638692815722,grade
CID100004064,drug,meprobamate,CHEMBL2093872,CHEMBL2093872,psychomotor_agitation,induces,pharmacological,B,0.6,,SIDER 4.1; targets CHEMBL2093872:AGONIST,False,,,,,,,,,"[[""GENE:GABRA1"", 1.0, 0.07692307692307693], [""GENE:GABRA2"", 1.0, 0.07692307692307693], [""GENE:GABRA3"", 1.0, 0.07692307692307693], [""GENE:GABRA4"", 1.0, 0.07692307692307693], [""GENE:GABRA5"", 1.0, 0.07692307692307693], [""GENE:GABRA6"", 1.0, 0.07692307692307693], [""GENE:GABRB1"", 1.0, 0.07692307692307693], [""GENE:GABRB2"", 1.0, 0.07692307692307693], [""GENE:GABRB3"", 1.0, 0.07692307692307693], [""GENE:GABRD"", 1.0, 0.07692307692307693], [""GENE:GABRE"", 1.0, 0.07692307692307693], [""GENE:GABRG2"", 1.0, 0.07692307692307693], [""GENE:GABRQ"", 1.0, 0.07692307692307693]]",1,1,0,0.9993638692815722,grade
CID100004064,drug,meprobamate,CHEMBL2093872,CHEMBL2093872,elevated_mood_or_mania,induces,pharmacological,B,0.6,,SIDER 4.1; targets CHEMBL2093872:AGONIST,False,,,,,,,,,"[[""GENE:GABRA1"", 1.0, 0.07692307692307693], [""GENE:GABRA2"", 1.0, 0.07692307692307693], [""GENE:GABRA3"", 1.0, 0.07692307692307693], [""GENE:GABRA4"", 1.0, 0.07692307692307693], [""GENE:GABRA5"", 1.0, 0.07692307692307693], [""GENE:GABRA6"", 1.0, 0.07692307692307693], [""GENE:GABRB1"", 1.0, 0.07692307692307693], [""GENE:GABRB2"", 1.0, 0.07692307692307693], [""GENE:GABRB3"", 1.0, 0.07692307692307693], [""GENE:GABRD"", 1.0, 0.07692307692307693], [""GENE:GABRE"", 1.0, 0.07692307692307693], [""GENE:GABRG2"", 1.0, 0.07692307692307693], [""GENE:GABRQ"", 1.0, 0.07692307692307693]]",1,1,0,0.9993638692815722,grade
CID100004192,drug,midazolam,CHEMBL2093872,CHEMBL2093872,irritability_or_aggression,induces,pharmacological,B,0.6,,SIDER 4.1; targets CHEMBL2093872:POSITIVE ALLOSTERIC MODULATOR,False,,,,,,,,,"[[""GENE:GABRA1"", 0.5, 0.07692307692307693], [""GENE:GABRA2"", 0.5, 0.07692307692307693], [""GENE:GABRA3"", 0.5, 0.07692307692307693], [""GENE:GABRA4"", 0.5, 0.07692307692307693], [""GENE:GABRA5"", 0.5, 0.07692307692307693], [""GENE:GABRA6"", 0.5, 0.07692307692307693], [""GENE:GABRB1"", 0.5, 0.07692307692307693], [""GENE:GABRB2"", 0.5, 0.07692307692307693], [""GENE:GABRB3"", 0.5, 0.07692307692307693], [""GENE:GABRD"", 0.5, 0.07692307692307693], [""GENE:GABRE"", 0.5, 0.07692307692307693], [""GENE:GABRG2"", 0.5, 0.07692307692307693], [""GENE:GABRQ"", 0.5, 0.07692307692307693]]",2,2,0,0.9993638692815722,grade
CID100004192,drug,midazolam,CHEMBL2093872,CHEMBL2093872,anxiety,induces,pharmacological,B,0.6,,SIDER 4.1; targets CHEMBL2093872:POSITIVE ALLOSTERIC MODULATOR,False,,,,,,,,,"[[""GENE:GABRA1"", 0.5, 0.07692307692307693], [""GENE:GABRA2"", 0.5, 0.07692307692307693], [""GENE:GABRA3"", 0.5, 0.07692307692307693], [""GENE:GABRA4"", 0.5, 0.07692307692307693], [""GENE:GABRA5"", 0.5, 0.07692307692307693], [""GENE:GABRA6"", 0.5, 0.07692307692307693], [""GENE:GABRB1"", 0.5, 0.07692307692307693], [""GENE:GABRB2"", 0.5, 0.07692307692307693], [""GENE:GABRB3"", 0.5, 0.07692307692307693], [""GENE:GABRD"", 0.5, 0.07692307692307693], [""GENE:GABRE"", 0.5, 0.07692307692307693], [""GENE:GABRG2"", 0.5, 0.07692307692307693], [""GENE:GABRQ"", 0.5, 0.07692307692307693]]",2,2,0,0.9993638692815722,grade
CID100004192,drug,midazolam,CHEMBL2093872,CHEMBL2093872,fatigue,induces,pharmacological,B,0.6,,SIDER 4.1; targets CHEMBL2093872:POSITIVE ALLOSTERIC MODULATOR,False,,,,,,,,,"[[""GENE:GABRA1"", 0.5, 0.07692307692307693], [""GENE:GABRA2"", 0.5, 0.07692307692307693], [""GENE:GABRA3"", 0.5, 0.07692307692307693], [""GENE:GABRA4"", 0.5, 0.07692307692307693], [""GENE:GABRA5"", 0.5, 0.07692307692307693], [""GENE:GABRA6"", 0.5, 0.07692307692307693], [""GENE:GABRB1"", 0.5, 0.07692307692307693], [""GENE:GABRB2"", 0.5, 0.07692307692307693], [""GENE:GABRB3"", 0.5, 0.07692307692307693], [""GENE:GABRD"", 0.5, 0.07692307692307693], [""GENE:GABRE"", 0.5, 0.07692307692307693], [""GENE:GABRG2"", 0.5, 0.07692307692307693], [""GENE:GABRQ"", 0.5, 0.07692307692307693]]",2,2,0,0.9993638692815722,grade
CID100004192,drug,midazolam,CHEMBL2093872,CHEMBL2093872,cognitive_impairment,induces,pharmacological,B,0.6,,SIDER 4.1; targets CHEMBL2093872:POSITIVE ALLOSTERIC MODULATOR,False,,,,,,,,,"[[""GENE:GABRA1"", 0.5, 0.07692307692307693], [""GENE:GABRA2"", 0.5, 0.07692307692307693], [""GENE:GABRA3"", 0.5, 0.07692307692307693], [""GENE:GABRA4"", 0.5, 0.07692307692307693], [""GENE:GABRA5"", 0.5, 0.07692307692307693], [""GENE:GABRA6"", 0.5, 0.07692307692307693], [""GENE:GABRB1"", 0.5, 0.07692307692307693], [""GENE:GABRB2"", 0.5, 0.07692307692307693], [""GENE:GABRB3"", 0.5, 0.07692307692307693], [""GENE:GABRD"", 0.5, 0.07692307692307693], [""GENE:GABRE"", 0.5, 0.07692307692307693], [""GENE:GABRG2"", 0.5, 0.07692307692307693], [""GENE:GABRQ"", 0.5, 0.07692307692307693]]",1,1,0,0.9993638692815722,grade
CID100004192,drug,midazolam,CHEMBL2093872,CHEMBL2093872,psychosis,induces,pharmacological,B,0.6,,SIDER 4.1; targets CHEMBL2093872:POSITIVE ALLOSTERIC MODULATOR,False,,,,,,,,,"[[""GENE:GABRA1"", 0.5, 0.07692307692307693], [""GENE:GABRA2"", 0.5, 0.07692307692307693], [""GENE:GABRA3"", 0.5, 0.07692307692307693], [""GENE:GABRA4"", 0.5, 0.07692307692307693], [""GENE:GABRA5"", 0.5, 0.07692307692307693], [""GENE:GABRA6"", 0.5, 0.07692307692307693], [""GENE:GABRB1"", 0.5, 0.07692307692307693], [""GENE:GABRB2"", 0.5, 0.07692307692307693], [""GENE:GABRB3"", 0.5, 0.07692307692307693], [""GENE:GABRD"", 0.5, 0.07692307692307693], [""GENE:GABRE"", 0.5, 0.07692307692307693], [""GENE:GABRG2"", 0.5, 0.07692307692307693], [""GENE:GABRQ"", 0.5, 0.07692307692307693]]",3,3,0,0.9993638692815722,grade
CID100004192,drug,midazolam,CHEMBL2093872,CHEMBL2093872,depressed_mood,induces,pharmacological,B,0.6,,SIDER 4.1; targets CHEMBL2093872:POSITIVE ALLOSTERIC MODULATOR,False,,,,,,,,,"[[""GENE:GABRA1"", 0.5, 0.07692307692307693], [""GENE:GABRA2"", 0.5, 0.07692307692307693], [""GENE:GABRA3"", 0.5, 0.07692307692307693], [""GENE:GABRA4"", 0.5, 0.07692307692307693], [""GENE:GABRA5"", 0.5, 0.07692307692307693], [""GENE:GABRA6"", 0.5, 0.07692307692307693], [""GENE:GABRB1"", 0.5, 0.07692307692307693], [""GENE:GABRB2"", 0.5, 0.07692307692307693], [""GENE:GABRB3"", 0.5, 0.07692307692307693], [""GENE:GABRD"", 0.5, 0.07692307692307693], [""GENE:GABRE"", 0.5, 0.07692307692307693], [""GENE:GABRG2"", 0.5, 0.07692307692307693], [""GENE:GABRQ"", 0.5, 0.07692307692307693]]",2,2,0,0.9993638692815722,grade
CID100004192,drug,midazolam,CHEMBL2093872,CHEMBL2093872,somnolence_or_hypersomnia,induces,pharmacological,B,0.6,0.17666666666666667,SIDER 4.1; targets CHEMBL2093872:POSITIVE ALLOSTERIC MODULATOR,False,,,,,,,,,"[[""GENE:GABRA1"", 0.5, 0.07692307692307693], [""GENE:GABRA2"", 0.5, 0.07692307692307693], [""GENE:GABRA3"", 0.5, 0.07692307692307693], [""GENE:GABRA4"", 0.5, 0.07692307692307693], [""GENE:GABRA5"", 0.5, 0.07692307692307693], [""GENE:GABRA6"", 0.5, 0.07692307692307693], [""GENE:GABRB1"", 0.5, 0.07692307692307693], [""GENE:GABRB2"", 0.5, 0.07692307692307693], [""GENE:GABRB3"", 0.5, 0.07692307692307693], [""GENE:GABRD"", 0.5, 0.07692307692307693], [""GENE:GABRE"", 0.5, 0.07692307692307693], [""GENE:GABRG2"", 0.5, 0.07692307692307693], [""GENE:GABRQ"", 0.5, 0.07692307692307693]]",3,3,0,0.9994582753435345,grade
CID100004192,drug,midazolam,CHEMBL2093872,CHEMBL2093872,psychomotor_agitation,induces,pharmacological,B,0.18,0.03,SIDER 4.1; targets CHEMBL2093872:POSITIVE ALLOSTERIC MODULATOR,False,,,,,,,,,"[[""GENE:GABRA1"", 0.5, 0.07692307692307693], [""GENE:GABRA2"", 0.5, 0.07692307692307693], [""GENE:GABRA3"", 0.5, 0.07692307692307693], [""GENE:GABRA4"", 0.5, 0.07692307692307693], [""GENE:GABRA5"", 0.5, 0.07692307692307693], [""GENE:GABRA6"", 0.5, 0.07692307692307693], [""GENE:GABRB1"", 0.5, 0.07692307692307693], [""GENE:GABRB2"", 0.5, 0.07692307692307693], [""GENE:GABRB3"", 0.5, 0.07692307692307693], [""GENE:GABRD"", 0.5, 0.07692307692307693], [""GENE:GABRE"", 0.5, 0.07692307692307693], [""GENE:GABRG2"", 0.5, 0.07692307692307693], [""GENE:GABRQ"", 0.5, 0.07692307692307693]]",3,3,0,0.9994582753435345,grade
CID100004192,drug,midazolam,CHEMBL2093872,CHEMBL2093872,elevated_mood_or_mania,induces,pharmacological,B,0.6,,SIDER 4.1; targets CHEMBL2093872:POSITIVE ALLOSTERIC MODULATOR,False,,,,,,,,,"[[""GENE:GABRA1"", 0.5, 0.07692307692307693], [""GENE:GABRA2"", 0.5, 0.07692307692307693], [""GENE:GABRA3"", 0.5, 0.07692307692307693], [""GENE:GABRA4"", 0.5, 0.07692307692307693], [""GENE:GABRA5"", 0.5, 0.07692307692307693], [""GENE:GABRA6"", 0.5, 0.07692307692307693], [""GENE:GABRB1"", 0.5, 0.07692307692307693], [""GENE:GABRB2"", 0.5, 0.07692307692307693], [""GENE:GABRB3"", 0.5, 0.07692307692307693], [""GENE:GABRD"", 0.5, 0.07692307692307693], [""GENE:GABRE"", 0.5, 0.07692307692307693], [""GENE:GABRG2"", 0.5, 0.07692307692307693], [""GENE:GABRQ"", 0.5, 0.07692307692307693]]",1,1,0,0.9993638692815722,grade
CID100004235,drug,moclobemide,CHEMBL1951,CHEMBL1951,irritability_or_aggression,induces,pharmacological,B,0.6,,SIDER 4.1; targets CHEMBL1951:INHIBITOR,True,,,,,,,,,"[[""GENE:MAOA"", -1.0, 1.0]]",2,2,0,0.9993638692815722,grade
CID100004235,drug,moclobemide,CHEMBL1951,CHEMBL1951,anxiety,induces,pharmacological,B,0.6,,SIDER 4.1; targets CHEMBL1951:INHIBITOR,True,,,,,,,,,"[[""GENE:MAOA"", -1.0, 1.0]]",2,2,0,0.9993638692815722,grade
CID100004235,drug,moclobemide,CHEMBL1951,CHEMBL1951,fatigue,induces,pharmacological,B,0.6,,SIDER 4.1; targets CHEMBL1951:INHIBITOR,True,,,,,,,,,"[[""GENE:MAOA"", -1.0, 1.0]]",2,2,0,0.9993638692815722,grade
CID100004235,drug,moclobemide,CHEMBL1951,CHEMBL1951,cognitive_impairment,induces,pharmacological,B,0.6,,SIDER 4.1; targets CHEMBL1951:INHIBITOR,True,,,,,,,,,"[[""GENE:MAOA"", -1.0, 1.0]]",1,1,0,0.9993638692815722,grade
CID100004235,drug,moclobemide,CHEMBL1951,CHEMBL1951,psychosis,induces,pharmacological,B,0.6,,SIDER 4.1; targets CHEMBL1951:INHIBITOR,True,,,,,,,,,"[[""GENE:MAOA"", -1.0, 1.0]]",2,2,0,0.9993638692815722,grade
CID100004235,drug,moclobemide,CHEMBL1951,CHEMBL1951,somnolence_or_hypersomnia,induces,pharmacological,B,0.6,,SIDER 4.1; targets CHEMBL1951:INHIBITOR,True,,,,,,,,,"[[""GENE:MAOA"", -1.0, 1.0]]",1,1,0,0.9993638692815722,grade
CID100004235,drug,moclobemide,CHEMBL1951,CHEMBL1951,psychomotor_agitation,induces,pharmacological,B,0.6,,SIDER 4.1; targets CHEMBL1951:INHIBITOR,True,,,,,,,,,"[[""GENE:MAOA"", -1.0, 1.0]]",1,1,0,0.9993638692815722,grade
CID100004235,drug,moclobemide,CHEMBL1951,CHEMBL1951,insomnia,induces,pharmacological,B,0.6,,SIDER 4.1; targets CHEMBL1951:INHIBITOR,True,,,,,,,,,"[[""GENE:MAOA"", -1.0, 1.0]]",1,1,0,0.9993638692815722,grade
CID100004236,drug,modafinil,CHEMBL238,CHEMBL238,irritability_or_aggression,induces,pharmacological,B,0.15,0.0005,SIDER 4.1; targets CHEMBL238:INHIBITOR,True,,,,,,,,,"[[""GENE:SLC6A3"", -1.0, 1.0]]",2,2,0,0.9994582753435345,grade
CID100004236,drug,modafinil,CHEMBL238,CHEMBL238,anxiety,induces,pharmacological,B,0.15,0.02025,SIDER 4.1; targets CHEMBL238:INHIBITOR,True,,,,,,,,,"[[""GENE:SLC6A3"", -1.0, 1.0]]",5,5,0,0.9995386773806634,grade
CID100004236,drug,modafinil,CHEMBL238,CHEMBL238,fatigue,induces,pharmacological,B,0.15,0.01025,SIDER 4.1; targets CHEMBL238:INHIBITOR,True,,,,,,,,,"[[""GENE:SLC6A3"", -1.0, 1.0]]",4,4,0,0.9995386773806634,grade
CID100004236,drug,modafinil,CHEMBL238,CHEMBL238,cognitive_impairment,induces,pharmacological,B,0.15,0.01,SIDER 4.1; targets CHEMBL238:INHIBITOR,True,,,,,,,,,"[[""GENE:SLC6A3"", -1.0, 1.0]]",2,2,0,0.9995386773806634,grade
CID100004236,drug,modafinil,CHEMBL238,CHEMBL238,psychosis,induces,pharmacological,B,0.15,0.0005,SIDER 4.1; targets CHEMBL238:INHIBITOR,True,,,,,,,,,"[[""GENE:SLC6A3"", -1.0, 1.0]]",3,3,0,0.9994582753435345,grade
CID100004236,drug,modafinil,CHEMBL238,CHEMBL238,depressed_mood,induces,pharmacological,B,0.15,0.015125,SIDER 4.1; targets CHEMBL238:INHIBITOR,True,,,,,,,,,"[[""GENE:SLC6A3"", -1.0, 1.0]]",5,5,0,0.9995386773806634,grade
CID100004236,drug,modafinil,CHEMBL238,CHEMBL238,psychomotor_agitation,induces,pharmacological,B,0.15,0.00525,SIDER 4.1; targets CHEMBL238:INHIBITOR,True,,,,,,,,,"[[""GENE:SLC6A3"", -1.0, 1.0]]",2,2,0,0.9995386773806634,grade
CID100004236,drug,modafinil,CHEMBL238,CHEMBL238,elevated_mood_or_mania,induces,pharmacological,B,0.15,0.0005,SIDER 4.1; targets CHEMBL238:INHIBITOR,True,,,,,,,,,"[[""GENE:SLC6A3"", -1.0, 1.0]]",1,1,0,0.9994582753435345,grade
CID100004236,drug,modafinil,CHEMBL238,CHEMBL238,insomnia,induces,pharmacological,B,0.22574999999999998,0.037625,SIDER 4.1; targets CHEMBL238:INHIBITOR,True,,,,,,,,,"[[""GENE:SLC6A3"", -1.0, 1.0]]",4,4,0,0.9995386773806634,grade
CID100004236,drug,modafinil,CHEMBL238,CHEMBL238,somnolence_or_hypersomnia,induces,pharmacological,B,0.6,,SIDER 4.1; targets CHEMBL238:INHIBITOR,True,,,,,,,,,"[[""GENE:SLC6A3"", -1.0, 1.0]]",1,1,0,0.9993638692815722,grade
CID100004428,drug,naltrexone,CHEMBL2095181,CHEMBL2095181,anxiety,induces,pharmacological,B,0.15,0.02025,SIDER 4.1; targets CHEMBL2095181:ANTAGONIST,False,,,,,,,,,"[[""GENE:OPRD1"", -1.0, 0.3333333333333333], [""GENE:OPRK1"", -1.0, 0.3333333333333333], [""GENE:OPRM1"", -1.0, 0.3333333333333333]]",4,4,0,0.9994582753435345,grade
CID100004428,drug,naltrexone,CHEMBL2095181,CHEMBL2095181,fatigue,induces,pharmacological,B,0.15,0.02025,SIDER 4.1; targets CHEMBL2095181:ANTAGONIST,False,,,,,,,,,"[[""GENE:OPRD1"", -1.0, 0.3333333333333333], [""GENE:OPRK1"", -1.0, 0.3333333333333333], [""GENE:OPRM1"", -1.0, 0.3333333333333333]]",5,5,0,0.9994582753435345,grade
CID100004428,drug,naltrexone,CHEMBL2095181,CHEMBL2095181,cognitive_impairment,induces,pharmacological,B,0.6,0.0005,SIDER 4.1; targets CHEMBL2095181:ANTAGONIST,False,,,,,,,,,"[[""GENE:OPRD1"", -1.0, 0.3333333333333333], [""GENE:OPRK1"", -1.0, 0.3333333333333333], [""GENE:OPRM1"", -1.0, 0.3333333333333333]]",2,2,0,0.9994582753435345,grade
CID100004428,drug,naltrexone,CHEMBL2095181,CHEMBL2095181,depressed_mood,induces,pharmacological,B,0.6,0.0601,SIDER 4.1; targets CHEMBL2095181:ANTAGONIST,False,,,,,,,,,"[[""GENE:OPRD1"", -1.0, 0.3333333333333333], [""GENE:OPRK1"", -1.0, 0.3333333333333333], [""GENE:OPRM1"", -1.0, 0.3333333333333333]]",6,6,0,0.9995386773806634,grade
CID100004428,drug,naltrexone,CHEMBL2095181,CHEMBL2095181,psychosis,induces,pharmacological,B,0.6,0.0005,SIDER 4.1; targets CHEMBL2095181:ANTAGONIST,False,,,,,,,,,"[[""GENE:OPRD1"", -1.0, 0.3333333333333333], [""GENE:OPRK1"", -1.0, 0.3333333333333333], [""GENE:OPRM1"", -1.0, 0.3333333333333333]]",2,2,0,0.9994582753435345,grade
CID100004428,drug,naltrexone,CHEMBL2095181,CHEMBL2095181,irritability_or_aggression,induces,pharmacological,B,0.6,,SIDER 4.1; targets CHEMBL2095181:ANTAGONIST,False,,,,,,,,,"[[""GENE:OPRD1"", -1.0, 0.3333333333333333], [""GENE:OPRK1"", -1.0, 0.3333333333333333], [""GENE:OPRM1"", -1.0, 0.3333333333333333]]",1,1,0,0.9993638692815722,grade
CID100004428,drug,naltrexone,CHEMBL2095181,CHEMBL2095181,psychomotor_agitation,induces,pharmacological,B,0.15,0.0005,SIDER 4.1; targets CHEMBL2095181:ANTAGONIST,False,,,,,,,,,"[[""GENE:OPRD1"", -1.0, 0.3333333333333333], [""GENE:OPRK1"", -1.0, 0.3333333333333333], [""GENE:OPRM1"", -1.0, 0.3333333333333333]]",2,2,0,0.9994582753435345,grade
CID100004428,drug,naltrexone,CHEMBL2095181,CHEMBL2095181,elevated_mood_or_mania,induces,pharmacological,B,0.15,0.0005,SIDER 4.1; targets CHEMBL2095181:ANTAGONIST,False,,,,,,,,,"[[""GENE:OPRD1"", -1.0, 0.3333333333333333], [""GENE:OPRK1"", -1.0, 0.3333333333333333], [""GENE:OPRM1"", -1.0, 0.3333333333333333]]",1,1,0,0.9994582753435345,grade
CID100004428,drug,naltrexone,CHEMBL2095181,CHEMBL2095181,insomnia,induces,pharmacological,B,0.15,0.01525,SIDER 4.1; targets CHEMBL2095181:ANTAGONIST,False,,,,,,,,,"[[""GENE:OPRD1"", -1.0, 0.3333333333333333], [""GENE:OPRK1"", -1.0, 0.3333333333333333], [""GENE:OPRM1"", -1.0, 0.3333333333333333]]",2,2,0,0.9994582753435345,grade
CID100004428,drug,naltrexone,CHEMBL2095181,CHEMBL2095181,somnolence_or_hypersomnia,induces,pharmacological,B,0.15,0.01025,SIDER 4.1; targets CHEMBL2095181:ANTAGONIST,False,,,,,,,,,"[[""GENE:OPRD1"", -1.0, 0.3333333333333333], [""GENE:OPRK1"", -1.0, 0.3333333333333333], [""GENE:OPRM1"", -1.0, 0.3333333333333333]]",2,2,0,0.9994582753435345,grade
CID100004616,drug,oxazepam,CHEMBL2093872,CHEMBL2093872,irritability_or_aggression,induces,pharmacological,B,0.6,,SIDER 4.1; targets CHEMBL2093872:POSITIVE ALLOSTERIC MODULATOR,False,,,,,,,,,"[[""GENE:GABRA1"", 0.5, 0.07692307692307693], [""GENE:GABRA2"", 0.5, 0.07692307692307693], [""GENE:GABRA3"", 0.5, 0.07692307692307693], [""GENE:GABRA4"", 0.5, 0.07692307692307693], [""GENE:GABRA5"", 0.5, 0.07692307692307693], [""GENE:GABRA6"", 0.5, 0.07692307692307693], [""GENE:GABRB1"", 0.5, 0.07692307692307693], [""GENE:GABRB2"", 0.5, 0.07692307692307693], [""GENE:GABRB3"", 0.5, 0.07692307692307693], [""GENE:GABRD"", 0.5, 0.07692307692307693], [""GENE:GABRE"", 0.5, 0.07692307692307693], [""GENE:GABRG2"", 0.5, 0.07692307692307693], [""GENE:GABRQ"", 0.5, 0.07692307692307693]]",1,1,0,0.9993638692815722,grade
CID100004616,drug,oxazepam,CHEMBL2093872,CHEMBL2093872,somnolence_or_hypersomnia,induces,pharmacological,B,0.6,,SIDER 4.1; targets CHEMBL2093872:POSITIVE ALLOSTERIC MODULATOR,False,,,,,,,,,"[[""GENE:GABRA1"", 0.5, 0.07692307692307693], [""GENE:GABRA2"", 0.5, 0.07692307692307693], [""GENE:GABRA3"", 0.5, 0.07692307692307693], [""GENE:GABRA4"", 0.5, 0.07692307692307693], [""GENE:GABRA5"", 0.5, 0.07692307692307693], [""GENE:GABRA6"", 0.5, 0.07692307692307693], [""GENE:GABRB1"", 0.5, 0.07692307692307693], [""GENE:GABRB2"", 0.5, 0.07692307692307693], [""GENE:GABRB3"", 0.5, 0.07692307692307693], [""GENE:GABRD"", 0.5, 0.07692307692307693], [""GENE:GABRE"", 0.5, 0.07692307692307693], [""GENE:GABRG2"", 0.5, 0.07692307692307693], [""GENE:GABRQ"", 0.5, 0.07692307692307693]]",1,1,0,0.9993638692815722,grade
CID100004616,drug,oxazepam,CHEMBL2093872,CHEMBL2093872,psychosis,induces,pharmacological,B,0.6,,SIDER 4.1; targets CHEMBL2093872:POSITIVE ALLOSTERIC MODULATOR,False,,,,,,,,,"[[""GENE:GABRA1"", 0.5, 0.07692307692307693], [""GENE:GABRA2"", 0.5, 0.07692307692307693], [""GENE:GABRA3"", 0.5, 0.07692307692307693], [""GENE:GABRA4"", 0.5, 0.07692307692307693], [""GENE:GABRA5"", 0.5, 0.07692307692307693], [""GENE:GABRA6"", 0.5, 0.07692307692307693], [""GENE:GABRB1"", 0.5, 0.07692307692307693], [""GENE:GABRB2"", 0.5, 0.07692307692307693], [""GENE:GABRB3"", 0.5, 0.07692307692307693], [""GENE:GABRD"", 0.5, 0.07692307692307693], [""GENE:GABRE"", 0.5, 0.07692307692307693], [""GENE:GABRG2"", 0.5, 0.07692307692307693], [""GENE:GABRQ"", 0.5, 0.07692307692307693]]",1,1,0,0.9993638692815722,grade
CID100004616,drug,oxazepam,CHEMBL2093872,CHEMBL2093872,psychomotor_agitation,induces,pharmacological,B,0.6,,SIDER 4.1; targets CHEMBL2093872:POSITIVE ALLOSTERIC MODULATOR,False,,,,,,,,,"[[""GENE:GABRA1"", 0.5, 0.07692307692307693], [""GENE:GABRA2"", 0.5, 0.07692307692307693], [""GENE:GABRA3"", 0.5, 0.07692307692307693], [""GENE:GABRA4"", 0.5, 0.07692307692307693], [""GENE:GABRA5"", 0.5, 0.07692307692307693], [""GENE:GABRA6"", 0.5, 0.07692307692307693], [""GENE:GABRB1"", 0.5, 0.07692307692307693], [""GENE:GABRB2"", 0.5, 0.07692307692307693], [""GENE:GABRB3"", 0.5, 0.07692307692307693], [""GENE:GABRD"", 0.5, 0.07692307692307693], [""GENE:GABRE"", 0.5, 0.07692307692307693], [""GENE:GABRG2"", 0.5, 0.07692307692307693], [""GENE:GABRQ"", 0.5, 0.07692307692307693]]",1,1,0,0.9993638692815722,grade
CID100004616,drug,oxazepam,CHEMBL2093872,CHEMBL2093872,cognitive_impairment,induces,pharmacological,B,0.6,,SIDER 4.1; targets CHEMBL2093872:POSITIVE ALLOSTERIC MODULATOR,False,,,,,,,,,"[[""GENE:GABRA1"", 0.5, 0.07692307692307693], [""GENE:GABRA2"", 0.5, 0.07692307692307693], [""GENE:GABRA3"", 0.5, 0.07692307692307693], [""GENE:GABRA4"", 0.5, 0.07692307692307693], [""GENE:GABRA5"", 0.5, 0.07692307692307693], [""GENE:GABRA6"", 0.5, 0.07692307692307693], [""GENE:GABRB1"", 0.5, 0.07692307692307693], [""GENE:GABRB2"", 0.5, 0.07692307692307693], [""GENE:GABRB3"", 0.5, 0.07692307692307693], [""GENE:GABRD"", 0.5, 0.07692307692307693], [""GENE:GABRE"", 0.5, 0.07692307692307693], [""GENE:GABRG2"", 0.5, 0.07692307692307693], [""GENE:GABRQ"", 0.5, 0.07692307692307693]]",1,1,0,0.9993638692815722,grade
CID100004616,drug,oxazepam,CHEMBL2093872,CHEMBL2093872,elevated_mood_or_mania,induces,pharmacological,B,0.6,,SIDER 4.1; targets CHEMBL2093872:POSITIVE ALLOSTERIC MODULATOR,False,,,,,,,,,"[[""GENE:GABRA1"", 0.5, 0.07692307692307693], [""GENE:GABRA2"", 0.5, 0.07692307692307693], [""GENE:GABRA3"", 0.5, 0.07692307692307693], [""GENE:GABRA4"", 0.5, 0.07692307692307693], [""GENE:GABRA5"", 0.5, 0.07692307692307693], [""GENE:GABRA6"", 0.5, 0.07692307692307693], [""GENE:GABRB1"", 0.5, 0.07692307692307693], [""GENE:GABRB2"", 0.5, 0.07692307692307693], [""GENE:GABRB3"", 0.5, 0.07692307692307693], [""GENE:GABRD"", 0.5, 0.07692307692307693], [""GENE:GABRE"", 0.5, 0.07692307692307693], [""GENE:GABRG2"", 0.5, 0.07692307692307693], [""GENE:GABRQ"", 0.5, 0.07692307692307693]]",1,1,0,0.9993638692815722,grade
CID100004635,drug,oxycodone,CHEMBL233,CHEMBL233,anxiety,induces,pharmacological,B,0.6,,SIDER 4.1; targets CHEMBL233:AGONIST,False,,,,,,,,,"[[""GENE:OPRM1"", 1.0, 1.0]]",2,2,0,0.9993638692815722,grade
CID100004635,drug,oxycodone,CHEMBL233,CHEMBL233,fatigue,induces,pharmacological,B,0.6,0.065,SIDER 4.1; targets CHEMBL233:AGONIST,False,,,,,,,,,"[[""GENE:OPRM1"", 1.0, 1.0]]",3,3,0,0.9994582753435345,grade
CID100004635,drug,oxycodone,CHEMBL233,CHEMBL233,cognitive_impairment,induces,pharmacological,B,0.6,,SIDER 4.1; targets CHEMBL233:AGONIST,False,,,,,,,,,"[[""GENE:OPRM1"", 1.0, 1.0]]",1,1,0,0.9993638692815722,grade
CID100004635,drug,oxycodone,CHEMBL233,CHEMBL233,somnolence_or_hypersomnia,induces,pharmacological,B,0.6,0.235,SIDER 4.1; targets CHEMBL233:AGONIST,False,,,,,,,,,"[[""GENE:OPRM1"", 1.0, 1.0]]",2,2,0,0.9995386773806634,grade
CID100004635,drug,oxycodone,CHEMBL233,CHEMBL233,psychosis,induces,pharmacological,B,0.6,,SIDER 4.1; targets CHEMBL233:AGONIST,False,,,,,,,,,"[[""GENE:OPRM1"", 1.0, 1.0]]",1,1,0,0.9993638692815722,grade
CID100004635,drug,oxycodone,CHEMBL233,CHEMBL233,irritability_or_aggression,induces,pharmacological,B,0.6,,SIDER 4.1; targets CHEMBL233:AGONIST,False,,,,,,,,,"[[""GENE:OPRM1"", 1.0, 1.0]]",1,1,0,0.9993638692815722,grade
CID100004635,drug,oxycodone,CHEMBL233,CHEMBL233,psychomotor_agitation,induces,pharmacological,B,0.6,,SIDER 4.1; targets CHEMBL233:AGONIST,False,,,,,,,,,"[[""GENE:OPRM1"", 1.0, 1.0]]",1,1,0,0.9993638692815722,grade
CID100004635,drug,oxycodone,CHEMBL233,CHEMBL233,elevated_mood_or_mania,induces,pharmacological,B,0.6,,SIDER 4.1; targets CHEMBL233:AGONIST,False,,,,,,,,,"[[""GENE:OPRM1"", 1.0, 1.0]]",1,1,0,0.9993638692815722,grade
CID100004635,drug,oxycodone,CHEMBL233,CHEMBL233,insomnia,induces,pharmacological,B,0.3,0.05,SIDER 4.1; targets CHEMBL233:AGONIST,False,,,,,,,,,"[[""GENE:OPRM1"", 1.0, 1.0]]",1,1,0,0.9994582753435345,grade
CID100004737,drug,pentobarbital,CHEMBL2093872,CHEMBL2093872,anxiety,induces,pharmacological,B,0.6,,SIDER 4.1; targets CHEMBL2093872:POSITIVE ALLOSTERIC MODULATOR,False,,,,,,,,,"[[""GENE:GABRA1"", 0.5, 0.07692307692307693], [""GENE:GABRA2"", 0.5, 0.07692307692307693], [""GENE:GABRA3"", 0.5, 0.07692307692307693], [""GENE:GABRA4"", 0.5, 0.07692307692307693], [""GENE:GABRA5"", 0.5, 0.07692307692307693], [""GENE:GABRA6"", 0.5, 0.07692307692307693], [""GENE:GABRB1"", 0.5, 0.07692307692307693], [""GENE:GABRB2"", 0.5, 0.07692307692307693], [""GENE:GABRB3"", 0.5, 0.07692307692307693], [""GENE:GABRD"", 0.5, 0.07692307692307693], [""GENE:GABRE"", 0.5, 0.07692307692307693], [""GENE:GABRG2"", 0.5, 0.07692307692307693], [""GENE:GABRQ"", 0.5, 0.07692307692307693]]",2,2,0,0.9993638692815722,grade
CID100004737,drug,pentobarbital,CHEMBL2093872,CHEMBL2093872,cognitive_impairment,induces,pharmacological,B,0.6,,SIDER 4.1; targets CHEMBL2093872:POSITIVE ALLOSTERIC MODULATOR,False,,,,,,,,,"[[""GENE:GABRA1"", 0.5, 0.07692307692307693], [""GENE:GABRA2"", 0.5, 0.07692307692307693], [""GENE:GABRA3"", 0.5, 0.07692307692307693], [""GENE:GABRA4"", 0.5, 0.07692307692307693], [""GENE:GABRA5"", 0.5, 0.07692307692307693], [""GENE:GABRA6"", 0.5, 0.07692307692307693], [""GENE:GABRB1"", 0.5, 0.07692307692307693], [""GENE:GABRB2"", 0.5, 0.07692307692307693], [""GENE:GABRB3"", 0.5, 0.07692307692307693], [""GENE:GABRD"", 0.5, 0.07692307692307693], [""GENE:GABRE"", 0.5, 0.07692307692307693], [""GENE:GABRG2"", 0.5, 0.07692307692307693], [""GENE:GABRQ"", 0.5, 0.07692307692307693]]",1,1,0,0.9993638692815722,grade
CID100004737,drug,pentobarbital,CHEMBL2093872,CHEMBL2093872,psychosis,induces,pharmacological,B,0.6,,SIDER 4.1; targets CHEMBL2093872:POSITIVE ALLOSTERIC MODULATOR,False,,,,,,,,,"[[""GENE:GABRA1"", 0.5, 0.07692307692307693], [""GENE:GABRA2"", 0.5, 0.07692307692307693], [""GENE:GABRA3"", 0.5, 0.07692307692307693], [""GENE:GABRA4"", 0.5, 0.07692307692307693], [""GENE:GABRA5"", 0.5, 0.07692307692307693], [""GENE:GABRA6"", 0.5, 0.07692307692307693], [""GENE:GABRB1"", 0.5, 0.07692307692307693], [""GENE:GABRB2"", 0.5, 0.07692307692307693], [""GENE:GABRB3"", 0.5, 0.07692307692307693], [""GENE:GABRD"", 0.5, 0.07692307692307693], [""GENE:GABRE"", 0.5, 0.07692307692307693], [""GENE:GABRG2"", 0.5, 0.07692307692307693], [""GENE:GABRQ"", 0.5, 0.07692307692307693]]",1,1,0,0.9993638692815722,grade
CID100004737,drug,pentobarbital,CHEMBL2093872,CHEMBL2093872,psychomotor_agitation,induces,pharmacological,B,0.6,,SIDER 4.1; targets CHEMBL2093872:POSITIVE ALLOSTERIC MODULATOR,False,,,,,,,,,"[[""GENE:GABRA1"", 0.5, 0.07692307692307693], [""GENE:GABRA2"", 0.5, 0.07692307692307693], [""GENE:GABRA3"", 0.5, 0.07692307692307693], [""GENE:GABRA4"", 0.5, 0.07692307692307693], [""GENE:GABRA5"", 0.5, 0.07692307692307693], [""GENE:GABRA6"", 0.5, 0.07692307692307693], [""GENE:GABRB1"", 0.5, 0.07692307692307693], [""GENE:GABRB2"", 0.5, 0.07692307692307693], [""GENE:GABRB3"", 0.5, 0.07692307692307693], [""GENE:GABRD"", 0.5, 0.07692307692307693], [""GENE:GABRE"", 0.5, 0.07692307692307693], [""GENE:GABRG2"", 0.5, 0.07692307692307693], [""GENE:GABRQ"", 0.5, 0.07692307692307693]]",1,1,0,0.9993638692815722,grade
CID100004737,drug,pentobarbital,CHEMBL2093872,CHEMBL2093872,somnolence_or_hypersomnia,induces,pharmacological,B,0.6,,SIDER 4.1; targets CHEMBL2093872:POSITIVE ALLOSTERIC MODULATOR,False,,,,,,,,,"[[""GENE:GABRA1"", 0.5, 0.07692307692307693], [""GENE:GABRA2"", 0.5, 0.07692307692307693], [""GENE:GABRA3"", 0.5, 0.07692307692307693], [""GENE:GABRA4"", 0.5, 0.07692307692307693], [""GENE:GABRA5"", 0.5, 0.07692307692307693], [""GENE:GABRA6"", 0.5, 0.07692307692307693], [""GENE:GABRB1"", 0.5, 0.07692307692307693], [""GENE:GABRB2"", 0.5, 0.07692307692307693], [""GENE:GABRB3"", 0.5, 0.07692307692307693], [""GENE:GABRD"", 0.5, 0.07692307692307693], [""GENE:GABRE"", 0.5, 0.07692307692307693], [""GENE:GABRG2"", 0.5, 0.07692307692307693], [""GENE:GABRQ"", 0.5, 0.07692307692307693]]",1,1,0,0.9993638692815722,grade
CID100004748,drug,perphenazine,CHEMBL217,CHEMBL217,somnolence_or_hypersomnia,induces,pharmacological,B,0.6,,SIDER 4.1; targets CHEMBL217:ANTAGONIST,False,,,,,,,,,"[[""GENE:DRD2"", -1.0, 1.0]]",1,1,0,0.9993638692815722,grade
CID100004748,drug,perphenazine,CHEMBL217,CHEMBL217,psychosis,induces,pharmacological,B,0.6,,SIDER 4.1; targets CHEMBL217:ANTAGONIST,False,,,,,,,,,"[[""GENE:DRD2"", -1.0, 1.0]]",1,1,0,0.9993638692815722,grade
CID100004748,drug,perphenazine,CHEMBL217,CHEMBL217,psychomotor_agitation,induces,pharmacological,B,0.6,,SIDER 4.1; targets CHEMBL217:ANTAGONIST,False,,,,,,,,,"[[""GENE:DRD2"", -1.0, 1.0]]",1,1,0,0.9993638692815722,grade
CID100004748,drug,perphenazine,CHEMBL217,CHEMBL217,cognitive_impairment,induces,pharmacological,B,0.6,,SIDER 4.1; targets CHEMBL217:ANTAGONIST,False,,,,,,,,,"[[""GENE:DRD2"", -1.0, 1.0]]",1,1,0,0.9993638692815722,grade
CID100004748,drug,perphenazine,CHEMBL217,CHEMBL217,insomnia,induces,pharmacological,B,0.6,,SIDER 4.1; targets CHEMBL217:ANTAGONIST,False,,,,,,,,,"[[""GENE:DRD2"", -1.0, 1.0]]",1,1,0,0.9993638692815722,grade
CID100004906,drug,prilocaine,CHEMBL2331043,CHEMBL2331043,fatigue,induces,pharmacological,B,0.6,,SIDER 4.1; targets CHEMBL2331043:BLOCKER,True,,,,,,,,,"[[""GENE:SCN10A"", -1.0, 0.1], [""GENE:SCN11A"", -1.0, 0.1], [""GENE:SCN1A"", -1.0, 0.1], [""GENE:SCN2A"", -1.0, 0.1], [""GENE:SCN3A"", -1.0, 0.1], [""GENE:SCN4A"", -1.0, 0.1], [""GENE:SCN5A"", -1.0, 0.1], [""GENE:SCN7A"", -1.0, 0.1], [""GENE:SCN8A"", -1.0, 0.1], [""GENE:SCN9A"", -1.0, 0.1]]",1,1,0,0.9993638692815722,grade
CID100004906,drug,prilocaine,CHEMBL2331043,CHEMBL2331043,cognitive_impairment,induces,pharmacological,B,0.6,,SIDER 4.1; targets CHEMBL2331043:BLOCKER,True,,,,,,,,,"[[""GENE:SCN10A"", -1.0, 0.1], [""GENE:SCN11A"", -1.0, 0.1], [""GENE:SCN1A"", -1.0, 0.1], [""GENE:SCN2A"", -1.0, 0.1], [""GENE:SCN3A"", -1.0, 0.1], [""GENE:SCN4A"", -1.0, 0.1], [""GENE:SCN5A"", -1.0, 0.1], [""GENE:SCN7A"", -1.0, 0.1], [""GENE:SCN8A"", -1.0, 0.1], [""GENE:SCN9A"", -1.0, 0.1]]",1,1,0,0.9993638692815722,grade
CID100004906,drug,prilocaine,CHEMBL2331043,CHEMBL2331043,somnolence_or_hypersomnia,induces,pharmacological,B,0.6,,SIDER 4.1; targets CHEMBL2331043:BLOCKER,True,,,,,,,,,"[[""GENE:SCN10A"", -1.0, 0.1], [""GENE:SCN11A"", -1.0, 0.1], [""GENE:SCN1A"", -1.0, 0.1], [""GENE:SCN2A"", -1.0, 0.1], [""GENE:SCN3A"", -1.0, 0.1], [""GENE:SCN4A"", -1.0, 0.1], [""GENE:SCN5A"", -1.0, 0.1], [""GENE:SCN7A"", -1.0, 0.1], [""GENE:SCN8A"", -1.0, 0.1], [""GENE:SCN9A"", -1.0, 0.1]]",1,1,0,0.9993638692815722,grade
CID100004906,drug,prilocaine,CHEMBL2331043,CHEMBL2331043,anxiety,induces,pharmacological,B,0.6,,SIDER 4.1; targets CHEMBL2331043:BLOCKER,True,,,,,,,,,"[[""GENE:SCN10A"", -1.0, 0.1], [""GENE:SCN11A"", -1.0, 0.1], [""GENE:SCN1A"", -1.0, 0.1], [""GENE:SCN2A"", -1.0, 0.1], [""GENE:SCN3A"", -1.0, 0.1], [""GENE:SCN4A"", -1.0, 0.1], [""GENE:SCN5A"", -1.0, 0.1], [""GENE:SCN7A"", -1.0, 0.1], [""GENE:SCN8A"", -1.0, 0.1], [""GENE:SCN9A"", -1.0, 0.1]]",2,2,0,0.9993638692815722,grade
CID100004906,drug,prilocaine,CHEMBL2331043,CHEMBL2331043,elevated_mood_or_mania,induces,pharmacological,B,0.6,,SIDER 4.1; targets CHEMBL2331043:BLOCKER,True,,,,,,,,,"[[""GENE:SCN10A"", -1.0, 0.1], [""GENE:SCN11A"", -1.0, 0.1], [""GENE:SCN1A"", -1.0, 0.1], [""GENE:SCN2A"", -1.0, 0.1], [""GENE:SCN3A"", -1.0, 0.1], [""GENE:SCN4A"", -1.0, 0.1], [""GENE:SCN5A"", -1.0, 0.1], [""GENE:SCN7A"", -1.0, 0.1], [""GENE:SCN8A"", -1.0, 0.1], [""GENE:SCN9A"", -1.0, 0.1]]",1,1,0,0.9993638692815722,grade
CID100004917,drug,prochlorperazine,CHEMBL217,CHEMBL217,somnolence_or_hypersomnia,induces,pharmacological,B,0.6,,SIDER 4.1; targets CHEMBL217:ANTAGONIST,False,,,,,,,,,"[[""GENE:DRD2"", -1.0, 1.0]]",1,1,0,0.9993638692815722,grade
CID100004917,drug,prochlorperazine,CHEMBL217,CHEMBL217,psychomotor_agitation,induces,pharmacological,B,0.6,,SIDER 4.1; targets CHEMBL217:ANTAGONIST,False,,,,,,,,,"[[""GENE:DRD2"", -1.0, 1.0]]",1,1,0,0.9993638692815722,grade
CID100004917,drug,prochlorperazine,CHEMBL217,CHEMBL217,anxiety,induces,pharmacological,B,0.6,,SIDER 4.1; targets CHEMBL217:ANTAGONIST,False,,,,,,,,,"[[""GENE:DRD2"", -1.0, 1.0]]",1,1,0,0.9993638692815722,grade
CID100004917,drug,prochlorperazine,CHEMBL217,CHEMBL217,insomnia,induces,pharmacological,B,0.6,,SIDER 4.1; targets CHEMBL217:ANTAGONIST,False,,,,,,,,,"[[""GENE:DRD2"", -1.0, 1.0]]",1,1,0,0.9993638692815722,grade
CID100004943,drug,propofol,CHEMBL2093872,CHEMBL2093872,anxiety,induces,pharmacological,B,0.6,,SIDER 4.1; targets CHEMBL2093872:POSITIVE ALLOSTERIC MODULATOR,False,,,,,,,,,"[[""GENE:GABRA1"", 0.5, 0.07692307692307693], [""GENE:GABRA2"", 0.5, 0.07692307692307693], [""GENE:GABRA3"", 0.5, 0.07692307692307693], [""GENE:GABRA4"", 0.5, 0.07692307692307693], [""GENE:GABRA5"", 0.5, 0.07692307692307693], [""GENE:GABRA6"", 0.5, 0.07692307692307693], [""GENE:GABRB1"", 0.5, 0.07692307692307693], [""GENE:GABRB2"", 0.5, 0.07692307692307693], [""GENE:GABRB3"", 0.5, 0.07692307692307693], [""GENE:GABRD"", 0.5, 0.07692307692307693], [""GENE:GABRE"", 0.5, 0.07692307692307693], [""GENE:GABRG2"", 0.5, 0.07692307692307693], [""GENE:GABRQ"", 0.5, 0.07692307692307693]]",1,1,0,0.9993638692815722,grade
CID100004943,drug,propofol,CHEMBL2093872,CHEMBL2093872,fatigue,induces,pharmacological,B,0.6,,SIDER 4.1; targets CHEMBL2093872:POSITIVE ALLOSTERIC MODULATOR,False,,,,,,,,,"[[""GENE:GABRA1"", 0.5, 0.07692307692307693], [""GENE:GABRA2"", 0.5, 0.07692307692307693], [""GENE:GABRA3"", 0.5, 0.07692307692307693], [""GENE:GABRA4"", 0.5, 0.07692307692307693], [""GENE:GABRA5"", 0.5, 0.07692307692307693], [""GENE:GABRA6"", 0.5, 0.07692307692307693], [""GENE:GABRB1"", 0.5, 0.07692307692307693], [""GENE:GABRB2"", 0.5, 0.07692307692307693], [""GENE:GABRB3"", 0.5, 0.07692307692307693], [""GENE:GABRD"", 0.5, 0.07692307692307693], [""GENE:GABRE"", 0.5, 0.07692307692307693], [""GENE:GABRG2"", 0.5, 0.07692307692307693], [""GENE:GABRQ"", 0.5, 0.07692307692307693]]",2,2,0,0.9993638692815722,grade
CID100004943,drug,propofol,CHEMBL2093872,CHEMBL2093872,cognitive_impairment,induces,pharmacological,B,0.6,,SIDER 4.1; targets CHEMBL2093872:POSITIVE ALLOSTERIC MODULATOR,False,,,,,,,,,"[[""GENE:GABRA1"", 0.5, 0.07692307692307693], [""GENE:GABRA2"", 0.5, 0.07692307692307693], [""GENE:GABRA3"", 0.5, 0.07692307692307693], [""GENE:GABRA4"", 0.5, 0.07692307692307693], [""GENE:GABRA5"", 0.5, 0.07692307692307693], [""GENE:GABRA6"", 0.5, 0.07692307692307693], [""GENE:GABRB1"", 0.5, 0.07692307692307693], [""GENE:GABRB2"", 0.5, 0.07692307692307693], [""GENE:GABRB3"", 0.5, 0.07692307692307693], [""GENE:GABRD"", 0.5, 0.07692307692307693], [""GENE:GABRE"", 0.5, 0.07692307692307693], [""GENE:GABRG2"", 0.5, 0.07692307692307693], [""GENE:GABRQ"", 0.5, 0.07692307692307693]]",1,1,0,0.9993638692815722,grade
CID100004943,drug,propofol,CHEMBL2093872,CHEMBL2093872,depressed_mood,induces,pharmacological,B,0.6,,SIDER 4.1; targets CHEMBL2093872:POSITIVE ALLOSTERIC MODULATOR,False,,,,,,,,,"[[""GENE:GABRA1"", 0.5, 0.07692307692307693], [""GENE:GABRA2"", 0.5, 0.07692307692307693], [""GENE:GABRA3"", 0.5, 0.07692307692307693], [""GENE:GABRA4"", 0.5, 0.07692307692307693], [""GENE:GABRA5"", 0.5, 0.07692307692307693], [""GENE:GABRA6"", 0.5, 0.07692307692307693], [""GENE:GABRB1"", 0.5, 0.07692307692307693], [""GENE:GABRB2"", 0.5, 0.07692307692307693], [""GENE:GABRB3"", 0.5, 0.07692307692307693], [""GENE:GABRD"", 0.5, 0.07692307692307693], [""GENE:GABRE"", 0.5, 0.07692307692307693], [""GENE:GABRG2"", 0.5, 0.07692307692307693], [""GENE:GABRQ"", 0.5, 0.07692307692307693]]",1,1,0,0.9993638692815722,grade
CID100004943,drug,propofol,CHEMBL2093872,CHEMBL2093872,psychosis,induces,pharmacological,B,0.6,,SIDER 4.1; targets CHEMBL2093872:POSITIVE ALLOSTERIC MODULATOR,False,,,,,,,,,"[[""GENE:GABRA1"", 0.5, 0.07692307692307693], [""GENE:GABRA2"", 0.5, 0.07692307692307693], [""GENE:GABRA3"", 0.5, 0.07692307692307693], [""GENE:GABRA4"", 0.5, 0.07692307692307693], [""GENE:GABRA5"", 0.5, 0.07692307692307693], [""GENE:GABRA6"", 0.5, 0.07692307692307693], [""GENE:GABRB1"", 0.5, 0.07692307692307693], [""GENE:GABRB2"", 0.5, 0.07692307692307693], [""GENE:GABRB3"", 0.5, 0.07692307692307693], [""GENE:GABRD"", 0.5, 0.07692307692307693], [""GENE:GABRE"", 0.5, 0.07692307692307693], [""GENE:GABRG2"", 0.5, 0.07692307692307693], [""GENE:GABRQ"", 0.5, 0.07692307692307693]]",1,1,0,0.9993638692815722,grade
CID100004943,drug,propofol,CHEMBL2093872,CHEMBL2093872,psychomotor_agitation,induces,pharmacological,B,0.6,,SIDER 4.1; targets CHEMBL2093872:POSITIVE ALLOSTERIC MODULATOR,False,,,,,,,,,"[[""GENE:GABRA1"", 0.5, 0.07692307692307693], [""GENE:GABRA2"", 0.5, 0.07692307692307693], [""GENE:GABRA3"", 0.5, 0.07692307692307693], [""GENE:GABRA4"", 0.5, 0.07692307692307693], [""GENE:GABRA5"", 0.5, 0.07692307692307693], [""GENE:GABRA6"", 0.5, 0.07692307692307693], [""GENE:GABRB1"", 0.5, 0.07692307692307693], [""GENE:GABRB2"", 0.5, 0.07692307692307693], [""GENE:GABRB3"", 0.5, 0.07692307692307693], [""GENE:GABRD"", 0.5, 0.07692307692307693], [""GENE:GABRE"", 0.5, 0.07692307692307693], [""GENE:GABRG2"", 0.5, 0.07692307692307693], [""GENE:GABRQ"", 0.5, 0.07692307692307693]]",1,1,0,0.9993638692815722,grade
CID100004943,drug,propofol,CHEMBL2093872,CHEMBL2093872,elevated_mood_or_mania,induces,pharmacological,B,0.6,,SIDER 4.1; targets CHEMBL2093872:POSITIVE ALLOSTERIC MODULATOR,False,,,,,,,,,"[[""GENE:GABRA1"", 0.5, 0.07692307692307693], [""GENE:GABRA2"", 0.5, 0.07692307692307693], [""GENE:GABRA3"", 0.5, 0.07692307692307693], [""GENE:GABRA4"", 0.5, 0.07692307692307693], [""GENE:GABRA5"", 0.5, 0.07692307692307693], [""GENE:GABRA6"", 0.5, 0.07692307692307693], [""GENE:GABRB1"", 0.5, 0.07692307692307693], [""GENE:GABRB2"", 0.5, 0.07692307692307693], [""GENE:GABRB3"", 0.5, 0.07692307692307693], [""GENE:GABRD"", 0.5, 0.07692307692307693], [""GENE:GABRE"", 0.5, 0.07692307692307693], [""GENE:GABRG2"", 0.5, 0.07692307692307693], [""GENE:GABRQ"", 0.5, 0.07692307692307693]]",1,1,0,0.9993638692815722,grade
CID100004943,drug,propofol,CHEMBL2093872,CHEMBL2093872,insomnia,induces,pharmacological,B,0.6,,SIDER 4.1; targets CHEMBL2093872:POSITIVE ALLOSTERIC MODULATOR,False,,,,,,,,,"[[""GENE:GABRA1"", 0.5, 0.07692307692307693], [""GENE:GABRA2"", 0.5, 0.07692307692307693], [""GENE:GABRA3"", 0.5, 0.07692307692307693], [""GENE:GABRA4"", 0.5, 0.07692307692307693], [""GENE:GABRA5"", 0.5, 0.07692307692307693], [""GENE:GABRA6"", 0.5, 0.07692307692307693], [""GENE:GABRB1"", 0.5, 0.07692307692307693], [""GENE:GABRB2"", 0.5, 0.07692307692307693], [""GENE:GABRB3"", 0.5, 0.07692307692307693], [""GENE:GABRD"", 0.5, 0.07692307692307693], [""GENE:GABRE"", 0.5, 0.07692307692307693], [""GENE:GABRG2"", 0.5, 0.07692307692307693], [""GENE:GABRQ"", 0.5, 0.07692307692307693]]",1,1,0,0.9993638692815722,grade
CID100004943,drug,propofol,CHEMBL2093872,CHEMBL2093872,somnolence_or_hypersomnia,induces,pharmacological,B,0.6,,SIDER 4.1; targets CHEMBL2093872:POSITIVE ALLOSTERIC MODULATOR,False,,,,,,,,,"[[""GENE:GABRA1"", 0.5, 0.07692307692307693], [""GENE:GABRA2"", 0.5, 0.07692307692307693], [""GENE:GABRA3"", 0.5, 0.07692307692307693], [""GENE:GABRA4"", 0.5, 0.07692307692307693], [""GENE:GABRA5"", 0.5, 0.07692307692307693], [""GENE:GABRA6"", 0.5, 0.07692307692307693], [""GENE:GABRB1"", 0.5, 0.07692307692307693], [""GENE:GABRB2"", 0.5, 0.07692307692307693], [""GENE:GABRB3"", 0.5, 0.07692307692307693], [""GENE:GABRD"", 0.5, 0.07692307692307693], [""GENE:GABRE"", 0.5, 0.07692307692307693], [""GENE:GABRG2"", 0.5, 0.07692307692307693], [""GENE:GABRQ"", 0.5, 0.07692307692307693]]",1,1,0,0.9993638692815722,grade
CID100004999,drug,quazepam,CHEMBL2093872,CHEMBL2093872,somnolence_or_hypersomnia,induces,pharmacological,B,0.6,0.12,SIDER 4.1; targets CHEMBL2093872:POSITIVE ALLOSTERIC MODULATOR,False,,,,,,,,,"[[""GENE:GABRA1"", 0.5, 0.07692307692307693], [""GENE:GABRA2"", 0.5, 0.07692307692307693], [""GENE:GABRA3"", 0.5, 0.07692307692307693], [""GENE:GABRA4"", 0.5, 0.07692307692307693], [""GENE:GABRA5"", 0.5, 0.07692307692307693], [""GENE:GABRA6"", 0.5, 0.07692307692307693], [""GENE:GABRB1"", 0.5, 0.07692307692307693], [""GENE:GABRB2"", 0.5, 0.07692307692307693], [""GENE:GABRB3"", 0.5, 0.07692307692307693], [""GENE:GABRD"", 0.5, 0.07692307692307693], [""GENE:GABRE"", 0.5, 0.07692307692307693], [""GENE:GABRG2"", 0.5, 0.07692307692307693], [""GENE:GABRQ"", 0.5, 0.07692307692307693]]",1,1,0,0.9995386773806634,grade
CID100004999,drug,quazepam,CHEMBL2093872,CHEMBL2093872,fatigue,induces,pharmacological,B,0.15,0.02,SIDER 4.1; targets CHEMBL2093872:POSITIVE ALLOSTERIC MODULATOR,False,,,,,,,,,"[[""GENE:GABRA1"", 0.5, 0.07692307692307693], [""GENE:GABRA2"", 0.5, 0.07692307692307693], [""GENE:GABRA3"", 0.5, 0.07692307692307693], [""GENE:GABRA4"", 0.5, 0.07692307692307693], [""GENE:GABRA5"", 0.5, 0.07692307692307693], [""GENE:GABRA6"", 0.5, 0.07692307692307693], [""GENE:GABRB1"", 0.5, 0.07692307692307693], [""GENE:GABRB2"", 0.5, 0.07692307692307693], [""GENE:GABRB3"", 0.5, 0.07692307692307693], [""GENE:GABRD"", 0.5, 0.07692307692307693], [""GENE:GABRE"", 0.5, 0.07692307692307693], [""GENE:GABRG2"", 0.5, 0.07692307692307693], [""GENE:GABRQ"", 0.5, 0.07692307692307693]]",2,2,0,0.9995386773806634,grade
CID100005070,drug,riluzole,CHEMBL2331043,CHEMBL2331043,anxiety,induces,pharmacological,B,0.6,,SIDER 4.1; targets CHEMBL2331043:BLOCKER,True,,,,,,,,,"[[""GENE:SCN10A"", -1.0, 0.1], [""GENE:SCN11A"", -1.0, 0.1], [""GENE:SCN1A"", -1.0, 0.1], [""GENE:SCN2A"", -1.0, 0.1], [""GENE:SCN3A"", -1.0, 0.1], [""GENE:SCN4A"", -1.0, 0.1], [""GENE:SCN5A"", -1.0, 0.1], [""GENE:SCN7A"", -1.0, 0.1], [""GENE:SCN8A"", -1.0, 0.1], [""GENE:SCN9A"", -1.0, 0.1]]",2,2,0,0.9993638692815722,grade
CID100005070,drug,riluzole,CHEMBL2331043,CHEMBL2331043,fatigue,induces,pharmacological,B,0.6,0.18033333333333332,SIDER 4.1; targets CHEMBL2331043:BLOCKER,True,,,,,,,,,"[[""GENE:SCN10A"", -1.0, 0.1], [""GENE:SCN11A"", -1.0, 0.1], [""GENE:SCN1A"", -1.0, 0.1], [""GENE:SCN2A"", -1.0, 0.1], [""GENE:SCN3A"", -1.0, 0.1], [""GENE:SCN4A"", -1.0, 0.1], [""GENE:SCN5A"", -1.0, 0.1], [""GENE:SCN7A"", -1.0, 0.1], [""GENE:SCN8A"", -1.0, 0.1], [""GENE:SCN9A"", -1.0, 0.1]]",4,4,0,0.9995386773806634,grade
CID100005070,drug,riluzole,CHEMBL2331043,CHEMBL2331043,cognitive_impairment,induces,pharmacological,B,0.15,0.0055,SIDER 4.1; targets CHEMBL2331043:BLOCKER,True,,,,,,,,,"[[""GENE:SCN10A"", -1.0, 0.1], [""GENE:SCN11A"", -1.0, 0.1], [""GENE:SCN1A"", -1.0, 0.1], [""GENE:SCN2A"", -1.0, 0.1], [""GENE:SCN3A"", -1.0, 0.1], [""GENE:SCN4A"", -1.0, 0.1], [""GENE:SCN5A"", -1.0, 0.1], [""GENE:SCN7A"", -1.0, 0.1], [""GENE:SCN8A"", -1.0, 0.1], [""GENE:SCN9A"", -1.0, 0.1]]",1,1,0,0.9994582753435345,grade
CID100005070,drug,riluzole,CHEMBL2331043,CHEMBL2331043,psychosis,induces,pharmacological,B,0.15,0.0055,SIDER 4.1; targets CHEMBL2331043:BLOCKER,True,,,,,,,,,"[[""GENE:SCN10A"", -1.0, 0.1], [""GENE:SCN11A"", -1.0, 0.1], [""GENE:SCN1A"", -1.0, 0.1], [""GENE:SCN2A"", -1.0, 0.1], [""GENE:SCN3A"", -1.0, 0.1], [""GENE:SCN4A"", -1.0, 0.1], [""GENE:SCN5A"", -1.0, 0.1], [""GENE:SCN7A"", -1.0, 0.1], [""GENE:SCN8A"", -1.0, 0.1], [""GENE:SCN9A"", -1.0, 0.1]]",5,5,0,0.9994582753435345,grade
CID100005070,drug,riluzole,CHEMBL2331043,CHEMBL2331043,depressed_mood,induces,pharmacological,B,0.296,0.04933333333333333,SIDER 4.1; targets CHEMBL2331043:BLOCKER,True,,,,,,,,,"[[""GENE:SCN10A"", -1.0, 0.1], [""GENE:SCN11A"", -1.0, 0.1], [""GENE:SCN1A"", -1.0, 0.1], [""GENE:SCN2A"", -1.0, 0.1], [""GENE:SCN3A"", -1.0, 0.1], [""GENE:SCN4A"", -1.0, 0.1], [""GENE:SCN5A"", -1.0, 0.1], [""GENE:SCN7A"", -1.0, 0.1], [""GENE:SCN8A"", -1.0, 0.1], [""GENE:SCN9A"", -1.0, 0.1]]",3,3,0,0.9995386773806634,grade
CID100005070,drug,riluzole,CHEMBL2331043,CHEMBL2331043,psychomotor_agitation,induces,pharmacological,B,0.6,0.505,SIDER 4.1; targets CHEMBL2331043:BLOCKER,True,,,,,,,,,"[[""GENE:SCN10A"", -1.0, 0.1], [""GENE:SCN11A"", -1.0, 0.1], [""GENE:SCN1A"", -1.0, 0.1], [""GENE:SCN2A"", -1.0, 0.1], [""GENE:SCN3A"", -1.0, 0.1], [""GENE:SCN4A"", -1.0, 0.1], [""GENE:SCN5A"", -1.0, 0.1], [""GENE:SCN7A"", -1.0, 0.1], [""GENE:SCN8A"", -1.0, 0.1], [""GENE:SCN9A"", -1.0, 0.1]]",1,1,0,0.9994582753435345,grade
CID100005070,drug,riluzole,CHEMBL2331043,CHEMBL2331043,elevated_mood_or_mania,induces,pharmacological,B,0.15,0.0055,SIDER 4.1; targets CHEMBL2331043:BLOCKER,True,,,,,,,,,"[[""GENE:SCN10A"", -1.0, 0.1], [""GENE:SCN11A"", -1.0, 0.1], [""GENE:SCN1A"", -1.0, 0.1], [""GENE:SCN2A"", -1.0, 0.1], [""GENE:SCN3A"", -1.0, 0.1], [""GENE:SCN4A"", -1.0, 0.1], [""GENE:SCN5A"", -1.0, 0.1], [""GENE:SCN7A"", -1.0, 0.1], [""GENE:SCN8A"", -1.0, 0.1], [""GENE:SCN9A"", -1.0, 0.1]]",3,3,0,0.9994582753435345,grade
CID100005070,drug,riluzole,CHEMBL2331043,CHEMBL2331043,insomnia,induces,pharmacological,B,0.16999999999999998,0.028333333333333335,SIDER 4.1; targets CHEMBL2331043:BLOCKER,True,,,,,,,,,"[[""GENE:SCN10A"", -1.0, 0.1], [""GENE:SCN11A"", -1.0, 0.1], [""GENE:SCN1A"", -1.0, 0.1], [""GENE:SCN2A"", -1.0, 0.1], [""GENE:SCN3A"", -1.0, 0.1], [""GENE:SCN4A"", -1.0, 0.1], [""GENE:SCN5A"", -1.0, 0.1], [""GENE:SCN7A"", -1.0, 0.1], [""GENE:SCN8A"", -1.0, 0.1], [""GENE:SCN9A"", -1.0, 0.1]]",3,3,0,0.9995386773806634,grade
CID100005070,drug,riluzole,CHEMBL2331043,CHEMBL2331043,somnolence_or_hypersomnia,induces,pharmacological,B,0.15,0.02266666666666667,SIDER 4.1; targets CHEMBL2331043:BLOCKER,True,,,,,,,,,"[[""GENE:SCN10A"", -1.0, 0.1], [""GENE:SCN11A"", -1.0, 0.1], [""GENE:SCN1A"", -1.0, 0.1], [""GENE:SCN2A"", -1.0, 0.1], [""GENE:SCN3A"", -1.0, 0.1], [""GENE:SCN4A"", -1.0, 0.1], [""GENE:SCN5A"", -1.0, 0.1], [""GENE:SCN7A"", -1.0, 0.1], [""GENE:SCN8A"", -1.0, 0.1], [""GENE:SCN9A"", -1.0, 0.1]]",3,3,0,0.9995386773806634,grade
CID100005077,drug,rivastigmine,CHEMBL2095233,CHEMBL2095233,irritability_or_aggression,induces,pharmacological,B,0.3737999999999999,0.06229999999999999,SIDER 4.1; targets CHEMBL2095233:INHIBITOR,True,,,,,,,,,"[[""GENE:ACHE"", -1.0, 0.5], [""GENE:BCHE"", -1.0, 0.5]]",10,10,0,0.9995386773806634,grade
CID100005077,drug,rivastigmine,CHEMBL2095233,CHEMBL2095233,anxiety,induces,pharmacological,B,0.6,0.10916666666666668,SIDER 4.1; targets CHEMBL2095233:INHIBITOR,True,,,,,,,,,"[[""GENE:ACHE"", -1.0, 0.5], [""GENE:BCHE"", -1.0, 0.5]]",7,7,0,0.9995386773806634,grade
CID100005077,drug,rivastigmine,CHEMBL2095233,CHEMBL2095233,fatigue,induces,pharmacological,B,0.49090909090909085,0.08181818181818182,SIDER 4.1; targets CHEMBL2095233:INHIBITOR,True,,,,,,,,,"[[""GENE:ACHE"", -1.0, 0.5], [""GENE:BCHE"", -1.0, 0.5]]",31,31,0,0.9995386773806634,grade
CID100005077,drug,rivastigmine,CHEMBL2095233,CHEMBL2095233,cognitive_impairment,induces,pharmacological,B,0.6,0.273875,SIDER 4.1; targets CHEMBL2095233:INHIBITOR,True,,,,,,,,,"[[""GENE:ACHE"", -1.0, 0.5], [""GENE:BCHE"", -1.0, 0.5]]",5,5,0,0.9995386773806634,grade
CID100005077,drug,rivastigmine,CHEMBL2095233,CHEMBL2095233,psychosis,induces,pharmacological,B,0.6,0.25525,SIDER 4.1; targets CHEMBL2095233:INHIBITOR,True,,,,,,,,,"[[""GENE:ACHE"", -1.0, 0.5], [""GENE:BCHE"", -1.0, 0.5]]",9,9,0,0.9995386773806634,grade
CID100005077,drug,rivastigmine,CHEMBL2095233,CHEMBL2095233,depressed_mood,induces,pharmacological,B,0.6,0.11750000000000001,SIDER 4.1; targets CHEMBL2095233:INHIBITOR,True,,,,,,,,,"[[""GENE:ACHE"", -1.0, 0.5], [""GENE:BCHE"", -1.0, 0.5]]",6,6,0,0.9995386773806634,grade
CID100005077,drug,rivastigmine,CHEMBL2095233,CHEMBL2095233,somnolence_or_hypersomnia,induces,pharmacological,B,0.5295,0.08825,SIDER 4.1; targets CHEMBL2095233:INHIBITOR,True,,,,,,,,,"[[""GENE:ACHE"", -1.0, 0.5], [""GENE:BCHE"", -1.0, 0.5]]",8,8,0,0.9995386773806634,grade
CID100005077,drug,rivastigmine,CHEMBL2095233,CHEMBL2095233,psychomotor_agitation,induces,pharmacological,B,0.6,0.11929166666666667,SIDER 4.1; targets CHEMBL2095233:INHIBITOR,True,,,,,,,,,"[[""GENE:ACHE"", -1.0, 0.5], [""GENE:BCHE"", -1.0, 0.5]]",12,12,0,0.9995386773806634,grade
CID100005077,drug,rivastigmine,CHEMBL2095233,CHEMBL2095233,insomnia,induces,pharmacological,B,0.2466,0.041100000000000005,SIDER 4.1; targets CHEMBL2095233:INHIBITOR,True,,,,,,,,,"[[""GENE:ACHE"", -1.0, 0.5], [""GENE:BCHE"", -1.0, 0.5]]",10,10,0,0.9995386773806634,grade
CID100005195,drug,deprenyl,CHEMBL2039,CHEMBL2039,anxiety,induces,pharmacological,B,0.15,0.00525,SIDER 4.1; targets CHEMBL2039:INHIBITOR,True,,,,,,,,,"[[""GENE:MAOB"", -1.0, 1.0]]",3,3,0,0.9995386773806634,grade
CID100005195,drug,deprenyl,CHEMBL2039,CHEMBL2039,fatigue,induces,pharmacological,B,0.6,,SIDER 4.1; targets CHEMBL2039:INHIBITOR,True,,,,,,,,,"[[""GENE:MAOB"", -1.0, 1.0]]",2,2,0,0.9993638692815722,grade
CID100005195,drug,deprenyl,CHEMBL2039,CHEMBL2039,cognitive_impairment,induces,pharmacological,B,0.6,0.011999999999999999,SIDER 4.1; targets CHEMBL2039:INHIBITOR,True,,,,,,,,,"[[""GENE:MAOB"", -1.0, 1.0]]",4,4,0,0.9995386773806634,grade
CID100005195,drug,deprenyl,CHEMBL2039,CHEMBL2039,psychosis,induces,pharmacological,B,0.6,0.023500000000000004,SIDER 4.1; targets CHEMBL2039:INHIBITOR,True,,,,,,,,,"[[""GENE:MAOB"", -1.0, 1.0]]",5,5,0,0.9995386773806634,grade
CID100005195,drug,deprenyl,CHEMBL2039,CHEMBL2039,depressed_mood,induces,pharmacological,B,0.15,0.02,SIDER 4.1; targets CHEMBL2039:INHIBITOR,True,,,,,,,,,"[[""GENE:MAOB"", -1.0, 1.0]]",1,1,0,0.9995386773806634,grade
CID100005195,drug,deprenyl,CHEMBL2039,CHEMBL2039,somnolence_or_hypersomnia,induces,pharmacological,B,0.15,0.01525,SIDER 4.1; targets CHEMBL2039:INHIBITOR,True,,,,,,,,,"[[""GENE:MAOB"", -1.0, 1.0]]",2,2,0,0.9995386773806634,grade
CID100005195,drug,deprenyl,CHEMBL2039,CHEMBL2039,irritability_or_aggression,induces,pharmacological,B,0.6,0.0005,SIDER 4.1; targets CHEMBL2039:INHIBITOR,True,,,,,,,,,"[[""GENE:MAOB"", -1.0, 1.0]]",2,2,0,0.9994582753435345,grade
CID100005195,drug,deprenyl,CHEMBL2039,CHEMBL2039,psychomotor_agitation,induces,pharmacological,B,0.6,0.1703333333333333,SIDER 4.1; targets CHEMBL2039:INHIBITOR,True,,,,,,,,,"[[""GENE:MAOB"", -1.0, 1.0]]",3,3,0,0.9994582753435345,grade
CID100005195,drug,deprenyl,CHEMBL2039,CHEMBL2039,elevated_mood_or_mania,induces,pharmacological,B,0.15,0.0055,SIDER 4.1; targets CHEMBL2039:INHIBITOR,True,,,,,,,,,"[[""GENE:MAOB"", -1.0, 1.0]]",3,3,0,0.9994582753435345,grade
CID100005195,drug,deprenyl,CHEMBL2039,CHEMBL2039,insomnia,induces,pharmacological,B,0.30074999999999996,0.050125,SIDER 4.1; targets CHEMBL2039:INHIBITOR,True,,,,,,,,,"[[""GENE:MAOB"", -1.0, 1.0]]",4,4,0,0.9995386773806634,grade
CID100005203,drug,sertraline,CHEMBL228,CHEMBL228,irritability_or_aggression,induces,pharmacological,B,0.15,0.007333333333333333,SIDER 4.1; targets CHEMBL228:INHIBITOR,True,,,,,,,,,"[[""GENE:SLC6A4"", -1.0, 1.0]]",3,3,0,0.9994582753435345,grade
CID100005203,drug,sertraline,CHEMBL228,CHEMBL228,anxiety,induces,pharmacological,B,0.6,0.1271,SIDER 4.1; targets CHEMBL228:INHIBITOR,True,,,,,,,,,"[[""GENE:SLC6A4"", -1.0, 1.0]]",10,10,0,0.9995386773806634,grade
CID100005203,drug,sertraline,CHEMBL228,CHEMBL228,fatigue,induces,pharmacological,B,0.6,0.20100000000000004,SIDER 4.1; targets CHEMBL228:INHIBITOR,True,,,,,,,,,"[[""GENE:SLC6A4"", -1.0, 1.0]]",19,19,0,0.9995386773806634,grade
CID100005203,drug,sertraline,CHEMBL228,CHEMBL228,cognitive_impairment,induces,pharmacological,B,0.6,0.25275,SIDER 4.1; targets CHEMBL228:INHIBITOR,True,,,,,,,,,"[[""GENE:SLC6A4"", -1.0, 1.0]]",5,5,0,0.9994582753435345,grade
CID100005203,drug,sertraline,CHEMBL228,CHEMBL228,psychosis,induces,pharmacological,B,0.15,0.0055,SIDER 4.1; targets CHEMBL228:INHIBITOR,True,,,,,,,,,"[[""GENE:SLC6A4"", -1.0, 1.0]]",5,5,0,0.9994582753435345,grade
CID100005203,drug,sertraline,CHEMBL228,CHEMBL228,depressed_mood,induces,pharmacological,B,0.15,0.00825,SIDER 4.1; targets CHEMBL228:INHIBITOR,True,,,,,,,,,"[[""GENE:SLC6A4"", -1.0, 1.0]]",2,2,0,0.9994582753435345,grade
CID100005203,drug,sertraline,CHEMBL228,CHEMBL228,somnolence_or_hypersomnia,induces,pharmacological,B,0.6,0.13144444444444447,SIDER 4.1; targets CHEMBL228:INHIBITOR,True,,,,,,,,,"[[""GENE:SLC6A4"", -1.0, 1.0]]",9,9,0,0.9995386773806634,grade
CID100005203,drug,sertraline,CHEMBL228,CHEMBL228,psychomotor_agitation,induces,pharmacological,B,0.5335714285714285,0.08892857142857143,SIDER 4.1; targets CHEMBL228:INHIBITOR,True,,,,,,,,,"[[""GENE:SLC6A4"", -1.0, 1.0]]",14,14,0,0.9995386773806634,grade
CID100005203,drug,sertraline,CHEMBL228,CHEMBL228,elevated_mood_or_mania,induces,pharmacological,B,0.15,0.003833333333333333,SIDER 4.1; targets CHEMBL228:INHIBITOR,True,,,,,,,,,"[[""GENE:SLC6A4"", -1.0, 1.0]]",4,4,0,0.9994582753435345,grade
CID100005203,drug,sertraline,CHEMBL228,CHEMBL228,insomnia,induces,pharmacological,B,0.6,0.1620714285714286,SIDER 4.1; targets CHEMBL228:INHIBITOR,True,,,,,,,,,"[[""GENE:SLC6A4"", -1.0, 1.0]]",14,14,0,0.9995386773806634,grade
CID100005391,drug,temazepam,CHEMBL2093872,CHEMBL2093872,irritability_or_aggression,induces,pharmacological,B,0.6,,SIDER 4.1; targets CHEMBL2093872:POSITIVE ALLOSTERIC MODULATOR,False,,,,,,,,,"[[""GENE:GABRA1"", 0.5, 0.07692307692307693], [""GENE:GABRA2"", 0.5, 0.07692307692307693], [""GENE:GABRA3"", 0.5, 0.07692307692307693], [""GENE:GABRA4"", 0.5, 0.07692307692307693], [""GENE:GABRA5"", 0.5, 0.07692307692307693], [""GENE:GABRA6"", 0.5, 0.07692307692307693], [""GENE:GABRB1"", 0.5, 0.07692307692307693], [""GENE:GABRB2"", 0.5, 0.07692307692307693], [""GENE:GABRB3"", 0.5, 0.07692307692307693], [""GENE:GABRD"", 0.5, 0.07692307692307693], [""GENE:GABRE"", 0.5, 0.07692307692307693], [""GENE:GABRG2"", 0.5, 0.07692307692307693], [""GENE:GABRQ"", 0.5, 0.07692307692307693]]",2,2,0,0.9993638692815722,grade
CID100005391,drug,temazepam,CHEMBL2093872,CHEMBL2093872,anxiety,induces,pharmacological,B,0.384,0.064,SIDER 4.1; targets CHEMBL2093872:POSITIVE ALLOSTERIC MODULATOR,False,,,,,,,,,"[[""GENE:GABRA1"", 0.5, 0.07692307692307693], [""GENE:GABRA2"", 0.5, 0.07692307692307693], [""GENE:GABRA3"", 0.5, 0.07692307692307693], [""GENE:GABRA4"", 0.5, 0.07692307692307693], [""GENE:GABRA5"", 0.5, 0.07692307692307693], [""GENE:GABRA6"", 0.5, 0.07692307692307693], [""GENE:GABRB1"", 0.5, 0.07692307692307693], [""GENE:GABRB2"", 0.5, 0.07692307692307693], [""GENE:GABRB3"", 0.5, 0.07692307692307693], [""GENE:GABRD"", 0.5, 0.07692307692307693], [""GENE:GABRE"", 0.5, 0.07692307692307693], [""GENE:GABRG2"", 0.5, 0.07692307692307693], [""GENE:GABRQ"", 0.5, 0.07692307692307693]]",4,4,0,0.9995386773806634,grade
CID100005391,drug,temazepam,CHEMBL2093872,CHEMBL2093872,fatigue,induces,pharmacological,B,0.285,0.0475,SIDER 4.1; targets CHEMBL2093872:POSITIVE ALLOSTERIC MODULATOR,False,,,,,,,,,"[[""GENE:GABRA1"", 0.5, 0.07692307692307693], [""GENE:GABRA2"", 0.5, 0.07692307692307693], [""GENE:GABRA3"", 0.5, 0.07692307692307693], [""GENE:GABRA4"", 0.5, 0.07692307692307693], [""GENE:GABRA5"", 0.5, 0.07692307692307693], [""GENE:GABRA6"", 0.5, 0.07692307692307693], [""GENE:GABRB1"", 0.5, 0.07692307692307693], [""GENE:GABRB2"", 0.5, 0.07692307692307693], [""GENE:GABRB3"", 0.5, 0.07692307692307693], [""GENE:GABRD"", 0.5, 0.07692307692307693], [""GENE:GABRE"", 0.5, 0.07692307692307693], [""GENE:GABRG2"", 0.5, 0.07692307692307693], [""GENE:GABRQ"", 0.5, 0.07692307692307693]]",6,6,0,0.9995386773806634,grade
CID100005391,drug,temazepam,CHEMBL2093872,CHEMBL2093872,cognitive_impairment,induces,pharmacological,B,0.15,0.009,SIDER 4.1; targets CHEMBL2093872:POSITIVE ALLOSTERIC MODULATOR,False,,,,,,,,,"[[""GENE:GABRA1"", 0.5, 0.07692307692307693], [""GENE:GABRA2"", 0.5, 0.07692307692307693], [""GENE:GABRA3"", 0.5, 0.07692307692307693], [""GENE:GABRA4"", 0.5, 0.07692307692307693], [""GENE:GABRA5"", 0.5, 0.07692307692307693], [""GENE:GABRA6"", 0.5, 0.07692307692307693], [""GENE:GABRB1"", 0.5, 0.07692307692307693], [""GENE:GABRB2"", 0.5, 0.07692307692307693], [""GENE:GABRB3"", 0.5, 0.07692307692307693], [""GENE:GABRD"", 0.5, 0.07692307692307693], [""GENE:GABRE"", 0.5, 0.07692307692307693], [""GENE:GABRG2"", 0.5, 0.07692307692307693], [""GENE:GABRQ"", 0.5, 0.07692307692307693]]",2,2,0,0.9995386773806634,grade
CID100005391,drug,temazepam,CHEMBL2093872,CHEMBL2093872,depressed_mood,induces,pharmacological,B,0.15,0.0175,SIDER 4.1; targets CHEMBL2093872:POSITIVE ALLOSTERIC MODULATOR,False,,,,,,,,,"[[""GENE:GABRA1"", 0.5, 0.07692307692307693], [""GENE:GABRA2"", 0.5, 0.07692307692307693], [""GENE:GABRA3"", 0.5, 0.07692307692307693], [""GENE:GABRA4"", 0.5, 0.07692307692307693], [""GENE:GABRA5"", 0.5, 0.07692307692307693], [""GENE:GABRA6"", 0.5, 0.07692307692307693], [""GENE:GABRB1"", 0.5, 0.07692307692307693], [""GENE:GABRB2"", 0.5, 0.07692307692307693], [""GENE:GABRB3"", 0.5, 0.07692307692307693], [""GENE:GABRD"", 0.5, 0.07692307692307693], [""GENE:GABRE"", 0.5, 0.07692307692307693], [""GENE:GABRG2"", 0.5, 0.07692307692307693], [""GENE:GABRQ"", 0.5, 0.07692307692307693]]",2,2,0,0.9995386773806634,grade
CID100005391,drug,temazepam,CHEMBL2093872,CHEMBL2093872,somnolence_or_hypersomnia,induces,pharmacological,B,0.441,0.0735,SIDER 4.1; targets CHEMBL2093872:POSITIVE ALLOSTERIC MODULATOR,False,,,,,,,,,"[[""GENE:GABRA1"", 0.5, 0.07692307692307693], [""GENE:GABRA2"", 0.5, 0.07692307692307693], [""GENE:GABRA3"", 0.5, 0.07692307692307693], [""GENE:GABRA4"", 0.5, 0.07692307692307693], [""GENE:GABRA5"", 0.5, 0.07692307692307693], [""GENE:GABRA6"", 0.5, 0.07692307692307693], [""GENE:GABRB1"", 0.5, 0.07692307692307693], [""GENE:GABRB2"", 0.5, 0.07692307692307693], [""GENE:GABRB3"", 0.5, 0.07692307692307693], [""GENE:GABRD"", 0.5, 0.07692307692307693], [""GENE:GABRE"", 0.5, 0.07692307692307693], [""GENE:GABRG2"", 0.5, 0.07692307692307693], [""GENE:GABRQ"", 0.5, 0.07692307692307693]]",2,2,0,0.9995386773806634,grade
CID100005391,drug,temazepam,CHEMBL2093872,CHEMBL2093872,psychosis,induces,pharmacological,B,0.6,,SIDER 4.1; targets CHEMBL2093872:POSITIVE ALLOSTERIC MODULATOR,False,,,,,,,,,"[[""GENE:GABRA1"", 0.5, 0.07692307692307693], [""GENE:GABRA2"", 0.5, 0.07692307692307693], [""GENE:GABRA3"", 0.5, 0.07692307692307693], [""GENE:GABRA4"", 0.5, 0.07692307692307693], [""GENE:GABRA5"", 0.5, 0.07692307692307693], [""GENE:GABRA6"", 0.5, 0.07692307692307693], [""GENE:GABRB1"", 0.5, 0.07692307692307693], [""GENE:GABRB2"", 0.5, 0.07692307692307693], [""GENE:GABRB3"", 0.5, 0.07692307692307693], [""GENE:GABRD"", 0.5, 0.07692307692307693], [""GENE:GABRE"", 0.5, 0.07692307692307693], [""GENE:GABRG2"", 0.5, 0.07692307692307693], [""GENE:GABRQ"", 0.5, 0.07692307692307693]]",1,1,0,0.9993638692815722,grade
CID100005391,drug,temazepam,CHEMBL2093872,CHEMBL2093872,psychomotor_agitation,induces,pharmacological,B,0.6,,SIDER 4.1; targets CHEMBL2093872:POSITIVE ALLOSTERIC MODULATOR,False,,,,,,,,,"[[""GENE:GABRA1"", 0.5, 0.07692307692307693], [""GENE:GABRA2"", 0.5, 0.07692307692307693], [""GENE:GABRA3"", 0.5, 0.07692307692307693], [""GENE:GABRA4"", 0.5, 0.07692307692307693], [""GENE:GABRA5"", 0.5, 0.07692307692307693], [""GENE:GABRA6"", 0.5, 0.07692307692307693], [""GENE:GABRB1"", 0.5, 0.07692307692307693], [""GENE:GABRB2"", 0.5, 0.07692307692307693], [""GENE:GABRB3"", 0.5, 0.07692307692307693], [""GENE:GABRD"", 0.5, 0.07692307692307693], [""GENE:GABRE"", 0.5, 0.07692307692307693], [""GENE:GABRG2"", 0.5, 0.07692307692307693], [""GENE:GABRQ"", 0.5, 0.07692307692307693]]",1,1,0,0.9993638692815722,grade
CID100005391,drug,temazepam,CHEMBL2093872,CHEMBL2093872,elevated_mood_or_mania,induces,pharmacological,B,0.15,0.0095,SIDER 4.1; targets CHEMBL2093872:POSITIVE ALLOSTERIC MODULATOR,False,,,,,,,,,"[[""GENE:GABRA1"", 0.5, 0.07692307692307693], [""GENE:GABRA2"", 0.5, 0.07692307692307693], [""GENE:GABRA3"", 0.5, 0.07692307692307693], [""GENE:GABRA4"", 0.5, 0.07692307692307693], [""GENE:GABRA5"", 0.5, 0.07692307692307693], [""GENE:GABRA6"", 0.5, 0.07692307692307693], [""GENE:GABRB1"", 0.5, 0.07692307692307693], [""GENE:GABRB2"", 0.5, 0.07692307692307693], [""GENE:GABRB3"", 0.5, 0.07692307692307693], [""GENE:GABRD"", 0.5, 0.07692307692307693], [""GENE:GABRE"", 0.5, 0.07692307692307693], [""GENE:GABRG2"", 0.5, 0.07692307692307693], [""GENE:GABRQ"", 0.5, 0.07692307692307693]]",2,2,0,0.9995386773806634,grade
CID100005411,drug,tetracaine,CHEMBL2331043,CHEMBL2331043,somnolence_or_hypersomnia,induces,pharmacological,B,0.6,,SIDER 4.1; targets CHEMBL2331043:BLOCKER,True,,,,,,,,,"[[""GENE:SCN10A"", -1.0, 0.1], [""GENE:SCN11A"", -1.0, 0.1], [""GENE:SCN1A"", -1.0, 0.1], [""GENE:SCN2A"", -1.0, 0.1], [""GENE:SCN3A"", -1.0, 0.1], [""GENE:SCN4A"", -1.0, 0.1], [""GENE:SCN5A"", -1.0, 0.1], [""GENE:SCN7A"", -1.0, 0.1], [""GENE:SCN8A"", -1.0, 0.1], [""GENE:SCN9A"", -1.0, 0.1]]",1,1,0,0.9993638692815722,grade
CID100005411,drug,tetracaine,CHEMBL2331043,CHEMBL2331043,anxiety,induces,pharmacological,B,0.6,,SIDER 4.1; targets CHEMBL2331043:BLOCKER,True,,,,,,,,,"[[""GENE:SCN10A"", -1.0, 0.1], [""GENE:SCN11A"", -1.0, 0.1], [""GENE:SCN1A"", -1.0, 0.1], [""GENE:SCN2A"", -1.0, 0.1], [""GENE:SCN3A"", -1.0, 0.1], [""GENE:SCN4A"", -1.0, 0.1], [""GENE:SCN5A"", -1.0, 0.1], [""GENE:SCN7A"", -1.0, 0.1], [""GENE:SCN8A"", -1.0, 0.1], [""GENE:SCN9A"", -1.0, 0.1]]",1,1,0,0.9993638692815722,grade
CID100005411,drug,tetracaine,CHEMBL2331043,CHEMBL2331043,psychomotor_agitation,induces,pharmacological,B,0.6,,SIDER 4.1; targets CHEMBL2331043:BLOCKER,True,,,,,,,,,"[[""GENE:SCN10A"", -1.0, 0.1], [""GENE:SCN11A"", -1.0, 0.1], [""GENE:SCN1A"", -1.0, 0.1], [""GENE:SCN2A"", -1.0, 0.1], [""GENE:SCN3A"", -1.0, 0.1], [""GENE:SCN4A"", -1.0, 0.1], [""GENE:SCN5A"", -1.0, 0.1], [""GENE:SCN7A"", -1.0, 0.1], [""GENE:SCN8A"", -1.0, 0.1], [""GENE:SCN9A"", -1.0, 0.1]]",1,1,0,0.9993638692815722,grade
CID100005530,drug,tranylcypromine,CHEMBL2095205,CHEMBL2095205,anxiety,induces,pharmacological,B,0.6,,SIDER 4.1; targets CHEMBL2095205:INHIBITOR,True,,,,,,,,,"[[""GENE:MAOA"", -1.0, 0.5], [""GENE:MAOB"", -1.0, 0.5]]",1,1,0,0.9993638692815722,grade
CID100005530,drug,tranylcypromine,CHEMBL2095205,CHEMBL2095205,fatigue,induces,pharmacological,B,0.6,,SIDER 4.1; targets CHEMBL2095205:INHIBITOR,True,,,,,,,,,"[[""GENE:MAOA"", -1.0, 0.5], [""GENE:MAOB"", -1.0, 0.5]]",1,1,0,0.9993638692815722,grade
CID100005530,drug,tranylcypromine,CHEMBL2095205,CHEMBL2095205,cognitive_impairment,induces,pharmacological,B,0.15,0.0005,SIDER 4.1; targets CHEMBL2095205:INHIBITOR,True,,,,,,,,,"[[""GENE:MAOA"", -1.0, 0.5], [""GENE:MAOB"", -1.0, 0.5]]",1,1,0,0.9994582753435345,grade
CID100005530,drug,tranylcypromine,CHEMBL2095205,CHEMBL2095205,somnolence_or_hypersomnia,induces,pharmacological,B,0.6,,SIDER 4.1; targets CHEMBL2095205:INHIBITOR,True,,,,,,,,,"[[""GENE:MAOA"", -1.0, 0.5], [""GENE:MAOB"", -1.0, 0.5]]",1,1,0,0.9993638692815722,grade
CID100005530,drug,tranylcypromine,CHEMBL2095205,CHEMBL2095205,insomnia,induces,pharmacological,B,0.6,,SIDER 4.1; targets CHEMBL2095205:INHIBITOR,True,,,,,,,,,"[[""GENE:MAOA"", -1.0, 0.5], [""GENE:MAOB"", -1.0, 0.5]]",1,1,0,0.9993638692815722,grade
CID100005530,drug,tranylcypromine,CHEMBL2095205,CHEMBL2095205,psychomotor_agitation,induces,pharmacological,B,0.6,,SIDER 4.1; targets CHEMBL2095205:INHIBITOR,True,,,,,,,,,"[[""GENE:MAOA"", -1.0, 0.5], [""GENE:MAOB"", -1.0, 0.5]]",1,1,0,0.9993638692815722,grade
CID100005556,drug,triazolam,CHEMBL2093872,CHEMBL2093872,irritability_or_aggression,induces,pharmacological,B,0.6,,SIDER 4.1; targets CHEMBL2093872:POSITIVE ALLOSTERIC MODULATOR,False,,,,,,,,,"[[""GENE:GABRA1"", 0.5, 0.07692307692307693], [""GENE:GABRA2"", 0.5, 0.07692307692307693], [""GENE:GABRA3"", 0.5, 0.07692307692307693], [""GENE:GABRA4"", 0.5, 0.07692307692307693], [""GENE:GABRA5"", 0.5, 0.07692307692307693], [""GENE:GABRA6"", 0.5, 0.07692307692307693], [""GENE:GABRB1"", 0.5, 0.07692307692307693], [""GENE:GABRB2"", 0.5, 0.07692307692307693], [""GENE:GABRB3"", 0.5, 0.07692307692307693], [""GENE:GABRD"", 0.5, 0.07692307692307693], [""GENE:GABRE"", 0.5, 0.07692307692307693], [""GENE:GABRG2"", 0.5, 0.07692307692307693], [""GENE:GABRQ"", 0.5, 0.07692307692307693]]",2,2,0,0.9993638692815722,grade
CID100005556,drug,triazolam,CHEMBL2093872,CHEMBL2093872,anxiety,induces,pharmacological,B,0.6,0.052,SIDER 4.1; targets CHEMBL2093872:POSITIVE ALLOSTERIC MODULATOR,False,,,,,,,,,"[[""GENE:GABRA1"", 0.5, 0.07692307692307693], [""GENE:GABRA2"", 0.5, 0.07692307692307693], [""GENE:GABRA3"", 0.5, 0.07692307692307693], [""GENE:GABRA4"", 0.5, 0.07692307692307693], [""GENE:GABRA5"", 0.5, 0.07692307692307693], [""GENE:GABRA6"", 0.5, 0.07692307692307693], [""GENE:GABRB1"", 0.5, 0.07692307692307693], [""GENE:GABRB2"", 0.5, 0.07692307692307693], [""GENE:GABRB3"", 0.5, 0.07692307692307693], [""GENE:GABRD"", 0.5, 0.07692307692307693], [""GENE:GABRE"", 0.5, 0.07692307692307693], [""GENE:GABRG2"", 0.5, 0.07692307692307693], [""GENE:GABRQ"", 0.5, 0.07692307692307693]]",2,2,0,0.9995386773806634,grade
CID100005556,drug,triazolam,CHEMBL2093872,CHEMBL2093872,fatigue,induces,pharmacological,B,0.6,,SIDER 4.1; targets CHEMBL2093872:POSITIVE ALLOSTERIC MODULATOR,False,,,,,,,,,"[[""GENE:GABRA1"", 0.5, 0.07692307692307693], [""GENE:GABRA2"", 0.5, 0.07692307692307693], [""GENE:GABRA3"", 0.5, 0.07692307692307693], [""GENE:GABRA4"", 0.5, 0.07692307692307693], [""GENE:GABRA5"", 0.5, 0.07692307692307693], [""GENE:GABRA6"", 0.5, 0.07692307692307693], [""GENE:GABRB1"", 0.5, 0.07692307692307693], [""GENE:GABRB2"", 0.5, 0.07692307692307693], [""GENE:GABRB3"", 0.5, 0.07692307692307693], [""GENE:GABRD"", 0.5, 0.07692307692307693], [""GENE:GABRE"", 0.5, 0.07692307692307693], [""GENE:GABRG2"", 0.5, 0.07692307692307693], [""GENE:GABRQ"", 0.5, 0.07692307692307693]]",2,2,0,0.9993638692815722,grade
CID100005556,drug,triazolam,CHEMBL2093872,CHEMBL2093872,cognitive_impairment,induces,pharmacological,B,0.6,,SIDER 4.1; targets CHEMBL2093872:POSITIVE ALLOSTERIC MODULATOR,False,,,,,,,,,"[[""GENE:GABRA1"", 0.5, 0.07692307692307693], [""GENE:GABRA2"", 0.5, 0.07692307692307693], [""GENE:GABRA3"", 0.5, 0.07692307692307693], [""GENE:GABRA4"", 0.5, 0.07692307692307693], [""GENE:GABRA5"", 0.5, 0.07692307692307693], [""GENE:GABRA6"", 0.5, 0.07692307692307693], [""GENE:GABRB1"", 0.5, 0.07692307692307693], [""GENE:GABRB2"", 0.5, 0.07692307692307693], [""GENE:GABRB3"", 0.5, 0.07692307692307693], [""GENE:GABRD"", 0.5, 0.07692307692307693], [""GENE:GABRE"", 0.5, 0.07692307692307693], [""GENE:GABRG2"", 0.5, 0.07692307692307693], [""GENE:GABRQ"", 0.5, 0.07692307692307693]]",2,2,0,0.9993638692815722,grade
CID100005556,drug,triazolam,CHEMBL2093872,CHEMBL2093872,psychosis,induces,pharmacological,B,0.6,,SIDER 4.1; targets CHEMBL2093872:POSITIVE ALLOSTERIC MODULATOR,False,,,,,,,,,"[[""GENE:GABRA1"", 0.5, 0.07692307692307693], [""GENE:GABRA2"", 0.5, 0.07692307692307693], [""GENE:GABRA3"", 0.5, 0.07692307692307693], [""GENE:GABRA4"", 0.5, 0.07692307692307693], [""GENE:GABRA5"", 0.5, 0.07692307692307693], [""GENE:GABRA6"", 0.5, 0.07692307692307693], [""GENE:GABRB1"", 0.5, 0.07692307692307693], [""GENE:GABRB2"", 0.5, 0.07692307692307693], [""GENE:GABRB3"", 0.5, 0.07692307692307693], [""GENE:GABRD"", 0.5, 0.07692307692307693], [""GENE:GABRE"", 0.5, 0.07692307692307693], [""GENE:GABRG2"", 0.5, 0.07692307692307693], [""GENE:GABRQ"", 0.5, 0.07692307692307693]]",2,2,0,0.9993638692815722,grade
CID100005556,drug,triazolam,CHEMBL2093872,CHEMBL2093872,somnolence_or_hypersomnia,induces,pharmacological,B,0.6,0.14,SIDER 4.1; targets CHEMBL2093872:POSITIVE ALLOSTERIC MODULATOR,False,,,,,,,,,"[[""GENE:GABRA1"", 0.5, 0.07692307692307693], [""GENE:GABRA2"", 0.5, 0.07692307692307693], [""GENE:GABRA3"", 0.5, 0.07692307692307693], [""GENE:GABRA4"", 0.5, 0.07692307692307693], [""GENE:GABRA5"", 0.5, 0.07692307692307693], [""GENE:GABRA6"", 0.5, 0.07692307692307693], [""GENE:GABRB1"", 0.5, 0.07692307692307693], [""GENE:GABRB2"", 0.5, 0.07692307692307693], [""GENE:GABRB3"", 0.5, 0.07692307692307693], [""GENE:GABRD"", 0.5, 0.07692307692307693], [""GENE:GABRE"", 0.5, 0.07692307692307693], [""GENE:GABRG2"", 0.5, 0.07692307692307693], [""GENE:GABRQ"", 0.5, 0.07692307692307693]]",1,1,0,0.9995386773806634,grade
CID100005556,drug,triazolam,CHEMBL2093872,CHEMBL2093872,psychomotor_agitation,induces,pharmacological,B,0.6,,SIDER 4.1; targets CHEMBL2093872:POSITIVE ALLOSTERIC MODULATOR,False,,,,,,,,,"[[""GENE:GABRA1"", 0.5, 0.07692307692307693], [""GENE:GABRA2"", 0.5, 0.07692307692307693], [""GENE:GABRA3"", 0.5, 0.07692307692307693], [""GENE:GABRA4"", 0.5, 0.07692307692307693], [""GENE:GABRA5"", 0.5, 0.07692307692307693], [""GENE:GABRA6"", 0.5, 0.07692307692307693], [""GENE:GABRB1"", 0.5, 0.07692307692307693], [""GENE:GABRB2"", 0.5, 0.07692307692307693], [""GENE:GABRB3"", 0.5, 0.07692307692307693], [""GENE:GABRD"", 0.5, 0.07692307692307693], [""GENE:GABRE"", 0.5, 0.07692307692307693], [""GENE:GABRG2"", 0.5, 0.07692307692307693], [""GENE:GABRQ"", 0.5, 0.07692307692307693]]",1,1,0,0.9993638692815722,grade
CID100005556,drug,triazolam,CHEMBL2093872,CHEMBL2093872,elevated_mood_or_mania,induces,pharmacological,B,0.6,,SIDER 4.1; targets CHEMBL2093872:POSITIVE ALLOSTERIC MODULATOR,False,,,,,,,,,"[[""GENE:GABRA1"", 0.5, 0.07692307692307693], [""GENE:GABRA2"", 0.5, 0.07692307692307693], [""GENE:GABRA3"", 0.5, 0.07692307692307693], [""GENE:GABRA4"", 0.5, 0.07692307692307693], [""GENE:GABRA5"", 0.5, 0.07692307692307693], [""GENE:GABRA6"", 0.5, 0.07692307692307693], [""GENE:GABRB1"", 0.5, 0.07692307692307693], [""GENE:GABRB2"", 0.5, 0.07692307692307693], [""GENE:GABRB3"", 0.5, 0.07692307692307693], [""GENE:GABRD"", 0.5, 0.07692307692307693], [""GENE:GABRE"", 0.5, 0.07692307692307693], [""GENE:GABRG2"", 0.5, 0.07692307692307693], [""GENE:GABRQ"", 0.5, 0.07692307692307693]]",2,2,0,0.9993638692815722,grade
CID100005556,drug,triazolam,CHEMBL2093872,CHEMBL2093872,insomnia,induces,pharmacological,B,0.6,,SIDER 4.1; targets CHEMBL2093872:POSITIVE ALLOSTERIC MODULATOR,False,,,,,,,,,"[[""GENE:GABRA1"", 0.5, 0.07692307692307693], [""GENE:GABRA2"", 0.5, 0.07692307692307693], [""GENE:GABRA3"", 0.5, 0.07692307692307693], [""GENE:GABRA4"", 0.5, 0.07692307692307693], [""GENE:GABRA5"", 0.5, 0.07692307692307693], [""GENE:GABRA6"", 0.5, 0.07692307692307693], [""GENE:GABRB1"", 0.5, 0.07692307692307693], [""GENE:GABRB2"", 0.5, 0.07692307692307693], [""GENE:GABRB3"", 0.5, 0.07692307692307693], [""GENE:GABRD"", 0.5, 0.07692307692307693], [""GENE:GABRE"", 0.5, 0.07692307692307693], [""GENE:GABRG2"", 0.5, 0.07692307692307693], [""GENE:GABRQ"", 0.5, 0.07692307692307693]]",1,1,0,0.9993638692815722,grade
CID100005576,drug,trimethadione,CHEMBL2362995,CHEMBL2362995,somnolence_or_hypersomnia,induces,pharmacological,B,0.6,,SIDER 4.1; targets CHEMBL2362995:BLOCKER,False,,,,,,,,,"[[""GENE:CACNA1G"", -1.0, 0.3333333333333333], [""GENE:CACNA1H"", -1.0, 0.3333333333333333], [""GENE:CACNA1I"", -1.0, 0.3333333333333333]]",1,1,0,0.9993638692815722,grade
CID100005576,drug,trimethadione,CHEMBL2362995,CHEMBL2362995,fatigue,induces,pharmacological,B,0.6,,SIDER 4.1; targets CHEMBL2362995:BLOCKER,False,,,,,,,,,"[[""GENE:CACNA1G"", -1.0, 0.3333333333333333], [""GENE:CACNA1H"", -1.0, 0.3333333333333333], [""GENE:CACNA1I"", -1.0, 0.3333333333333333]]",2,2,0,0.9993638692815722,grade
CID100005576,drug,trimethadione,CHEMBL2362995,CHEMBL2362995,irritability_or_aggression,induces,pharmacological,B,0.6,,SIDER 4.1; targets CHEMBL2362995:BLOCKER,False,,,,,,,,,"[[""GENE:CACNA1G"", -1.0, 0.3333333333333333], [""GENE:CACNA1H"", -1.0, 0.3333333333333333], [""GENE:CACNA1I"", -1.0, 0.3333333333333333]]",1,1,0,0.9993638692815722,grade
CID100005576,drug,trimethadione,CHEMBL2362995,CHEMBL2362995,insomnia,induces,pharmacological,B,0.6,,SIDER 4.1; targets CHEMBL2362995:BLOCKER,False,,,,,,,,,"[[""GENE:CACNA1G"", -1.0, 0.3333333333333333], [""GENE:CACNA1H"", -1.0, 0.3333333333333333], [""GENE:CACNA1I"", -1.0, 0.3333333333333333]]",1,1,0,0.9993638692815722,grade
CID100005665,drug,vigabatrin,CHEMBL2044,CHEMBL2044,irritability_or_aggression,induces,pharmacological,B,0.6,0.2775,SIDER 4.1; targets CHEMBL2044:INHIBITOR,True,,,,,,,,,"[[""GENE:ABAT"", -1.0, 1.0]]",6,6,0,0.9995386773806634,grade
CID100005665,drug,vigabatrin,CHEMBL2044,CHEMBL2044,anxiety,induces,pharmacological,B,0.6,0.19166666666666665,SIDER 4.1; targets CHEMBL2044:INHIBITOR,True,,,,,,,,,"[[""GENE:ABAT"", -1.0, 1.0]]",5,5,0,0.9995386773806634,grade
CID100005665,drug,vigabatrin,CHEMBL2044,CHEMBL2044,fatigue,induces,pharmacological,B,0.6,0.3175,SIDER 4.1; targets CHEMBL2044:INHIBITOR,True,,,,,,,,,"[[""GENE:ABAT"", -1.0, 1.0]]",10,10,0,0.9995386773806634,grade
CID100005665,drug,vigabatrin,CHEMBL2044,CHEMBL2044,cognitive_impairment,induces,pharmacological,B,0.6,0.245,SIDER 4.1; targets CHEMBL2044:INHIBITOR,True,,,,,,,,,"[[""GENE:ABAT"", -1.0, 1.0]]",9,9,0,0.9995386773806634,grade
CID100005665,drug,vigabatrin,CHEMBL2044,CHEMBL2044,depressed_mood,induces,pharmacological,B,0.6,0.1,SIDER 4.1; targets CHEMBL2044:INHIBITOR,True,,,,,,,,,"[[""GENE:ABAT"", -1.0, 1.0]]",4,4,0,0.9995386773806634,grade
CID100005665,drug,vigabatrin,CHEMBL2044,CHEMBL2044,somnolence_or_hypersomnia,induces,pharmacological,B,0.6,0.21857142857142856,SIDER 4.1; targets CHEMBL2044:INHIBITOR,True,,,,,,,,,"[[""GENE:ABAT"", -1.0, 1.0]]",7,7,0,0.9995386773806634,grade
CID100005665,drug,vigabatrin,CHEMBL2044,CHEMBL2044,psychosis,induces,pharmacological,B,0.15,0.003,SIDER 4.1; targets CHEMBL2044:INHIBITOR,True,,,,,,,,,"[[""GENE:ABAT"", -1.0, 1.0]]",4,4,0,0.9994582753435345,grade
CID100005665,drug,vigabatrin,CHEMBL2044,CHEMBL2044,psychomotor_agitation,induces,pharmacological,B,0.6,0.273875,SIDER 4.1; targets CHEMBL2044:INHIBITOR,True,,,,,,,,,"[[""GENE:ABAT"", -1.0, 1.0]]",4,4,0,0.9995386773806634,grade
CID100005665,drug,vigabatrin,CHEMBL2044,CHEMBL2044,elevated_mood_or_mania,induces,pharmacological,B,0.15,0.0055,SIDER 4.1; targets CHEMBL2044:INHIBITOR,True,,,,,,,,,"[[""GENE:ABAT"", -1.0, 1.0]]",3,3,0,0.9994582753435345,grade
CID100005665,drug,vigabatrin,CHEMBL2044,CHEMBL2044,insomnia,induces,pharmacological,B,0.6,0.11,SIDER 4.1; targets CHEMBL2044:INHIBITOR,True,,,,,,,,,"[[""GENE:ABAT"", -1.0, 1.0]]",2,2,0,0.9994582753435345,grade
CID100005719,drug,zaleplon,CHEMBL2111392,CHEMBL2111392,irritability_or_aggression,induces,pharmacological,B,0.6,,SIDER 4.1; targets CHEMBL2111392:POSITIVE ALLOSTERIC MODULATOR,False,,,,,,,,,"[[""GENE:GABRA1"", 0.5, 0.3333333333333333], [""GENE:GABRB1"", 0.5, 0.3333333333333333], [""GENE:GABRG2"", 0.5, 0.3333333333333333]]",2,2,0,0.9993638692815722,grade
CID100005719,drug,zaleplon,CHEMBL2111392,CHEMBL2111392,anxiety,induces,pharmacological,B,0.6,0.505,SIDER 4.1; targets CHEMBL2111392:POSITIVE ALLOSTERIC MODULATOR,False,,,,,,,,,"[[""GENE:GABRA1"", 0.5, 0.3333333333333333], [""GENE:GABRB1"", 0.5, 0.3333333333333333], [""GENE:GABRG2"", 0.5, 0.3333333333333333]]",2,2,0,0.9994582753435345,grade
CID100005719,drug,zaleplon,CHEMBL2111392,CHEMBL2111392,fatigue,induces,pharmacological,B,0.251,0.041833333333333333,SIDER 4.1; targets CHEMBL2111392:POSITIVE ALLOSTERIC MODULATOR,False,,,,,,,,,"[[""GENE:GABRA1"", 0.5, 0.3333333333333333], [""GENE:GABRB1"", 0.5, 0.3333333333333333], [""GENE:GABRG2"", 0.5, 0.3333333333333333]]",3,3,0,0.9995386773806634,grade
CID100005719,drug,zaleplon,CHEMBL2111392,CHEMBL2111392,cognitive_impairment,induces,pharmacological,B,0.6,0.006833333333333333,SIDER 4.1; targets CHEMBL2111392:POSITIVE ALLOSTERIC MODULATOR,False,,,,,,,,,"[[""GENE:GABRA1"", 0.5, 0.3333333333333333], [""GENE:GABRB1"", 0.5, 0.3333333333333333], [""GENE:GABRG2"", 0.5, 0.3333333333333333]]",4,4,0,0.9995386773806634,grade
CID100005719,drug,zaleplon,CHEMBL2111392,CHEMBL2111392,psychosis,induces,pharmacological,B,0.6,0.0075,SIDER 4.1; targets CHEMBL2111392:POSITIVE ALLOSTERIC MODULATOR,False,,,,,,,,,"[[""GENE:GABRA1"", 0.5, 0.3333333333333333], [""GENE:GABRB1"", 0.5, 0.3333333333333333], [""GENE:GABRG2"", 0.5, 0.3333333333333333]]",4,4,0,0.9995386773806634,grade
CID100005719,drug,zaleplon,CHEMBL2111392,CHEMBL2111392,depressed_mood,induces,pharmacological,B,0.6,,SIDER 4.1; targets CHEMBL2111392:POSITIVE ALLOSTERIC MODULATOR,False,,,,,,,,,"[[""GENE:GABRA1"", 0.5, 0.3333333333333333], [""GENE:GABRB1"", 0.5, 0.3333333333333333], [""GENE:GABRG2"", 0.5, 0.3333333333333333]]",1,1,0,0.9993638692815722,grade
CID100005719,drug,zaleplon,CHEMBL2111392,CHEMBL2111392,psychomotor_agitation,induces,pharmacological,B,0.15,0.0055,SIDER 4.1; targets CHEMBL2111392:POSITIVE ALLOSTERIC MODULATOR,False,,,,,,,,,"[[""GENE:GABRA1"", 0.5, 0.3333333333333333], [""GENE:GABRB1"", 0.5, 0.3333333333333333], [""GENE:GABRG2"", 0.5, 0.3333333333333333]]",2,2,0,0.9994582753435345,grade
CID100005719,drug,zaleplon,CHEMBL2111392,CHEMBL2111392,elevated_mood_or_mania,induces,pharmacological,B,0.15,0.0055,SIDER 4.1; targets CHEMBL2111392:POSITIVE ALLOSTERIC MODULATOR,False,,,,,,,,,"[[""GENE:GABRA1"", 0.5, 0.3333333333333333], [""GENE:GABRB1"", 0.5, 0.3333333333333333], [""GENE:GABRG2"", 0.5, 0.3333333333333333]]",1,1,0,0.9994582753435345,grade
CID100005719,drug,zaleplon,CHEMBL2111392,CHEMBL2111392,psychomotor_retardation,induces,pharmacological,B,0.15,0.0005,SIDER 4.1; targets CHEMBL2111392:POSITIVE ALLOSTERIC MODULATOR,False,,,,,,,,,"[[""GENE:GABRA1"", 0.5, 0.3333333333333333], [""GENE:GABRB1"", 0.5, 0.3333333333333333], [""GENE:GABRG2"", 0.5, 0.3333333333333333]]",1,1,0,0.9994582753435345,grade
CID100005719,drug,zaleplon,CHEMBL2111392,CHEMBL2111392,insomnia,induces,pharmacological,B,0.15,0.0055,SIDER 4.1; targets CHEMBL2111392:POSITIVE ALLOSTERIC MODULATOR,False,,,,,,,,,"[[""GENE:GABRA1"", 0.5, 0.3333333333333333], [""GENE:GABRB1"", 0.5, 0.3333333333333333], [""GENE:GABRG2"", 0.5, 0.3333333333333333]]",1,1,0,0.9994582753435345,grade
CID100005719,drug,zaleplon,CHEMBL2111392,CHEMBL2111392,somnolence_or_hypersomnia,induces,pharmacological,B,0.33,0.055,SIDER 4.1; targets CHEMBL2111392:POSITIVE ALLOSTERIC MODULATOR,False,,,,,,,,,"[[""GENE:GABRA1"", 0.5, 0.3333333333333333], [""GENE:GABRB1"", 0.5, 0.3333333333333333], [""GENE:GABRG2"", 0.5, 0.3333333333333333]]",2,2,0,0.9995386773806634,grade
CID100005734,drug,zonisamide,CHEMBL2331043,CHEMBL2331043,irritability_or_aggression,induces,pharmacological,B,0.6,0.09,SIDER 4.1; targets CHEMBL2331043:BLOCKER,True,,,,,,,,,"[[""GENE:SCN10A"", -1.0, 0.1], [""GENE:SCN11A"", -1.0, 0.1], [""GENE:SCN1A"", -1.0, 0.1], [""GENE:SCN2A"", -1.0, 0.1], [""GENE:SCN3A"", -1.0, 0.1], [""GENE:SCN4A"", -1.0, 0.1], [""GENE:SCN5A"", -1.0, 0.1], [""GENE:SCN7A"", -1.0, 0.1], [""GENE:SCN8A"", -1.0, 0.1], [""GENE:SCN9A"", -1.0, 0.1]]",2,2,0,0.9995386773806634,grade
CID100005734,drug,zonisamide,CHEMBL2331043,CHEMBL2331043,anxiety,induces,pharmacological,B,0.18,0.03,SIDER 4.1; targets CHEMBL2331043:BLOCKER,True,,,,,,,,,"[[""GENE:SCN10A"", -1.0, 0.1], [""GENE:SCN11A"", -1.0, 0.1], [""GENE:SCN1A"", -1.0, 0.1], [""GENE:SCN2A"", -1.0, 0.1], [""GENE:SCN3A"", -1.0, 0.1], [""GENE:SCN4A"", -1.0, 0.1], [""GENE:SCN5A"", -1.0, 0.1], [""GENE:SCN7A"", -1.0, 0.1], [""GENE:SCN8A"", -1.0, 0.1], [""GENE:SCN9A"", -1.0, 0.1]]",2,2,0,0.9995386773806634,grade
CID100005734,drug,zonisamide,CHEMBL2331043,CHEMBL2331043,fatigue,induces,pharmacological,B,0.6,0.2183333333333333,SIDER 4.1; targets CHEMBL2331043:BLOCKER,True,,,,,,,,,"[[""GENE:SCN10A"", -1.0, 0.1], [""GENE:SCN11A"", -1.0, 0.1], [""GENE:SCN1A"", -1.0, 0.1], [""GENE:SCN2A"", -1.0, 0.1], [""GENE:SCN3A"", -1.0, 0.1], [""GENE:SCN4A"", -1.0, 0.1], [""GENE:SCN5A"", -1.0, 0.1], [""GENE:SCN7A"", -1.0, 0.1], [""GENE:SCN8A"", -1.0, 0.1], [""GENE:SCN9A"", -1.0, 0.1]]",5,5,0,0.9995386773806634,grade
CID100005734,drug,zonisamide,CHEMBL2331043,CHEMBL2331043,cognitive_impairment,induces,pharmacological,B,0.6,0.06,SIDER 4.1; targets CHEMBL2331043:BLOCKER,True,,,,,,,,,"[[""GENE:SCN10A"", -1.0, 0.1], [""GENE:SCN11A"", -1.0, 0.1], [""GENE:SCN1A"", -1.0, 0.1], [""GENE:SCN2A"", -1.0, 0.1], [""GENE:SCN3A"", -1.0, 0.1], [""GENE:SCN4A"", -1.0, 0.1], [""GENE:SCN5A"", -1.0, 0.1], [""GENE:SCN7A"", -1.0, 0.1], [""GENE:SCN8A"", -1.0, 0.1], [""GENE:SCN9A"", -1.0, 0.1]]",3,3,0,0.9995386773806634,grade
CID100005734,drug,zonisamide,CHEMBL2331043,CHEMBL2331043,depressed_mood,induces,pharmacological,B,0.36,0.06,SIDER 4.1; targets CHEMBL2331043:BLOCKER,True,,,,,,,,,"[[""GENE:SCN10A"", -1.0, 0.1], [""GENE:SCN11A"", -1.0, 0.1], [""GENE:SCN1A"", -1.0, 0.1], [""GENE:SCN2A"", -1.0, 0.1], [""GENE:SCN3A"", -1.0, 0.1], [""GENE:SCN4A"", -1.0, 0.1], [""GENE:SCN5A"", -1.0, 0.1], [""GENE:SCN7A"", -1.0, 0.1], [""GENE:SCN8A"", -1.0, 0.1], [""GENE:SCN9A"", -1.0, 0.1]]",1,1,0,0.9995386773806634,grade
CID100005734,drug,zonisamide,CHEMBL2331043,CHEMBL2331043,psychosis,induces,pharmacological,B,0.6,,SIDER 4.1; targets CHEMBL2331043:BLOCKER,True,,,,,,,,,"[[""GENE:SCN10A"", -1.0, 0.1], [""GENE:SCN11A"", -1.0, 0.1], [""GENE:SCN1A"", -1.0, 0.1], [""GENE:SCN2A"", -1.0, 0.1], [""GENE:SCN3A"", -1.0, 0.1], [""GENE:SCN4A"", -1.0, 0.1], [""GENE:SCN5A"", -1.0, 0.1], [""GENE:SCN7A"", -1.0, 0.1], [""GENE:SCN8A"", -1.0, 0.1], [""GENE:SCN9A"", -1.0, 0.1]]",2,2,0,0.9993638692815722,grade
CID100005734,drug,zonisamide,CHEMBL2331043,CHEMBL2331043,psychomotor_agitation,induces,pharmacological,B,0.28650000000000003,0.04775,SIDER 4.1; targets CHEMBL2331043:BLOCKER,True,,,,,,,,,"[[""GENE:SCN10A"", -1.0, 0.1], [""GENE:SCN11A"", -1.0, 0.1], [""GENE:SCN1A"", -1.0, 0.1], [""GENE:SCN2A"", -1.0, 0.1], [""GENE:SCN3A"", -1.0, 0.1], [""GENE:SCN4A"", -1.0, 0.1], [""GENE:SCN5A"", -1.0, 0.1], [""GENE:SCN7A"", -1.0, 0.1], [""GENE:SCN8A"", -1.0, 0.1], [""GENE:SCN9A"", -1.0, 0.1]]",2,2,0,0.9995386773806634,grade
CID100005734,drug,zonisamide,CHEMBL2331043,CHEMBL2331043,elevated_mood_or_mania,induces,pharmacological,B,0.15,0.0055,SIDER 4.1; targets CHEMBL2331043:BLOCKER,True,,,,,,,,,"[[""GENE:SCN10A"", -1.0, 0.1], [""GENE:SCN11A"", -1.0, 0.1], [""GENE:SCN1A"", -1.0, 0.1], [""GENE:SCN2A"", -1.0, 0.1], [""GENE:SCN3A"", -1.0, 0.1], [""GENE:SCN4A"", -1.0, 0.1], [""GENE:SCN5A"", -1.0, 0.1], [""GENE:SCN7A"", -1.0, 0.1], [""GENE:SCN8A"", -1.0, 0.1], [""GENE:SCN9A"", -1.0, 0.1]]",1,1,0,0.9994582753435345,grade
CID100005734,drug,zonisamide,CHEMBL2331043,CHEMBL2331043,psychomotor_retardation,induces,pharmacological,B,0.6,,SIDER 4.1; targets CHEMBL2331043:BLOCKER,True,,,,,,,,,"[[""GENE:SCN10A"", -1.0, 0.1], [""GENE:SCN11A"", -1.0, 0.1], [""GENE:SCN1A"", -1.0, 0.1], [""GENE:SCN2A"", -1.0, 0.1], [""GENE:SCN3A"", -1.0, 0.1], [""GENE:SCN4A"", -1.0, 0.1], [""GENE:SCN5A"", -1.0, 0.1], [""GENE:SCN7A"", -1.0, 0.1], [""GENE:SCN8A"", -1.0, 0.1], [""GENE:SCN9A"", -1.0, 0.1]]",1,1,0,0.9993638692815722,grade
CID100005734,drug,zonisamide,CHEMBL2331043,CHEMBL2331043,insomnia,induces,pharmacological,B,0.36,0.06,SIDER 4.1; targets CHEMBL2331043:BLOCKER,True,,,,,,,,,"[[""GENE:SCN10A"", -1.0, 0.1], [""GENE:SCN11A"", -1.0, 0.1], [""GENE:SCN1A"", -1.0, 0.1], [""GENE:SCN2A"", -1.0, 0.1], [""GENE:SCN3A"", -1.0, 0.1], [""GENE:SCN4A"", -1.0, 0.1], [""GENE:SCN5A"", -1.0, 0.1], [""GENE:SCN7A"", -1.0, 0.1], [""GENE:SCN8A"", -1.0, 0.1], [""GENE:SCN9A"", -1.0, 0.1]]",1,1,0,0.9995386773806634,grade
CID100005734,drug,zonisamide,CHEMBL2331043,CHEMBL2331043,somnolence_or_hypersomnia,induces,pharmacological,B,0.6,0.17,SIDER 4.1; targets CHEMBL2331043:BLOCKER,True,,,,,,,,,"[[""GENE:SCN10A"", -1.0, 0.1], [""GENE:SCN11A"", -1.0, 0.1], [""GENE:SCN1A"", -1.0, 0.1], [""GENE:SCN2A"", -1.0, 0.1], [""GENE:SCN3A"", -1.0, 0.1], [""GENE:SCN4A"", -1.0, 0.1], [""GENE:SCN5A"", -1.0, 0.1], [""GENE:SCN7A"", -1.0, 0.1], [""GENE:SCN8A"", -1.0, 0.1], [""GENE:SCN9A"", -1.0, 0.1]]",1,1,0,0.9995386773806634,grade
CID100006018,drug,tetrabenazine,CHEMBL1893,CHEMBL1893,anxiety,induces,pharmacological,B,0.6,,SIDER 4.1; targets CHEMBL1893:INHIBITOR,True,,,,,,,,,"[[""GENE:SLC18A2"", -1.0, 1.0]]",2,2,0,0.9993638692815722,grade
CID100006018,drug,tetrabenazine,CHEMBL1893,CHEMBL1893,fatigue,induces,pharmacological,B,0.6,0.22,SIDER 4.1; targets CHEMBL1893:INHIBITOR,True,,,,,,,,,"[[""GENE:SLC18A2"", -1.0, 1.0]]",2,2,0,0.9994582753435345,grade
CID100006018,drug,tetrabenazine,CHEMBL1893,CHEMBL1893,cognitive_impairment,induces,pharmacological,B,0.6,,SIDER 4.1; targets CHEMBL1893:INHIBITOR,True,,,,,,,,,"[[""GENE:SLC18A2"", -1.0, 1.0]]",2,2,0,0.9993638692815722,grade
CID100006018,drug,tetrabenazine,CHEMBL1893,CHEMBL1893,depressed_mood,induces,pharmacological,B,0.6,,SIDER 4.1; targets CHEMBL1893:INHIBITOR,True,,,,,,,,,"[[""GENE:SLC18A2"", -1.0, 1.0]]",1,1,0,0.9993638692815722,grade
CID100006018,drug,tetrabenazine,CHEMBL1893,CHEMBL1893,somnolence_or_hypersomnia,induces,pharmacological,B,0.6,0.31,SIDER 4.1; targets CHEMBL1893:INHIBITOR,True,,,,,,,,,"[[""GENE:SLC18A2"", -1.0, 1.0]]",1,1,0,0.9994582753435345,grade
CID100006018,drug,tetrabenazine,CHEMBL1893,CHEMBL1893,irritability_or_aggression,induces,pharmacological,B,0.6,,SIDER 4.1; targets CHEMBL1893:INHIBITOR,True,,,,,,,,,"[[""GENE:SLC18A2"", -1.0, 1.0]]",1,1,0,0.9993638692815722,grade
CID100006018,drug,tetrabenazine,CHEMBL1893,CHEMBL1893,psychomotor_agitation,induces,pharmacological,B,0.6,,SIDER 4.1; targets CHEMBL1893:INHIBITOR,True,,,,,,,,,"[[""GENE:SLC18A2"", -1.0, 1.0]]",1,1,0,0.9993638692815722,grade
CID100006018,drug,tetrabenazine,CHEMBL1893,CHEMBL1893,insomnia,induces,pharmacological,B,0.6,0.22,SIDER 4.1; targets CHEMBL1893:INHIBITOR,True,,,,,,,,,"[[""GENE:SLC18A2"", -1.0, 1.0]]",1,1,0,0.9994582753435345,grade
CID100006476,drug,methsuximide,CHEMBL2362995,CHEMBL2362995,irritability_or_aggression,induces,pharmacological,B,0.6,,SIDER 4.1; targets CHEMBL2362995:BLOCKER,False,,,,,,,,,"[[""GENE:CACNA1G"", -1.0, 0.3333333333333333], [""GENE:CACNA1H"", -1.0, 0.3333333333333333], [""GENE:CACNA1I"", -1.0, 0.3333333333333333]]",2,2,0,0.9993638692815722,grade
CID100006476,drug,methsuximide,CHEMBL2362995,CHEMBL2362995,cognitive_impairment,induces,pharmacological,B,0.6,,SIDER 4.1; targets CHEMBL2362995:BLOCKER,False,,,,,,,,,"[[""GENE:CACNA1G"", -1.0, 0.3333333333333333], [""GENE:CACNA1H"", -1.0, 0.3333333333333333], [""GENE:CACNA1I"", -1.0, 0.3333333333333333]]",1,1,0,0.9993638692815722,grade
CID100006476,drug,methsuximide,CHEMBL2362995,CHEMBL2362995,somnolence_or_hypersomnia,induces,pharmacological,B,0.6,,SIDER 4.1; targets CHEMBL2362995:BLOCKER,False,,,,,,,,,"[[""GENE:CACNA1G"", -1.0, 0.3333333333333333], [""GENE:CACNA1H"", -1.0, 0.3333333333333333], [""GENE:CACNA1I"", -1.0, 0.3333333333333333]]",1,1,0,0.9993638692815722,grade
CID100006476,drug,methsuximide,CHEMBL2362995,CHEMBL2362995,anxiety,induces,pharmacological,B,0.6,,SIDER 4.1; targets CHEMBL2362995:BLOCKER,False,,,,,,,,,"[[""GENE:CACNA1G"", -1.0, 0.3333333333333333], [""GENE:CACNA1H"", -1.0, 0.3333333333333333], [""GENE:CACNA1I"", -1.0, 0.3333333333333333]]",1,1,0,0.9993638692815722,grade
CID100006476,drug,methsuximide,CHEMBL2362995,CHEMBL2362995,psychosis,induces,pharmacological,B,0.6,,SIDER 4.1; targets CHEMBL2362995:BLOCKER,False,,,,,,,,,"[[""GENE:CACNA1G"", -1.0, 0.3333333333333333], [""GENE:CACNA1H"", -1.0, 0.3333333333333333], [""GENE:CACNA1I"", -1.0, 0.3333333333333333]]",1,1,0,0.9993638692815722,grade
CID100006476,drug,methsuximide,CHEMBL2362995,CHEMBL2362995,insomnia,induces,pharmacological,B,0.6,,SIDER 4.1; targets CHEMBL2362995:BLOCKER,False,,,,,,,,,"[[""GENE:CACNA1G"", -1.0, 0.3333333333333333], [""GENE:CACNA1H"", -1.0, 0.3333333333333333], [""GENE:CACNA1I"", -1.0, 0.3333333333333333]]",1,1,0,0.9993638692815722,grade
CID100032169,drug,articaine,CHEMBL2331043,CHEMBL2331043,fatigue,induces,pharmacological,B,0.6,,SIDER 4.1; targets CHEMBL2331043:BLOCKER,True,,,,,,,,,"[[""GENE:SCN10A"", -1.0, 0.1], [""GENE:SCN11A"", -1.0, 0.1], [""GENE:SCN1A"", -1.0, 0.1], [""GENE:SCN2A"", -1.0, 0.1], [""GENE:SCN3A"", -1.0, 0.1], [""GENE:SCN4A"", -1.0, 0.1], [""GENE:SCN5A"", -1.0, 0.1], [""GENE:SCN7A"", -1.0, 0.1], [""GENE:SCN8A"", -1.0, 0.1], [""GENE:SCN9A"", -1.0, 0.1]]",1,1,0,0.9993638692815722,grade
CID100032169,drug,articaine,CHEMBL2331043,CHEMBL2331043,somnolence_or_hypersomnia,induces,pharmacological,B,0.6,,SIDER 4.1; targets CHEMBL2331043:BLOCKER,True,,,,,,,,,"[[""GENE:SCN10A"", -1.0, 0.1], [""GENE:SCN11A"", -1.0, 0.1], [""GENE:SCN1A"", -1.0, 0.1], [""GENE:SCN2A"", -1.0, 0.1], [""GENE:SCN3A"", -1.0, 0.1], [""GENE:SCN4A"", -1.0, 0.1], [""GENE:SCN5A"", -1.0, 0.1], [""GENE:SCN7A"", -1.0, 0.1], [""GENE:SCN8A"", -1.0, 0.1], [""GENE:SCN9A"", -1.0, 0.1]]",1,1,0,0.9993638692815722,grade
CID100032169,drug,articaine,CHEMBL2331043,CHEMBL2331043,anxiety,induces,pharmacological,B,0.6,,SIDER 4.1; targets CHEMBL2331043:BLOCKER,True,,,,,,,,,"[[""GENE:SCN10A"", -1.0, 0.1], [""GENE:SCN11A"", -1.0, 0.1], [""GENE:SCN1A"", -1.0, 0.1], [""GENE:SCN2A"", -1.0, 0.1], [""GENE:SCN3A"", -1.0, 0.1], [""GENE:SCN4A"", -1.0, 0.1], [""GENE:SCN5A"", -1.0, 0.1], [""GENE:SCN7A"", -1.0, 0.1], [""GENE:SCN8A"", -1.0, 0.1], [""GENE:SCN9A"", -1.0, 0.1]]",1,1,0,0.9993638692815722,grade
CID100034312,drug,oxcarbazepine,CHEMBL2331043,CHEMBL2331043,anxiety,induces,pharmacological,B,0.6,0.11416666666666668,SIDER 4.1; targets CHEMBL2331043:BLOCKER,True,,,,,,,,,"[[""GENE:SCN10A"", -1.0, 0.1], [""GENE:SCN11A"", -1.0, 0.1], [""GENE:SCN1A"", -1.0, 0.1], [""GENE:SCN2A"", -1.0, 0.1], [""GENE:SCN3A"", -1.0, 0.1], [""GENE:SCN4A"", -1.0, 0.1], [""GENE:SCN5A"", -1.0, 0.1], [""GENE:SCN7A"", -1.0, 0.1], [""GENE:SCN8A"", -1.0, 0.1], [""GENE:SCN9A"", -1.0, 0.1]]",8,8,0,0.9995386773806634,grade
CID100034312,drug,oxcarbazepine,CHEMBL2331043,CHEMBL2331043,fatigue,induces,pharmacological,B,0.6,0.13446666666666668,SIDER 4.1; targets CHEMBL2331043:BLOCKER,True,,,,,,,,,"[[""GENE:SCN10A"", -1.0, 0.1], [""GENE:SCN11A"", -1.0, 0.1], [""GENE:SCN1A"", -1.0, 0.1], [""GENE:SCN2A"", -1.0, 0.1], [""GENE:SCN3A"", -1.0, 0.1], [""GENE:SCN4A"", -1.0, 0.1], [""GENE:SCN5A"", -1.0, 0.1], [""GENE:SCN7A"", -1.0, 0.1], [""GENE:SCN8A"", -1.0, 0.1], [""GENE:SCN9A"", -1.0, 0.1]]",25,25,0,0.9995386773806634,grade
CID100034312,drug,oxcarbazepine,CHEMBL2331043,CHEMBL2331043,cognitive_impairment,induces,pharmacological,B,0.6,0.2625,SIDER 4.1; targets CHEMBL2331043:BLOCKER,True,,,,,,,,,"[[""GENE:SCN10A"", -1.0, 0.1], [""GENE:SCN11A"", -1.0, 0.1], [""GENE:SCN1A"", -1.0, 0.1], [""GENE:SCN2A"", -1.0, 0.1], [""GENE:SCN3A"", -1.0, 0.1], [""GENE:SCN4A"", -1.0, 0.1], [""GENE:SCN5A"", -1.0, 0.1], [""GENE:SCN7A"", -1.0, 0.1], [""GENE:SCN8A"", -1.0, 0.1], [""GENE:SCN9A"", -1.0, 0.1]]",8,8,0,0.9995386773806634,grade
CID100034312,drug,oxcarbazepine,CHEMBL2331043,CHEMBL2331043,psychosis,induces,pharmacological,B,0.6,,SIDER 4.1; targets CHEMBL2331043:BLOCKER,True,,,,,,,,,"[[""GENE:SCN10A"", -1.0, 0.1], [""GENE:SCN11A"", -1.0, 0.1], [""GENE:SCN1A"", -1.0, 0.1], [""GENE:SCN2A"", -1.0, 0.1], [""GENE:SCN3A"", -1.0, 0.1], [""GENE:SCN4A"", -1.0, 0.1], [""GENE:SCN5A"", -1.0, 0.1], [""GENE:SCN7A"", -1.0, 0.1], [""GENE:SCN8A"", -1.0, 0.1], [""GENE:SCN9A"", -1.0, 0.1]]",2,2,0,0.9993638692815722,grade
CID100034312,drug,oxcarbazepine,CHEMBL2331043,CHEMBL2331043,irritability_or_aggression,induces,pharmacological,B,0.6,,SIDER 4.1; targets CHEMBL2331043:BLOCKER,True,,,,,,,,,"[[""GENE:SCN10A"", -1.0, 0.1], [""GENE:SCN11A"", -1.0, 0.1], [""GENE:SCN1A"", -1.0, 0.1], [""GENE:SCN2A"", -1.0, 0.1], [""GENE:SCN3A"", -1.0, 0.1], [""GENE:SCN4A"", -1.0, 0.1], [""GENE:SCN5A"", -1.0, 0.1], [""GENE:SCN7A"", -1.0, 0.1], [""GENE:SCN8A"", -1.0, 0.1], [""GENE:SCN9A"", -1.0, 0.1]]",2,2,0,0.9993638692815722,grade
CID100034312,drug,oxcarbazepine,CHEMBL2331043,CHEMBL2331043,psychomotor_agitation,induces,pharmacological,B,0.6,0.17833333333333334,SIDER 4.1; targets CHEMBL2331043:BLOCKER,True,,,,,,,,,"[[""GENE:SCN10A"", -1.0, 0.1], [""GENE:SCN11A"", -1.0, 0.1], [""GENE:SCN1A"", -1.0, 0.1], [""GENE:SCN2A"", -1.0, 0.1], [""GENE:SCN3A"", -1.0, 0.1], [""GENE:SCN4A"", -1.0, 0.1], [""GENE:SCN5A"", -1.0, 0.1], [""GENE:SCN7A"", -1.0, 0.1], [""GENE:SCN8A"", -1.0, 0.1], [""GENE:SCN9A"", -1.0, 0.1]]",3,3,0,0.9995386773806634,grade
CID100034312,drug,oxcarbazepine,CHEMBL2331043,CHEMBL2331043,elevated_mood_or_mania,induces,pharmacological,B,0.6,,SIDER 4.1; targets CHEMBL2331043:BLOCKER,True,,,,,,,,,"[[""GENE:SCN10A"", -1.0, 0.1], [""GENE:SCN11A"", -1.0, 0.1], [""GENE:SCN1A"", -1.0, 0.1], [""GENE:SCN2A"", -1.0, 0.1], [""GENE:SCN3A"", -1.0, 0.1], [""GENE:SCN4A"", -1.0, 0.1], [""GENE:SCN5A"", -1.0, 0.1], [""GENE:SCN7A"", -1.0, 0.1], [""GENE:SCN8A"", -1.0, 0.1], [""GENE:SCN9A"", -1.0, 0.1]]",2,2,0,0.9993638692815722,grade
CID100034312,drug,oxcarbazepine,CHEMBL2331043,CHEMBL2331043,insomnia,induces,pharmacological,B,0.22499999999999998,0.0375,SIDER 4.1; targets CHEMBL2331043:BLOCKER,True,,,,,,,,,"[[""GENE:SCN10A"", -1.0, 0.1], [""GENE:SCN11A"", -1.0, 0.1], [""GENE:SCN1A"", -1.0, 0.1], [""GENE:SCN2A"", -1.0, 0.1], [""GENE:SCN3A"", -1.0, 0.1], [""GENE:SCN4A"", -1.0, 0.1], [""GENE:SCN5A"", -1.0, 0.1], [""GENE:SCN7A"", -1.0, 0.1], [""GENE:SCN8A"", -1.0, 0.1], [""GENE:SCN9A"", -1.0, 0.1]]",4,4,0,0.9995386773806634,grade
CID100034312,drug,oxcarbazepine,CHEMBL2331043,CHEMBL2331043,somnolence_or_hypersomnia,induces,pharmacological,B,0.6,0.20563636363636364,SIDER 4.1; targets CHEMBL2331043:BLOCKER,True,,,,,,,,,"[[""GENE:SCN10A"", -1.0, 0.1], [""GENE:SCN11A"", -1.0, 0.1], [""GENE:SCN1A"", -1.0, 0.1], [""GENE:SCN2A"", -1.0, 0.1], [""GENE:SCN3A"", -1.0, 0.1], [""GENE:SCN4A"", -1.0, 0.1], [""GENE:SCN5A"", -1.0, 0.1], [""GENE:SCN7A"", -1.0, 0.1], [""GENE:SCN8A"", -1.0, 0.1], [""GENE:SCN9A"", -1.0, 0.1]]",11,11,0,0.9995386773806634,grade
CID100054840,drug,atomoxetine,CHEMBL222,CHEMBL222,irritability_or_aggression,induces,pharmacological,B,0.6,0.17375000000000002,SIDER 4.1; targets CHEMBL222:INHIBITOR,True,,,,,,,,,"[[""GENE:SLC6A2"", -1.0, 1.0]]",5,5,0,0.9995386773806634,grade
CID100054840,drug,atomoxetine,CHEMBL222,CHEMBL222,anxiety,induces,pharmacological,B,0.15,0.02,SIDER 4.1; targets CHEMBL222:INHIBITOR,True,,,,,,,,,"[[""GENE:SLC6A2"", -1.0, 1.0]]",2,2,0,0.9995386773806634,grade
CID100054840,drug,atomoxetine,CHEMBL222,CHEMBL222,fatigue,induces,pharmacological,B,0.6,0.135,SIDER 4.1; targets CHEMBL222:INHIBITOR,True,,,,,,,,,"[[""GENE:SLC6A2"", -1.0, 1.0]]",15,15,0,0.9995386773806634,grade
CID100054840,drug,atomoxetine,CHEMBL222,CHEMBL222,depressed_mood,induces,pharmacological,B,0.6,0.25275,SIDER 4.1; targets CHEMBL222:INHIBITOR,True,,,,,,,,,"[[""GENE:SLC6A2"", -1.0, 1.0]]",3,3,0,0.9994582753435345,grade
CID100054840,drug,atomoxetine,CHEMBL222,CHEMBL222,psychosis,induces,pharmacological,B,0.15,0.0005,SIDER 4.1; targets CHEMBL222:INHIBITOR,True,,,,,,,,,"[[""GENE:SLC6A2"", -1.0, 1.0]]",2,2,0,0.9994582753435345,grade
CID100054840,drug,atomoxetine,CHEMBL222,CHEMBL222,psychomotor_agitation,induces,pharmacological,B,0.15,0.0005,SIDER 4.1; targets CHEMBL222:INHIBITOR,True,,,,,,,,,"[[""GENE:SLC6A2"", -1.0, 1.0]]",1,1,0,0.9994582753435345,grade
CID100054840,drug,atomoxetine,CHEMBL222,CHEMBL222,elevated_mood_or_mania,induces,pharmacological,B,0.15,0.0005,SIDER 4.1; targets CHEMBL222:INHIBITOR,True,,,,,,,,,"[[""GENE:SLC6A2"", -1.0, 1.0]]",1,1,0,0.9994582753435345,grade
CID100054840,drug,atomoxetine,CHEMBL222,CHEMBL222,insomnia,induces,pharmacological,B,0.6,0.505,SIDER 4.1; targets CHEMBL222:INHIBITOR,True,,,,,,,,,"[[""GENE:SLC6A2"", -1.0, 1.0]]",5,5,0,0.9995386773806634,grade
CID100054840,drug,atomoxetine,CHEMBL222,CHEMBL222,somnolence_or_hypersomnia,induces,pharmacological,B,0.6,0.17,SIDER 4.1; targets CHEMBL222:INHIBITOR,True,,,,,,,,,"[[""GENE:SLC6A2"", -1.0, 1.0]]",5,5,0,0.9995386773806634,grade
CID100056338,drug,fosphenytoin,CHEMBL2331043,CHEMBL2331043,fatigue,induces,pharmacological,B,0.15,0.0235,SIDER 4.1; targets CHEMBL2331043:BLOCKER,True,,,,,,,,,"[[""GENE:SCN10A"", -1.0, 0.1], [""GENE:SCN11A"", -1.0, 0.1], [""GENE:SCN1A"", -1.0, 0.1], [""GENE:SCN2A"", -1.0, 0.1], [""GENE:SCN3A"", -1.0, 0.1], [""GENE:SCN4A"", -1.0, 0.1], [""GENE:SCN5A"", -1.0, 0.1], [""GENE:SCN7A"", -1.0, 0.1], [""GENE:SCN8A"", -1.0, 0.1], [""GENE:SCN9A"", -1.0, 0.1]]",4,4,0,0.9994582753435345,grade
CID100056338,drug,fosphenytoin,CHEMBL2331043,CHEMBL2331043,cognitive_impairment,induces,pharmacological,B,0.15,0.0055,SIDER 4.1; targets CHEMBL2331043:BLOCKER,True,,,,,,,,,"[[""GENE:SCN10A"", -1.0, 0.1], [""GENE:SCN11A"", -1.0, 0.1], [""GENE:SCN1A"", -1.0, 0.1], [""GENE:SCN2A"", -1.0, 0.1], [""GENE:SCN3A"", -1.0, 0.1], [""GENE:SCN4A"", -1.0, 0.1], [""GENE:SCN5A"", -1.0, 0.1], [""GENE:SCN7A"", -1.0, 0.1], [""GENE:SCN8A"", -1.0, 0.1], [""GENE:SCN9A"", -1.0, 0.1]]",1,1,0,0.9994582753435345,grade
CID100056338,drug,fosphenytoin,CHEMBL2331043,CHEMBL2331043,anxiety,induces,pharmacological,B,0.6,0.505,SIDER 4.1; targets CHEMBL2331043:BLOCKER,True,,,,,,,,,"[[""GENE:SCN10A"", -1.0, 0.1], [""GENE:SCN11A"", -1.0, 0.1], [""GENE:SCN1A"", -1.0, 0.1], [""GENE:SCN2A"", -1.0, 0.1], [""GENE:SCN3A"", -1.0, 0.1], [""GENE:SCN4A"", -1.0, 0.1], [""GENE:SCN5A"", -1.0, 0.1], [""GENE:SCN7A"", -1.0, 0.1], [""GENE:SCN8A"", -1.0, 0.1], [""GENE:SCN9A"", -1.0, 0.1]]",1,1,0,0.9994582753435345,grade
CID100056338,drug,fosphenytoin,CHEMBL2331043,CHEMBL2331043,psychosis,induces,pharmacological,B,0.15,0.0055,SIDER 4.1; targets CHEMBL2331043:BLOCKER,True,,,,,,,,,"[[""GENE:SCN10A"", -1.0, 0.1], [""GENE:SCN11A"", -1.0, 0.1], [""GENE:SCN1A"", -1.0, 0.1], [""GENE:SCN2A"", -1.0, 0.1], [""GENE:SCN3A"", -1.0, 0.1], [""GENE:SCN4A"", -1.0, 0.1], [""GENE:SCN5A"", -1.0, 0.1], [""GENE:SCN7A"", -1.0, 0.1], [""GENE:SCN8A"", -1.0, 0.1], [""GENE:SCN9A"", -1.0, 0.1]]",1,1,0,0.9994582753435345,grade
CID100056338,drug,fosphenytoin,CHEMBL2331043,CHEMBL2331043,psychomotor_agitation,induces,pharmacological,B,0.15,0.012833333333333334,SIDER 4.1; targets CHEMBL2331043:BLOCKER,True,,,,,,,,,"[[""GENE:SCN10A"", -1.0, 0.1], [""GENE:SCN11A"", -1.0, 0.1], [""GENE:SCN1A"", -1.0, 0.1], [""GENE:SCN2A"", -1.0, 0.1], [""GENE:SCN3A"", -1.0, 0.1], [""GENE:SCN4A"", -1.0, 0.1], [""GENE:SCN5A"", -1.0, 0.1], [""GENE:SCN7A"", -1.0, 0.1], [""GENE:SCN8A"", -1.0, 0.1], [""GENE:SCN9A"", -1.0, 0.1]]",3,3,0,0.9994582753435345,grade
CID100056338,drug,fosphenytoin,CHEMBL2331043,CHEMBL2331043,insomnia,induces,pharmacological,B,0.15,0.0055,SIDER 4.1; targets CHEMBL2331043:BLOCKER,True,,,,,,,,,"[[""GENE:SCN10A"", -1.0, 0.1], [""GENE:SCN11A"", -1.0, 0.1], [""GENE:SCN1A"", -1.0, 0.1], [""GENE:SCN2A"", -1.0, 0.1], [""GENE:SCN3A"", -1.0, 0.1], [""GENE:SCN4A"", -1.0, 0.1], [""GENE:SCN5A"", -1.0, 0.1], [""GENE:SCN7A"", -1.0, 0.1], [""GENE:SCN8A"", -1.0, 0.1], [""GENE:SCN9A"", -1.0, 0.1]]",1,1,0,0.9994582753435345,grade
CID100056338,drug,fosphenytoin,CHEMBL2331043,CHEMBL2331043,somnolence_or_hypersomnia,induces,pharmacological,B,0.6,0.1595,SIDER 4.1; targets CHEMBL2331043:BLOCKER,True,,,,,,,,,"[[""GENE:SCN10A"", -1.0, 0.1], [""GENE:SCN11A"", -1.0, 0.1], [""GENE:SCN1A"", -1.0, 0.1], [""GENE:SCN2A"", -1.0, 0.1], [""GENE:SCN3A"", -1.0, 0.1], [""GENE:SCN4A"", -1.0, 0.1], [""GENE:SCN5A"", -1.0, 0.1], [""GENE:SCN7A"", -1.0, 0.1], [""GENE:SCN8A"", -1.0, 0.1], [""GENE:SCN9A"", -1.0, 0.1]]",4,4,0,0.9994582753435345,grade
CID100060814,drug,remifentanil,CHEMBL233,CHEMBL233,anxiety,induces,pharmacological,B,0.15,0.0201742,SIDER 4.1; targets CHEMBL233:AGONIST,False,,,,,,,,,"[[""GENE:OPRM1"", 1.0, 1.0]]",3,3,0,0.9994582753435345,grade
CID100060814,drug,remifentanil,CHEMBL233,CHEMBL233,cognitive_impairment,induces,pharmacological,B,0.4192124,0.06986873333333334,SIDER 4.1; targets CHEMBL233:AGONIST,False,,,,,,,,,"[[""GENE:OPRM1"", 1.0, 1.0]]",3,3,0,0.9994582753435345,grade
CID100060814,drug,remifentanil,CHEMBL233,CHEMBL233,psychosis,induces,pharmacological,B,0.15,0.010087133333333333,SIDER 4.1; targets CHEMBL233:AGONIST,False,,,,,,,,,"[[""GENE:OPRM1"", 1.0, 1.0]]",3,3,0,0.9994582753435345,grade
CID100060814,drug,remifentanil,CHEMBL233,CHEMBL233,psychomotor_agitation,induces,pharmacological,B,0.15,0.012127543000000001,SIDER 4.1; targets CHEMBL233:AGONIST,False,,,,,,,,,"[[""GENE:OPRM1"", 1.0, 1.0]]",10,10,0,0.9994582753435345,grade
CID100060814,drug,remifentanil,CHEMBL233,CHEMBL233,somnolence_or_hypersomnia,induces,pharmacological,B,0.15,0.0121951,SIDER 4.1; targets CHEMBL233:AGONIST,False,,,,,,,,,"[[""GENE:OPRM1"", 1.0, 1.0]]",2,2,0,0.9994582753435345,grade
CID100065856,drug,reboxetine,CHEMBL222,CHEMBL222,anxiety,induces,pharmacological,B,0.237,0.0395,SIDER 4.1; targets CHEMBL222:INHIBITOR,True,,,,,,,,,"[[""GENE:SLC6A2"", -1.0, 1.0]]",3,3,0,0.9995386773806634,grade
CID100065856,drug,reboxetine,CHEMBL222,CHEMBL222,fatigue,induces,pharmacological,B,0.6,,SIDER 4.1; targets CHEMBL222:INHIBITOR,True,,,,,,,,,"[[""GENE:SLC6A2"", -1.0, 1.0]]",1,1,0,0.9993638692815722,grade
CID100065856,drug,reboxetine,CHEMBL222,CHEMBL222,cognitive_impairment,induces,pharmacological,B,0.6,,SIDER 4.1; targets CHEMBL222:INHIBITOR,True,,,,,,,,,"[[""GENE:SLC6A2"", -1.0, 1.0]]",1,1,0,0.9993638692815722,grade
CID100065856,drug,reboxetine,CHEMBL222,CHEMBL222,psychosis,induces,pharmacological,B,0.6,0.0005,SIDER 4.1; targets CHEMBL222:INHIBITOR,True,,,,,,,,,"[[""GENE:SLC6A2"", -1.0, 1.0]]",3,3,0,0.9994582753435345,grade
CID100065856,drug,reboxetine,CHEMBL222,CHEMBL222,irritability_or_aggression,induces,pharmacological,B,0.15,0.0005,SIDER 4.1; targets CHEMBL222:INHIBITOR,True,,,,,,,,,"[[""GENE:SLC6A2"", -1.0, 1.0]]",1,1,0,0.9994582753435345,grade
CID100065856,drug,reboxetine,CHEMBL222,CHEMBL222,psychomotor_agitation,induces,pharmacological,B,0.15,0.0103,SIDER 4.1; targets CHEMBL222:INHIBITOR,True,,,,,,,,,"[[""GENE:SLC6A2"", -1.0, 1.0]]",2,2,0,0.9995386773806634,grade
CID100065856,drug,reboxetine,CHEMBL222,CHEMBL222,elevated_mood_or_mania,induces,pharmacological,B,0.6,,SIDER 4.1; targets CHEMBL222:INHIBITOR,True,,,,,,,,,"[[""GENE:SLC6A2"", -1.0, 1.0]]",2,2,0,0.9993638692815722,grade
CID100065856,drug,reboxetine,CHEMBL222,CHEMBL222,insomnia,induces,pharmacological,B,0.6,0.2079,SIDER 4.1; targets CHEMBL222:INHIBITOR,True,,,,,,,,,"[[""GENE:SLC6A2"", -1.0, 1.0]]",1,1,0,0.9995386773806634,grade
CID100065856,drug,reboxetine,CHEMBL222,CHEMBL222,somnolence_or_hypersomnia,induces,pharmacological,B,0.22020000000000003,0.0367,SIDER 4.1; targets CHEMBL222:INHIBITOR,True,,,,,,,,,"[[""GENE:SLC6A2"", -1.0, 1.0]]",1,1,0,0.9995386773806634,grade
CID100071273,drug,ropivacaine,CHEMBL2331043,CHEMBL2331043,anxiety,induces,pharmacological,B,0.6,0.014714285714285716,SIDER 4.1; targets CHEMBL2331043:BLOCKER,True,,,,,,,,,"[[""GENE:SCN10A"", -1.0, 0.1], [""GENE:SCN11A"", -1.0, 0.1], [""GENE:SCN1A"", -1.0, 0.1], [""GENE:SCN2A"", -1.0, 0.1], [""GENE:SCN3A"", -1.0, 0.1], [""GENE:SCN4A"", -1.0, 0.1], [""GENE:SCN5A"", -1.0, 0.1], [""GENE:SCN7A"", -1.0, 0.1], [""GENE:SCN8A"", -1.0, 0.1], [""GENE:SCN9A"", -1.0, 0.1]]",8,8,0,0.9994582753435345,grade
CID100071273,drug,ropivacaine,CHEMBL2331043,CHEMBL2331043,fatigue,induces,pharmacological,B,0.6,,SIDER 4.1; targets CHEMBL2331043:BLOCKER,True,,,,,,,,,"[[""GENE:SCN10A"", -1.0, 0.1], [""GENE:SCN11A"", -1.0, 0.1], [""GENE:SCN1A"", -1.0, 0.1], [""GENE:SCN2A"", -1.0, 0.1], [""GENE:SCN3A"", -1.0, 0.1], [""GENE:SCN4A"", -1.0, 0.1], [""GENE:SCN5A"", -1.0, 0.1], [""GENE:SCN7A"", -1.0, 0.1], [""GENE:SCN8A"", -1.0, 0.1], [""GENE:SCN9A"", -1.0, 0.1]]",1,1,0,0.9993638692815722,grade
CID100071273,drug,ropivacaine,CHEMBL2331043,CHEMBL2331043,cognitive_impairment,induces,pharmacological,B,0.15,0.007666666666666666,SIDER 4.1; targets CHEMBL2331043:BLOCKER,True,,,,,,,,,"[[""GENE:SCN10A"", -1.0, 0.1], [""GENE:SCN11A"", -1.0, 0.1], [""GENE:SCN1A"", -1.0, 0.1], [""GENE:SCN2A"", -1.0, 0.1], [""GENE:SCN3A"", -1.0, 0.1], [""GENE:SCN4A"", -1.0, 0.1], [""GENE:SCN5A"", -1.0, 0.1], [""GENE:SCN7A"", -1.0, 0.1], [""GENE:SCN8A"", -1.0, 0.1], [""GENE:SCN9A"", -1.0, 0.1]]",3,3,0,0.9994582753435345,grade
CID100071273,drug,ropivacaine,CHEMBL2331043,CHEMBL2331043,depressed_mood,induces,pharmacological,B,0.6,,SIDER 4.1; targets CHEMBL2331043:BLOCKER,True,,,,,,,,,"[[""GENE:SCN10A"", -1.0, 0.1], [""GENE:SCN11A"", -1.0, 0.1], [""GENE:SCN1A"", -1.0, 0.1], [""GENE:SCN2A"", -1.0, 0.1], [""GENE:SCN3A"", -1.0, 0.1], [""GENE:SCN4A"", -1.0, 0.1], [""GENE:SCN5A"", -1.0, 0.1], [""GENE:SCN7A"", -1.0, 0.1], [""GENE:SCN8A"", -1.0, 0.1], [""GENE:SCN9A"", -1.0, 0.1]]",1,1,0,0.9993638692815722,grade
CID100071273,drug,ropivacaine,CHEMBL2331043,CHEMBL2331043,somnolence_or_hypersomnia,induces,pharmacological,B,0.15,0.0095,SIDER 4.1; targets CHEMBL2331043:BLOCKER,True,,,,,,,,,"[[""GENE:SCN10A"", -1.0, 0.1], [""GENE:SCN11A"", -1.0, 0.1], [""GENE:SCN1A"", -1.0, 0.1], [""GENE:SCN2A"", -1.0, 0.1], [""GENE:SCN3A"", -1.0, 0.1], [""GENE:SCN4A"", -1.0, 0.1], [""GENE:SCN5A"", -1.0, 0.1], [""GENE:SCN7A"", -1.0, 0.1], [""GENE:SCN8A"", -1.0, 0.1], [""GENE:SCN9A"", -1.0, 0.1]]",2,2,0,0.9994582753435345,grade
CID100071273,drug,ropivacaine,CHEMBL2331043,CHEMBL2331043,psychosis,induces,pharmacological,B,0.6,,SIDER 4.1; targets CHEMBL2331043:BLOCKER,True,,,,,,,,,"[[""GENE:SCN10A"", -1.0, 0.1], [""GENE:SCN11A"", -1.0, 0.1], [""GENE:SCN1A"", -1.0, 0.1], [""GENE:SCN2A"", -1.0, 0.1], [""GENE:SCN3A"", -1.0, 0.1], [""GENE:SCN4A"", -1.0, 0.1], [""GENE:SCN5A"", -1.0, 0.1], [""GENE:SCN7A"", -1.0, 0.1], [""GENE:SCN8A"", -1.0, 0.1], [""GENE:SCN9A"", -1.0, 0.1]]",1,1,0,0.9993638692815722,grade
CID100071273,drug,ropivacaine,CHEMBL2331043,CHEMBL2331043,psychomotor_agitation,induces,pharmacological,B,0.15,0.0075,SIDER 4.1; targets CHEMBL2331043:BLOCKER,True,,,,,,,,,"[[""GENE:SCN10A"", -1.0, 0.1], [""GENE:SCN11A"", -1.0, 0.1], [""GENE:SCN1A"", -1.0, 0.1], [""GENE:SCN2A"", -1.0, 0.1], [""GENE:SCN3A"", -1.0, 0.1], [""GENE:SCN4A"", -1.0, 0.1], [""GENE:SCN5A"", -1.0, 0.1], [""GENE:SCN7A"", -1.0, 0.1], [""GENE:SCN8A"", -1.0, 0.1], [""GENE:SCN9A"", -1.0, 0.1]]",2,2,0,0.9994582753435345,grade
CID100071273,drug,ropivacaine,CHEMBL2331043,CHEMBL2331043,insomnia,induces,pharmacological,B,0.15,0.02,SIDER 4.1; targets CHEMBL2331043:BLOCKER,True,,,,,,,,,"[[""GENE:SCN10A"", -1.0, 0.1], [""GENE:SCN11A"", -1.0, 0.1], [""GENE:SCN1A"", -1.0, 0.1], [""GENE:SCN2A"", -1.0, 0.1], [""GENE:SCN3A"", -1.0, 0.1], [""GENE:SCN4A"", -1.0, 0.1], [""GENE:SCN5A"", -1.0, 0.1], [""GENE:SCN7A"", -1.0, 0.1], [""GENE:SCN8A"", -1.0, 0.1], [""GENE:SCN9A"", -1.0, 0.1]]",1,1,0,0.9994582753435345,grade
CID100114709,drug,eslicarbazepine,CHEMBL2331043,CHEMBL2331043,fatigue,induces,pharmacological,B,0.6,,SIDER 4.1; targets CHEMBL2331043:BLOCKER,True,,,,,,,,,"[[""GENE:SCN10A"", -1.0, 0.1], [""GENE:SCN11A"", -1.0, 0.1], [""GENE:SCN1A"", -1.0, 0.1], [""GENE:SCN2A"", -1.0, 0.1], [""GENE:SCN3A"", -1.0, 0.1], [""GENE:SCN4A"", -1.0, 0.1], [""GENE:SCN5A"", -1.0, 0.1], [""GENE:SCN7A"", -1.0, 0.1], [""GENE:SCN8A"", -1.0, 0.1], [""GENE:SCN9A"", -1.0, 0.1]]",2,2,0,0.9993638692815722,grade
CID100114709,drug,eslicarbazepine,CHEMBL2331043,CHEMBL2331043,depressed_mood,induces,pharmacological,B,0.6,,SIDER 4.1; targets CHEMBL2331043:BLOCKER,True,,,,,,,,,"[[""GENE:SCN10A"", -1.0, 0.1], [""GENE:SCN11A"", -1.0, 0.1], [""GENE:SCN1A"", -1.0, 0.1], [""GENE:SCN2A"", -1.0, 0.1], [""GENE:SCN3A"", -1.0, 0.1], [""GENE:SCN4A"", -1.0, 0.1], [""GENE:SCN5A"", -1.0, 0.1], [""GENE:SCN7A"", -1.0, 0.1], [""GENE:SCN8A"", -1.0, 0.1], [""GENE:SCN9A"", -1.0, 0.1]]",1,1,0,0.9993638692815722,grade
CID100114709,drug,eslicarbazepine,CHEMBL2331043,CHEMBL2331043,cognitive_impairment,induces,pharmacological,B,0.6,,SIDER 4.1; targets CHEMBL2331043:BLOCKER,True,,,,,,,,,"[[""GENE:SCN10A"", -1.0, 0.1], [""GENE:SCN11A"", -1.0, 0.1], [""GENE:SCN1A"", -1.0, 0.1], [""GENE:SCN2A"", -1.0, 0.1], [""GENE:SCN3A"", -1.0, 0.1], [""GENE:SCN4A"", -1.0, 0.1], [""GENE:SCN5A"", -1.0, 0.1], [""GENE:SCN7A"", -1.0, 0.1], [""GENE:SCN8A"", -1.0, 0.1], [""GENE:SCN9A"", -1.0, 0.1]]",1,1,0,0.9993638692815722,grade
CID100114709,drug,eslicarbazepine,CHEMBL2331043,CHEMBL2331043,insomnia,induces,pharmacological,B,0.6,,SIDER 4.1; targets CHEMBL2331043:BLOCKER,True,,,,,,,,,"[[""GENE:SCN10A"", -1.0, 0.1], [""GENE:SCN11A"", -1.0, 0.1], [""GENE:SCN1A"", -1.0, 0.1], [""GENE:SCN2A"", -1.0, 0.1], [""GENE:SCN3A"", -1.0, 0.1], [""GENE:SCN4A"", -1.0, 0.1], [""GENE:SCN5A"", -1.0, 0.1], [""GENE:SCN7A"", -1.0, 0.1], [""GENE:SCN8A"", -1.0, 0.1], [""GENE:SCN9A"", -1.0, 0.1]]",1,1,0,0.9993638692815722,grade
CID100114709,drug,eslicarbazepine,CHEMBL2331043,CHEMBL2331043,somnolence_or_hypersomnia,induces,pharmacological,B,0.6,,SIDER 4.1; targets CHEMBL2331043:BLOCKER,True,,,,,,,,,"[[""GENE:SCN10A"", -1.0, 0.1], [""GENE:SCN11A"", -1.0, 0.1], [""GENE:SCN1A"", -1.0, 0.1], [""GENE:SCN2A"", -1.0, 0.1], [""GENE:SCN3A"", -1.0, 0.1], [""GENE:SCN4A"", -1.0, 0.1], [""GENE:SCN5A"", -1.0, 0.1], [""GENE:SCN7A"", -1.0, 0.1], [""GENE:SCN8A"", -1.0, 0.1], [""GENE:SCN9A"", -1.0, 0.1]]",1,1,0,0.9993638692815722,grade
CID100122316,drug,rasagiline,CHEMBL2039,CHEMBL2039,anxiety,induces,pharmacological,B,0.6,0.505,SIDER 4.1; targets CHEMBL2039:INHIBITOR,True,,,,,,,,,"[[""GENE:MAOB"", -1.0, 1.0]]",1,1,0,0.9994582753435345,grade
CID100122316,drug,rasagiline,CHEMBL2039,CHEMBL2039,fatigue,induces,pharmacological,B,0.6,0.505,SIDER 4.1; targets CHEMBL2039:INHIBITOR,True,,,,,,,,,"[[""GENE:MAOB"", -1.0, 1.0]]",1,1,0,0.9994582753435345,grade
CID100122316,drug,rasagiline,CHEMBL2039,CHEMBL2039,cognitive_impairment,induces,pharmacological,B,0.15,0.0055,SIDER 4.1; targets CHEMBL2039:INHIBITOR,True,,,,,,,,,"[[""GENE:MAOB"", -1.0, 1.0]]",1,1,0,0.9994582753435345,grade
CID100122316,drug,rasagiline,CHEMBL2039,CHEMBL2039,psychosis,induces,pharmacological,B,0.6,0.19833333333333333,SIDER 4.1; targets CHEMBL2039:INHIBITOR,True,,,,,,,,,"[[""GENE:MAOB"", -1.0, 1.0]]",5,5,0,0.9995386773806634,grade
CID100122316,drug,rasagiline,CHEMBL2039,CHEMBL2039,depressed_mood,induces,pharmacological,B,0.3,0.05,SIDER 4.1; targets CHEMBL2039:INHIBITOR,True,,,,,,,,,"[[""GENE:MAOB"", -1.0, 1.0]]",1,1,0,0.9995386773806634,grade
CID100122316,drug,rasagiline,CHEMBL2039,CHEMBL2039,psychomotor_agitation,induces,pharmacological,B,0.6,0.25525,SIDER 4.1; targets CHEMBL2039:INHIBITOR,True,,,,,,,,,"[[""GENE:MAOB"", -1.0, 1.0]]",2,2,0,0.9994582753435345,grade
CID100122316,drug,rasagiline,CHEMBL2039,CHEMBL2039,elevated_mood_or_mania,induces,pharmacological,B,0.15,0.0055,SIDER 4.1; targets CHEMBL2039:INHIBITOR,True,,,,,,,,,"[[""GENE:MAOB"", -1.0, 1.0]]",1,1,0,0.9994582753435345,grade
CID100122316,drug,rasagiline,CHEMBL2039,CHEMBL2039,insomnia,induces,pharmacological,B,0.24,0.04,SIDER 4.1; targets CHEMBL2039:INHIBITOR,True,,,,,,,,,"[[""GENE:MAOB"", -1.0, 1.0]]",1,1,0,0.9995386773806634,grade
CID100122316,drug,rasagiline,CHEMBL2039,CHEMBL2039,somnolence_or_hypersomnia,induces,pharmacological,B,0.3,0.05,SIDER 4.1; targets CHEMBL2039:INHIBITOR,True,,,,,,,,,"[[""GENE:MAOB"", -1.0, 1.0]]",2,2,0,0.9995386773806634,grade
CID100129228,drug,rufinamide,CHEMBL2331043,CHEMBL2331043,irritability_or_aggression,induces,pharmacological,B,0.18,0.03,SIDER 4.1; targets CHEMBL2331043:BLOCKER,True,,,,,,,,,"[[""GENE:SCN10A"", -1.0, 0.1], [""GENE:SCN11A"", -1.0, 0.1], [""GENE:SCN1A"", -1.0, 0.1], [""GENE:SCN2A"", -1.0, 0.1], [""GENE:SCN3A"", -1.0, 0.1], [""GENE:SCN4A"", -1.0, 0.1], [""GENE:SCN5A"", -1.0, 0.1], [""GENE:SCN7A"", -1.0, 0.1], [""GENE:SCN8A"", -1.0, 0.1], [""GENE:SCN9A"", -1.0, 0.1]]",1,1,0,0.9995386773806634,grade
CID100129228,drug,rufinamide,CHEMBL2331043,CHEMBL2331043,anxiety,induces,pharmacological,B,0.18,0.03,SIDER 4.1; targets CHEMBL2331043:BLOCKER,True,,,,,,,,,"[[""GENE:SCN10A"", -1.0, 0.1], [""GENE:SCN11A"", -1.0, 0.1], [""GENE:SCN1A"", -1.0, 0.1], [""GENE:SCN2A"", -1.0, 0.1], [""GENE:SCN3A"", -1.0, 0.1], [""GENE:SCN4A"", -1.0, 0.1], [""GENE:SCN5A"", -1.0, 0.1], [""GENE:SCN7A"", -1.0, 0.1], [""GENE:SCN8A"", -1.0, 0.1], [""GENE:SCN9A"", -1.0, 0.1]]",1,1,0,0.9995386773806634,grade
CID100129228,drug,rufinamide,CHEMBL2331043,CHEMBL2331043,fatigue,induces,pharmacological,B,0.54,0.09000000000000001,SIDER 4.1; targets CHEMBL2331043:BLOCKER,True,,,,,,,,,"[[""GENE:SCN10A"", -1.0, 0.1], [""GENE:SCN11A"", -1.0, 0.1], [""GENE:SCN1A"", -1.0, 0.1], [""GENE:SCN2A"", -1.0, 0.1], [""GENE:SCN3A"", -1.0, 0.1], [""GENE:SCN4A"", -1.0, 0.1], [""GENE:SCN5A"", -1.0, 0.1], [""GENE:SCN7A"", -1.0, 0.1], [""GENE:SCN8A"", -1.0, 0.1], [""GENE:SCN9A"", -1.0, 0.1]]",6,6,0,0.9995386773806634,grade
CID100129228,drug,rufinamide,CHEMBL2331043,CHEMBL2331043,psychomotor_agitation,induces,pharmacological,B,0.18,0.03,SIDER 4.1; targets CHEMBL2331043:BLOCKER,True,,,,,,,,,"[[""GENE:SCN10A"", -1.0, 0.1], [""GENE:SCN11A"", -1.0, 0.1], [""GENE:SCN1A"", -1.0, 0.1], [""GENE:SCN2A"", -1.0, 0.1], [""GENE:SCN3A"", -1.0, 0.1], [""GENE:SCN4A"", -1.0, 0.1], [""GENE:SCN5A"", -1.0, 0.1], [""GENE:SCN7A"", -1.0, 0.1], [""GENE:SCN8A"", -1.0, 0.1], [""GENE:SCN9A"", -1.0, 0.1]]",1,1,0,0.9995386773806634,grade
CID100129228,drug,rufinamide,CHEMBL2331043,CHEMBL2331043,cognitive_impairment,induces,pharmacological,B,0.18,0.03,SIDER 4.1; targets CHEMBL2331043:BLOCKER,True,,,,,,,,,"[[""GENE:SCN10A"", -1.0, 0.1], [""GENE:SCN11A"", -1.0, 0.1], [""GENE:SCN1A"", -1.0, 0.1], [""GENE:SCN2A"", -1.0, 0.1], [""GENE:SCN3A"", -1.0, 0.1], [""GENE:SCN4A"", -1.0, 0.1], [""GENE:SCN5A"", -1.0, 0.1], [""GENE:SCN7A"", -1.0, 0.1], [""GENE:SCN8A"", -1.0, 0.1], [""GENE:SCN9A"", -1.0, 0.1]]",1,1,0,0.9995386773806634,grade
CID100129228,drug,rufinamide,CHEMBL2331043,CHEMBL2331043,insomnia,induces,pharmacological,B,0.6,,SIDER 4.1; targets CHEMBL2331043:BLOCKER,True,,,,,,,,,"[[""GENE:SCN10A"", -1.0, 0.1], [""GENE:SCN11A"", -1.0, 0.1], [""GENE:SCN1A"", -1.0, 0.1], [""GENE:SCN2A"", -1.0, 0.1], [""GENE:SCN3A"", -1.0, 0.1], [""GENE:SCN4A"", -1.0, 0.1], [""GENE:SCN5A"", -1.0, 0.1], [""GENE:SCN7A"", -1.0, 0.1], [""GENE:SCN8A"", -1.0, 0.1], [""GENE:SCN9A"", -1.0, 0.1]]",1,1,0,0.9993638692815722,grade
CID100129228,drug,rufinamide,CHEMBL2331043,CHEMBL2331043,somnolence_or_hypersomnia,induces,pharmacological,B,0.6,0.14,SIDER 4.1; targets CHEMBL2331043:BLOCKER,True,,,,,,,,,"[[""GENE:SCN10A"", -1.0, 0.1], [""GENE:SCN11A"", -1.0, 0.1], [""GENE:SCN1A"", -1.0, 0.1], [""GENE:SCN2A"", -1.0, 0.1], [""GENE:SCN3A"", -1.0, 0.1], [""GENE:SCN4A"", -1.0, 0.1], [""GENE:SCN5A"", -1.0, 0.1], [""GENE:SCN7A"", -1.0, 0.1], [""GENE:SCN8A"", -1.0, 0.1], [""GENE:SCN9A"", -1.0, 0.1]]",2,2,0,0.9995386773806634,grade
CID100208902,drug,ramelteon,CHEMBL2094268,CHEMBL2094268,depressed_mood,induces,pharmacological,B,0.15,0.02,SIDER 4.1; targets CHEMBL2094268:AGONIST,False,,,,,,,,,"[[""GENE:MTNR1A"", 1.0, 0.5], [""GENE:MTNR1B"", 1.0, 0.5]]",1,1,0,0.9995386773806634,grade
CID100208902,drug,ramelteon,CHEMBL2094268,CHEMBL2094268,fatigue,induces,pharmacological,B,0.15,0.024333333333333335,SIDER 4.1; targets CHEMBL2094268:AGONIST,False,,,,,,,,,"[[""GENE:MTNR1A"", 1.0, 0.5], [""GENE:MTNR1B"", 1.0, 0.5]]",6,6,0,0.9995386773806634,grade
CID100208902,drug,ramelteon,CHEMBL2094268,CHEMBL2094268,insomnia,induces,pharmacological,B,0.15,0.0165,SIDER 4.1; targets CHEMBL2094268:AGONIST,False,,,,,,,,,"[[""GENE:MTNR1A"", 1.0, 0.5], [""GENE:MTNR1B"", 1.0, 0.5]]",2,2,0,0.9995386773806634,grade
CID100208902,drug,ramelteon,CHEMBL2094268,CHEMBL2094268,somnolence_or_hypersomnia,induces,pharmacological,B,0.176,0.029333333333333333,SIDER 4.1; targets CHEMBL2094268:AGONIST,False,,,,,,,,,"[[""GENE:MTNR1A"", 1.0, 0.5], [""GENE:MTNR1B"", 1.0, 0.5]]",3,3,0,0.9995386773806634,grade
CID100219078,drug,lacosamide,CHEMBL2331043,CHEMBL2331043,irritability_or_aggression,induces,pharmacological,B,0.6,0.0005,SIDER 4.1; targets CHEMBL2331043:BLOCKER,True,,,,,,,,,"[[""GENE:SCN10A"", -1.0, 0.1], [""GENE:SCN11A"", -1.0, 0.1], [""GENE:SCN1A"", -1.0, 0.1], [""GENE:SCN2A"", -1.0, 0.1], [""GENE:SCN3A"", -1.0, 0.1], [""GENE:SCN4A"", -1.0, 0.1], [""GENE:SCN5A"", -1.0, 0.1], [""GENE:SCN7A"", -1.0, 0.1], [""GENE:SCN8A"", -1.0, 0.1], [""GENE:SCN9A"", -1.0, 0.1]]",2,2,0,0.9994582753435345,grade
CID100219078,drug,lacosamide,CHEMBL2331043,CHEMBL2331043,fatigue,induces,pharmacological,B,0.6,0.10166666666666667,SIDER 4.1; targets CHEMBL2331043:BLOCKER,True,,,,,,,,,"[[""GENE:SCN10A"", -1.0, 0.1], [""GENE:SCN11A"", -1.0, 0.1], [""GENE:SCN1A"", -1.0, 0.1], [""GENE:SCN2A"", -1.0, 0.1], [""GENE:SCN3A"", -1.0, 0.1], [""GENE:SCN4A"", -1.0, 0.1], [""GENE:SCN5A"", -1.0, 0.1], [""GENE:SCN7A"", -1.0, 0.1], [""GENE:SCN8A"", -1.0, 0.1], [""GENE:SCN9A"", -1.0, 0.1]]",14,14,0,0.9995386773806634,grade
CID100219078,drug,lacosamide,CHEMBL2331043,CHEMBL2331043,cognitive_impairment,induces,pharmacological,B,0.6,0.03,SIDER 4.1; targets CHEMBL2331043:BLOCKER,True,,,,,,,,,"[[""GENE:SCN10A"", -1.0, 0.1], [""GENE:SCN11A"", -1.0, 0.1], [""GENE:SCN1A"", -1.0, 0.1], [""GENE:SCN2A"", -1.0, 0.1], [""GENE:SCN3A"", -1.0, 0.1], [""GENE:SCN4A"", -1.0, 0.1], [""GENE:SCN5A"", -1.0, 0.1], [""GENE:SCN7A"", -1.0, 0.1], [""GENE:SCN8A"", -1.0, 0.1], [""GENE:SCN9A"", -1.0, 0.1]]",5,5,0,0.9995386773806634,grade
CID100219078,drug,lacosamide,CHEMBL2331043,CHEMBL2331043,depressed_mood,induces,pharmacological,B,0.6,0.02,SIDER 4.1; targets CHEMBL2331043:BLOCKER,True,,,,,,,,,"[[""GENE:SCN10A"", -1.0, 0.1], [""GENE:SCN11A"", -1.0, 0.1], [""GENE:SCN1A"", -1.0, 0.1], [""GENE:SCN2A"", -1.0, 0.1], [""GENE:SCN3A"", -1.0, 0.1], [""GENE:SCN4A"", -1.0, 0.1], [""GENE:SCN5A"", -1.0, 0.1], [""GENE:SCN7A"", -1.0, 0.1], [""GENE:SCN8A"", -1.0, 0.1], [""GENE:SCN9A"", -1.0, 0.1]]",2,2,0,0.9995386773806634,grade
CID100219078,drug,lacosamide,CHEMBL2331043,CHEMBL2331043,psychosis,induces,pharmacological,B,0.15,0.0005,SIDER 4.1; targets CHEMBL2331043:BLOCKER,True,,,,,,,,,"[[""GENE:SCN10A"", -1.0, 0.1], [""GENE:SCN11A"", -1.0, 0.1], [""GENE:SCN1A"", -1.0, 0.1], [""GENE:SCN2A"", -1.0, 0.1], [""GENE:SCN3A"", -1.0, 0.1], [""GENE:SCN4A"", -1.0, 0.1], [""GENE:SCN5A"", -1.0, 0.1], [""GENE:SCN7A"", -1.0, 0.1], [""GENE:SCN8A"", -1.0, 0.1], [""GENE:SCN9A"", -1.0, 0.1]]",2,2,0,0.9994582753435345,grade
CID100219078,drug,lacosamide,CHEMBL2331043,CHEMBL2331043,psychomotor_agitation,induces,pharmacological,B,0.15,0.0005,SIDER 4.1; targets CHEMBL2331043:BLOCKER,True,,,,,,,,,"[[""GENE:SCN10A"", -1.0, 0.1], [""GENE:SCN11A"", -1.0, 0.1], [""GENE:SCN1A"", -1.0, 0.1], [""GENE:SCN2A"", -1.0, 0.1], [""GENE:SCN3A"", -1.0, 0.1], [""GENE:SCN4A"", -1.0, 0.1], [""GENE:SCN5A"", -1.0, 0.1], [""GENE:SCN7A"", -1.0, 0.1], [""GENE:SCN8A"", -1.0, 0.1], [""GENE:SCN9A"", -1.0, 0.1]]",1,1,0,0.9994582753435345,grade
CID100219078,drug,lacosamide,CHEMBL2331043,CHEMBL2331043,elevated_mood_or_mania,induces,pharmacological,B,0.6,,SIDER 4.1; targets CHEMBL2331043:BLOCKER,True,,,,,,,,,"[[""GENE:SCN10A"", -1.0, 0.1], [""GENE:SCN11A"", -1.0, 0.1], [""GENE:SCN1A"", -1.0, 0.1], [""GENE:SCN2A"", -1.0, 0.1], [""GENE:SCN3A"", -1.0, 0.1], [""GENE:SCN4A"", -1.0, 0.1], [""GENE:SCN5A"", -1.0, 0.1], [""GENE:SCN7A"", -1.0, 0.1], [""GENE:SCN8A"", -1.0, 0.1], [""GENE:SCN9A"", -1.0, 0.1]]",1,1,0,0.9993638692815722,grade
CID100219078,drug,lacosamide,CHEMBL2331043,CHEMBL2331043,insomnia,induces,pharmacological,B,0.15,0.0005,SIDER 4.1; targets CHEMBL2331043:BLOCKER,True,,,,,,,,,"[[""GENE:SCN10A"", -1.0, 0.1], [""GENE:SCN11A"", -1.0, 0.1], [""GENE:SCN1A"", -1.0, 0.1], [""GENE:SCN2A"", -1.0, 0.1], [""GENE:SCN3A"", -1.0, 0.1], [""GENE:SCN4A"", -1.0, 0.1], [""GENE:SCN5A"", -1.0, 0.1], [""GENE:SCN7A"", -1.0, 0.1], [""GENE:SCN8A"", -1.0, 0.1], [""GENE:SCN9A"", -1.0, 0.1]]",1,1,0,0.9994582753435345,grade
CID100219078,drug,lacosamide,CHEMBL2331043,CHEMBL2331043,somnolence_or_hypersomnia,induces,pharmacological,B,0.6,0.16571428571428573,SIDER 4.1; targets CHEMBL2331043:BLOCKER,True,,,,,,,,,"[[""GENE:SCN10A"", -1.0, 0.1], [""GENE:SCN11A"", -1.0, 0.1], [""GENE:SCN1A"", -1.0, 0.1], [""GENE:SCN2A"", -1.0, 0.1], [""GENE:SCN3A"", -1.0, 0.1], [""GENE:SCN4A"", -1.0, 0.1], [""GENE:SCN5A"", -1.0, 0.1], [""GENE:SCN7A"", -1.0, 0.1], [""GENE:SCN8A"", -1.0, 0.1], [""GENE:SCN9A"", -1.0, 0.1]]",7,7,0,0.9995386773806634,grade
CID104659568,drug,entacapone,CHEMBL2023,CHEMBL2023,anxiety,induces,pharmacological,B,0.6,0.02,SIDER 4.1; targets CHEMBL2023:INHIBITOR,True,,,,,,,,,"[[""GENE:COMT"", -1.0, 1.0]]",2,2,0,0.9995386773806634,grade
CID104659568,drug,entacapone,CHEMBL2023,CHEMBL2023,fatigue,induces,pharmacological,B,0.6,0.20866666666666667,SIDER 4.1; targets CHEMBL2023:INHIBITOR,True,,,,,,,,,"[[""GENE:COMT"", -1.0, 1.0]]",7,7,0,0.9995386773806634,grade
CID104659568,drug,entacapone,CHEMBL2023,CHEMBL2023,cognitive_impairment,induces,pharmacological,B,0.6,0.505,SIDER 4.1; targets CHEMBL2023:INHIBITOR,True,,,,,,,,,"[[""GENE:COMT"", -1.0, 1.0]]",2,2,0,0.9994582753435345,grade
CID104659568,drug,entacapone,CHEMBL2023,CHEMBL2023,psychosis,induces,pharmacological,B,0.6,0.273,SIDER 4.1; targets CHEMBL2023:INHIBITOR,True,,,,,,,,,"[[""GENE:COMT"", -1.0, 1.0]]",3,3,0,0.9995386773806634,grade
CID104659568,drug,entacapone,CHEMBL2023,CHEMBL2023,depressed_mood,induces,pharmacological,B,0.192,0.032,SIDER 4.1; targets CHEMBL2023:INHIBITOR,True,,,,,,,,,"[[""GENE:COMT"", -1.0, 1.0]]",1,1,0,0.9995386773806634,grade
CID104659568,drug,entacapone,CHEMBL2023,CHEMBL2023,psychomotor_agitation,induces,pharmacological,B,0.6,0.14201000000000003,SIDER 4.1; targets CHEMBL2023:INHIBITOR,True,,,,,,,,,"[[""GENE:COMT"", -1.0, 1.0]]",5,5,0,0.9995386773806634,grade
CID104659568,drug,entacapone,CHEMBL2023,CHEMBL2023,somnolence_or_hypersomnia,induces,pharmacological,B,0.15,0.02,SIDER 4.1; targets CHEMBL2023:INHIBITOR,True,,,,,,,,,"[[""GENE:COMT"", -1.0, 1.0]]",1,1,0,0.9995386773806634,grade
CID104659568,drug,entacapone,CHEMBL2023,CHEMBL2023,insomnia,induces,pharmacological,B,0.6,0.28400000000000003,SIDER 4.1; targets CHEMBL2023:INHIBITOR,True,,,,,,,,,"[[""GENE:COMT"", -1.0, 1.0]]",2,2,0,0.9995386773806634,grade
CID104659569,drug,tolcapone,CHEMBL2023,CHEMBL2023,anxiety,induces,pharmacological,B,0.6,0.0055,SIDER 4.1; targets CHEMBL2023:INHIBITOR,True,,,,,,,,,"[[""GENE:COMT"", -1.0, 1.0]]",2,2,0,0.9994582753435345,grade
CID104659569,drug,tolcapone,CHEMBL2023,CHEMBL2023,fatigue,induces,pharmacological,B,0.42000000000000004,0.07,SIDER 4.1; targets CHEMBL2023:INHIBITOR,True,,,,,,,,,"[[""GENE:COMT"", -1.0, 1.0]]",2,2,0,0.9995386773806634,grade
CID104659569,drug,tolcapone,CHEMBL2023,CHEMBL2023,cognitive_impairment,induces,pharmacological,B,0.6,0.11,SIDER 4.1; targets CHEMBL2023:INHIBITOR,True,,,,,,,,,"[[""GENE:COMT"", -1.0, 1.0]]",1,1,0,0.9995386773806634,grade
CID104659569,drug,tolcapone,CHEMBL2023,CHEMBL2023,psychosis,induces,pharmacological,B,0.48,0.08,SIDER 4.1; targets CHEMBL2023:INHIBITOR,True,,,,,,,,,"[[""GENE:COMT"", -1.0, 1.0]]",3,3,0,0.9995386773806634,grade
CID104659569,drug,tolcapone,CHEMBL2023,CHEMBL2023,irritability_or_aggression,induces,pharmacological,B,0.15,0.01,SIDER 4.1; targets CHEMBL2023:INHIBITOR,True,,,,,,,,,"[[""GENE:COMT"", -1.0, 1.0]]",1,1,0,0.9995386773806634,grade
CID104659569,drug,tolcapone,CHEMBL2023,CHEMBL2023,psychomotor_agitation,induces,pharmacological,B,0.15,0.016666666666666666,SIDER 4.1; targets CHEMBL2023:INHIBITOR,True,,,,,,,,,"[[""GENE:COMT"", -1.0, 1.0]]",3,3,0,0.9995386773806634,grade
CID104659569,drug,tolcapone,CHEMBL2023,CHEMBL2023,elevated_mood_or_mania,induces,pharmacological,B,0.15,0.01,SIDER 4.1; targets CHEMBL2023:INHIBITOR,True,,,,,,,,,"[[""GENE:COMT"", -1.0, 1.0]]",2,2,0,0.9995386773806634,grade
CID104659569,drug,tolcapone,CHEMBL2023,CHEMBL2023,somnolence_or_hypersomnia,induces,pharmacological,B,0.6,0.18,SIDER 4.1; targets CHEMBL2023:INHIBITOR,True,,,,,,,,,"[[""GENE:COMT"", -1.0, 1.0]]",1,1,0,0.9995386773806634,grade
CID100000896,drug,melatonin,CHEMBL2094268,CHEMBL2094268,insomnia,relieves,pharmacological,B,0.6,,SIDER 4.1; targets CHEMBL2094268:AGONIST,False,,,,,,,,,"[[""GENE:MTNR1A"", 1.0, 0.5], [""GENE:MTNR1B"", 1.0, 0.5]]",1,1,0,0.9993481351835334,grade
CID100002118,drug,alprazolam,CHEMBL2093872,CHEMBL2093872,anxiety,relieves,pharmacological,B,0.6,,SIDER 4.1; targets CHEMBL2093872:POSITIVE ALLOSTERIC MODULATOR,False,,,,,,,,,"[[""GENE:GABRA1"", 0.5, 0.07692307692307693], [""GENE:GABRA2"", 0.5, 0.07692307692307693], [""GENE:GABRA3"", 0.5, 0.07692307692307693], [""GENE:GABRA4"", 0.5, 0.07692307692307693], [""GENE:GABRA5"", 0.5, 0.07692307692307693], [""GENE:GABRA6"", 0.5, 0.07692307692307693], [""GENE:GABRB1"", 0.5, 0.07692307692307693], [""GENE:GABRB2"", 0.5, 0.07692307692307693], [""GENE:GABRB3"", 0.5, 0.07692307692307693], [""GENE:GABRD"", 0.5, 0.07692307692307693], [""GENE:GABRE"", 0.5, 0.07692307692307693], [""GENE:GABRG2"", 0.5, 0.07692307692307693], [""GENE:GABRQ"", 0.5, 0.07692307692307693]]",1,1,0,0.9993481351835334,grade
CID100002441,drug,bromazepam,CHEMBL4956,CHEMBL4956,anxiety,relieves,pharmacological,B,0.6,,SIDER 4.1; targets CHEMBL4956:POSITIVE ALLOSTERIC MODULATOR,False,,,,,,,,,"[[""GENE:GABRA2"", 0.5, 1.0]]",1,1,0,0.9993481351835334,grade
CID100002441,drug,bromazepam,CHEMBL4956,CHEMBL4956,psychomotor_agitation,relieves,pharmacological,B,0.6,,SIDER 4.1; targets CHEMBL4956:POSITIVE ALLOSTERIC MODULATOR,False,,,,,,,,,"[[""GENE:GABRA2"", 0.5, 1.0]]",1,1,0,0.9993481351835334,grade
CID100002554,drug,carbamazepine,CHEMBL2331043,CHEMBL2331043,elevated_mood_or_mania,relieves,pharmacological,B,0.6,,SIDER 4.1; targets CHEMBL2331043:BLOCKER,True,,,,,,,,,"[[""GENE:SCN10A"", -1.0, 0.1], [""GENE:SCN11A"", -1.0, 0.1], [""GENE:SCN1A"", -1.0, 0.1], [""GENE:SCN2A"", -1.0, 0.1], [""GENE:SCN3A"", -1.0, 0.1], [""GENE:SCN4A"", -1.0, 0.1], [""GENE:SCN5A"", -1.0, 0.1], [""GENE:SCN7A"", -1.0, 0.1], [""GENE:SCN8A"", -1.0, 0.1], [""GENE:SCN9A"", -1.0, 0.1]]",1,1,0,0.9993481351835334,grade
CID100002789,drug,clobazam,CHEMBL2093872,CHEMBL2093872,anxiety,relieves,pharmacological,B,0.6,,SIDER 4.1; targets CHEMBL2093872:POSITIVE ALLOSTERIC MODULATOR,False,,,,,,,,,"[[""GENE:GABRA1"", 0.5, 0.07692307692307693], [""GENE:GABRA2"", 0.5, 0.07692307692307693], [""GENE:GABRA3"", 0.5, 0.07692307692307693], [""GENE:GABRA4"", 0.5, 0.07692307692307693], [""GENE:GABRA5"", 0.5, 0.07692307692307693], [""GENE:GABRA6"", 0.5, 0.07692307692307693], [""GENE:GABRB1"", 0.5, 0.07692307692307693], [""GENE:GABRB2"", 0.5, 0.07692307692307693], [""GENE:GABRB3"", 0.5, 0.07692307692307693], [""GENE:GABRD"", 0.5, 0.07692307692307693], [""GENE:GABRE"", 0.5, 0.07692307692307693], [""GENE:GABRG2"", 0.5, 0.07692307692307693], [""GENE:GABRQ"", 0.5, 0.07692307692307693]]",1,1,0,0.9993481351835334,grade
CID100003016,drug,diazepam,CHEMBL2093872,CHEMBL2093872,anxiety,relieves,pharmacological,B,0.6,,SIDER 4.1; targets CHEMBL2093872:POSITIVE ALLOSTERIC MODULATOR,False,,,,,,,,,"[[""GENE:GABRA1"", 0.5, 0.07692307692307693], [""GENE:GABRA2"", 0.5, 0.07692307692307693], [""GENE:GABRA3"", 0.5, 0.07692307692307693], [""GENE:GABRA4"", 0.5, 0.07692307692307693], [""GENE:GABRA5"", 0.5, 0.07692307692307693], [""GENE:GABRA6"", 0.5, 0.07692307692307693], [""GENE:GABRB1"", 0.5, 0.07692307692307693], [""GENE:GABRB2"", 0.5, 0.07692307692307693], [""GENE:GABRB3"", 0.5, 0.07692307692307693], [""GENE:GABRD"", 0.5, 0.07692307692307693], [""GENE:GABRE"", 0.5, 0.07692307692307693], [""GENE:GABRG2"", 0.5, 0.07692307692307693], [""GENE:GABRQ"", 0.5, 0.07692307692307693]]",1,1,0,0.9993481351835334,grade
CID100003016,drug,diazepam,CHEMBL2093872,CHEMBL2093872,irritability_or_aggression,relieves,pharmacological,B,0.6,,SIDER 4.1; targets CHEMBL2093872:POSITIVE ALLOSTERIC MODULATOR,False,,,,,,,,,"[[""GENE:GABRA1"", 0.5, 0.07692307692307693], [""GENE:GABRA2"", 0.5, 0.07692307692307693], [""GENE:GABRA3"", 0.5, 0.07692307692307693], [""GENE:GABRA4"", 0.5, 0.07692307692307693], [""GENE:GABRA5"", 0.5, 0.07692307692307693], [""GENE:GABRA6"", 0.5, 0.07692307692307693], [""GENE:GABRB1"", 0.5, 0.07692307692307693], [""GENE:GABRB2"", 0.5, 0.07692307692307693], [""GENE:GABRB3"", 0.5, 0.07692307692307693], [""GENE:GABRD"", 0.5, 0.07692307692307693], [""GENE:GABRE"", 0.5, 0.07692307692307693], [""GENE:GABRG2"", 0.5, 0.07692307692307693], [""GENE:GABRQ"", 0.5, 0.07692307692307693]]",1,1,0,0.9993481351835334,grade
CID100003016,drug,diazepam,CHEMBL2093872,CHEMBL2093872,psychomotor_agitation,relieves,pharmacological,B,0.6,,SIDER 4.1; targets CHEMBL2093872:POSITIVE ALLOSTERIC MODULATOR,False,,,,,,,,,"[[""GENE:GABRA1"", 0.5, 0.07692307692307693], [""GENE:GABRA2"", 0.5, 0.07692307692307693], [""GENE:GABRA3"", 0.5, 0.07692307692307693], [""GENE:GABRA4"", 0.5, 0.07692307692307693], [""GENE:GABRA5"", 0.5, 0.07692307692307693], [""GENE:GABRA6"", 0.5, 0.07692307692307693], [""GENE:GABRB1"", 0.5, 0.07692307692307693], [""GENE:GABRB2"", 0.5, 0.07692307692307693], [""GENE:GABRB3"", 0.5, 0.07692307692307693], [""GENE:GABRD"", 0.5, 0.07692307692307693], [""GENE:GABRE"", 0.5, 0.07692307692307693], [""GENE:GABRG2"", 0.5, 0.07692307692307693], [""GENE:GABRQ"", 0.5, 0.07692307692307693]]",1,1,0,0.9993481351835334,grade
CID100003121,drug,valproate,CHEMBL1911,CHEMBL1911,elevated_mood_or_mania,relieves,pharmacological,B,0.6,,SIDER 4.1; targets CHEMBL1911:INHIBITOR,True,,,,,,,,,"[[""GENE:ALDH5A1"", -1.0, 1.0]]",1,1,0,0.9993481351835334,grade
CID100003261,drug,estazolam,CHEMBL2093872,CHEMBL2093872,insomnia,relieves,pharmacological,B,0.6,,SIDER 4.1; targets CHEMBL2093872:POSITIVE ALLOSTERIC MODULATOR,False,,,,,,,,,"[[""GENE:GABRA1"", 0.5, 0.07692307692307693], [""GENE:GABRA2"", 0.5, 0.07692307692307693], [""GENE:GABRA3"", 0.5, 0.07692307692307693], [""GENE:GABRA4"", 0.5, 0.07692307692307693], [""GENE:GABRA5"", 0.5, 0.07692307692307693], [""GENE:GABRA6"", 0.5, 0.07692307692307693], [""GENE:GABRB1"", 0.5, 0.07692307692307693], [""GENE:GABRB2"", 0.5, 0.07692307692307693], [""GENE:GABRB3"", 0.5, 0.07692307692307693], [""GENE:GABRD"", 0.5, 0.07692307692307693], [""GENE:GABRE"", 0.5, 0.07692307692307693], [""GENE:GABRG2"", 0.5, 0.07692307692307693], [""GENE:GABRQ"", 0.5, 0.07692307692307693]]",1,1,0,0.9993481351835334,grade
CID100003958,drug,lorazepam,CHEMBL2093872,CHEMBL2093872,anxiety,relieves,pharmacological,B,0.6,,SIDER 4.1; targets CHEMBL2093872:POSITIVE ALLOSTERIC MODULATOR,False,,,,,,,,,"[[""GENE:GABRA1"", 0.5, 0.07692307692307693], [""GENE:GABRA2"", 0.5, 0.07692307692307693], [""GENE:GABRA3"", 0.5, 0.07692307692307693], [""GENE:GABRA4"", 0.5, 0.07692307692307693], [""GENE:GABRA5"", 0.5, 0.07692307692307693], [""GENE:GABRA6"", 0.5, 0.07692307692307693], [""GENE:GABRB1"", 0.5, 0.07692307692307693], [""GENE:GABRB2"", 0.5, 0.07692307692307693], [""GENE:GABRB3"", 0.5, 0.07692307692307693], [""GENE:GABRD"", 0.5, 0.07692307692307693], [""GENE:GABRE"", 0.5, 0.07692307692307693], [""GENE:GABRG2"", 0.5, 0.07692307692307693], [""GENE:GABRQ"", 0.5, 0.07692307692307693]]",1,1,0,0.9993481351835334,grade
CID100003958,drug,lorazepam,CHEMBL2093872,CHEMBL2093872,insomnia,relieves,pharmacological,B,0.6,,SIDER 4.1; targets CHEMBL2093872:POSITIVE ALLOSTERIC MODULATOR,False,,,,,,,,,"[[""GENE:GABRA1"", 0.5, 0.07692307692307693], [""GENE:GABRA2"", 0.5, 0.07692307692307693], [""GENE:GABRA3"", 0.5, 0.07692307692307693], [""GENE:GABRA4"", 0.5, 0.07692307692307693], [""GENE:GABRA5"", 0.5, 0.07692307692307693], [""GENE:GABRA6"", 0.5, 0.07692307692307693], [""GENE:GABRB1"", 0.5, 0.07692307692307693], [""GENE:GABRB2"", 0.5, 0.07692307692307693], [""GENE:GABRB3"", 0.5, 0.07692307692307693], [""GENE:GABRD"", 0.5, 0.07692307692307693], [""GENE:GABRE"", 0.5, 0.07692307692307693], [""GENE:GABRG2"", 0.5, 0.07692307692307693], [""GENE:GABRQ"", 0.5, 0.07692307692307693]]",1,1,0,0.9993481351835334,grade
CID100004064,drug,meprobamate,CHEMBL2093872,CHEMBL2093872,anxiety,relieves,pharmacological,B,0.6,,SIDER 4.1; targets CHEMBL2093872:AGONIST,False,,,,,,,,,"[[""GENE:GABRA1"", 1.0, 0.07692307692307693], [""GENE:GABRA2"", 1.0, 0.07692307692307693], [""GENE:GABRA3"", 1.0, 0.07692307692307693], [""GENE:GABRA4"", 1.0, 0.07692307692307693], [""GENE:GABRA5"", 1.0, 0.07692307692307693], [""GENE:GABRA6"", 1.0, 0.07692307692307693], [""GENE:GABRB1"", 1.0, 0.07692307692307693], [""GENE:GABRB2"", 1.0, 0.07692307692307693], [""GENE:GABRB3"", 1.0, 0.07692307692307693], [""GENE:GABRD"", 1.0, 0.07692307692307693], [""GENE:GABRE"", 1.0, 0.07692307692307693], [""GENE:GABRG2"", 1.0, 0.07692307692307693], [""GENE:GABRQ"", 1.0, 0.07692307692307693]]",1,1,0,0.9993481351835334,grade
CID100004192,drug,midazolam,CHEMBL2093872,CHEMBL2093872,anxiety,relieves,pharmacological,B,0.6,,SIDER 4.1; targets CHEMBL2093872:POSITIVE ALLOSTERIC MODULATOR,False,,,,,,,,,"[[""GENE:GABRA1"", 0.5, 0.07692307692307693], [""GENE:GABRA2"", 0.5, 0.07692307692307693], [""GENE:GABRA3"", 0.5, 0.07692307692307693], [""GENE:GABRA4"", 0.5, 0.07692307692307693], [""GENE:GABRA5"", 0.5, 0.07692307692307693], [""GENE:GABRA6"", 0.5, 0.07692307692307693], [""GENE:GABRB1"", 0.5, 0.07692307692307693], [""GENE:GABRB2"", 0.5, 0.07692307692307693], [""GENE:GABRB3"", 0.5, 0.07692307692307693], [""GENE:GABRD"", 0.5, 0.07692307692307693], [""GENE:GABRE"", 0.5, 0.07692307692307693], [""GENE:GABRG2"", 0.5, 0.07692307692307693], [""GENE:GABRQ"", 0.5, 0.07692307692307693]]",1,1,0,0.9993481351835334,grade
CID100004192,drug,midazolam,CHEMBL2093872,CHEMBL2093872,insomnia,relieves,pharmacological,B,0.6,,SIDER 4.1; targets CHEMBL2093872:POSITIVE ALLOSTERIC MODULATOR,False,,,,,,,,,"[[""GENE:GABRA1"", 0.5, 0.07692307692307693], [""GENE:GABRA2"", 0.5, 0.07692307692307693], [""GENE:GABRA3"", 0.5, 0.07692307692307693], [""GENE:GABRA4"", 0.5, 0.07692307692307693], [""GENE:GABRA5"", 0.5, 0.07692307692307693], [""GENE:GABRA6"", 0.5, 0.07692307692307693], [""GENE:GABRB1"", 0.5, 0.07692307692307693], [""GENE:GABRB2"", 0.5, 0.07692307692307693], [""GENE:GABRB3"", 0.5, 0.07692307692307693], [""GENE:GABRD"", 0.5, 0.07692307692307693], [""GENE:GABRE"", 0.5, 0.07692307692307693], [""GENE:GABRG2"", 0.5, 0.07692307692307693], [""GENE:GABRQ"", 0.5, 0.07692307692307693]]",1,1,0,0.9993481351835334,grade
CID100004236,drug,modafinil,CHEMBL238,CHEMBL238,somnolence_or_hypersomnia,relieves,pharmacological,B,0.6,,SIDER 4.1; targets CHEMBL238:INHIBITOR,True,,,,,,,,,"[[""GENE:SLC6A3"", -1.0, 1.0]]",2,2,0,0.9993481351835334,grade
CID100004616,drug,oxazepam,CHEMBL2093872,CHEMBL2093872,anxiety,relieves,pharmacological,B,0.6,,SIDER 4.1; targets CHEMBL2093872:POSITIVE ALLOSTERIC MODULATOR,False,,,,,,,,,"[[""GENE:GABRA1"", 0.5, 0.07692307692307693], [""GENE:GABRA2"", 0.5, 0.07692307692307693], [""GENE:GABRA3"", 0.5, 0.07692307692307693], [""GENE:GABRA4"", 0.5, 0.07692307692307693], [""GENE:GABRA5"", 0.5, 0.07692307692307693], [""GENE:GABRA6"", 0.5, 0.07692307692307693], [""GENE:GABRB1"", 0.5, 0.07692307692307693], [""GENE:GABRB2"", 0.5, 0.07692307692307693], [""GENE:GABRB3"", 0.5, 0.07692307692307693], [""GENE:GABRD"", 0.5, 0.07692307692307693], [""GENE:GABRE"", 0.5, 0.07692307692307693], [""GENE:GABRG2"", 0.5, 0.07692307692307693], [""GENE:GABRQ"", 0.5, 0.07692307692307693]]",1,1,0,0.9993481351835334,grade
CID100004917,drug,prochlorperazine,CHEMBL217,CHEMBL217,anxiety,relieves,pharmacological,B,0.6,,SIDER 4.1; targets CHEMBL217:ANTAGONIST,False,,,,,,,,,"[[""GENE:DRD2"", -1.0, 1.0]]",1,1,0,0.9993481351835334,grade
CID100004917,drug,prochlorperazine,CHEMBL217,CHEMBL217,psychosis,relieves,pharmacological,B,0.6,,SIDER 4.1; targets CHEMBL217:ANTAGONIST,False,,,,,,,,,"[[""GENE:DRD2"", -1.0, 1.0]]",1,1,0,0.9993481351835334,grade
CID100004999,drug,quazepam,CHEMBL2093872,CHEMBL2093872,insomnia,relieves,pharmacological,B,0.6,,SIDER 4.1; targets CHEMBL2093872:POSITIVE ALLOSTERIC MODULATOR,False,,,,,,,,,"[[""GENE:GABRA1"", 0.5, 0.07692307692307693], [""GENE:GABRA2"", 0.5, 0.07692307692307693], [""GENE:GABRA3"", 0.5, 0.07692307692307693], [""GENE:GABRA4"", 0.5, 0.07692307692307693], [""GENE:GABRA5"", 0.5, 0.07692307692307693], [""GENE:GABRA6"", 0.5, 0.07692307692307693], [""GENE:GABRB1"", 0.5, 0.07692307692307693], [""GENE:GABRB2"", 0.5, 0.07692307692307693], [""GENE:GABRB3"", 0.5, 0.07692307692307693], [""GENE:GABRD"", 0.5, 0.07692307692307693], [""GENE:GABRE"", 0.5, 0.07692307692307693], [""GENE:GABRG2"", 0.5, 0.07692307692307693], [""GENE:GABRQ"", 0.5, 0.07692307692307693]]",1,1,0,0.9993481351835334,grade
CID100005203,drug,sertraline,CHEMBL228,CHEMBL228,anxiety,relieves,pharmacological,B,0.6,,SIDER 4.1; targets CHEMBL228:INHIBITOR,True,,,,,,,,,"[[""GENE:SLC6A4"", -1.0, 1.0]]",1,1,0,0.9993481351835334,grade
CID100005203,drug,sertraline,CHEMBL228,CHEMBL228,depressed_mood,relieves,pharmacological,B,0.6,,SIDER 4.1; targets CHEMBL228:INHIBITOR,True,,,,,,,,,"[[""GENE:SLC6A4"", -1.0, 1.0]]",1,1,0,0.9993481351835334,grade
CID100005203,drug,sertraline,CHEMBL228,CHEMBL228,irritability_or_aggression,relieves,pharmacological,B,0.6,,SIDER 4.1; targets CHEMBL228:INHIBITOR,True,,,,,,,,,"[[""GENE:SLC6A4"", -1.0, 1.0]]",1,1,0,0.9993481351835334,grade
CID100005391,drug,temazepam,CHEMBL2093872,CHEMBL2093872,insomnia,relieves,pharmacological,B,0.6,,SIDER 4.1; targets CHEMBL2093872:POSITIVE ALLOSTERIC MODULATOR,False,,,,,,,,,"[[""GENE:GABRA1"", 0.5, 0.07692307692307693], [""GENE:GABRA2"", 0.5, 0.07692307692307693], [""GENE:GABRA3"", 0.5, 0.07692307692307693], [""GENE:GABRA4"", 0.5, 0.07692307692307693], [""GENE:GABRA5"", 0.5, 0.07692307692307693], [""GENE:GABRA6"", 0.5, 0.07692307692307693], [""GENE:GABRB1"", 0.5, 0.07692307692307693], [""GENE:GABRB2"", 0.5, 0.07692307692307693], [""GENE:GABRB3"", 0.5, 0.07692307692307693], [""GENE:GABRD"", 0.5, 0.07692307692307693], [""GENE:GABRE"", 0.5, 0.07692307692307693], [""GENE:GABRG2"", 0.5, 0.07692307692307693], [""GENE:GABRQ"", 0.5, 0.07692307692307693]]",1,1,0,0.9993481351835334,grade
CID100005556,drug,triazolam,CHEMBL2093872,CHEMBL2093872,insomnia,relieves,pharmacological,B,0.6,,SIDER 4.1; targets CHEMBL2093872:POSITIVE ALLOSTERIC MODULATOR,False,,,,,,,,,"[[""GENE:GABRA1"", 0.5, 0.07692307692307693], [""GENE:GABRA2"", 0.5, 0.07692307692307693], [""GENE:GABRA3"", 0.5, 0.07692307692307693], [""GENE:GABRA4"", 0.5, 0.07692307692307693], [""GENE:GABRA5"", 0.5, 0.07692307692307693], [""GENE:GABRA6"", 0.5, 0.07692307692307693], [""GENE:GABRB1"", 0.5, 0.07692307692307693], [""GENE:GABRB2"", 0.5, 0.07692307692307693], [""GENE:GABRB3"", 0.5, 0.07692307692307693], [""GENE:GABRD"", 0.5, 0.07692307692307693], [""GENE:GABRE"", 0.5, 0.07692307692307693], [""GENE:GABRG2"", 0.5, 0.07692307692307693], [""GENE:GABRQ"", 0.5, 0.07692307692307693]]",1,1,0,0.9993481351835334,grade
CID100005719,drug,zaleplon,CHEMBL2111392,CHEMBL2111392,insomnia,relieves,pharmacological,B,0.6,,SIDER 4.1; targets CHEMBL2111392:POSITIVE ALLOSTERIC MODULATOR,False,,,,,,,,,"[[""GENE:GABRA1"", 0.5, 0.3333333333333333], [""GENE:GABRB1"", 0.5, 0.3333333333333333], [""GENE:GABRG2"", 0.5, 0.3333333333333333]]",1,1,0,0.9993481351835334,grade
CID100065856,drug,reboxetine,CHEMBL222,CHEMBL222,depressed_mood,relieves,pharmacological,B,0.6,,SIDER 4.1; targets CHEMBL222:INHIBITOR,True,,,,,,,,,"[[""GENE:SLC6A2"", -1.0, 1.0]]",1,1,0,0.9993481351835334,grade
CID100208902,drug,ramelteon,CHEMBL2094268,CHEMBL2094268,insomnia,relieves,pharmacological,B,0.6,,SIDER 4.1; targets CHEMBL2094268:AGONIST,False,,,,,,,,,"[[""GENE:MTNR1A"", 1.0, 0.5], [""GENE:MTNR1B"", 1.0, 0.5]]",1,1,0,0.9993481351835334,grade
