perturbation_id,perturbation_type,perturbation_label,group_id,disease_cluster_id,symptom,relation,evidence_class,grade,weight,label_frequency,source,in_metabolic_layer,omim_entry_count,orpha_entry_count,annotation_row_count,annotation_patient_count,disease_identifiers,evidence_date,perturbation_nodes
AARS1,gene,AARS1,AARS1,cluster:AARS1,cognitive_impairment,induces,monogenic,A,1.0,1.0,HPO genes_to_phenotype; diseases=OMIM:619661;ORPHA:442835,True,1,1,3,4.0,OMIM:619661;ORPHA:442835,2019-11-27,"[[""GENE:AARS1"", -1.0, 1.0]]"
ABAT,gene,ABAT,ABAT,cluster:ABAT,somnolence_or_hypersomnia,induces,monogenic,A,1.0,0.545,HPO genes_to_phenotype; diseases=ORPHA:2066,True,0,1,1,,ORPHA:2066,,"[[""GENE:ABAT"", -1.0, 1.0]]"
ABCA3,gene,ABCA3,ABCA3,cluster:ABCA3,fatigue,induces,monogenic,A,1.0,0.545,HPO genes_to_phenotype; diseases=ORPHA:2032,True,0,1,1,,ORPHA:2032,,"[[""GENE:ABCA3"", -1.0, 1.0]]"
ACADM,gene,ACADM,ACADM,cluster:ACADM,fatigue,induces,monogenic,A,0.68,0.17,HPO genes_to_phenotype; diseases=ORPHA:42,True,0,1,1,,ORPHA:42,,"[[""GENE:ACADM"", -1.0, 1.0]]"
ACADS,gene,ACADS,ACADS,cluster:ACADS,psychosis,induces,monogenic,A,1.0,0.2857142857142857,HPO genes_to_phenotype; diseases=OMIM:201470,True,1,0,1,7.0,OMIM:201470,2007-12-03,"[[""GENE:ACADS"", -1.0, 1.0]]"
ACAT1,gene,ACAT1,ACAT1,cluster:ACAT1,somnolence_or_hypersomnia,induces,monogenic,A,1.0,0.545,HPO genes_to_phenotype; diseases=ORPHA:134,True,0,1,1,,ORPHA:134,,"[[""GENE:ACAT1"", -1.0, 1.0]]"
ACAT1,gene,ACAT1,ACAT1,cluster:ACAT1,psychomotor_agitation,induces,monogenic,A,0.68,0.17,HPO genes_to_phenotype; diseases=ORPHA:134,True,0,1,1,,ORPHA:134,,"[[""GENE:ACAT1"", -1.0, 1.0]]"
ACOX1,gene,ACOX1,ACOX1,cluster:ACOX1,irritability_or_aggression,induces,monogenic,A,1.0,,HPO genes_to_phenotype; diseases=OMIM:264470,True,1,0,1,,OMIM:264470,2009-02-17,"[[""GENE:ACOX1"", -1.0, 1.0]]"
ADCY5,gene,ADCY5,ADCY5,cluster:ADCY5,anxiety,induces,monogenic,A,1.0,1.0,HPO genes_to_phenotype; diseases=OMIM:606703;OMIM:619651,True,2,0,2,3.0,OMIM:606703;OMIM:619651,2010-06-20,"[[""GENE:ADCY5"", -1.0, 1.0]]"
ADCY5,gene,ADCY5,ADCY5,cluster:ADCY5,psychomotor_agitation,induces,monogenic,A,1.0,0.5,HPO genes_to_phenotype; diseases=OMIM:619651,True,1,0,1,2.0,OMIM:619651,2021-03-11,"[[""GENE:ADCY5"", -1.0, 1.0]]"
ADH1C,gene,ADH1C,ADH1C,cluster:ADH1C,psychosis,induces,monogenic,A,0.68,0.17,HPO genes_to_phenotype; diseases=OMIM:168600,True,1,0,1,,OMIM:168600,2012-11-21,"[[""GENE:ADH1C"", -1.0, 1.0]]"
ADH1C,gene,ADH1C,ADH1C,cluster:ADH1C,depressed_mood,induces,monogenic,A,1.0,,HPO genes_to_phenotype; diseases=OMIM:168600,True,1,0,1,,OMIM:168600,2009-02-17,"[[""GENE:ADH1C"", -1.0, 1.0]]"
ADH1C,gene,ADH1C,ADH1C,cluster:ADH1C,cognitive_impairment,induces,monogenic,A,1.0,,HPO genes_to_phenotype; diseases=OMIM:168600,True,1,0,1,,OMIM:168600,2009-02-17,"[[""GENE:ADH1C"", -1.0, 1.0]]"
ADSL,gene,ADSL,ADSL,cluster:ADSL,irritability_or_aggression,induces,monogenic,A,1.0,,HPO genes_to_phenotype; diseases=OMIM:103050,True,1,0,1,,OMIM:103050,2012-10-09,"[[""GENE:ADSL"", -1.0, 1.0]]"
AP1G1,gene,AP1G1,AP1G1,cluster:AP1G1,anxiety,induces,monogenic,A,0.5,0.125,HPO genes_to_phenotype; diseases=OMIM:619467,True,1,0,1,8.0,OMIM:619467,2021-06-07,"[[""GENE:AP1G1"", -1.0, 1.0]]"
AP1G1,gene,AP1G1,AP1G1,cluster:AP1G1,depressed_mood,induces,monogenic,A,0.5,0.125,HPO genes_to_phenotype; diseases=OMIM:619467,True,1,0,1,8.0,OMIM:619467,2021-06-07,"[[""GENE:AP1G1"", -1.0, 1.0]]"
AP1G1,gene,AP1G1,AP1G1,cluster:AP1G1,irritability_or_aggression,induces,monogenic,A,1.0,0.6666666666666666,HPO genes_to_phenotype; diseases=OMIM:619467;OMIM:619548,True,2,0,2,11.0,OMIM:619467;OMIM:619548,2021-06-07,"[[""GENE:AP1G1"", -1.0, 1.0]]"
AHCY,gene,AHCY,AHCY,cluster:AHCY,cognitive_impairment,induces,monogenic,A,1.0,0.545,HPO genes_to_phenotype; diseases=ORPHA:88618,True,0,1,1,,ORPHA:88618,,"[[""GENE:AHCY"", -1.0, 1.0]]"
ALAD,gene,ALAD,ALAD,cluster:ALAD,cognitive_impairment,induces,monogenic,A,0.68,0.17,HPO genes_to_phenotype; diseases=ORPHA:100924,True,0,1,2,,ORPHA:100924,,"[[""GENE:ALAD"", -1.0, 1.0]]"
ALAD,gene,ALAD,ALAD,cluster:ALAD,psychosis,induces,monogenic,A,0.68,0.17,HPO genes_to_phenotype; diseases=ORPHA:100924,True,0,1,1,,ORPHA:100924,,"[[""GENE:ALAD"", -1.0, 1.0]]"
ALAD,gene,ALAD,ALAD,cluster:ALAD,anxiety,induces,monogenic,A,0.68,0.17,HPO genes_to_phenotype; diseases=ORPHA:100924,True,0,1,1,,ORPHA:100924,,"[[""GENE:ALAD"", -1.0, 1.0]]"
ALAD,gene,ALAD,ALAD,cluster:ALAD,depressed_mood,induces,monogenic,A,0.68,0.17,HPO genes_to_phenotype; diseases=ORPHA:100924,True,0,1,1,,ORPHA:100924,,"[[""GENE:ALAD"", -1.0, 1.0]]"
ALAD,gene,ALAD,ALAD,cluster:ALAD,psychomotor_agitation,induces,monogenic,A,0.68,0.17,HPO genes_to_phenotype; diseases=ORPHA:100924,True,0,1,2,,ORPHA:100924,,"[[""GENE:ALAD"", -1.0, 1.0]]"
ALAS2,gene,ALAS2,ALAS2,cluster:ALAS2,fatigue,induces,monogenic,A,1.0,0.895,HPO genes_to_phenotype; diseases=ORPHA:75563,True,0,1,1,,ORPHA:75563,,"[[""GENE:ALAS2"", -1.0, 1.0]]"
ALB,gene,ALB,ALB,cluster:ALB,fatigue,induces,monogenic,A,1.0,1.0,HPO genes_to_phenotype; diseases=OMIM:616000;ORPHA:86816,True,1,1,2,2.0,OMIM:616000;ORPHA:86816,2015-09-15,"[[""GENE:ALB"", -1.0, 1.0]]"
ABCD1,gene,ABCD1,ABCD1,cluster:ABCD1,cognitive_impairment,induces,monogenic,A,1.0,0.895,HPO genes_to_phenotype; diseases=OMIM:300100;ORPHA:139396;ORPHA:139399,True,1,2,8,,OMIM:300100;ORPHA:139396;ORPHA:139399,2013-06-23,"[[""GENE:ABCD1"", -1.0, 1.0]]"
ABCD1,gene,ABCD1,ABCD1,cluster:ABCD1,psychosis,induces,monogenic,A,1.0,,HPO genes_to_phenotype; diseases=OMIM:300100,True,1,0,1,,OMIM:300100,2013-06-23,"[[""GENE:ABCD1"", -1.0, 1.0]]"
ABCD1,gene,ABCD1,ABCD1,cluster:ABCD1,fatigue,induces,monogenic,A,1.0,0.545,HPO genes_to_phenotype; diseases=ORPHA:139399,True,0,1,1,,ORPHA:139399,,"[[""GENE:ABCD1"", -1.0, 1.0]]"
ALPL,gene,ALPL,ALPL,cluster:ALPL,irritability_or_aggression,induces,monogenic,A,1.0,,HPO genes_to_phenotype; diseases=OMIM:241500,True,1,0,1,,OMIM:241500,2009-02-17,"[[""GENE:ALPL"", -1.0, 1.0]]"
AMPD2,gene,AMPD2,AMPD2,cluster:AMPD2,irritability_or_aggression,induces,monogenic,A,1.0,1.0,HPO genes_to_phenotype; diseases=OMIM:615809,True,1,0,1,8.0,OMIM:615809,2013-08-01,"[[""GENE:AMPD2"", -1.0, 1.0]]"
SLC25A4,gene,SLC25A4,SLC25A4,cluster:MT-ATP8,cognitive_impairment,induces,monogenic,A,0.25,0.025,HPO genes_to_phenotype; diseases=ORPHA:254892,True,0,1,1,,ORPHA:254892,,"[[""GENE:SLC25A4"", -1.0, 1.0]]"
SLC25A4,gene,SLC25A4,SLC25A4,cluster:MT-ATP8,anxiety,induces,monogenic,A,0.68,0.17,HPO genes_to_phenotype; diseases=ORPHA:254892,True,0,1,1,,ORPHA:254892,,"[[""GENE:SLC25A4"", -1.0, 1.0]]"
SLC25A4,gene,SLC25A4,SLC25A4,cluster:MT-ATP8,depressed_mood,induces,monogenic,A,0.68,0.17,HPO genes_to_phenotype; diseases=ORPHA:254892,True,0,1,1,,ORPHA:254892,,"[[""GENE:SLC25A4"", -1.0, 1.0]]"
SLC25A4,gene,SLC25A4,SLC25A4,cluster:MT-ATP8,fatigue,induces,monogenic,A,1.0,1.0,HPO genes_to_phenotype; diseases=OMIM:615418;ORPHA:254892,True,1,1,2,1.0,OMIM:615418;ORPHA:254892,2015-03-03,"[[""GENE:SLC25A4"", -1.0, 1.0]]"
APOE,gene,APOE,APOE,cluster:APOE,cognitive_impairment,induces,monogenic,A,1.0,1.0,HPO genes_to_phenotype; diseases=OMIM:104310;OMIM:606889;OMIM:607822,True,3,0,7,6.0,OMIM:104310;OMIM:606889;OMIM:607822,1996-12-01,"[[""GENE:APOE"", -1.0, 1.0]]"
APOE,gene,APOE,APOE,cluster:APOE,irritability_or_aggression,induces,monogenic,A,1.0,0.5,HPO genes_to_phenotype; diseases=OMIM:606889,True,1,0,1,2.0,OMIM:606889,2003-08-01,"[[""GENE:APOE"", -1.0, 1.0]]"
AQP2,gene,AQP2,AQP2,cluster:AQP2,irritability_or_aggression,induces,monogenic,A,1.0,,HPO genes_to_phenotype; diseases=OMIM:125800,True,1,0,1,,OMIM:125800,2009-02-17,"[[""GENE:AQP2"", -1.0, 1.0]]"
AQP4,gene,AQP4,AQP4,cluster:AQP4,cognitive_impairment,induces,monogenic,A,1.0,0.545,HPO genes_to_phenotype; diseases=ORPHA:2478,True,0,1,1,,ORPHA:2478,,"[[""GENE:AQP4"", -1.0, 1.0]]"
ARG1,gene,ARG1,ARG1,cluster:ARG1,irritability_or_aggression,induces,monogenic,A,1.0,,HPO genes_to_phenotype; diseases=OMIM:207800,True,1,0,1,,OMIM:207800,2009-02-17,"[[""GENE:ARG1"", -1.0, 1.0]]"
ARSA,gene,ARSA,ARSA,cluster:ARSA,cognitive_impairment,induces,monogenic,A,1.0,0.545,HPO genes_to_phenotype; diseases=OMIM:250100;ORPHA:309263;ORPHA:309271,True,1,2,5,,OMIM:250100;ORPHA:309263;ORPHA:309271,2012-04-11,"[[""GENE:ARSA"", -1.0, 1.0]]"
ARSA,gene,ARSA,ARSA,cluster:ARSA,psychosis,induces,monogenic,A,1.0,0.545,HPO genes_to_phenotype; diseases=OMIM:250100;ORPHA:309256;ORPHA:309263;ORPHA:309271,True,1,3,8,,OMIM:250100;ORPHA:309256;ORPHA:309263;ORPHA:309271,2009-02-17,"[[""GENE:ARSA"", -1.0, 1.0]]"
ARSA,gene,ARSA,ARSA,cluster:ARSA,depressed_mood,induces,monogenic,A,0.68,0.17,HPO genes_to_phenotype; diseases=ORPHA:309271,True,0,1,1,,ORPHA:309271,,"[[""GENE:ARSA"", -1.0, 1.0]]"
ASAH1,gene,ASAH1,ASAH1,cluster:ASAH1,cognitive_impairment,induces,monogenic,A,0.68,0.17,HPO genes_to_phenotype; diseases=OMIM:159950;ORPHA:2590,True,1,1,2,,OMIM:159950;ORPHA:2590,2010-06-20,"[[""GENE:ASAH1"", -1.0, 1.0]]"
ASAH1,gene,ASAH1,ASAH1,cluster:ASAH1,irritability_or_aggression,induces,monogenic,A,1.0,,HPO genes_to_phenotype; diseases=OMIM:228000,True,1,0,1,,OMIM:228000,2009-02-17,"[[""GENE:ASAH1"", -1.0, 1.0]]"
ASL,gene,ASL,ASL,cluster:ASL,irritability_or_aggression,induces,monogenic,A,1.0,,HPO genes_to_phenotype; diseases=OMIM:207900,True,1,0,1,,OMIM:207900,2009-02-17,"[[""GENE:ASL"", -1.0, 1.0]]"
ASL,gene,ASL,ASL,cluster:ASL,psychosis,induces,monogenic,A,0.68,0.17,HPO genes_to_phenotype; diseases=ORPHA:23,True,0,1,1,,ORPHA:23,,"[[""GENE:ASL"", -1.0, 1.0]]"
ASNS,gene,ASNS,ASNS,cluster:ASNS,irritability_or_aggression,induces,monogenic,A,1.0,1.0,HPO genes_to_phenotype; diseases=OMIM:615574,True,1,0,1,1.0,OMIM:615574,2017-08-03,"[[""GENE:ASNS"", -1.0, 1.0]]"
ASPA,gene,ASPA,ASPA,cluster:ASPA,irritability_or_aggression,induces,monogenic,A,1.0,0.545,HPO genes_to_phenotype; diseases=ORPHA:314911,True,0,1,1,,ORPHA:314911,,"[[""GENE:ASPA"", -1.0, 1.0]]"
ASS1,gene,ASS1,ASS1,cluster:ASS1,irritability_or_aggression,induces,monogenic,A,1.0,,HPO genes_to_phenotype; diseases=OMIM:215700,True,1,0,1,,OMIM:215700,2009-02-17,"[[""GENE:ASS1"", -1.0, 1.0]]"
ATP1A2,gene,ATP1A2,ATP1A2,cluster:AARS1,cognitive_impairment,induces,monogenic,A,1.0,0.875,HPO genes_to_phenotype; diseases=OMIM:602481;ORPHA:442835;ORPHA:569,True,1,2,3,8.0,OMIM:602481;ORPHA:442835;ORPHA:569,2004-07-31,"[[""GENE:ATP1A2"", -1.0, 1.0]]"
ATP1A2,gene,ATP1A2,ATP1A2,cluster:AARS1,irritability_or_aggression,induces,monogenic,A,0.68,0.17,HPO genes_to_phenotype; diseases=ORPHA:2131,True,0,1,1,,ORPHA:2131,,"[[""GENE:ATP1A2"", -1.0, 1.0]]"
ATP1A3,gene,ATP1A3,ATP1A3,cluster:AARS1,cognitive_impairment,induces,monogenic,A,0.68,0.17,HPO genes_to_phenotype; diseases=OMIM:614820;ORPHA:1171;ORPHA:442835,True,1,2,3,,OMIM:614820;ORPHA:1171;ORPHA:442835,2012-10-17,"[[""GENE:ATP1A3"", -1.0, 1.0]]"
ATP1A3,gene,ATP1A3,ATP1A3,cluster:AARS1,anxiety,induces,monogenic,A,0.68,0.17,HPO genes_to_phenotype; diseases=OMIM:128235;ORPHA:71517,True,1,1,2,,OMIM:128235;ORPHA:71517,2009-02-17,"[[""GENE:ATP1A3"", -1.0, 1.0]]"
ATP1A3,gene,ATP1A3,ATP1A3,cluster:AARS1,depressed_mood,induces,monogenic,A,0.68,0.17,HPO genes_to_phenotype; diseases=OMIM:128235;ORPHA:71517,True,1,1,2,,OMIM:128235;ORPHA:71517,2009-02-17,"[[""GENE:ATP1A3"", -1.0, 1.0]]"
ATP1A3,gene,ATP1A3,ATP1A3,cluster:AARS1,irritability_or_aggression,induces,monogenic,A,0.68,0.17,HPO genes_to_phenotype; diseases=ORPHA:2131,True,0,1,1,,ORPHA:2131,,"[[""GENE:ATP1A3"", -1.0, 1.0]]"
ATP2A2,gene,ATP2A2,ATP2A2,cluster:ATP2A2,depressed_mood,induces,monogenic,A,0.68,0.17,HPO genes_to_phenotype; diseases=ORPHA:218,True,0,1,1,,ORPHA:218,,"[[""GENE:ATP2A2"", -1.0, 1.0]]"
ATP5F1A,gene,ATP5F1A,ATP5F1A,cluster:ATP5F1A,irritability_or_aggression,induces,monogenic,A,1.0,1.0,HPO genes_to_phenotype; diseases=OMIM:615228,True,1,0,1,2.0,OMIM:615228,2013-04-18,"[[""GENE:ATP5F1A"", -1.0, 1.0]]"
ALDH7A1,gene,ALDH7A1,ALDH7A1,cluster:ALDH7A1,irritability_or_aggression,induces,monogenic,A,1.0,0.545,HPO genes_to_phenotype; diseases=ORPHA:3006,True,0,1,1,,ORPHA:3006,,"[[""GENE:ALDH7A1"", -1.0, 1.0]]"
ALDH7A1,gene,ALDH7A1,ALDH7A1,cluster:ALDH7A1,psychomotor_agitation,induces,monogenic,A,0.68,0.17,HPO genes_to_phenotype; diseases=ORPHA:3006,True,0,1,1,,ORPHA:3006,,"[[""GENE:ALDH7A1"", -1.0, 1.0]]"
ATP6V1A,gene,ATP6V1A,ATP6V1A,cluster:AARS1,cognitive_impairment,induces,monogenic,A,1.0,0.895,HPO genes_to_phenotype; diseases=ORPHA:357074;ORPHA:442835,True,0,2,2,,ORPHA:357074;ORPHA:442835,,"[[""GENE:ATP6V1A"", -1.0, 1.0]]"
ATP6V1E1,gene,ATP6V1E1,ATP6V1E1,cluster:AARS1,cognitive_impairment,induces,monogenic,A,1.0,0.895,HPO genes_to_phenotype; diseases=ORPHA:357074,True,0,1,1,,ORPHA:357074,,"[[""GENE:ATP6V1E1"", -1.0, 1.0]]"
ATP6V0A1,gene,ATP6V0A1,ATP6V0A1,cluster:ATP6V0A1,psychomotor_agitation,induces,monogenic,A,1.0,0.5,HPO genes_to_phenotype; diseases=OMIM:619970,True,1,0,1,2.0,OMIM:619970,2021-04-08,"[[""GENE:ATP6V0A1"", -1.0, 1.0]]"
AUH,gene,AUH,AUH,cluster:AUH,cognitive_impairment,induces,monogenic,A,0.8,0.2,HPO genes_to_phenotype; diseases=OMIM:250950,True,1,0,3,10.0,OMIM:250950,2009-02-17,"[[""GENE:AUH"", -1.0, 1.0]]"
BCKDHA,gene,BCKDHA,BCKDHA,cluster:BCKDHA,psychosis,induces,monogenic,A,1.0,,HPO genes_to_phenotype; diseases=OMIM:248600,True,1,0,1,,OMIM:248600,2009-02-17,"[[""GENE:BCKDHA"", -1.0, 1.0]]"
SLC25A20,gene,SLC25A20,SLC25A20,cluster:SLC25A20,irritability_or_aggression,induces,monogenic,A,1.0,0.895,HPO genes_to_phenotype; diseases=OMIM:212138;ORPHA:159,True,1,1,2,,OMIM:212138;ORPHA:159,2014-03-24,"[[""GENE:SLC25A20"", -1.0, 1.0]]"
CARS1,gene,CARS1,CARS1,cluster:CARS1,irritability_or_aggression,induces,monogenic,A,1.0,0.25,HPO genes_to_phenotype; diseases=OMIM:618891,True,1,0,1,4.0,OMIM:618891,2019-02-26,"[[""GENE:CARS1"", -1.0, 1.0]]"
CARS1,gene,CARS1,CARS1,cluster:CARS1,depressed_mood,induces,monogenic,A,1.0,0.25,HPO genes_to_phenotype; diseases=OMIM:618891,True,1,0,1,4.0,OMIM:618891,2019-02-26,"[[""GENE:CARS1"", -1.0, 1.0]]"
CBL,gene,CBL,CBL,cluster:CBL,cognitive_impairment,induces,monogenic,A,1.0,0.3333333333333333,HPO genes_to_phenotype; diseases=OMIM:613563,True,1,0,1,3.0,OMIM:613563,2010-06-12,"[[""GENE:CBL"", -1.0, 1.0]]"
CBL,gene,CBL,CBL,cluster:CBL,fatigue,induces,monogenic,A,1.0,0.545,HPO genes_to_phenotype; diseases=ORPHA:98850,True,0,1,1,,ORPHA:98850,,"[[""GENE:CBL"", -1.0, 1.0]]"
CBS,gene,CBS,CBS,cluster:CBS,anxiety,induces,monogenic,A,0.68,0.17,HPO genes_to_phenotype; diseases=ORPHA:394,True,0,1,1,,ORPHA:394,,"[[""GENE:CBS"", -1.0, 1.0]]"
CBS,gene,CBS,CBS,cluster:CBS,depressed_mood,induces,monogenic,A,0.68,0.17,HPO genes_to_phenotype; diseases=OMIM:236200;ORPHA:394,True,1,1,2,,OMIM:236200;ORPHA:394,2015-12-30,"[[""GENE:CBS"", -1.0, 1.0]]"
CBS,gene,CBS,CBS,cluster:CBS,psychosis,induces,monogenic,A,0.68,0.17,HPO genes_to_phenotype; diseases=ORPHA:394,True,0,1,1,,ORPHA:394,,"[[""GENE:CBS"", -1.0, 1.0]]"
ENTPD1,gene,ENTPD1,ENTPD1,cluster:ENTPD1,irritability_or_aggression,induces,monogenic,A,1.0,0.545,HPO genes_to_phenotype; diseases=OMIM:615683;ORPHA:401810,True,1,1,2,,OMIM:615683;ORPHA:401810,2015-12-30,"[[""GENE:ENTPD1"", -1.0, 1.0]]"
CHKA,gene,CHKA,CHKA,cluster:CHKA,irritability_or_aggression,induces,monogenic,A,1.0,0.5,HPO genes_to_phenotype; diseases=OMIM:620023,True,1,0,1,6.0,OMIM:620023,2022-06-30,"[[""GENE:CHKA"", -1.0, 1.0]]"
TBCB,gene,TBCB,TBCB,cluster:TBCB,anxiety,induces,monogenic,A,1.0,0.4,HPO genes_to_phenotype; diseases=OMIM:621382,True,1,0,1,10.0,OMIM:621382,2025-08-23,"[[""GENE:TBCB"", -1.0, 1.0]]"
ABCC2,gene,ABCC2,ABCC2,cluster:ABCC2,fatigue,induces,monogenic,A,0.68,0.17,HPO genes_to_phenotype; diseases=ORPHA:234,True,0,1,1,,ORPHA:234,,"[[""GENE:ABCC2"", -1.0, 1.0]]"
COMT,gene,COMT,COMT,cluster:COMT,anxiety,induces,monogenic,A,1.0,0.545,HPO genes_to_phenotype; diseases=ORPHA:567,True,0,1,1,,ORPHA:567,,"[[""GENE:COMT"", -1.0, 1.0]]"
COMT,gene,COMT,COMT,cluster:COMT,depressed_mood,induces,monogenic,A,0.68,0.17,HPO genes_to_phenotype; diseases=ORPHA:567,True,0,1,1,,ORPHA:567,,"[[""GENE:COMT"", -1.0, 1.0]]"
COX6B1,gene,COX6B1,COX6B1,cluster:COX6B1,cognitive_impairment,induces,monogenic,A,1.0,1.0,HPO genes_to_phenotype; diseases=OMIM:619051,True,1,0,1,2.0,OMIM:619051,2008-05-22,"[[""GENE:COX6B1"", -1.0, 1.0]]"
COX10,gene,COX10,COX10,cluster:COX10,psychomotor_agitation,induces,monogenic,A,1.0,1.0,HPO genes_to_phenotype; diseases=OMIM:619046,True,1,0,1,1.0,OMIM:619046,2004-10-01,"[[""GENE:COX10"", -1.0, 1.0]]"
CP,gene,CP,CP,cluster:CP,cognitive_impairment,induces,monogenic,A,1.0,0.545,HPO genes_to_phenotype; diseases=OMIM:604290;ORPHA:48818,True,1,1,3,,OMIM:604290;ORPHA:48818,2009-02-17,"[[""GENE:CP"", -1.0, 1.0]]"
CPOX,gene,CPOX,CPOX,cluster:CPOX,cognitive_impairment,induces,monogenic,A,1.0,,HPO genes_to_phenotype; diseases=OMIM:121300,True,1,0,1,,OMIM:121300,2009-02-17,"[[""GENE:CPOX"", -1.0, 1.0]]"
CPOX,gene,CPOX,CPOX,cluster:CPOX,insomnia,induces,monogenic,A,1.0,,HPO genes_to_phenotype; diseases=OMIM:121300,True,1,0,1,,OMIM:121300,2012-11-16,"[[""GENE:CPOX"", -1.0, 1.0]]"
CPOX,gene,CPOX,CPOX,cluster:CPOX,psychosis,induces,monogenic,A,0.68,0.17,HPO genes_to_phenotype; diseases=OMIM:121300;ORPHA:79273,True,1,1,2,,OMIM:121300;ORPHA:79273,2009-02-17,"[[""GENE:CPOX"", -1.0, 1.0]]"
CPOX,gene,CPOX,CPOX,cluster:CPOX,anxiety,induces,monogenic,A,1.0,,HPO genes_to_phenotype; diseases=OMIM:121300,True,1,0,1,,OMIM:121300,2009-02-17,"[[""GENE:CPOX"", -1.0, 1.0]]"
CPOX,gene,CPOX,CPOX,cluster:CPOX,depressed_mood,induces,monogenic,A,1.0,,HPO genes_to_phenotype; diseases=OMIM:121300,True,1,0,1,,OMIM:121300,2009-02-17,"[[""GENE:CPOX"", -1.0, 1.0]]"
CPS1,gene,CPS1,CPS1,cluster:CPS1,irritability_or_aggression,induces,monogenic,A,1.0,,HPO genes_to_phenotype; diseases=OMIM:237300,True,1,0,1,,OMIM:237300,2009-02-17,"[[""GENE:CPS1"", -1.0, 1.0]]"
CPT1A,gene,CPT1A,CPT1A,cluster:CPT1A,fatigue,induces,monogenic,A,1.0,0.895,HPO genes_to_phenotype; diseases=ORPHA:156,True,0,1,1,,ORPHA:156,,"[[""GENE:CPT1A"", -1.0, 1.0]]"
CREBBP,gene,CREBBP,CREBBP,cluster:CREBBP,anxiety,induces,monogenic,A,1.0,0.545,HPO genes_to_phenotype; diseases=ORPHA:353277;ORPHA:353281,True,0,2,2,,ORPHA:353277;ORPHA:353281,,"[[""GENE:CREBBP"", -1.0, 1.0]]"
CREBBP,gene,CREBBP,CREBBP,cluster:CREBBP,cognitive_impairment,induces,monogenic,A,1.0,0.545,HPO genes_to_phenotype; diseases=OMIM:180849;ORPHA:353277;ORPHA:353281,True,1,2,3,,OMIM:180849;ORPHA:353277;ORPHA:353281,2009-02-17,"[[""GENE:CREBBP"", -1.0, 1.0]]"
CREBBP,gene,CREBBP,CREBBP,cluster:CREBBP,irritability_or_aggression,induces,monogenic,A,0.68,0.17,HPO genes_to_phenotype; diseases=ORPHA:353277;ORPHA:353281,True,0,2,2,,ORPHA:353277;ORPHA:353281,,"[[""GENE:CREBBP"", -1.0, 1.0]]"
CTSD,gene,CTSD,CTSD,cluster:CTSD,cognitive_impairment,induces,monogenic,A,1.0,1.0,HPO genes_to_phenotype; diseases=OMIM:610127,True,1,0,1,6.0,OMIM:610127,2006-03-29,"[[""GENE:CTSD"", -1.0, 1.0]]"
CTSH,gene,CTSH,CTSH,cluster:CTSH,somnolence_or_hypersomnia,induces,monogenic,A,1.0,0.895,HPO genes_to_phenotype; diseases=ORPHA:2073,True,0,1,1,,ORPHA:2073,,"[[""GENE:CTSH"", -1.0, 1.0]]"
CTSH,gene,CTSH,CTSH,cluster:CTSH,cognitive_impairment,induces,monogenic,A,1.0,0.895,HPO genes_to_phenotype; diseases=ORPHA:2073,True,0,1,1,,ORPHA:2073,,"[[""GENE:CTSH"", -1.0, 1.0]]"
CTSH,gene,CTSH,CTSH,cluster:CTSH,psychosis,induces,monogenic,A,1.0,0.895,HPO genes_to_phenotype; diseases=ORPHA:2073,True,0,1,2,,ORPHA:2073,,"[[""GENE:CTSH"", -1.0, 1.0]]"
CTSH,gene,CTSH,CTSH,cluster:CTSH,anxiety,induces,monogenic,A,1.0,0.545,HPO genes_to_phenotype; diseases=ORPHA:2073,True,0,1,1,,ORPHA:2073,,"[[""GENE:CTSH"", -1.0, 1.0]]"
CTSH,gene,CTSH,CTSH,cluster:CTSH,depressed_mood,induces,monogenic,A,0.68,0.17,HPO genes_to_phenotype; diseases=ORPHA:2073,True,0,1,1,,ORPHA:2073,,"[[""GENE:CTSH"", -1.0, 1.0]]"
CTSH,gene,CTSH,CTSH,cluster:CTSH,psychomotor_agitation,induces,monogenic,A,0.68,0.17,HPO genes_to_phenotype; diseases=ORPHA:2073,True,0,1,1,,ORPHA:2073,,"[[""GENE:CTSH"", -1.0, 1.0]]"
CYLD,gene,CYLD,CYLD,cluster:CYLD,cognitive_impairment,induces,monogenic,A,1.0,1.0,HPO genes_to_phenotype; diseases=OMIM:619132,True,1,0,3,24.0,OMIM:619132,2013-01-22,"[[""GENE:CYLD"", -1.0, 1.0]]"
CYP27A1,gene,CYP27A1,CYP27A1,cluster:CYP27A1,cognitive_impairment,induces,monogenic,A,1.0,0.545,HPO genes_to_phenotype; diseases=OMIM:213700;ORPHA:909,True,1,1,3,,OMIM:213700;ORPHA:909,2000-05-01,"[[""GENE:CYP27A1"", -1.0, 1.0]]"
CYP27A1,gene,CYP27A1,CYP27A1,cluster:CYP27A1,psychosis,induces,monogenic,A,0.68,0.17,HPO genes_to_phenotype; diseases=OMIM:213700;ORPHA:909,True,1,1,3,,OMIM:213700;ORPHA:909,2009-02-17,"[[""GENE:CYP27A1"", -1.0, 1.0]]"
CYP27A1,gene,CYP27A1,CYP27A1,cluster:CYP27A1,depressed_mood,induces,monogenic,A,0.68,0.17,HPO genes_to_phenotype; diseases=ORPHA:909,True,0,1,1,,ORPHA:909,,"[[""GENE:CYP27A1"", -1.0, 1.0]]"
CYP27A1,gene,CYP27A1,CYP27A1,cluster:CYP27A1,irritability_or_aggression,induces,monogenic,A,0.68,0.17,HPO genes_to_phenotype; diseases=ORPHA:909,True,0,1,1,,ORPHA:909,,"[[""GENE:CYP27A1"", -1.0, 1.0]]"
CYP27A1,gene,CYP27A1,CYP27A1,cluster:CYP27A1,psychomotor_agitation,induces,monogenic,A,0.68,0.17,HPO genes_to_phenotype; diseases=ORPHA:909,True,0,1,1,,ORPHA:909,,"[[""GENE:CYP27A1"", -1.0, 1.0]]"
CYP27B1,gene,CYP27B1,CYP27B1,cluster:CYP27B1,irritability_or_aggression,induces,monogenic,A,0.68,0.17,HPO genes_to_phenotype; diseases=OMIM:264700;ORPHA:289157,True,1,1,2,,OMIM:264700;ORPHA:289157,2009-02-17,"[[""GENE:CYP27B1"", -1.0, 1.0]]"
DAO,gene,DAO,DAO,cluster:DAO,cognitive_impairment,induces,monogenic,A,1.0,0.545,HPO genes_to_phenotype; diseases=ORPHA:803,True,0,1,2,,ORPHA:803,,"[[""GENE:DAO"", -1.0, 1.0]]"
DAO,gene,DAO,DAO,cluster:DAO,anxiety,induces,monogenic,A,1.0,0.545,HPO genes_to_phenotype; diseases=ORPHA:803,True,0,1,1,,ORPHA:803,,"[[""GENE:DAO"", -1.0, 1.0]]"
DAO,gene,DAO,DAO,cluster:DAO,depressed_mood,induces,monogenic,A,1.0,0.545,HPO genes_to_phenotype; diseases=ORPHA:803,True,0,1,1,,ORPHA:803,,"[[""GENE:DAO"", -1.0, 1.0]]"
DAO,gene,DAO,DAO,cluster:DAO,fatigue,induces,monogenic,A,1.0,0.545,HPO genes_to_phenotype; diseases=ORPHA:803,True,0,1,1,,ORPHA:803,,"[[""GENE:DAO"", -1.0, 1.0]]"
DARS1,gene,DARS1,DARS1,cluster:DARS1,irritability_or_aggression,induces,monogenic,A,0.8,0.2,HPO genes_to_phenotype; diseases=OMIM:615281,True,1,0,1,10.0,OMIM:615281,2013-05-02,"[[""GENE:DARS1"", -1.0, 1.0]]"
DBH,gene,DBH,DBH,cluster:DBH,fatigue,induces,monogenic,A,1.0,0.545,HPO genes_to_phenotype; diseases=ORPHA:230,True,0,1,1,,ORPHA:230,,"[[""GENE:DBH"", -1.0, 1.0]]"
DDC,gene,DDC,DDC,cluster:DDC,irritability_or_aggression,induces,monogenic,A,1.0,0.9090909090909091,HPO genes_to_phenotype; diseases=OMIM:608643;ORPHA:35708,True,1,1,2,11.0,OMIM:608643;ORPHA:35708,2003-01-01,"[[""GENE:DDC"", -1.0, 1.0]]"
DGUOK,gene,DGUOK,DGUOK,cluster:DGUOK,cognitive_impairment,induces,monogenic,A,0.68,0.17,HPO genes_to_phenotype; diseases=OMIM:617070;ORPHA:329314,True,1,1,3,6.0,OMIM:617070;ORPHA:329314,2012-10-04,"[[""GENE:DGUOK"", -1.0, 1.0]]"
DGUOK,gene,DGUOK,DGUOK,cluster:DGUOK,depressed_mood,induces,monogenic,A,0.68,0.17,HPO genes_to_phenotype; diseases=ORPHA:329314,True,0,1,1,,ORPHA:329314,,"[[""GENE:DGUOK"", -1.0, 1.0]]"
DHCR7,gene,DHCR7,DHCR7,cluster:DHCR7,somnolence_or_hypersomnia,induces,monogenic,A,1.0,0.545,HPO genes_to_phenotype; diseases=ORPHA:818,True,0,1,1,,ORPHA:818,,"[[""GENE:DHCR7"", -1.0, 1.0]]"
DHCR7,gene,DHCR7,DHCR7,cluster:DHCR7,irritability_or_aggression,induces,monogenic,A,1.0,,HPO genes_to_phenotype; diseases=OMIM:270400,True,1,0,1,,OMIM:270400,2012-04-24,"[[""GENE:DHCR7"", -1.0, 1.0]]"
DLAT,gene,DLAT,DLAT,cluster:DLAT,anxiety,induces,monogenic,A,0.68,0.17,HPO genes_to_phenotype; diseases=ORPHA:79244,True,0,1,1,,ORPHA:79244,,"[[""GENE:DLAT"", -1.0, 1.0]]"
DLAT,gene,DLAT,DLAT,cluster:DLAT,cognitive_impairment,induces,monogenic,A,0.68,0.17,HPO genes_to_phenotype; diseases=ORPHA:79244,True,0,1,1,,ORPHA:79244,,"[[""GENE:DLAT"", -1.0, 1.0]]"
DLST,gene,DLST,DLST,cluster:ABCC9,anxiety,induces,monogenic,A,1.0,0.545,HPO genes_to_phenotype; diseases=ORPHA:29072,True,0,1,2,,ORPHA:29072,,"[[""GENE:DLST"", -1.0, 1.0]]"
DLST,gene,DLST,DLST,cluster:ABCC9,fatigue,induces,monogenic,A,1.0,0.545,HPO genes_to_phenotype; diseases=ORPHA:29072,True,0,1,1,,ORPHA:29072,,"[[""GENE:DLST"", -1.0, 1.0]]"
DNM1,gene,DNM1,DNM1,cluster:AARS1,cognitive_impairment,induces,monogenic,A,1.0,0.545,HPO genes_to_phenotype; diseases=ORPHA:2382;ORPHA:442835,True,0,2,2,,ORPHA:2382;ORPHA:442835,,"[[""GENE:DNM1"", -1.0, 1.0]]"
DNM1,gene,DNM1,DNM1,cluster:AARS1,irritability_or_aggression,induces,monogenic,A,1.0,0.545,HPO genes_to_phenotype; diseases=OMIM:620352;ORPHA:2382,True,1,1,3,2.0,OMIM:620352;ORPHA:2382,2021-06-25,"[[""GENE:DNM1"", -1.0, 1.0]]"
DNM1,gene,DNM1,DNM1,cluster:AARS1,psychosis,induces,monogenic,A,0.68,0.17,HPO genes_to_phenotype; diseases=ORPHA:2382,True,0,1,1,,ORPHA:2382,,"[[""GENE:DNM1"", -1.0, 1.0]]"
DNMT1,gene,DNMT1,DNMT1,cluster:DNMT1,cognitive_impairment,induces,monogenic,A,1.0,0.75,HPO genes_to_phenotype; diseases=OMIM:604121;OMIM:614116;ORPHA:314404,True,2,1,7,8.0,OMIM:604121;OMIM:614116;ORPHA:314404,2011-05-01,"[[""GENE:DNMT1"", -1.0, 1.0]]"
DNMT1,gene,DNMT1,DNMT1,cluster:DNMT1,somnolence_or_hypersomnia,induces,monogenic,A,1.0,1.0,HPO genes_to_phenotype; diseases=OMIM:604121;OMIM:614116,True,2,0,2,4.0,OMIM:604121;OMIM:614116,2012-02-09,"[[""GENE:DNMT1"", -1.0, 1.0]]"
DNMT1,gene,DNMT1,DNMT1,cluster:DNMT1,irritability_or_aggression,induces,monogenic,A,1.0,,HPO genes_to_phenotype; diseases=OMIM:614116,True,1,0,1,,OMIM:614116,2012-10-17,"[[""GENE:DNMT1"", -1.0, 1.0]]"
DNMT1,gene,DNMT1,DNMT1,cluster:DNMT1,depressed_mood,induces,monogenic,A,1.0,0.75,HPO genes_to_phenotype; diseases=OMIM:604121;ORPHA:314404,True,1,1,2,4.0,OMIM:604121;ORPHA:314404,2012-02-09,"[[""GENE:DNMT1"", -1.0, 1.0]]"
DNMT1,gene,DNMT1,DNMT1,cluster:DNMT1,psychosis,induces,monogenic,A,1.0,0.75,HPO genes_to_phenotype; diseases=OMIM:604121,True,1,0,1,4.0,OMIM:604121,2012-02-09,"[[""GENE:DNMT1"", -1.0, 1.0]]"
DNMT3A,gene,DNMT3A,DNMT3A,cluster:ABCC9,anxiety,induces,monogenic,A,1.0,0.545,HPO genes_to_phenotype; diseases=ORPHA:276621;ORPHA:404443,True,0,2,3,,ORPHA:276621;ORPHA:404443,,"[[""GENE:DNMT3A"", -1.0, 1.0]]"
DNMT3A,gene,DNMT3A,DNMT3A,cluster:ABCC9,irritability_or_aggression,induces,monogenic,A,0.25,0.025,HPO genes_to_phenotype; diseases=ORPHA:404443,True,0,1,1,,ORPHA:404443,,"[[""GENE:DNMT3A"", -1.0, 1.0]]"
DNMT3A,gene,DNMT3A,DNMT3A,cluster:ABCC9,fatigue,induces,monogenic,A,1.0,0.545,HPO genes_to_phenotype; diseases=ORPHA:276621,True,0,1,1,,ORPHA:276621,,"[[""GENE:DNMT3A"", -1.0, 1.0]]"
DPAGT1,gene,DPAGT1,DPAGT1,cluster:DPAGT1,irritability_or_aggression,induces,monogenic,A,0.68,0.17,HPO genes_to_phenotype; diseases=OMIM:608093;ORPHA:86309,True,1,1,2,,OMIM:608093;ORPHA:86309,2013-11-18,"[[""GENE:DPAGT1"", -1.0, 1.0]]"
DPYD,gene,DPYD,DPYD,cluster:DPYD,irritability_or_aggression,induces,monogenic,A,0.68,0.17,HPO genes_to_phenotype; diseases=ORPHA:1675;ORPHA:293948,True,0,2,3,,ORPHA:1675;ORPHA:293948,,"[[""GENE:DPYD"", -1.0, 1.0]]"
DPYS,gene,DPYS,DPYS,cluster:DPYS,somnolence_or_hypersomnia,induces,monogenic,A,1.0,,HPO genes_to_phenotype; diseases=OMIM:222748,True,1,0,1,,OMIM:222748,2009-02-17,"[[""GENE:DPYS"", -1.0, 1.0]]"
TYMP,gene,TYMP,TYMP,cluster:MT-ATP8,cognitive_impairment,induces,monogenic,A,0.25,0.025,HPO genes_to_phenotype; diseases=OMIM:603041;ORPHA:298,True,1,1,2,35.0,OMIM:603041;ORPHA:298,2000-06-01,"[[""GENE:TYMP"", -1.0, 1.0]]"
EP300,gene,EP300,EP300,cluster:CREBBP,anxiety,induces,monogenic,A,1.0,0.545,HPO genes_to_phenotype; diseases=ORPHA:353284,True,0,1,1,,ORPHA:353284,,"[[""GENE:EP300"", -1.0, 1.0]]"
EP300,gene,EP300,EP300,cluster:CREBBP,cognitive_impairment,induces,monogenic,A,1.0,0.545,HPO genes_to_phenotype; diseases=OMIM:180849;ORPHA:353284,True,1,1,2,,OMIM:180849;ORPHA:353284,2009-02-17,"[[""GENE:EP300"", -1.0, 1.0]]"
EP300,gene,EP300,EP300,cluster:CREBBP,irritability_or_aggression,induces,monogenic,A,0.68,0.17,HPO genes_to_phenotype; diseases=ORPHA:353284,True,0,1,1,,ORPHA:353284,,"[[""GENE:EP300"", -1.0, 1.0]]"
ACSL4,gene,ACSL4,ACSL4,cluster:ACSL4,anxiety,induces,monogenic,A,1.0,0.25,HPO genes_to_phenotype; diseases=OMIM:300387,True,1,0,1,8.0,OMIM:300387,2002-03-11,"[[""GENE:ACSL4"", -1.0, 1.0]]"
FBP1,gene,FBP1,FBP1,cluster:FBP1,somnolence_or_hypersomnia,induces,monogenic,A,0.68,0.17,HPO genes_to_phenotype; diseases=ORPHA:348,True,0,1,1,,ORPHA:348,,"[[""GENE:FBP1"", -1.0, 1.0]]"
FBP1,gene,FBP1,FBP1,cluster:FBP1,irritability_or_aggression,induces,monogenic,A,0.68,0.17,HPO genes_to_phenotype; diseases=OMIM:229700;ORPHA:348,True,1,1,2,,OMIM:229700;ORPHA:348,2009-02-17,"[[""GENE:FBP1"", -1.0, 1.0]]"
FDFT1,gene,FDFT1,FDFT1,cluster:FDFT1,irritability_or_aggression,induces,monogenic,A,1.0,1.0,HPO genes_to_phenotype; diseases=OMIM:618156,True,1,0,1,3.0,OMIM:618156,2018-06-14,"[[""GENE:FDFT1"", -1.0, 1.0]]"
FDXR,gene,FDXR,FDXR,cluster:FDXR,insomnia,induces,monogenic,A,1.0,1.0,HPO genes_to_phenotype; diseases=OMIM:620887,True,1,0,1,1.0,OMIM:620887,2023-07-20,"[[""GENE:FDXR"", -1.0, 1.0]]"
FDXR,gene,FDXR,FDXR,cluster:FDXR,irritability_or_aggression,induces,monogenic,A,1.0,1.0,HPO genes_to_phenotype; diseases=OMIM:620887,True,1,0,1,1.0,OMIM:620887,2017-12-15,"[[""GENE:FDXR"", -1.0, 1.0]]"
FDXR,gene,FDXR,FDXR,cluster:FDXR,anxiety,induces,monogenic,A,1.0,1.0,HPO genes_to_phenotype; diseases=OMIM:620887,True,1,0,1,1.0,OMIM:620887,2021-01-03,"[[""GENE:FDXR"", -1.0, 1.0]]"
FDXR,gene,FDXR,FDXR,cluster:FDXR,depressed_mood,induces,monogenic,A,1.0,1.0,HPO genes_to_phenotype; diseases=OMIM:620887,True,1,0,1,3.0,OMIM:620887,2017-12-15,"[[""GENE:FDXR"", -1.0, 1.0]]"
FDXR,gene,FDXR,FDXR,cluster:FDXR,psychomotor_agitation,induces,monogenic,A,1.0,1.0,HPO genes_to_phenotype; diseases=OMIM:620887,True,1,0,1,1.0,OMIM:620887,2017-12-15,"[[""GENE:FDXR"", -1.0, 1.0]]"
FDXR,gene,FDXR,FDXR,cluster:FDXR,fatigue,induces,monogenic,A,1.0,1.0,HPO genes_to_phenotype; diseases=OMIM:620887,True,1,0,1,1.0,OMIM:620887,2023-07-20,"[[""GENE:FDXR"", -1.0, 1.0]]"
FH,gene,FH,FH,cluster:ABCC9,anxiety,induces,monogenic,A,1.0,0.545,HPO genes_to_phenotype; diseases=ORPHA:29072,True,0,1,2,,ORPHA:29072,,"[[""GENE:FH"", -1.0, 1.0]]"
FH,gene,FH,FH,cluster:ABCC9,fatigue,induces,monogenic,A,1.0,0.545,HPO genes_to_phenotype; diseases=ORPHA:29072,True,0,1,1,,ORPHA:29072,,"[[""GENE:FH"", -1.0, 1.0]]"
FKBP5,gene,FKBP5,FKBP5,cluster:FKBP5,depressed_mood,induces,monogenic,A,1.0,,HPO genes_to_phenotype; diseases=OMIM:608516,True,1,0,1,,OMIM:608516,2022-08-17,"[[""GENE:FKBP5"", -1.0, 1.0]]"
FMO3,gene,FMO3,FMO3,cluster:FMO3,anxiety,induces,monogenic,A,0.68,0.17,HPO genes_to_phenotype; diseases=ORPHA:468726,True,0,1,1,,ORPHA:468726,,"[[""GENE:FMO3"", -1.0, 1.0]]"
FMO3,gene,FMO3,FMO3,cluster:FMO3,depressed_mood,induces,monogenic,A,0.68,0.17,HPO genes_to_phenotype; diseases=OMIM:602079;ORPHA:468726,True,1,1,2,,OMIM:602079;ORPHA:468726,1997-12-01,"[[""GENE:FMO3"", -1.0, 1.0]]"
FMO3,gene,FMO3,FMO3,cluster:FMO3,irritability_or_aggression,induces,monogenic,A,0.68,0.17,HPO genes_to_phenotype; diseases=ORPHA:468726,True,0,1,1,,ORPHA:468726,,"[[""GENE:FMO3"", -1.0, 1.0]]"
FXN,gene,FXN,FXN,cluster:FXN,anxiety,induces,monogenic,A,0.68,0.17,HPO genes_to_phenotype; diseases=ORPHA:95,True,0,1,1,,ORPHA:95,,"[[""GENE:FXN"", -1.0, 1.0]]"
FXN,gene,FXN,FXN,cluster:FXN,depressed_mood,induces,monogenic,A,0.68,0.17,HPO genes_to_phenotype; diseases=ORPHA:95,True,0,1,1,,ORPHA:95,,"[[""GENE:FXN"", -1.0, 1.0]]"
FTH1,gene,FTH1,FTH1,cluster:FTH1,cognitive_impairment,induces,monogenic,A,1.0,0.6666666666666666,HPO genes_to_phenotype; diseases=OMIM:620669,True,1,0,1,3.0,OMIM:620669,2023-09-03,"[[""GENE:FTH1"", -1.0, 1.0]]"
FUCA1,gene,FUCA1,FUCA1,cluster:FUCA1,cognitive_impairment,induces,monogenic,A,1.0,1.0,HPO genes_to_phenotype; diseases=OMIM:230000,True,1,0,1,3.0,OMIM:230000,1998-08-01,"[[""GENE:FUCA1"", -1.0, 1.0]]"
SLC37A4,gene,SLC37A4,SLC37A4,cluster:SLC37A4,cognitive_impairment,induces,monogenic,A,0.68,0.17,HPO genes_to_phenotype; diseases=ORPHA:79259,True,0,1,1,,ORPHA:79259,,"[[""GENE:SLC37A4"", -1.0, 1.0]]"
GAA,gene,GAA,GAA,cluster:GAA,fatigue,induces,monogenic,A,1.0,1.0,HPO genes_to_phenotype; diseases=OMIM:621314,True,1,0,1,3.0,OMIM:621314,2006-10-01,"[[""GENE:GAA"", -1.0, 1.0]]"
GALC,gene,GALC,GALC,cluster:ARSA,cognitive_impairment,induces,monogenic,A,1.0,0.895,HPO genes_to_phenotype; diseases=ORPHA:206436;ORPHA:206443;ORPHA:206448,True,0,3,4,,ORPHA:206436;ORPHA:206443;ORPHA:206448,,"[[""GENE:GALC"", -1.0, 1.0]]"
GALC,gene,GALC,GALC,cluster:ARSA,irritability_or_aggression,induces,monogenic,A,1.0,0.895,HPO genes_to_phenotype; diseases=ORPHA:206436;ORPHA:206443,True,0,2,2,,ORPHA:206436;ORPHA:206443,,"[[""GENE:GALC"", -1.0, 1.0]]"
GALNT2,gene,GALNT2,GALNT2,cluster:GALNT2,insomnia,induces,monogenic,A,1.0,0.8571428571428571,HPO genes_to_phenotype; diseases=OMIM:618885,True,1,0,1,7.0,OMIM:618885,2020-04-01,"[[""GENE:GALNT2"", -1.0, 1.0]]"
GALT,gene,GALT,GALT,cluster:GALT,cognitive_impairment,induces,monogenic,A,1.0,0.545,HPO genes_to_phenotype; diseases=ORPHA:79239,True,0,1,1,,ORPHA:79239,,"[[""GENE:GALT"", -1.0, 1.0]]"
GALT,gene,GALT,GALT,cluster:GALT,anxiety,induces,monogenic,A,0.68,0.17,HPO genes_to_phenotype; diseases=ORPHA:79239,True,0,1,1,,ORPHA:79239,,"[[""GENE:GALT"", -1.0, 1.0]]"
GALT,gene,GALT,GALT,cluster:GALT,depressed_mood,induces,monogenic,A,0.68,0.17,HPO genes_to_phenotype; diseases=ORPHA:79239,True,0,1,1,,ORPHA:79239,,"[[""GENE:GALT"", -1.0, 1.0]]"
GAMT,gene,GAMT,GAMT,cluster:GAMT,irritability_or_aggression,induces,monogenic,A,1.0,0.4,HPO genes_to_phenotype; diseases=OMIM:612736;ORPHA:382,True,1,1,2,5.0,OMIM:612736;ORPHA:382,2005-03-01,"[[""GENE:GAMT"", -1.0, 1.0]]"
GATM,gene,GATM,GATM,cluster:GATM,cognitive_impairment,induces,monogenic,A,1.0,0.895,HPO genes_to_phenotype; diseases=ORPHA:35704,True,0,1,1,,ORPHA:35704,,"[[""GENE:GATM"", -1.0, 1.0]]"
GBE1,gene,GBE1,GBE1,cluster:GBE1,cognitive_impairment,induces,monogenic,A,1.0,1.0,HPO genes_to_phenotype; diseases=OMIM:263570;ORPHA:206583,True,1,1,2,7.0,OMIM:263570;ORPHA:206583,1998-12-01,"[[""GENE:GBE1"", -1.0, 1.0]]"
GCDH,gene,GCDH,GCDH,cluster:GCDH,cognitive_impairment,induces,monogenic,A,0.68,0.17,HPO genes_to_phenotype; diseases=ORPHA:25,True,0,1,2,,ORPHA:25,,"[[""GENE:GCDH"", -1.0, 1.0]]"
GCDH,gene,GCDH,GCDH,cluster:GCDH,irritability_or_aggression,induces,monogenic,A,1.0,0.42857142857142855,HPO genes_to_phenotype; diseases=OMIM:231670,True,1,0,1,7.0,OMIM:231670,2016-09-08,"[[""GENE:GCDH"", -1.0, 1.0]]"
GCH1,gene,GCH1,GCH1,cluster:GCH1,irritability_or_aggression,induces,monogenic,A,1.0,,HPO genes_to_phenotype; diseases=OMIM:233910,True,1,0,1,,OMIM:233910,2010-06-18,"[[""GENE:GCH1"", -1.0, 1.0]]"
GCH1,gene,GCH1,GCH1,cluster:GCH1,anxiety,induces,monogenic,A,1.0,0.545,HPO genes_to_phenotype; diseases=ORPHA:98808,True,0,1,1,,ORPHA:98808,,"[[""GENE:GCH1"", -1.0, 1.0]]"
GCH1,gene,GCH1,GCH1,cluster:GCH1,depressed_mood,induces,monogenic,A,1.0,0.545,HPO genes_to_phenotype; diseases=ORPHA:98808,True,0,1,1,,ORPHA:98808,,"[[""GENE:GCH1"", -1.0, 1.0]]"
GCH1,gene,GCH1,GCH1,cluster:GCH1,fatigue,induces,monogenic,A,1.0,0.545,HPO genes_to_phenotype; diseases=ORPHA:98808,True,0,1,1,,ORPHA:98808,,"[[""GENE:GCH1"", -1.0, 1.0]]"
GCK,gene,GCK,GCK,cluster:GCK,fatigue,induces,monogenic,A,1.0,0.545,HPO genes_to_phenotype; diseases=ORPHA:79299,True,0,1,1,,ORPHA:79299,,"[[""GENE:GCK"", -1.0, 1.0]]"
GCSH,gene,GCSH,GCSH,cluster:GCSH,psychosis,induces,monogenic,A,1.0,1.0,HPO genes_to_phenotype; diseases=OMIM:620423,True,1,0,1,1.0,OMIM:620423,2023-03-06,"[[""GENE:GCSH"", -1.0, 1.0]]"
GCSH,gene,GCSH,GCSH,cluster:GCSH,irritability_or_aggression,induces,monogenic,A,1.0,1.0,HPO genes_to_phenotype; diseases=OMIM:620423,True,1,0,1,1.0,OMIM:620423,2023-03-06,"[[""GENE:GCSH"", -1.0, 1.0]]"
GCSH,gene,GCSH,GCSH,cluster:GCSH,psychomotor_agitation,induces,monogenic,A,1.0,1.0,HPO genes_to_phenotype; diseases=OMIM:620423,True,1,0,1,1.0,OMIM:620423,2023-03-06,"[[""GENE:GCSH"", -1.0, 1.0]]"
CBLIF,gene,CBLIF,CBLIF,cluster:CBLIF,cognitive_impairment,induces,monogenic,A,1.0,0.545,HPO genes_to_phenotype; diseases=ORPHA:332,True,0,1,1,,ORPHA:332,,"[[""GENE:CBLIF"", -1.0, 1.0]]"
GLA,gene,GLA,GLA,cluster:GLA,cognitive_impairment,induces,monogenic,A,1.0,0.545,HPO genes_to_phenotype; diseases=ORPHA:324,True,0,1,1,,ORPHA:324,,"[[""GENE:GLA"", -1.0, 1.0]]"
GLA,gene,GLA,GLA,cluster:GLA,anxiety,induces,monogenic,A,0.68,0.17,HPO genes_to_phenotype; diseases=ORPHA:324,True,0,1,1,,ORPHA:324,,"[[""GENE:GLA"", -1.0, 1.0]]"
GLA,gene,GLA,GLA,cluster:GLA,depressed_mood,induces,monogenic,A,0.68,0.17,HPO genes_to_phenotype; diseases=ORPHA:324,True,0,1,1,,ORPHA:324,,"[[""GENE:GLA"", -1.0, 1.0]]"
GLA,gene,GLA,GLA,cluster:GLA,fatigue,induces,monogenic,A,1.0,0.895,HPO genes_to_phenotype; diseases=ORPHA:324,True,0,1,1,,ORPHA:324,,"[[""GENE:GLA"", -1.0, 1.0]]"
GCLC,gene,GCLC,GCLC,cluster:GCLC,anxiety,induces,monogenic,A,0.68,0.17,HPO genes_to_phenotype; diseases=ORPHA:586,True,0,1,1,,ORPHA:586,,"[[""GENE:GCLC"", -1.0, 1.0]]"
GCLC,gene,GCLC,GCLC,cluster:GCLC,depressed_mood,induces,monogenic,A,0.68,0.17,HPO genes_to_phenotype; diseases=ORPHA:586,True,0,1,1,,ORPHA:586,,"[[""GENE:GCLC"", -1.0, 1.0]]"
GCLC,gene,GCLC,GCLC,cluster:GCLC,psychosis,induces,monogenic,A,0.68,0.17,HPO genes_to_phenotype; diseases=ORPHA:33574,True,0,1,1,,ORPHA:33574,,"[[""GENE:GCLC"", -1.0, 1.0]]"
GLDC,gene,GLDC,GLDC,cluster:GLDC,irritability_or_aggression,induces,monogenic,A,1.0,,HPO genes_to_phenotype; diseases=OMIM:605899,True,1,0,2,,OMIM:605899,2009-02-17,"[[""GENE:GLDC"", -1.0, 1.0]]"
GLDC,gene,GLDC,GLDC,cluster:GLDC,psychomotor_agitation,induces,monogenic,A,1.0,,HPO genes_to_phenotype; diseases=OMIM:605899,True,1,0,1,,OMIM:605899,2009-02-17,"[[""GENE:GLDC"", -1.0, 1.0]]"
GLE1,gene,GLE1,GLE1,cluster:DAO,cognitive_impairment,induces,monogenic,A,1.0,0.545,HPO genes_to_phenotype; diseases=ORPHA:803,True,0,1,2,,ORPHA:803,,"[[""GENE:GLE1"", -1.0, 1.0]]"
GLE1,gene,GLE1,GLE1,cluster:DAO,anxiety,induces,monogenic,A,1.0,0.545,HPO genes_to_phenotype; diseases=ORPHA:803,True,0,1,1,,ORPHA:803,,"[[""GENE:GLE1"", -1.0, 1.0]]"
GLE1,gene,GLE1,GLE1,cluster:DAO,depressed_mood,induces,monogenic,A,1.0,0.545,HPO genes_to_phenotype; diseases=ORPHA:803,True,0,1,1,,ORPHA:803,,"[[""GENE:GLE1"", -1.0, 1.0]]"
GLE1,gene,GLE1,GLE1,cluster:DAO,fatigue,induces,monogenic,A,1.0,0.545,HPO genes_to_phenotype; diseases=ORPHA:803,True,0,1,1,,ORPHA:803,,"[[""GENE:GLE1"", -1.0, 1.0]]"
GLS,gene,GLS,GLS,cluster:GLS,psychomotor_agitation,induces,monogenic,A,1.0,1.0,HPO genes_to_phenotype; diseases=OMIM:618339,True,1,0,1,1.0,OMIM:618339,2019-01-01,"[[""GENE:GLS"", -1.0, 1.0]]"
GM2A,gene,GM2A,GM2A,cluster:GM2A,cognitive_impairment,induces,monogenic,A,1.0,0.895,HPO genes_to_phenotype; diseases=OMIM:272750;ORPHA:309246,True,1,1,2,,OMIM:272750;ORPHA:309246,2009-02-17,"[[""GENE:GM2A"", -1.0, 1.0]]"
GM2A,gene,GM2A,GM2A,cluster:GM2A,anxiety,induces,monogenic,A,1.0,0.545,HPO genes_to_phenotype; diseases=ORPHA:309246,True,0,1,1,,ORPHA:309246,,"[[""GENE:GM2A"", -1.0, 1.0]]"
GNS,gene,GNS,GNS,cluster:GNS,irritability_or_aggression,induces,monogenic,A,1.0,0.3333333333333333,HPO genes_to_phenotype; diseases=OMIM:252940,True,1,0,2,6.0,OMIM:252940,2007-11-01,"[[""GENE:GNS"", -1.0, 1.0]]"
GNS,gene,GNS,GNS,cluster:GNS,psychomotor_agitation,induces,monogenic,A,1.0,0.3333333333333333,HPO genes_to_phenotype; diseases=OMIM:252940,True,1,0,2,6.0,OMIM:252940,2007-11-01,"[[""GENE:GNS"", -1.0, 1.0]]"
GNS,gene,GNS,GNS,cluster:GNS,insomnia,induces,monogenic,A,1.0,0.3333333333333333,HPO genes_to_phenotype; diseases=OMIM:252940,True,1,0,1,3.0,OMIM:252940,2007-11-01,"[[""GENE:GNS"", -1.0, 1.0]]"
GSTM3,gene,GSTM3,GSTM3,cluster:GCLC,anxiety,induces,monogenic,A,0.68,0.17,HPO genes_to_phenotype; diseases=ORPHA:586,True,0,1,1,,ORPHA:586,,"[[""GENE:GSTM3"", -1.0, 1.0]]"
GSTM3,gene,GSTM3,GSTM3,cluster:GCLC,depressed_mood,induces,monogenic,A,0.68,0.17,HPO genes_to_phenotype; diseases=ORPHA:586,True,0,1,1,,ORPHA:586,,"[[""GENE:GSTM3"", -1.0, 1.0]]"
GUK1,gene,GUK1,GUK1,cluster:GUK1,insomnia,induces,monogenic,A,1.0,0.25,HPO genes_to_phenotype; diseases=OMIM:621071,True,1,0,1,4.0,OMIM:621071,2024-09-04,"[[""GENE:GUK1"", -1.0, 1.0]]"
GUK1,gene,GUK1,GUK1,cluster:GUK1,anxiety,induces,monogenic,A,1.0,0.25,HPO genes_to_phenotype; diseases=OMIM:621071,True,1,0,1,4.0,OMIM:621071,2024-09-04,"[[""GENE:GUK1"", -1.0, 1.0]]"
GUK1,gene,GUK1,GUK1,cluster:GUK1,depressed_mood,induces,monogenic,A,1.0,0.5,HPO genes_to_phenotype; diseases=OMIM:621071,True,1,0,1,4.0,OMIM:621071,2024-09-04,"[[""GENE:GUK1"", -1.0, 1.0]]"
GUK1,gene,GUK1,GUK1,cluster:GUK1,fatigue,induces,monogenic,A,1.0,1.0,HPO genes_to_phenotype; diseases=OMIM:621071,True,1,0,1,4.0,OMIM:621071,2024-09-04,"[[""GENE:GUK1"", -1.0, 1.0]]"
GYS1,gene,GYS1,GYS1,cluster:GYS1,fatigue,induces,monogenic,A,1.0,1.0,HPO genes_to_phenotype; diseases=OMIM:611556,True,1,0,1,1.0,OMIM:611556,2007-10-11,"[[""GENE:GYS1"", -1.0, 1.0]]"
GYS2,gene,GYS2,GYS2,cluster:GYS2,irritability_or_aggression,induces,monogenic,A,1.0,0.545,HPO genes_to_phenotype; diseases=ORPHA:2089,True,0,1,1,,ORPHA:2089,,"[[""GENE:GYS2"", -1.0, 1.0]]"
HSD17B10,gene,HSD17B10,HSD17B10,cluster:HSD17B10,irritability_or_aggression,induces,monogenic,A,1.0,,HPO genes_to_phenotype; diseases=OMIM:300438,True,1,0,1,,OMIM:300438,2017-07-13,"[[""GENE:HSD17B10"", -1.0, 1.0]]"
HSD17B10,gene,HSD17B10,HSD17B10,cluster:HSD17B10,psychomotor_agitation,induces,monogenic,A,0.68,0.17,HPO genes_to_phenotype; diseases=OMIM:300438;ORPHA:391428,True,1,1,3,,OMIM:300438;ORPHA:391428,2009-02-17,"[[""GENE:HSD17B10"", -1.0, 1.0]]"
HADH,gene,HADH,HADH,cluster:HADH,cognitive_impairment,induces,monogenic,A,1.0,0.895,HPO genes_to_phenotype; diseases=ORPHA:71212,True,0,1,1,,ORPHA:71212,,"[[""GENE:HADH"", -1.0, 1.0]]"
HARS1,gene,HARS1,HARS1,cluster:HARS1,anxiety,induces,monogenic,A,0.68,0.17,HPO genes_to_phenotype; diseases=ORPHA:231183,True,0,1,1,,ORPHA:231183,,"[[""GENE:HARS1"", -1.0, 1.0]]"
HARS1,gene,HARS1,HARS1,cluster:HARS1,depressed_mood,induces,monogenic,A,0.68,0.17,HPO genes_to_phenotype; diseases=ORPHA:231183,True,0,1,1,,ORPHA:231183,,"[[""GENE:HARS1"", -1.0, 1.0]]"
HDC,gene,HDC,HDC,cluster:HDC,irritability_or_aggression,induces,monogenic,A,1.0,,HPO genes_to_phenotype; diseases=OMIM:137580,True,1,0,1,,OMIM:137580,2013-02-25,"[[""GENE:HDC"", -1.0, 1.0]]"
HEXA,gene,HEXA,HEXA,cluster:HEXA,cognitive_impairment,induces,monogenic,A,1.0,,HPO genes_to_phenotype; diseases=OMIM:272800,True,1,0,1,,OMIM:272800,2009-02-17,"[[""GENE:HEXA"", -1.0, 1.0]]"
HEXB,gene,HEXB,HEXB,cluster:HEXB,cognitive_impairment,induces,monogenic,A,1.0,0.545,HPO genes_to_phenotype; diseases=ORPHA:309162;ORPHA:309169,True,0,2,2,,ORPHA:309162;ORPHA:309169,,"[[""GENE:HEXB"", -1.0, 1.0]]"
HEXB,gene,HEXB,HEXB,cluster:HEXB,somnolence_or_hypersomnia,induces,monogenic,A,0.25,0.025,HPO genes_to_phenotype; diseases=ORPHA:309162,True,0,1,1,,ORPHA:309162,,"[[""GENE:HEXB"", -1.0, 1.0]]"
HEXB,gene,HEXB,HEXB,cluster:HEXB,insomnia,induces,monogenic,A,0.68,0.17,HPO genes_to_phenotype; diseases=ORPHA:309162,True,0,1,1,,ORPHA:309162,,"[[""GENE:HEXB"", -1.0, 1.0]]"
HEXB,gene,HEXB,HEXB,cluster:HEXB,anxiety,induces,monogenic,A,0.68,0.17,HPO genes_to_phenotype; diseases=ORPHA:309169,True,0,1,1,,ORPHA:309169,,"[[""GENE:HEXB"", -1.0, 1.0]]"
HLCS,gene,HLCS,HLCS,cluster:HLCS,irritability_or_aggression,induces,monogenic,A,1.0,0.895,HPO genes_to_phenotype; diseases=OMIM:253270;ORPHA:79242,True,1,1,2,,OMIM:253270;ORPHA:79242,2009-02-17,"[[""GENE:HLCS"", -1.0, 1.0]]"
HMBS,gene,HMBS,HMBS,cluster:HMBS,cognitive_impairment,induces,monogenic,A,1.0,0.545,HPO genes_to_phenotype; diseases=OMIM:620711;ORPHA:79276,True,1,1,4,4.0,OMIM:620711;ORPHA:79276,2016-08-24,"[[""GENE:HMBS"", -1.0, 1.0]]"
HMBS,gene,HMBS,HMBS,cluster:HMBS,somnolence_or_hypersomnia,induces,monogenic,A,0.68,0.17,HPO genes_to_phenotype; diseases=ORPHA:79276,True,0,1,1,,ORPHA:79276,,"[[""GENE:HMBS"", -1.0, 1.0]]"
HMBS,gene,HMBS,HMBS,cluster:HMBS,insomnia,induces,monogenic,A,0.68,0.17,HPO genes_to_phenotype; diseases=ORPHA:79276,True,0,1,1,,ORPHA:79276,,"[[""GENE:HMBS"", -1.0, 1.0]]"
HMBS,gene,HMBS,HMBS,cluster:HMBS,psychosis,induces,monogenic,A,0.68,0.17,HPO genes_to_phenotype; diseases=ORPHA:79276,True,0,1,1,,ORPHA:79276,,"[[""GENE:HMBS"", -1.0, 1.0]]"
HMBS,gene,HMBS,HMBS,cluster:HMBS,anxiety,induces,monogenic,A,0.68,0.17,HPO genes_to_phenotype; diseases=OMIM:176000;ORPHA:79276,True,1,1,2,,OMIM:176000;ORPHA:79276,2009-02-17,"[[""GENE:HMBS"", -1.0, 1.0]]"
HMBS,gene,HMBS,HMBS,cluster:HMBS,depressed_mood,induces,monogenic,A,0.68,0.17,HPO genes_to_phenotype; diseases=OMIM:176000;ORPHA:79276,True,1,1,2,,OMIM:176000;ORPHA:79276,2009-02-17,"[[""GENE:HMBS"", -1.0, 1.0]]"
HMBS,gene,HMBS,HMBS,cluster:HMBS,psychomotor_agitation,induces,monogenic,A,0.68,0.17,HPO genes_to_phenotype; diseases=ORPHA:79276,True,0,1,1,,ORPHA:79276,,"[[""GENE:HMBS"", -1.0, 1.0]]"
HMGCL,gene,HMGCL,HMGCL,cluster:HMGCL,somnolence_or_hypersomnia,induces,monogenic,A,1.0,,HPO genes_to_phenotype; diseases=OMIM:246450,True,1,0,1,,OMIM:246450,2009-02-17,"[[""GENE:HMGCL"", -1.0, 1.0]]"
HMGCL,gene,HMGCL,HMGCL,cluster:HMGCL,fatigue,induces,monogenic,A,0.68,0.17,HPO genes_to_phenotype; diseases=ORPHA:20,True,0,1,1,,ORPHA:20,,"[[""GENE:HMGCL"", -1.0, 1.0]]"
HMOX1,gene,HMOX1,HMOX1,cluster:GCLC,anxiety,induces,monogenic,A,0.68,0.17,HPO genes_to_phenotype; diseases=ORPHA:586,True,0,1,1,,ORPHA:586,,"[[""GENE:HMOX1"", -1.0, 1.0]]"
HMOX1,gene,HMOX1,HMOX1,cluster:GCLC,depressed_mood,induces,monogenic,A,0.68,0.17,HPO genes_to_phenotype; diseases=ORPHA:586,True,0,1,1,,ORPHA:586,,"[[""GENE:HMOX1"", -1.0, 1.0]]"
HPD,gene,HPD,HPD,cluster:HPD,psychomotor_agitation,induces,monogenic,A,1.0,0.3333333333333333,HPO genes_to_phenotype; diseases=OMIM:140350,True,1,0,1,3.0,OMIM:140350,2000-11-01,"[[""GENE:HPD"", -1.0, 1.0]]"
NDST1,gene,NDST1,NDST1,cluster:NDST1,irritability_or_aggression,induces,monogenic,A,1.0,0.625,HPO genes_to_phenotype; diseases=OMIM:616116,True,1,0,1,8.0,OMIM:616116,2014-08-14,"[[""GENE:NDST1"", -1.0, 1.0]]"
NDST1,gene,NDST1,NDST1,cluster:NDST1,psychomotor_agitation,induces,monogenic,A,1.0,,HPO genes_to_phenotype; diseases=OMIM:616116,True,1,0,1,,OMIM:616116,2014-08-14,"[[""GENE:NDST1"", -1.0, 1.0]]"
IDUA,gene,IDUA,IDUA,cluster:IDUA,depressed_mood,induces,monogenic,A,1.0,0.545,HPO genes_to_phenotype; diseases=ORPHA:93473,True,0,1,1,,ORPHA:93473,,"[[""GENE:IDUA"", -1.0, 1.0]]"
IMPA1,gene,IMPA1,IMPA1,cluster:IMPA1,irritability_or_aggression,induces,monogenic,A,1.0,0.6666666666666666,HPO genes_to_phenotype; diseases=OMIM:617323,True,1,0,1,9.0,OMIM:617323,2015-09-29,"[[""GENE:IMPA1"", -1.0, 1.0]]"
IMPDH2,gene,IMPDH2,IMPDH2,cluster:GCH1,anxiety,induces,monogenic,A,1.0,0.545,HPO genes_to_phenotype; diseases=ORPHA:98808,True,0,1,1,,ORPHA:98808,,"[[""GENE:IMPDH2"", -1.0, 1.0]]"
IMPDH2,gene,IMPDH2,IMPDH2,cluster:GCH1,depressed_mood,induces,monogenic,A,1.0,0.545,HPO genes_to_phenotype; diseases=ORPHA:98808,True,0,1,1,,ORPHA:98808,,"[[""GENE:IMPDH2"", -1.0, 1.0]]"
IMPDH2,gene,IMPDH2,IMPDH2,cluster:GCH1,fatigue,induces,monogenic,A,1.0,0.545,HPO genes_to_phenotype; diseases=ORPHA:98808,True,0,1,1,,ORPHA:98808,,"[[""GENE:IMPDH2"", -1.0, 1.0]]"
INPP4A,gene,INPP4A,INPP4A,cluster:INPP4A,irritability_or_aggression,induces,monogenic,A,1.0,1.0,HPO genes_to_phenotype; diseases=OMIM:621354,True,1,0,1,3.0,OMIM:621354,2024-09-21,"[[""GENE:INPP4A"", -1.0, 1.0]]"
INPP4A,gene,INPP4A,INPP4A,cluster:INPP4A,psychomotor_agitation,induces,monogenic,A,1.0,1.0,HPO genes_to_phenotype; diseases=OMIM:621354,True,1,0,1,2.0,OMIM:621354,2024-09-21,"[[""GENE:INPP4A"", -1.0, 1.0]]"
STT3A,gene,STT3A,STT3A,cluster:STT3A,irritability_or_aggression,induces,monogenic,A,0.5714285714285714,0.14285714285714285,HPO genes_to_phenotype; diseases=OMIM:619714,True,1,0,1,14.0,OMIM:619714,2021-10-14,"[[""GENE:STT3A"", -1.0, 1.0]]"
ITPA,gene,ITPA,ITPA,cluster:ITPA,irritability_or_aggression,induces,monogenic,A,1.0,,HPO genes_to_phenotype; diseases=OMIM:616647,True,1,0,1,,OMIM:616647,2015-08-21,"[[""GENE:ITPA"", -1.0, 1.0]]"
IVD,gene,IVD,IVD,cluster:IVD,cognitive_impairment,induces,monogenic,A,0.68,0.17,HPO genes_to_phenotype; diseases=ORPHA:33,True,0,1,1,,ORPHA:33,,"[[""GENE:IVD"", -1.0, 1.0]]"
KARS1,gene,KARS1,KARS1,cluster:KARS1,cognitive_impairment,induces,monogenic,A,1.0,1.0,HPO genes_to_phenotype; diseases=OMIM:619196,True,1,0,2,3.0,OMIM:619196,2017-09-29,"[[""GENE:KARS1"", -1.0, 1.0]]"
KCNJ11,gene,KCNJ11,KCNJ11,cluster:KCNJ11,psychomotor_agitation,induces,monogenic,A,1.0,0.545,HPO genes_to_phenotype; diseases=ORPHA:276580,True,0,1,1,,ORPHA:276580,,"[[""GENE:KCNJ11"", -1.0, 1.0]]"
LBR,gene,LBR,LBR,cluster:LBR,fatigue,induces,monogenic,A,1.0,0.895,HPO genes_to_phenotype; diseases=ORPHA:779,True,0,1,1,,ORPHA:779,,"[[""GENE:LBR"", -1.0, 1.0]]"
LSS,gene,LSS,LSS,cluster:LSS,psychomotor_agitation,induces,monogenic,A,0.36363636363636365,0.09090909090909091,HPO genes_to_phenotype; diseases=OMIM:618840,True,1,0,1,11.0,OMIM:618840,2019-02-06,"[[""GENE:LSS"", -1.0, 1.0]]"
MAN2B1,gene,MAN2B1,MAN2B1,cluster:MAN2B1,cognitive_impairment,induces,monogenic,A,1.0,0.545,HPO genes_to_phenotype; diseases=ORPHA:309282;ORPHA:309288,True,0,2,3,,ORPHA:309282;ORPHA:309288,,"[[""GENE:MAN2B1"", -1.0, 1.0]]"
MAN2B1,gene,MAN2B1,MAN2B1,cluster:MAN2B1,psychosis,induces,monogenic,A,0.68,0.17,HPO genes_to_phenotype; diseases=ORPHA:309282;ORPHA:309288,True,0,2,4,,ORPHA:309282;ORPHA:309288,,"[[""GENE:MAN2B1"", -1.0, 1.0]]"
MAN2B1,gene,MAN2B1,MAN2B1,cluster:MAN2B1,anxiety,induces,monogenic,A,0.68,0.17,HPO genes_to_phenotype; diseases=ORPHA:309282;ORPHA:309288,True,0,2,2,,ORPHA:309282;ORPHA:309288,,"[[""GENE:MAN2B1"", -1.0, 1.0]]"
MAN2B1,gene,MAN2B1,MAN2B1,cluster:MAN2B1,depressed_mood,induces,monogenic,A,0.68,0.17,HPO genes_to_phenotype; diseases=ORPHA:309282;ORPHA:309288,True,0,2,2,,ORPHA:309282;ORPHA:309288,,"[[""GENE:MAN2B1"", -1.0, 1.0]]"
MANBA,gene,MANBA,MANBA,cluster:MANBA,irritability_or_aggression,induces,monogenic,A,1.0,,HPO genes_to_phenotype; diseases=OMIM:248510,True,1,0,1,,OMIM:248510,2009-02-17,"[[""GENE:MANBA"", -1.0, 1.0]]"
MAOA,gene,MAOA,MAOA,cluster:MAOA,cognitive_impairment,induces,monogenic,A,1.0,0.895,HPO genes_to_phenotype; diseases=ORPHA:3057,True,0,1,1,,ORPHA:3057,,"[[""GENE:MAOA"", -1.0, 1.0]]"
MAOA,gene,MAOA,MAOA,cluster:MAOA,irritability_or_aggression,induces,monogenic,A,1.0,,HPO genes_to_phenotype; diseases=OMIM:300615,True,1,0,1,,OMIM:300615,2013-10-30,"[[""GENE:MAOA"", -1.0, 1.0]]"
MDH2,gene,MDH2,MDH2,cluster:ABCC9,anxiety,induces,monogenic,A,1.0,0.545,HPO genes_to_phenotype; diseases=ORPHA:29072,True,0,1,2,,ORPHA:29072,,"[[""GENE:MDH2"", -1.0, 1.0]]"
MDH2,gene,MDH2,MDH2,cluster:ABCC9,fatigue,induces,monogenic,A,1.0,0.545,HPO genes_to_phenotype; diseases=ORPHA:29072,True,0,1,1,,ORPHA:29072,,"[[""GENE:MDH2"", -1.0, 1.0]]"
MGAT2,gene,MGAT2,MGAT2,cluster:MGAT2,irritability_or_aggression,induces,monogenic,A,1.0,,HPO genes_to_phenotype; diseases=OMIM:212066,True,1,0,1,,OMIM:212066,2012-10-17,"[[""GENE:MGAT2"", -1.0, 1.0]]"
MID1,gene,MID1,MID1,cluster:MID1,cognitive_impairment,induces,monogenic,A,1.0,0.545,HPO genes_to_phenotype; diseases=ORPHA:2745,True,0,1,1,,ORPHA:2745,,"[[""GENE:MID1"", -1.0, 1.0]]"
MIF,gene,MIF,MIF,cluster:GCLC,anxiety,induces,monogenic,A,0.68,0.17,HPO genes_to_phenotype; diseases=ORPHA:586,True,0,1,1,,ORPHA:586,,"[[""GENE:MIF"", -1.0, 1.0]]"
MIF,gene,MIF,MIF,cluster:GCLC,depressed_mood,induces,monogenic,A,0.68,0.17,HPO genes_to_phenotype; diseases=ORPHA:586,True,0,1,1,,ORPHA:586,,"[[""GENE:MIF"", -1.0, 1.0]]"
KMT2A,gene,KMT2A,KMT2A,cluster:KMT2A,anxiety,induces,monogenic,A,1.0,0.545,HPO genes_to_phenotype; diseases=ORPHA:319182,True,0,1,1,,ORPHA:319182,,"[[""GENE:KMT2A"", -1.0, 1.0]]"
KMT2A,gene,KMT2A,KMT2A,cluster:KMT2A,cognitive_impairment,induces,monogenic,A,1.0,0.545,HPO genes_to_phenotype; diseases=ORPHA:319182,True,0,1,1,,ORPHA:319182,,"[[""GENE:KMT2A"", -1.0, 1.0]]"
KMT2A,gene,KMT2A,KMT2A,cluster:KMT2A,irritability_or_aggression,induces,monogenic,A,1.0,0.545,HPO genes_to_phenotype; diseases=OMIM:605130;ORPHA:319182,True,1,1,2,11.0,OMIM:605130;ORPHA:319182,2012-07-12,"[[""GENE:KMT2A"", -1.0, 1.0]]"
MOCS2,gene,MOCS2,MOCS2,cluster:MOCS2,irritability_or_aggression,induces,monogenic,A,1.0,1.0,HPO genes_to_phenotype; diseases=OMIM:252160,True,1,0,1,1.0,OMIM:252160,2005-07-14,"[[""GENE:MOCS2"", -1.0, 1.0]]"
MPO,gene,MPO,MPO,cluster:MPO,cognitive_impairment,induces,monogenic,A,1.0,,HPO genes_to_phenotype; diseases=OMIM:104300,True,1,0,1,,OMIM:104300,2010-06-20,"[[""GENE:MPO"", -1.0, 1.0]]"
MT-ATP6,gene,MT-ATP6,MT-ATP6,cluster:MT-ATP6,irritability_or_aggression,induces,monogenic,A,1.0,0.545,HPO genes_to_phenotype; diseases=ORPHA:644,True,0,1,1,,ORPHA:644,,"[[""GENE:MT-ATP6"", -1.0, 1.0]]"
MT-ATP6,gene,MT-ATP6,MT-ATP6,cluster:MT-ATP6,cognitive_impairment,induces,monogenic,A,1.0,0.545,HPO genes_to_phenotype; diseases=OMIM:551500;ORPHA:644,True,1,1,2,,OMIM:551500;ORPHA:644,2009-02-17,"[[""GENE:MT-ATP6"", -1.0, 1.0]]"
MT-ATP8,gene,MT-ATP8,MT-ATP8,cluster:MT-ATP8,cognitive_impairment,induces,monogenic,A,0.68,0.17,HPO genes_to_phenotype; diseases=ORPHA:480,True,0,1,2,,ORPHA:480,,"[[""GENE:MT-ATP8"", -1.0, 1.0]]"
MT-CO1,gene,MT-CO1,MT-CO1,cluster:MT-CO1,cognitive_impairment,induces,monogenic,A,1.0,0.895,HPO genes_to_phenotype; diseases=OMIM:540000;ORPHA:550,True,1,1,4,,OMIM:540000;ORPHA:550,2009-02-17,"[[""GENE:MT-CO1"", -1.0, 1.0]]"
MT-CO1,gene,MT-CO1,MT-CO1,cluster:MT-CO1,anxiety,induces,monogenic,A,1.0,0.545,HPO genes_to_phenotype; diseases=ORPHA:550,True,0,1,1,,ORPHA:550,,"[[""GENE:MT-CO1"", -1.0, 1.0]]"
MT-CO1,gene,MT-CO1,MT-CO1,cluster:MT-CO1,depressed_mood,induces,monogenic,A,1.0,0.545,HPO genes_to_phenotype; diseases=ORPHA:550,True,0,1,1,,ORPHA:550,,"[[""GENE:MT-CO1"", -1.0, 1.0]]"
MT-CO1,gene,MT-CO1,MT-CO1,cluster:MT-CO1,psychosis,induces,monogenic,A,1.0,0.545,HPO genes_to_phenotype; diseases=ORPHA:550,True,0,1,1,,ORPHA:550,,"[[""GENE:MT-CO1"", -1.0, 1.0]]"
MT-CO2,gene,MT-CO2,MT-CO2,cluster:MT-CO1,cognitive_impairment,induces,monogenic,A,1.0,0.895,HPO genes_to_phenotype; diseases=OMIM:540000;ORPHA:550,True,1,1,4,,OMIM:540000;ORPHA:550,2009-02-17,"[[""GENE:MT-CO2"", -1.0, 1.0]]"
MT-CO2,gene,MT-CO2,MT-CO2,cluster:MT-CO1,anxiety,induces,monogenic,A,1.0,0.545,HPO genes_to_phenotype; diseases=ORPHA:550,True,0,1,1,,ORPHA:550,,"[[""GENE:MT-CO2"", -1.0, 1.0]]"
MT-CO2,gene,MT-CO2,MT-CO2,cluster:MT-CO1,depressed_mood,induces,monogenic,A,1.0,0.545,HPO genes_to_phenotype; diseases=ORPHA:550,True,0,1,1,,ORPHA:550,,"[[""GENE:MT-CO2"", -1.0, 1.0]]"
MT-CO2,gene,MT-CO2,MT-CO2,cluster:MT-CO1,psychosis,induces,monogenic,A,1.0,0.545,HPO genes_to_phenotype; diseases=ORPHA:550,True,0,1,1,,ORPHA:550,,"[[""GENE:MT-CO2"", -1.0, 1.0]]"
MT-CO3,gene,MT-CO3,MT-CO3,cluster:MT-CO1,cognitive_impairment,induces,monogenic,A,1.0,0.895,HPO genes_to_phenotype; diseases=OMIM:540000;ORPHA:550,True,1,1,4,,OMIM:540000;ORPHA:550,2009-02-17,"[[""GENE:MT-CO3"", -1.0, 1.0]]"
MT-CO3,gene,MT-CO3,MT-CO3,cluster:MT-CO1,anxiety,induces,monogenic,A,1.0,0.545,HPO genes_to_phenotype; diseases=ORPHA:550,True,0,1,1,,ORPHA:550,,"[[""GENE:MT-CO3"", -1.0, 1.0]]"
MT-CO3,gene,MT-CO3,MT-CO3,cluster:MT-CO1,depressed_mood,induces,monogenic,A,1.0,0.545,HPO genes_to_phenotype; diseases=ORPHA:550,True,0,1,1,,ORPHA:550,,"[[""GENE:MT-CO3"", -1.0, 1.0]]"
MT-CO3,gene,MT-CO3,MT-CO3,cluster:MT-CO1,psychosis,induces,monogenic,A,1.0,0.545,HPO genes_to_phenotype; diseases=ORPHA:550,True,0,1,1,,ORPHA:550,,"[[""GENE:MT-CO3"", -1.0, 1.0]]"
MT-CYB,gene,MT-CYB,MT-CYB,cluster:MT-CO1,cognitive_impairment,induces,monogenic,A,1.0,,HPO genes_to_phenotype; diseases=OMIM:540000,True,1,0,1,,OMIM:540000,2009-02-17,"[[""GENE:MT-CYB"", -1.0, 1.0]]"
MTHFR,gene,MTHFR,MTHFR,cluster:MTHFR,cognitive_impairment,induces,monogenic,A,1.0,0.545,HPO genes_to_phenotype; diseases=OMIM:181500;ORPHA:395,True,1,1,3,,OMIM:181500;ORPHA:395,2009-02-17,"[[""GENE:MTHFR"", -1.0, 1.0]]"
MTHFR,gene,MTHFR,MTHFR,cluster:MTHFR,psychosis,induces,monogenic,A,0.68,0.17,HPO genes_to_phenotype; diseases=OMIM:181500;ORPHA:395,True,1,1,3,,OMIM:181500;ORPHA:395,2009-02-17,"[[""GENE:MTHFR"", -1.0, 1.0]]"
MT-ND1,gene,MT-ND1,MT-ND1,cluster:MT-CO1,cognitive_impairment,induces,monogenic,A,1.0,0.895,HPO genes_to_phenotype; diseases=OMIM:540000;ORPHA:550,True,1,1,4,,OMIM:540000;ORPHA:550,2009-02-17,"[[""GENE:MT-ND1"", -1.0, 1.0]]"
MT-ND1,gene,MT-ND1,MT-ND1,cluster:MT-CO1,anxiety,induces,monogenic,A,1.0,0.545,HPO genes_to_phenotype; diseases=ORPHA:550,True,0,1,1,,ORPHA:550,,"[[""GENE:MT-ND1"", -1.0, 1.0]]"
MT-ND1,gene,MT-ND1,MT-ND1,cluster:MT-CO1,depressed_mood,induces,monogenic,A,1.0,0.545,HPO genes_to_phenotype; diseases=ORPHA:550,True,0,1,1,,ORPHA:550,,"[[""GENE:MT-ND1"", -1.0, 1.0]]"
MT-ND1,gene,MT-ND1,MT-ND1,cluster:MT-CO1,psychosis,induces,monogenic,A,1.0,0.545,HPO genes_to_phenotype; diseases=ORPHA:550,True,0,1,1,,ORPHA:550,,"[[""GENE:MT-ND1"", -1.0, 1.0]]"
MT-ND4,gene,MT-ND4,MT-ND4,cluster:MT-CO1,cognitive_impairment,induces,monogenic,A,1.0,0.895,HPO genes_to_phenotype; diseases=ORPHA:550,True,0,1,3,,ORPHA:550,,"[[""GENE:MT-ND4"", -1.0, 1.0]]"
MT-ND4,gene,MT-ND4,MT-ND4,cluster:MT-CO1,anxiety,induces,monogenic,A,1.0,0.545,HPO genes_to_phenotype; diseases=ORPHA:550,True,0,1,1,,ORPHA:550,,"[[""GENE:MT-ND4"", -1.0, 1.0]]"
MT-ND4,gene,MT-ND4,MT-ND4,cluster:MT-CO1,depressed_mood,induces,monogenic,A,1.0,0.545,HPO genes_to_phenotype; diseases=ORPHA:550,True,0,1,1,,ORPHA:550,,"[[""GENE:MT-ND4"", -1.0, 1.0]]"
MT-ND4,gene,MT-ND4,MT-ND4,cluster:MT-CO1,psychosis,induces,monogenic,A,1.0,0.545,HPO genes_to_phenotype; diseases=ORPHA:550,True,0,1,1,,ORPHA:550,,"[[""GENE:MT-ND4"", -1.0, 1.0]]"
MT-ND5,gene,MT-ND5,MT-ND5,cluster:MT-CO1,cognitive_impairment,induces,monogenic,A,1.0,0.895,HPO genes_to_phenotype; diseases=OMIM:540000;ORPHA:550;ORPHA:551,True,1,2,5,,OMIM:540000;ORPHA:550;ORPHA:551,2009-02-17,"[[""GENE:MT-ND5"", -1.0, 1.0]]"
MT-ND5,gene,MT-ND5,MT-ND5,cluster:MT-CO1,anxiety,induces,monogenic,A,1.0,0.545,HPO genes_to_phenotype; diseases=ORPHA:550,True,0,1,1,,ORPHA:550,,"[[""GENE:MT-ND5"", -1.0, 1.0]]"
MT-ND5,gene,MT-ND5,MT-ND5,cluster:MT-CO1,depressed_mood,induces,monogenic,A,1.0,0.545,HPO genes_to_phenotype; diseases=ORPHA:550,True,0,1,1,,ORPHA:550,,"[[""GENE:MT-ND5"", -1.0, 1.0]]"
MT-ND5,gene,MT-ND5,MT-ND5,cluster:MT-CO1,psychosis,induces,monogenic,A,1.0,0.545,HPO genes_to_phenotype; diseases=ORPHA:550,True,0,1,1,,ORPHA:550,,"[[""GENE:MT-ND5"", -1.0, 1.0]]"
MT-ND6,gene,MT-ND6,MT-ND6,cluster:MT-CO1,cognitive_impairment,induces,monogenic,A,1.0,0.895,HPO genes_to_phenotype; diseases=OMIM:540000;ORPHA:550,True,1,1,4,,OMIM:540000;ORPHA:550,2009-02-17,"[[""GENE:MT-ND6"", -1.0, 1.0]]"
MT-ND6,gene,MT-ND6,MT-ND6,cluster:MT-CO1,anxiety,induces,monogenic,A,1.0,0.545,HPO genes_to_phenotype; diseases=ORPHA:550,True,0,1,1,,ORPHA:550,,"[[""GENE:MT-ND6"", -1.0, 1.0]]"
MT-ND6,gene,MT-ND6,MT-ND6,cluster:MT-CO1,depressed_mood,induces,monogenic,A,1.0,0.545,HPO genes_to_phenotype; diseases=ORPHA:550,True,0,1,1,,ORPHA:550,,"[[""GENE:MT-ND6"", -1.0, 1.0]]"
MT-ND6,gene,MT-ND6,MT-ND6,cluster:MT-CO1,psychosis,induces,monogenic,A,1.0,0.545,HPO genes_to_phenotype; diseases=ORPHA:550,True,0,1,1,,ORPHA:550,,"[[""GENE:MT-ND6"", -1.0, 1.0]]"
MTRR,gene,MTRR,MTRR,cluster:MTRR,somnolence_or_hypersomnia,induces,monogenic,A,0.68,0.17,HPO genes_to_phenotype; diseases=ORPHA:2169,True,0,1,1,,ORPHA:2169,,"[[""GENE:MTRR"", -1.0, 1.0]]"
NAGA,gene,NAGA,NAGA,cluster:NAGA,cognitive_impairment,induces,monogenic,A,1.0,,HPO genes_to_phenotype; diseases=OMIM:609242,True,1,0,1,,OMIM:609242,2014-04-04,"[[""GENE:NAGA"", -1.0, 1.0]]"
NAGLU,gene,NAGLU,NAGLU,cluster:NAGLU,irritability_or_aggression,induces,monogenic,A,1.0,,HPO genes_to_phenotype; diseases=OMIM:252920,True,1,0,1,,OMIM:252920,2009-02-17,"[[""GENE:NAGLU"", -1.0, 1.0]]"
NDUFA1,gene,NDUFA1,NDUFA1,cluster:NDUFA1,cognitive_impairment,induces,monogenic,A,1.0,0.6666666666666666,HPO genes_to_phenotype; diseases=OMIM:301020,True,1,0,1,3.0,OMIM:301020,2009-01-29,"[[""GENE:NDUFA1"", -1.0, 1.0]]"
NDUFA2,gene,NDUFA2,NDUFA2,cluster:NDUFA2,irritability_or_aggression,induces,monogenic,A,1.0,0.5,HPO genes_to_phenotype; diseases=OMIM:618235,True,1,0,1,2.0,OMIM:618235,2017-12-21,"[[""GENE:NDUFA2"", -1.0, 1.0]]"
NDUFA6,gene,NDUFA6,NDUFA6,cluster:NDUFA6,irritability_or_aggression,induces,monogenic,A,1.0,0.25,HPO genes_to_phenotype; diseases=OMIM:618253,True,1,0,1,4.0,OMIM:618253,2018-09-20,"[[""GENE:NDUFA6"", -1.0, 1.0]]"
NDUFS1,gene,NDUFS1,NDUFS1,cluster:NDUFS1,irritability_or_aggression,induces,monogenic,A,1.0,,HPO genes_to_phenotype; diseases=OMIM:618226,True,1,0,1,,OMIM:618226,2019-02-15,"[[""GENE:NDUFS1"", -1.0, 1.0]]"
NPC1,gene,NPC1,NPC1,cluster:NPC1,cognitive_impairment,induces,monogenic,A,1.0,,HPO genes_to_phenotype; diseases=OMIM:257220,True,1,0,1,,OMIM:257220,2009-02-17,"[[""GENE:NPC1"", -1.0, 1.0]]"
NPC1,gene,NPC1,NPC1,cluster:NPC1,psychosis,induces,monogenic,A,1.0,,HPO genes_to_phenotype; diseases=OMIM:257220,True,1,0,1,,OMIM:257220,2009-02-17,"[[""GENE:NPC1"", -1.0, 1.0]]"
NUP88,gene,NUP88,NUP88,cluster:NUP88,somnolence_or_hypersomnia,induces,monogenic,A,1.0,0.895,HPO genes_to_phenotype; diseases=ORPHA:994,True,0,1,1,,ORPHA:994,,"[[""GENE:NUP88"", -1.0, 1.0]]"
OCA2,gene,OCA2,OCA2,cluster:ATP10A,cognitive_impairment,induces,monogenic,A,1.0,0.545,HPO genes_to_phenotype; diseases=ORPHA:98794,True,0,1,1,,ORPHA:98794,,"[[""GENE:OCA2"", -1.0, 1.0]]"
OCA2,gene,OCA2,OCA2,cluster:ATP10A,psychosis,induces,monogenic,A,1.0,0.545,HPO genes_to_phenotype; diseases=ORPHA:177901;ORPHA:177904;ORPHA:98754,True,0,3,3,,ORPHA:177901;ORPHA:177904;ORPHA:98754,,"[[""GENE:OCA2"", -1.0, 1.0]]"
OCRL,gene,OCRL,OCRL,cluster:OCRL,cognitive_impairment,induces,monogenic,A,1.0,,HPO genes_to_phenotype; diseases=OMIM:300555,True,1,0,1,,OMIM:300555,2012-10-14,"[[""GENE:OCRL"", -1.0, 1.0]]"
OCRL,gene,OCRL,OCRL,cluster:OCRL,anxiety,induces,monogenic,A,1.0,0.895,HPO genes_to_phenotype; diseases=ORPHA:534,True,0,1,1,,ORPHA:534,,"[[""GENE:OCRL"", -1.0, 1.0]]"
OCRL,gene,OCRL,OCRL,cluster:OCRL,depressed_mood,induces,monogenic,A,1.0,0.895,HPO genes_to_phenotype; diseases=ORPHA:534,True,0,1,1,,ORPHA:534,,"[[""GENE:OCRL"", -1.0, 1.0]]"
OCRL,gene,OCRL,OCRL,cluster:OCRL,irritability_or_aggression,induces,monogenic,A,1.0,,HPO genes_to_phenotype; diseases=OMIM:309000,True,1,0,1,,OMIM:309000,2010-06-20,"[[""GENE:OCRL"", -1.0, 1.0]]"
ODC1,gene,ODC1,ODC1,cluster:ODC1,irritability_or_aggression,induces,monogenic,A,1.0,0.545,HPO genes_to_phenotype; diseases=OMIM:619075;ORPHA:544488,True,1,1,2,3.0,OMIM:619075;ORPHA:544488,2018-11-26,"[[""GENE:ODC1"", -1.0, 1.0]]"
OTC,gene,OTC,OTC,cluster:OTC,cognitive_impairment,induces,monogenic,A,0.68,0.17,HPO genes_to_phenotype; diseases=ORPHA:664,True,0,1,1,,ORPHA:664,,"[[""GENE:OTC"", -1.0, 1.0]]"
OTC,gene,OTC,OTC,cluster:OTC,irritability_or_aggression,induces,monogenic,A,0.9855072463768116,0.2463768115942029,HPO genes_to_phenotype; diseases=OMIM:311250,True,1,0,1,69.0,OMIM:311250,2009-02-17,"[[""GENE:OTC"", -1.0, 1.0]]"
OTC,gene,OTC,OTC,cluster:OTC,anxiety,induces,monogenic,A,0.68,0.17,HPO genes_to_phenotype; diseases=ORPHA:664,True,0,1,1,,ORPHA:664,,"[[""GENE:OTC"", -1.0, 1.0]]"
OTC,gene,OTC,OTC,cluster:OTC,depressed_mood,induces,monogenic,A,0.68,0.17,HPO genes_to_phenotype; diseases=ORPHA:664,True,0,1,1,,ORPHA:664,,"[[""GENE:OTC"", -1.0, 1.0]]"
PRDX1,gene,PRDX1,PRDX1,cluster:PRDX1,cognitive_impairment,induces,monogenic,A,1.0,,HPO genes_to_phenotype; diseases=OMIM:277400,True,1,0,3,,OMIM:277400,2009-02-17,"[[""GENE:PRDX1"", -1.0, 1.0]]"
PAH,gene,PAH,PAH,cluster:PAH,irritability_or_aggression,induces,monogenic,A,1.0,,HPO genes_to_phenotype; diseases=OMIM:261600,True,1,0,2,,OMIM:261600,2012-11-20,"[[""GENE:PAH"", -1.0, 1.0]]"
PAH,gene,PAH,PAH,cluster:PAH,anxiety,induces,monogenic,A,1.0,,HPO genes_to_phenotype; diseases=OMIM:261600,True,1,0,1,,OMIM:261600,2012-11-20,"[[""GENE:PAH"", -1.0, 1.0]]"
PAH,gene,PAH,PAH,cluster:PAH,depressed_mood,induces,monogenic,A,1.0,,HPO genes_to_phenotype; diseases=OMIM:261600,True,1,0,1,,OMIM:261600,2015-12-30,"[[""GENE:PAH"", -1.0, 1.0]]"
PAH,gene,PAH,PAH,cluster:PAH,psychosis,induces,monogenic,A,1.0,,HPO genes_to_phenotype; diseases=OMIM:261600,True,1,0,1,,OMIM:261600,2012-11-20,"[[""GENE:PAH"", -1.0, 1.0]]"
PRKN,gene,PRKN,PRKN,cluster:AARS1,anxiety,induces,monogenic,A,0.68,0.17,HPO genes_to_phenotype; diseases=ORPHA:2828,True,0,1,2,,ORPHA:2828,,"[[""GENE:PRKN"", -1.0, 1.0]]"
PRKN,gene,PRKN,PRKN,cluster:AARS1,cognitive_impairment,induces,monogenic,A,0.68,0.17,HPO genes_to_phenotype; diseases=OMIM:600116;ORPHA:2828,True,1,1,5,10.0,OMIM:600116;ORPHA:2828,2005-11-22,"[[""GENE:PRKN"", -1.0, 1.0]]"
PRKN,gene,PRKN,PRKN,cluster:AARS1,insomnia,induces,monogenic,A,0.68,0.17,HPO genes_to_phenotype; diseases=ORPHA:2828,True,0,1,1,,ORPHA:2828,,"[[""GENE:PRKN"", -1.0, 1.0]]"
PRKN,gene,PRKN,PRKN,cluster:AARS1,psychosis,induces,monogenic,A,1.0,0.545,HPO genes_to_phenotype; diseases=ORPHA:2828,True,0,1,1,,ORPHA:2828,,"[[""GENE:PRKN"", -1.0, 1.0]]"
PRKN,gene,PRKN,PRKN,cluster:AARS1,depressed_mood,induces,monogenic,A,1.0,0.545,HPO genes_to_phenotype; diseases=ORPHA:2828,True,0,1,1,,ORPHA:2828,,"[[""GENE:PRKN"", -1.0, 1.0]]"
PRKN,gene,PRKN,PRKN,cluster:AARS1,psychomotor_agitation,induces,monogenic,A,0.25,0.025,HPO genes_to_phenotype; diseases=ORPHA:2828,True,0,1,1,,ORPHA:2828,,"[[""GENE:PRKN"", -1.0, 1.0]]"
PCBD1,gene,PCBD1,PCBD1,cluster:PCBD1,irritability_or_aggression,induces,monogenic,A,0.68,0.17,HPO genes_to_phenotype; diseases=ORPHA:1578,True,0,1,1,,ORPHA:1578,,"[[""GENE:PCBD1"", -1.0, 1.0]]"
PDE2A,gene,PDE2A,PDE2A,cluster:PDE2A,insomnia,induces,monogenic,A,1.0,0.5,HPO genes_to_phenotype; diseases=OMIM:619150,True,1,0,1,2.0,OMIM:619150,2020-03-20,"[[""GENE:PDE2A"", -1.0, 1.0]]"
PDE2A,gene,PDE2A,PDE2A,cluster:PDE2A,irritability_or_aggression,induces,monogenic,A,1.0,0.5,HPO genes_to_phenotype; diseases=OMIM:619150,True,1,0,1,2.0,OMIM:619150,2020-03-20,"[[""GENE:PDE2A"", -1.0, 1.0]]"
PDHA1,gene,PDHA1,PDHA1,cluster:PDHA1,irritability_or_aggression,induces,monogenic,A,1.0,1.0,HPO genes_to_phenotype; diseases=OMIM:312170,True,1,0,1,1.0,OMIM:312170,2006-10-01,"[[""GENE:PDHA1"", -1.0, 1.0]]"
ENPP1,gene,ENPP1,ENPP1,cluster:ENPP1,irritability_or_aggression,induces,monogenic,A,0.68,0.17,HPO genes_to_phenotype; diseases=ORPHA:51608,True,0,1,1,,ORPHA:51608,,"[[""GENE:ENPP1"", -1.0, 1.0]]"
SLC26A4,gene,SLC26A4,SLC26A4,cluster:SLC26A4,somnolence_or_hypersomnia,induces,monogenic,A,1.0,0.895,HPO genes_to_phenotype; diseases=ORPHA:95713,True,0,1,1,,ORPHA:95713,,"[[""GENE:SLC26A4"", -1.0, 1.0]]"
SLC26A4,gene,SLC26A4,SLC26A4,cluster:SLC26A4,fatigue,induces,monogenic,A,1.0,0.895,HPO genes_to_phenotype; diseases=ORPHA:95713;ORPHA:95720,True,0,2,2,,ORPHA:95713;ORPHA:95720,,"[[""GENE:SLC26A4"", -1.0, 1.0]]"
ATP8B1,gene,ATP8B1,ATP8B1,cluster:ABCB11,insomnia,induces,monogenic,A,1.0,0.545,HPO genes_to_phenotype; diseases=ORPHA:69665,True,0,1,1,,ORPHA:69665,,"[[""GENE:ATP8B1"", -1.0, 1.0]]"
ATP8B1,gene,ATP8B1,ATP8B1,cluster:ABCB11,depressed_mood,induces,monogenic,A,0.68,0.17,HPO genes_to_phenotype; diseases=ORPHA:69665,True,0,1,1,,ORPHA:69665,,"[[""GENE:ATP8B1"", -1.0, 1.0]]"
PGM1,gene,PGM1,PGM1,cluster:PGM1,fatigue,induces,monogenic,A,0.9230769230769231,0.23076923076923078,HPO genes_to_phenotype; diseases=OMIM:614921,True,1,0,1,13.0,OMIM:614921,2012-04-05,"[[""GENE:PGM1"", -1.0, 1.0]]"
ABCB1,gene,ABCB1,ABCB1,cluster:ABCB1,psychosis,induces,monogenic,A,1.0,1.0,HPO genes_to_phenotype; diseases=OMIM:620950,True,1,0,1,2.0,OMIM:620950,2020-07-05,"[[""GENE:ABCB1"", -1.0, 1.0]]"
ABCB4,gene,ABCB4,ABCB4,cluster:ABCB11,insomnia,induces,monogenic,A,1.0,0.545,HPO genes_to_phenotype; diseases=ORPHA:69665,True,0,1,1,,ORPHA:69665,,"[[""GENE:ABCB4"", -1.0, 1.0]]"
ABCB4,gene,ABCB4,ABCB4,cluster:ABCB11,depressed_mood,induces,monogenic,A,0.68,0.17,HPO genes_to_phenotype; diseases=ORPHA:69665,True,0,1,1,,ORPHA:69665,,"[[""GENE:ABCB4"", -1.0, 1.0]]"
PHKA1,gene,PHKA1,PHKA1,cluster:PHKA1,fatigue,induces,monogenic,A,1.0,0.545,HPO genes_to_phenotype; diseases=ORPHA:715,True,0,1,1,,ORPHA:715,,"[[""GENE:PHKA1"", -1.0, 1.0]]"
PHKA2,gene,PHKA2,PHKA2,cluster:PHKA2,fatigue,induces,monogenic,A,0.8,0.2,HPO genes_to_phenotype; diseases=OMIM:306000;ORPHA:264580,True,1,1,2,15.0,OMIM:306000;ORPHA:264580,2007-08-03,"[[""GENE:PHKA2"", -1.0, 1.0]]"
PHKB,gene,PHKB,PHKB,cluster:PHKB,fatigue,induces,monogenic,A,0.68,0.17,HPO genes_to_phenotype; diseases=ORPHA:79240,True,0,1,1,,ORPHA:79240,,"[[""GENE:PHKB"", -1.0, 1.0]]"
PHKG1,gene,PHKG1,PHKG1,cluster:PHKA1,fatigue,induces,monogenic,A,1.0,0.545,HPO genes_to_phenotype; diseases=ORPHA:715,True,0,1,1,,ORPHA:715,,"[[""GENE:PHKG1"", -1.0, 1.0]]"
PHKG2,gene,PHKG2,PHKG2,cluster:PHKA2,fatigue,induces,monogenic,A,0.68,0.17,HPO genes_to_phenotype; diseases=ORPHA:264580,True,0,1,1,,ORPHA:264580,,"[[""GENE:PHKG2"", -1.0, 1.0]]"
SERPINA1,gene,SERPINA1,SERPINA1,cluster:GCLC,anxiety,induces,monogenic,A,0.68,0.17,HPO genes_to_phenotype; diseases=ORPHA:586,True,0,1,1,,ORPHA:586,,"[[""GENE:SERPINA1"", -1.0, 1.0]]"
SERPINA1,gene,SERPINA1,SERPINA1,cluster:GCLC,depressed_mood,induces,monogenic,A,0.68,0.17,HPO genes_to_phenotype; diseases=ORPHA:586,True,0,1,1,,ORPHA:586,,"[[""GENE:SERPINA1"", -1.0, 1.0]]"
PIGA,gene,PIGA,PIGA,cluster:AARS1,cognitive_impairment,induces,monogenic,A,1.0,0.895,HPO genes_to_phenotype; diseases=ORPHA:293181,True,0,1,1,,ORPHA:293181,,"[[""GENE:PIGA"", -1.0, 1.0]]"
PIGH,gene,PIGH,PIGH,cluster:PIGH,irritability_or_aggression,induces,monogenic,A,1.0,1.0,HPO genes_to_phenotype; diseases=OMIM:618010,True,1,0,1,2.0,OMIM:618010,2018-03-30,"[[""GENE:PIGH"", -1.0, 1.0]]"
PIK3CA,gene,PIK3CA,PIK3CA,cluster:PIK3CA,somnolence_or_hypersomnia,induces,monogenic,A,0.25,0.025,HPO genes_to_phenotype; diseases=ORPHA:2495,True,0,1,1,,ORPHA:2495,,"[[""GENE:PIK3CA"", -1.0, 1.0]]"
PIK3CA,gene,PIK3CA,PIK3CA,cluster:PIK3CA,cognitive_impairment,induces,monogenic,A,0.68,0.17,HPO genes_to_phenotype; diseases=ORPHA:144;ORPHA:221061;ORPHA:2495,True,0,3,5,,ORPHA:144;ORPHA:221061;ORPHA:2495,,"[[""GENE:PIK3CA"", -1.0, 1.0]]"
PIK3CA,gene,PIK3CA,PIK3CA,cluster:PIK3CA,psychosis,induces,monogenic,A,0.68,0.17,HPO genes_to_phenotype; diseases=ORPHA:144,True,0,1,1,,ORPHA:144,,"[[""GENE:PIK3CA"", -1.0, 1.0]]"
PIK3CA,gene,PIK3CA,PIK3CA,cluster:PIK3CA,irritability_or_aggression,induces,monogenic,A,1.0,0.545,HPO genes_to_phenotype; diseases=ORPHA:144,True,0,1,1,,ORPHA:144,,"[[""GENE:PIK3CA"", -1.0, 1.0]]"
PIK3CA,gene,PIK3CA,PIK3CA,cluster:PIK3CA,anxiety,induces,monogenic,A,1.0,0.545,HPO genes_to_phenotype; diseases=ORPHA:144,True,0,1,1,,ORPHA:144,,"[[""GENE:PIK3CA"", -1.0, 1.0]]"
PIK3CA,gene,PIK3CA,PIK3CA,cluster:PIK3CA,depressed_mood,induces,monogenic,A,1.0,0.545,HPO genes_to_phenotype; diseases=ORPHA:144,True,0,1,1,,ORPHA:144,,"[[""GENE:PIK3CA"", -1.0, 1.0]]"
PIK3CA,gene,PIK3CA,PIK3CA,cluster:PIK3CA,fatigue,induces,monogenic,A,1.0,0.895,HPO genes_to_phenotype; diseases=ORPHA:144,True,0,1,1,,ORPHA:144,,"[[""GENE:PIK3CA"", -1.0, 1.0]]"
PIK3CD,gene,PIK3CD,PIK3CD,cluster:PIK3CD,fatigue,induces,monogenic,A,1.0,0.895,HPO genes_to_phenotype; diseases=ORPHA:33110,True,0,1,1,,ORPHA:33110,,"[[""GENE:PIK3CD"", -1.0, 1.0]]"
PIK3CG,gene,PIK3CG,PIK3CG,cluster:PIK3CG,fatigue,induces,monogenic,A,1.0,1.0,HPO genes_to_phenotype; diseases=OMIM:619802,True,1,0,1,1.0,OMIM:619802,2019-09-25,"[[""GENE:PIK3CG"", -1.0, 1.0]]"
PIK3R1,gene,PIK3R1,PIK3R1,cluster:PIK3CD,fatigue,induces,monogenic,A,1.0,0.895,HPO genes_to_phenotype; diseases=ORPHA:33110,True,0,1,1,,ORPHA:33110,,"[[""GENE:PIK3R1"", -1.0, 1.0]]"
PI4KA,gene,PI4KA,PI4KA,cluster:PI4KA,cognitive_impairment,induces,monogenic,A,1.0,0.5,HPO genes_to_phenotype; diseases=OMIM:619621,True,1,0,1,2.0,OMIM:619621,2021-10-22,"[[""GENE:PI4KA"", -1.0, 1.0]]"
POLD1,gene,POLD1,POLD1,cluster:POLD1,cognitive_impairment,induces,monogenic,A,0.68,0.17,HPO genes_to_phenotype; diseases=ORPHA:440437,True,0,1,1,,ORPHA:440437,,"[[""GENE:POLD1"", -1.0, 1.0]]"
POLD1,gene,POLD1,POLD1,cluster:POLD1,psychosis,induces,monogenic,A,0.68,0.17,HPO genes_to_phenotype; diseases=ORPHA:440437,True,0,1,1,,ORPHA:440437,,"[[""GENE:POLD1"", -1.0, 1.0]]"
POLD1,gene,POLD1,POLD1,cluster:POLD1,irritability_or_aggression,induces,monogenic,A,1.0,0.545,HPO genes_to_phenotype; diseases=ORPHA:440437,True,0,1,1,,ORPHA:440437,,"[[""GENE:POLD1"", -1.0, 1.0]]"
POLD1,gene,POLD1,POLD1,cluster:POLD1,anxiety,induces,monogenic,A,1.0,0.545,HPO genes_to_phenotype; diseases=ORPHA:440437,True,0,1,1,,ORPHA:440437,,"[[""GENE:POLD1"", -1.0, 1.0]]"
POLD1,gene,POLD1,POLD1,cluster:POLD1,depressed_mood,induces,monogenic,A,1.0,0.545,HPO genes_to_phenotype; diseases=ORPHA:440437,True,0,1,1,,ORPHA:440437,,"[[""GENE:POLD1"", -1.0, 1.0]]"
POLD1,gene,POLD1,POLD1,cluster:POLD1,fatigue,induces,monogenic,A,1.0,0.895,HPO genes_to_phenotype; diseases=ORPHA:440437,True,0,1,1,,ORPHA:440437,,"[[""GENE:POLD1"", -1.0, 1.0]]"
POLE,gene,POLE,POLE,cluster:POLD1,cognitive_impairment,induces,monogenic,A,0.68,0.17,HPO genes_to_phenotype; diseases=ORPHA:440437,True,0,1,1,,ORPHA:440437,,"[[""GENE:POLE"", -1.0, 1.0]]"
POLE,gene,POLE,POLE,cluster:POLD1,psychosis,induces,monogenic,A,0.68,0.17,HPO genes_to_phenotype; diseases=ORPHA:440437,True,0,1,1,,ORPHA:440437,,"[[""GENE:POLE"", -1.0, 1.0]]"
POLE,gene,POLE,POLE,cluster:POLD1,irritability_or_aggression,induces,monogenic,A,1.0,0.545,HPO genes_to_phenotype; diseases=ORPHA:440437,True,0,1,1,,ORPHA:440437,,"[[""GENE:POLE"", -1.0, 1.0]]"
POLE,gene,POLE,POLE,cluster:POLD1,anxiety,induces,monogenic,A,1.0,0.545,HPO genes_to_phenotype; diseases=ORPHA:440437,True,0,1,1,,ORPHA:440437,,"[[""GENE:POLE"", -1.0, 1.0]]"
POLE,gene,POLE,POLE,cluster:POLD1,depressed_mood,induces,monogenic,A,1.0,0.545,HPO genes_to_phenotype; diseases=ORPHA:440437,True,0,1,1,,ORPHA:440437,,"[[""GENE:POLE"", -1.0, 1.0]]"
POLE,gene,POLE,POLE,cluster:POLD1,fatigue,induces,monogenic,A,1.0,0.895,HPO genes_to_phenotype; diseases=ORPHA:440437,True,0,1,1,,ORPHA:440437,,"[[""GENE:POLE"", -1.0, 1.0]]"
POLG,gene,POLG,POLG,cluster:MT-ATP8,cognitive_impairment,induces,monogenic,A,1.0,0.545,HPO genes_to_phenotype; diseases=OMIM:203700;OMIM:603041;OMIM:607459;ORPHA:254886;ORPHA:254892;ORPHA:298;ORPHA:70595;ORPHA:94125,True,3,5,11,42.0,OMIM:203700;OMIM:603041;OMIM:607459;ORPHA:254886;ORPHA:254892;ORPHA:298;ORPHA:70595;ORPHA:94125,2000-06-01,"[[""GENE:POLG"", -1.0, 1.0]]"
POLG,gene,POLG,POLG,cluster:MT-ATP8,anxiety,induces,monogenic,A,1.0,0.545,HPO genes_to_phenotype; diseases=ORPHA:254881;ORPHA:254892,True,0,2,2,,ORPHA:254881;ORPHA:254892,,"[[""GENE:POLG"", -1.0, 1.0]]"
POLG,gene,POLG,POLG,cluster:MT-ATP8,depressed_mood,induces,monogenic,A,1.0,0.545,HPO genes_to_phenotype; diseases=OMIM:157640;OMIM:258450;OMIM:607459;ORPHA:254881;ORPHA:254886;ORPHA:254892;ORPHA:70595,True,3,4,7,7.0,OMIM:157640;OMIM:258450;OMIM:607459;ORPHA:254881;ORPHA:254886;ORPHA:254892;ORPHA:70595,2003-02-01,"[[""GENE:POLG"", -1.0, 1.0]]"
POLG,gene,POLG,POLG,cluster:MT-ATP8,fatigue,induces,monogenic,A,1.0,0.545,HPO genes_to_phenotype; diseases=ORPHA:254892,True,0,1,1,,ORPHA:254892,,"[[""GENE:POLG"", -1.0, 1.0]]"
CTSA,gene,CTSA,CTSA,cluster:CTSA,cognitive_impairment,induces,monogenic,A,1.0,1.0,HPO genes_to_phenotype; diseases=OMIM:621394,True,1,0,2,3.0,OMIM:621394,2022-07-29,"[[""GENE:CTSA"", -1.0, 1.0]]"
CTSA,gene,CTSA,CTSA,cluster:CTSA,depressed_mood,induces,monogenic,A,1.0,1.0,HPO genes_to_phenotype; diseases=OMIM:621394,True,1,0,1,1.0,OMIM:621394,2022-07-29,"[[""GENE:CTSA"", -1.0, 1.0]]"
PPIB,gene,PPIB,PPIB,cluster:DNM1L,cognitive_impairment,induces,monogenic,A,0.25,0.025,HPO genes_to_phenotype; diseases=ORPHA:98673,True,0,1,2,,ORPHA:98673,,"[[""GENE:PPIB"", -1.0, 1.0]]"
PPIB,gene,PPIB,PPIB,cluster:DNM1L,psychosis,induces,monogenic,A,0.25,0.025,HPO genes_to_phenotype; diseases=ORPHA:98673,True,0,1,1,,ORPHA:98673,,"[[""GENE:PPIB"", -1.0, 1.0]]"
PPIB,gene,PPIB,PPIB,cluster:DNM1L,fatigue,induces,monogenic,A,0.25,0.025,HPO genes_to_phenotype; diseases=ORPHA:98673,True,0,1,1,,ORPHA:98673,,"[[""GENE:PPIB"", -1.0, 1.0]]"
PPOX,gene,PPOX,PPOX,cluster:PPOX,psychosis,induces,monogenic,A,0.25,0.025,HPO genes_to_phenotype; diseases=OMIM:176200;ORPHA:79473,True,1,1,2,,OMIM:176200;ORPHA:79473,2009-02-17,"[[""GENE:PPOX"", -1.0, 1.0]]"
PPOX,gene,PPOX,PPOX,cluster:PPOX,anxiety,induces,monogenic,A,1.0,0.545,HPO genes_to_phenotype; diseases=ORPHA:79473,True,0,1,1,,ORPHA:79473,,"[[""GENE:PPOX"", -1.0, 1.0]]"
PPT1,gene,PPT1,PPT1,cluster:PPT1,psychosis,induces,monogenic,A,1.0,,HPO genes_to_phenotype; diseases=OMIM:256730,True,1,0,1,,OMIM:256730,2009-02-17,"[[""GENE:PPT1"", -1.0, 1.0]]"
PPT1,gene,PPT1,PPT1,cluster:PPT1,irritability_or_aggression,induces,monogenic,A,1.0,,HPO genes_to_phenotype; diseases=OMIM:256730,True,1,0,1,,OMIM:256730,2009-02-17,"[[""GENE:PPT1"", -1.0, 1.0]]"
PPT1,gene,PPT1,PPT1,cluster:PPT1,depressed_mood,induces,monogenic,A,1.0,,HPO genes_to_phenotype; diseases=OMIM:256730,True,1,0,1,,OMIM:256730,2009-02-17,"[[""GENE:PPT1"", -1.0, 1.0]]"
PRODH,gene,PRODH,PRODH,cluster:PRODH,irritability_or_aggression,induces,monogenic,A,1.0,,HPO genes_to_phenotype; diseases=OMIM:239500,True,1,0,1,,OMIM:239500,2009-02-17,"[[""GENE:PRODH"", -1.0, 1.0]]"
PRPS1,gene,PRPS1,PRPS1,cluster:PRPS1,somnolence_or_hypersomnia,induces,monogenic,A,0.68,0.17,HPO genes_to_phenotype; diseases=ORPHA:99014,True,0,1,1,,ORPHA:99014,,"[[""GENE:PRPS1"", -1.0, 1.0]]"
PSAP,gene,PSAP,PSAP,cluster:ARSA,cognitive_impairment,induces,monogenic,A,1.0,0.895,HPO genes_to_phenotype; diseases=OMIM:249900;ORPHA:206436;ORPHA:309263;ORPHA:309271,True,1,3,6,,OMIM:249900;ORPHA:206436;ORPHA:309263;ORPHA:309271,2012-10-17,"[[""GENE:PSAP"", -1.0, 1.0]]"
PSAP,gene,PSAP,PSAP,cluster:ARSA,psychosis,induces,monogenic,A,1.0,0.545,HPO genes_to_phenotype; diseases=ORPHA:309256;ORPHA:309263;ORPHA:309271,True,0,3,6,,ORPHA:309256;ORPHA:309263;ORPHA:309271,,"[[""GENE:PSAP"", -1.0, 1.0]]"
PSAP,gene,PSAP,PSAP,cluster:ARSA,irritability_or_aggression,induces,monogenic,A,1.0,0.895,HPO genes_to_phenotype; diseases=ORPHA:206436,True,0,1,1,,ORPHA:206436,,"[[""GENE:PSAP"", -1.0, 1.0]]"
PSAP,gene,PSAP,PSAP,cluster:ARSA,depressed_mood,induces,monogenic,A,1.0,0.3333333333333333,HPO genes_to_phenotype; diseases=OMIM:619491;ORPHA:309271,True,1,1,2,6.0,OMIM:619491;ORPHA:309271,2020-04-01,"[[""GENE:PSAP"", -1.0, 1.0]]"
PSAP,gene,PSAP,PSAP,cluster:ARSA,fatigue,induces,monogenic,A,1.0,1.0,HPO genes_to_phenotype; diseases=OMIM:610539,True,1,0,1,2.0,OMIM:610539,2007-10-07,"[[""GENE:PSAP"", -1.0, 1.0]]"
PTEN,gene,PTEN,PTEN,cluster:PTEN,cognitive_impairment,induces,monogenic,A,1.0,0.545,HPO genes_to_phenotype; diseases=OMIM:605309;ORPHA:201,True,1,1,2,3.0,OMIM:605309;ORPHA:201,2005-04-01,"[[""GENE:PTEN"", -1.0, 1.0]]"
PTS,gene,PTS,PTS,cluster:PTS,somnolence_or_hypersomnia,induces,monogenic,A,1.0,,HPO genes_to_phenotype; diseases=OMIM:261640,True,1,0,1,,OMIM:261640,2010-06-18,"[[""GENE:PTS"", -1.0, 1.0]]"
PTS,gene,PTS,PTS,cluster:PTS,irritability_or_aggression,induces,monogenic,A,1.0,,HPO genes_to_phenotype; diseases=OMIM:261640,True,1,0,1,,OMIM:261640,2010-06-18,"[[""GENE:PTS"", -1.0, 1.0]]"
PTS,gene,PTS,PTS,cluster:PTS,depressed_mood,induces,monogenic,A,0.68,0.17,HPO genes_to_phenotype; diseases=ORPHA:13,True,0,1,1,,ORPHA:13,,"[[""GENE:PTS"", -1.0, 1.0]]"
PTS,gene,PTS,PTS,cluster:PTS,psychomotor_agitation,induces,monogenic,A,0.68,0.17,HPO genes_to_phenotype; diseases=ORPHA:13,True,0,1,2,,ORPHA:13,,"[[""GENE:PTS"", -1.0, 1.0]]"
ALDH18A1,gene,ALDH18A1,ALDH18A1,cluster:ALDH18A1,cognitive_impairment,induces,monogenic,A,0.68,0.17,HPO genes_to_phenotype; diseases=ORPHA:447753;ORPHA:447757,True,0,2,3,,ORPHA:447753;ORPHA:447757,,"[[""GENE:ALDH18A1"", -1.0, 1.0]]"
ALDH18A1,gene,ALDH18A1,ALDH18A1,cluster:ALDH18A1,psychosis,induces,monogenic,A,0.68,0.17,HPO genes_to_phenotype; diseases=ORPHA:447753,True,0,1,1,,ORPHA:447753,,"[[""GENE:ALDH18A1"", -1.0, 1.0]]"
PYGL,gene,PYGL,PYGL,cluster:PYGL,irritability_or_aggression,induces,monogenic,A,0.68,0.17,HPO genes_to_phenotype; diseases=ORPHA:369,True,0,1,1,,ORPHA:369,,"[[""GENE:PYGL"", -1.0, 1.0]]"
PYGM,gene,PYGM,PYGM,cluster:PYGM,fatigue,induces,monogenic,A,0.68,0.17,HPO genes_to_phenotype; diseases=ORPHA:368,True,0,1,1,,ORPHA:368,,"[[""GENE:PYGM"", -1.0, 1.0]]"
QDPR,gene,QDPR,QDPR,cluster:QDPR,irritability_or_aggression,induces,monogenic,A,1.0,,HPO genes_to_phenotype; diseases=OMIM:261630,True,1,0,1,,OMIM:261630,2010-06-18,"[[""GENE:QDPR"", -1.0, 1.0]]"
RHAG,gene,RHAG,RHAG,cluster:RHAG,fatigue,induces,monogenic,A,1.0,0.25,HPO genes_to_phenotype; diseases=OMIM:185000,True,1,0,1,4.0,OMIM:185000,2011-08-17,"[[""GENE:RHAG"", -1.0, 1.0]]"
RRM1,gene,RRM1,RRM1,cluster:MT-ATP8,cognitive_impairment,induces,monogenic,A,0.25,0.025,HPO genes_to_phenotype; diseases=ORPHA:254886,True,0,1,1,,ORPHA:254886,,"[[""GENE:RRM1"", -1.0, 1.0]]"
RRM1,gene,RRM1,RRM1,cluster:MT-ATP8,depressed_mood,induces,monogenic,A,0.68,0.17,HPO genes_to_phenotype; diseases=ORPHA:254886,True,0,1,1,,ORPHA:254886,,"[[""GENE:RRM1"", -1.0, 1.0]]"
SARS1,gene,SARS1,SARS1,cluster:SARS1,irritability_or_aggression,induces,monogenic,A,1.0,1.0,HPO genes_to_phenotype; diseases=OMIM:617709,True,1,0,1,4.0,OMIM:617709,2017-03-23,"[[""GENE:SARS1"", -1.0, 1.0]]"
SAT1,gene,SAT1,SAT1,cluster:SAT1,cognitive_impairment,induces,monogenic,A,0.25,0.025,HPO genes_to_phenotype; diseases=ORPHA:93552,True,0,1,1,,ORPHA:93552,,"[[""GENE:SAT1"", -1.0, 1.0]]"
SAT1,gene,SAT1,SAT1,cluster:SAT1,psychosis,induces,monogenic,A,0.68,0.17,HPO genes_to_phenotype; diseases=ORPHA:93552,True,0,1,1,,ORPHA:93552,,"[[""GENE:SAT1"", -1.0, 1.0]]"
SCN1A,gene,SCN1A,SCN1A,cluster:AARS1,cognitive_impairment,induces,monogenic,A,1.0,0.895,HPO genes_to_phenotype; diseases=OMIM:607208;ORPHA:2382;ORPHA:293181;ORPHA:33069;ORPHA:36387;ORPHA:442835;ORPHA:569,True,1,6,8,,OMIM:607208;ORPHA:2382;ORPHA:293181;ORPHA:33069;ORPHA:36387;ORPHA:442835;ORPHA:569,2009-02-17,"[[""GENE:SCN1A"", -1.0, 1.0]]"
SCN1A,gene,SCN1A,SCN1A,cluster:AARS1,irritability_or_aggression,induces,monogenic,A,1.0,0.545,HPO genes_to_phenotype; diseases=ORPHA:2382,True,0,1,2,,ORPHA:2382,,"[[""GENE:SCN1A"", -1.0, 1.0]]"
SCN1A,gene,SCN1A,SCN1A,cluster:AARS1,anxiety,induces,monogenic,A,1.0,0.545,HPO genes_to_phenotype; diseases=ORPHA:33069;ORPHA:36387,True,0,2,2,,ORPHA:33069;ORPHA:36387,,"[[""GENE:SCN1A"", -1.0, 1.0]]"
SCN1A,gene,SCN1A,SCN1A,cluster:AARS1,psychosis,induces,monogenic,A,0.68,0.17,HPO genes_to_phenotype; diseases=ORPHA:2382,True,0,1,1,,ORPHA:2382,,"[[""GENE:SCN1A"", -1.0, 1.0]]"
SCN2A,gene,SCN2A,SCN2A,cluster:AARS1,cognitive_impairment,induces,monogenic,A,1.0,0.895,HPO genes_to_phenotype; diseases=ORPHA:140927;ORPHA:293181;ORPHA:33069;ORPHA:36387,True,0,4,5,,ORPHA:140927;ORPHA:293181;ORPHA:33069;ORPHA:36387,,"[[""GENE:SCN2A"", -1.0, 1.0]]"
SCN2A,gene,SCN2A,SCN2A,cluster:AARS1,anxiety,induces,monogenic,A,1.0,0.545,HPO genes_to_phenotype; diseases=ORPHA:33069;ORPHA:36387,True,0,2,2,,ORPHA:33069;ORPHA:36387,,"[[""GENE:SCN2A"", -1.0, 1.0]]"
SCN2A,gene,SCN2A,SCN2A,cluster:AARS1,irritability_or_aggression,induces,monogenic,A,0.68,0.17,HPO genes_to_phenotype; diseases=ORPHA:2131,True,0,1,1,,ORPHA:2131,,"[[""GENE:SCN2A"", -1.0, 1.0]]"
SCN3A,gene,SCN3A,SCN3A,cluster:AARS1,cognitive_impairment,induces,monogenic,A,0.68,0.17,HPO genes_to_phenotype; diseases=ORPHA:442835;ORPHA:98820,True,0,2,2,,ORPHA:442835;ORPHA:98820,,"[[""GENE:SCN3A"", -1.0, 1.0]]"
SCN3A,gene,SCN3A,SCN3A,cluster:AARS1,psychosis,induces,monogenic,A,0.68,0.17,HPO genes_to_phenotype; diseases=ORPHA:98820,True,0,1,2,,ORPHA:98820,,"[[""GENE:SCN3A"", -1.0, 1.0]]"
SCN4A,gene,SCN4A,SCN4A,cluster:SCN4A,fatigue,induces,monogenic,A,1.0,1.0,HPO genes_to_phenotype; diseases=OMIM:620351;ORPHA:99734,True,1,1,2,1.0,OMIM:620351;ORPHA:99734,2022-08-26,"[[""GENE:SCN4A"", -1.0, 1.0]]"
SCN5A,gene,SCN5A,SCN5A,cluster:ABCC9,fatigue,induces,monogenic,A,1.0,0.545,HPO genes_to_phenotype; diseases=ORPHA:1344;ORPHA:154;ORPHA:334,True,0,3,3,,ORPHA:1344;ORPHA:154;ORPHA:334,,"[[""GENE:SCN5A"", -1.0, 1.0]]"
SCN8A,gene,SCN8A,SCN8A,cluster:AARS1,cognitive_impairment,induces,monogenic,A,1.0,0.545,HPO genes_to_phenotype; diseases=ORPHA:442835;ORPHA:86909,True,0,2,2,,ORPHA:442835;ORPHA:86909,,"[[""GENE:SCN8A"", -1.0, 1.0]]"
SCN8A,gene,SCN8A,SCN8A,cluster:AARS1,irritability_or_aggression,induces,monogenic,A,1.0,0.545,HPO genes_to_phenotype; diseases=ORPHA:86909,True,0,1,2,,ORPHA:86909,,"[[""GENE:SCN8A"", -1.0, 1.0]]"
SCN9A,gene,SCN9A,SCN9A,cluster:AARS1,cognitive_impairment,induces,monogenic,A,1.0,0.545,HPO genes_to_phenotype; diseases=ORPHA:33069;ORPHA:36387,True,0,2,3,,ORPHA:33069;ORPHA:36387,,"[[""GENE:SCN9A"", -1.0, 1.0]]"
SCN9A,gene,SCN9A,SCN9A,cluster:AARS1,anxiety,induces,monogenic,A,1.0,0.545,HPO genes_to_phenotype; diseases=ORPHA:33069;ORPHA:36387,True,0,2,2,,ORPHA:33069;ORPHA:36387,,"[[""GENE:SCN9A"", -1.0, 1.0]]"
SCNN1A,gene,SCNN1A,SCNN1A,cluster:SCNN1A,fatigue,induces,monogenic,A,1.0,0.545,HPO genes_to_phenotype; diseases=ORPHA:526,True,0,1,1,,ORPHA:526,,"[[""GENE:SCNN1A"", -1.0, 1.0]]"
SCNN1B,gene,SCNN1B,SCNN1B,cluster:SCNN1A,fatigue,induces,monogenic,A,1.0,0.545,HPO genes_to_phenotype; diseases=ORPHA:526,True,0,1,1,,ORPHA:526,,"[[""GENE:SCNN1B"", -1.0, 1.0]]"
SCNN1G,gene,SCNN1G,SCNN1G,cluster:SCNN1A,fatigue,induces,monogenic,A,1.0,0.545,HPO genes_to_phenotype; diseases=ORPHA:526,True,0,1,1,,ORPHA:526,,"[[""GENE:SCNN1G"", -1.0, 1.0]]"
SDHA,gene,SDHA,SDHA,cluster:ABCC9,anxiety,induces,monogenic,A,1.0,0.545,HPO genes_to_phenotype; diseases=ORPHA:29072,True,0,1,2,,ORPHA:29072,,"[[""GENE:SDHA"", -1.0, 1.0]]"
SDHA,gene,SDHA,SDHA,cluster:ABCC9,cognitive_impairment,induces,monogenic,A,0.25,0.025,HPO genes_to_phenotype; diseases=OMIM:252011;ORPHA:3208,True,1,1,2,,OMIM:252011;ORPHA:3208,2014-04-04,"[[""GENE:SDHA"", -1.0, 1.0]]"
SDHA,gene,SDHA,SDHA,cluster:ABCC9,irritability_or_aggression,induces,monogenic,A,0.68,0.17,HPO genes_to_phenotype; diseases=ORPHA:3208,True,0,1,1,,ORPHA:3208,,"[[""GENE:SDHA"", -1.0, 1.0]]"
SDHA,gene,SDHA,SDHA,cluster:ABCC9,depressed_mood,induces,monogenic,A,1.0,0.3333333333333333,HPO genes_to_phenotype; diseases=OMIM:619259,True,1,0,1,3.0,OMIM:619259,2016-09-28,"[[""GENE:SDHA"", -1.0, 1.0]]"
SDHA,gene,SDHA,SDHA,cluster:ABCC9,fatigue,induces,monogenic,A,1.0,0.895,HPO genes_to_phenotype; diseases=OMIM:619259;ORPHA:139411;ORPHA:154;ORPHA:29072;ORPHA:44890,True,1,4,5,3.0,OMIM:619259;ORPHA:139411;ORPHA:154;ORPHA:29072;ORPHA:44890,2016-09-28,"[[""GENE:SDHA"", -1.0, 1.0]]"
SDHB,gene,SDHB,SDHB,cluster:ABCC9,anxiety,induces,monogenic,A,1.0,0.545,HPO genes_to_phenotype; diseases=OMIM:115310;ORPHA:276621;ORPHA:29072,True,1,2,5,,OMIM:115310;ORPHA:276621;ORPHA:29072,2018-03-07,"[[""GENE:SDHB"", -1.0, 1.0]]"
SDHB,gene,SDHB,SDHB,cluster:ABCC9,irritability_or_aggression,induces,monogenic,A,1.0,1.0,HPO genes_to_phenotype; diseases=OMIM:619224;ORPHA:3208,True,1,1,2,1.0,OMIM:619224;ORPHA:3208,2015-12-01,"[[""GENE:SDHB"", -1.0, 1.0]]"
SDHB,gene,SDHB,SDHB,cluster:ABCC9,cognitive_impairment,induces,monogenic,A,0.25,0.025,HPO genes_to_phenotype; diseases=ORPHA:3208,True,0,1,1,,ORPHA:3208,,"[[""GENE:SDHB"", -1.0, 1.0]]"
SDHB,gene,SDHB,SDHB,cluster:ABCC9,fatigue,induces,monogenic,A,1.0,0.895,HPO genes_to_phenotype; diseases=ORPHA:139411;ORPHA:276621;ORPHA:29072;ORPHA:44890,True,0,4,4,,ORPHA:139411;ORPHA:276621;ORPHA:29072;ORPHA:44890,,"[[""GENE:SDHB"", -1.0, 1.0]]"
SDHC,gene,SDHC,SDHC,cluster:ABCC9,anxiety,induces,monogenic,A,1.0,0.545,HPO genes_to_phenotype; diseases=OMIM:605373;ORPHA:29072,True,1,1,3,,OMIM:605373;ORPHA:29072,2018-03-07,"[[""GENE:SDHC"", -1.0, 1.0]]"
SDHC,gene,SDHC,SDHC,cluster:ABCC9,fatigue,induces,monogenic,A,1.0,0.895,HPO genes_to_phenotype; diseases=ORPHA:139411;ORPHA:29072;ORPHA:44890,True,0,3,3,,ORPHA:139411;ORPHA:29072;ORPHA:44890,,"[[""GENE:SDHC"", -1.0, 1.0]]"
SDHD,gene,SDHD,SDHD,cluster:ABCC9,anxiety,induces,monogenic,A,1.0,0.545,HPO genes_to_phenotype; diseases=OMIM:168000;ORPHA:276621;ORPHA:29072,True,1,2,5,,OMIM:168000;ORPHA:276621;ORPHA:29072,2009-02-17,"[[""GENE:SDHD"", -1.0, 1.0]]"
SDHD,gene,SDHD,SDHD,cluster:ABCC9,irritability_or_aggression,induces,monogenic,A,0.68,0.17,HPO genes_to_phenotype; diseases=ORPHA:3208,True,0,1,1,,ORPHA:3208,,"[[""GENE:SDHD"", -1.0, 1.0]]"
SDHD,gene,SDHD,SDHD,cluster:ABCC9,cognitive_impairment,induces,monogenic,A,0.25,0.025,HPO genes_to_phenotype; diseases=ORPHA:3208,True,0,1,1,,ORPHA:3208,,"[[""GENE:SDHD"", -1.0, 1.0]]"
SDHD,gene,SDHD,SDHD,cluster:ABCC9,fatigue,induces,monogenic,A,1.0,0.545,HPO genes_to_phenotype; diseases=ORPHA:276621;ORPHA:29072,True,0,2,2,,ORPHA:276621;ORPHA:29072,,"[[""GENE:SDHD"", -1.0, 1.0]]"
SHMT2,gene,SHMT2,SHMT2,cluster:SHMT2,irritability_or_aggression,induces,monogenic,A,0.8,0.2,HPO genes_to_phenotype; diseases=OMIM:619121,True,1,0,1,5.0,OMIM:619121,2020-10-05,"[[""GENE:SHMT2"", -1.0, 1.0]]"
SI,gene,SI,SI,cluster:SI,fatigue,induces,monogenic,A,0.68,0.17,HPO genes_to_phenotype; diseases=ORPHA:35122,True,0,1,1,,ORPHA:35122,,"[[""GENE:SI"", -1.0, 1.0]]"
ST3GAL3,gene,ST3GAL3,ST3GAL3,cluster:ST3GAL3,irritability_or_aggression,induces,monogenic,A,1.0,1.0,HPO genes_to_phenotype; diseases=OMIM:615006,True,1,0,1,1.0,OMIM:615006,2013-01-11,"[[""GENE:ST3GAL3"", -1.0, 1.0]]"
SLC1A2,gene,SLC1A2,SLC1A2,cluster:AARS1,cognitive_impairment,induces,monogenic,A,0.68,0.17,HPO genes_to_phenotype; diseases=ORPHA:442835,True,0,1,1,,ORPHA:442835,,"[[""GENE:SLC1A2"", -1.0, 1.0]]"
SLC1A2,gene,SLC1A2,SLC1A2,cluster:AARS1,irritability_or_aggression,induces,monogenic,A,1.0,,HPO genes_to_phenotype; diseases=OMIM:617105,True,1,0,1,,OMIM:617105,2018-10-08,"[[""GENE:SLC1A2"", -1.0, 1.0]]"
SLC1A3,gene,SLC1A3,SLC1A3,cluster:AARS1,irritability_or_aggression,induces,monogenic,A,0.68,0.17,HPO genes_to_phenotype; diseases=ORPHA:2131,True,0,1,1,,ORPHA:2131,,"[[""GENE:SLC1A3"", -1.0, 1.0]]"
SLC1A4,gene,SLC1A4,SLC1A4,cluster:SLC1A4,irritability_or_aggression,induces,monogenic,A,0.68,0.17,HPO genes_to_phenotype; diseases=OMIM:616657;ORPHA:447997,True,1,1,2,,OMIM:616657;ORPHA:447997,2015-12-30,"[[""GENE:SLC1A4"", -1.0, 1.0]]"
SLC2A1,gene,SLC2A1,SLC2A1,cluster:AARS1,cognitive_impairment,induces,monogenic,A,1.0,0.545,HPO genes_to_phenotype; diseases=OMIM:601042;OMIM:606777;ORPHA:71277,True,2,1,3,,OMIM:601042;OMIM:606777;ORPHA:71277,2009-02-17,"[[""GENE:SLC2A1"", -1.0, 1.0]]"
SLC2A1,gene,SLC2A1,SLC2A1,cluster:AARS1,irritability_or_aggression,induces,monogenic,A,0.68,0.17,HPO genes_to_phenotype; diseases=OMIM:612126;ORPHA:2131;ORPHA:98811,True,1,2,4,,OMIM:612126;ORPHA:2131;ORPHA:98811,2012-11-18,"[[""GENE:SLC2A1"", -1.0, 1.0]]"
SLC2A3,gene,SLC2A3,SLC2A3,cluster:SLC2A3,cognitive_impairment,induces,monogenic,A,1.0,0.895,HPO genes_to_phenotype; diseases=ORPHA:399,True,0,1,2,,ORPHA:399,,"[[""GENE:SLC2A3"", -1.0, 1.0]]"
SLC2A3,gene,SLC2A3,SLC2A3,cluster:SLC2A3,somnolence_or_hypersomnia,induces,monogenic,A,0.68,0.17,HPO genes_to_phenotype; diseases=ORPHA:399,True,0,1,1,,ORPHA:399,,"[[""GENE:SLC2A3"", -1.0, 1.0]]"
SLC2A3,gene,SLC2A3,SLC2A3,cluster:SLC2A3,insomnia,induces,monogenic,A,0.68,0.17,HPO genes_to_phenotype; diseases=ORPHA:399,True,0,1,1,,ORPHA:399,,"[[""GENE:SLC2A3"", -1.0, 1.0]]"
SLC2A3,gene,SLC2A3,SLC2A3,cluster:SLC2A3,psychosis,induces,monogenic,A,1.0,0.545,HPO genes_to_phenotype; diseases=ORPHA:399,True,0,1,2,,ORPHA:399,,"[[""GENE:SLC2A3"", -1.0, 1.0]]"
SLC2A3,gene,SLC2A3,SLC2A3,cluster:SLC2A3,irritability_or_aggression,induces,monogenic,A,1.0,0.545,HPO genes_to_phenotype; diseases=ORPHA:399,True,0,1,2,,ORPHA:399,,"[[""GENE:SLC2A3"", -1.0, 1.0]]"
SLC2A3,gene,SLC2A3,SLC2A3,cluster:SLC2A3,anxiety,induces,monogenic,A,1.0,0.545,HPO genes_to_phenotype; diseases=ORPHA:399,True,0,1,1,,ORPHA:399,,"[[""GENE:SLC2A3"", -1.0, 1.0]]"
SLC2A3,gene,SLC2A3,SLC2A3,cluster:SLC2A3,depressed_mood,induces,monogenic,A,1.0,0.545,HPO genes_to_phenotype; diseases=ORPHA:399,True,0,1,1,,ORPHA:399,,"[[""GENE:SLC2A3"", -1.0, 1.0]]"
SLC2A3,gene,SLC2A3,SLC2A3,cluster:SLC2A3,psychomotor_agitation,induces,monogenic,A,1.0,0.545,HPO genes_to_phenotype; diseases=ORPHA:399,True,0,1,1,,ORPHA:399,,"[[""GENE:SLC2A3"", -1.0, 1.0]]"
SLC3A1,gene,SLC3A1,SLC3A1,cluster:SLC3A1,fatigue,induces,monogenic,A,1.0,0.545,HPO genes_to_phenotype; diseases=ORPHA:163690,True,0,1,1,,ORPHA:163690,,"[[""GENE:SLC3A1"", -1.0, 1.0]]"
SLC4A1,gene,SLC4A1,SLC4A1,cluster:SLC4A1,fatigue,induces,monogenic,A,1.0,0.545,HPO genes_to_phenotype; diseases=ORPHA:3202;ORPHA:98868,True,0,2,2,,ORPHA:3202;ORPHA:98868,,"[[""GENE:SLC4A1"", -1.0, 1.0]]"
SLC6A3,gene,SLC6A3,SLC6A3,cluster:SLC6A3,irritability_or_aggression,induces,monogenic,A,1.0,0.545,HPO genes_to_phenotype; diseases=ORPHA:238455,True,0,1,1,,ORPHA:238455,,"[[""GENE:SLC6A3"", -1.0, 1.0]]"
SLC6A4,gene,SLC6A4,SLC6A4,cluster:SLC6A4,anxiety,induces,monogenic,A,1.0,,HPO genes_to_phenotype; diseases=OMIM:164230,True,1,0,1,,OMIM:164230,2005-04-15,"[[""GENE:SLC6A4"", -1.0, 1.0]]"
SLC6A4,gene,SLC6A4,SLC6A4,cluster:SLC6A4,depressed_mood,induces,monogenic,A,1.0,,HPO genes_to_phenotype; diseases=OMIM:164230,True,1,0,1,,OMIM:164230,2005-04-15,"[[""GENE:SLC6A4"", -1.0, 1.0]]"
SLC6A8,gene,SLC6A8,SLC6A8,cluster:SLC6A8,irritability_or_aggression,induces,monogenic,A,1.0,,HPO genes_to_phenotype; diseases=OMIM:300352,True,1,0,1,,OMIM:300352,2009-02-17,"[[""GENE:SLC6A8"", -1.0, 1.0]]"
SLC9A3,gene,SLC9A3,SLC9A3,cluster:GCLC,anxiety,induces,monogenic,A,0.68,0.17,HPO genes_to_phenotype; diseases=ORPHA:586,True,0,1,1,,ORPHA:586,,"[[""GENE:SLC9A3"", -1.0, 1.0]]"
SLC9A3,gene,SLC9A3,SLC9A3,cluster:GCLC,depressed_mood,induces,monogenic,A,0.68,0.17,HPO genes_to_phenotype; diseases=ORPHA:586,True,0,1,1,,ORPHA:586,,"[[""GENE:SLC9A3"", -1.0, 1.0]]"
SLC11A1,gene,SLC11A1,SLC11A1,cluster:GCLC,anxiety,induces,monogenic,A,0.68,0.17,HPO genes_to_phenotype; diseases=ORPHA:586,True,0,1,1,,ORPHA:586,,"[[""GENE:SLC11A1"", -1.0, 1.0]]"
SLC11A1,gene,SLC11A1,SLC11A1,cluster:GCLC,depressed_mood,induces,monogenic,A,0.68,0.17,HPO genes_to_phenotype; diseases=ORPHA:586,True,0,1,1,,ORPHA:586,,"[[""GENE:SLC11A1"", -1.0, 1.0]]"
SLC12A3,gene,SLC12A3,SLC12A3,cluster:SLC12A3,somnolence_or_hypersomnia,induces,monogenic,A,0.25,0.025,HPO genes_to_phenotype; diseases=ORPHA:358,True,0,1,1,,ORPHA:358,,"[[""GENE:SLC12A3"", -1.0, 1.0]]"
SLC12A3,gene,SLC12A3,SLC12A3,cluster:SLC12A3,insomnia,induces,monogenic,A,0.25,0.025,HPO genes_to_phenotype; diseases=ORPHA:358,True,0,1,1,,ORPHA:358,,"[[""GENE:SLC12A3"", -1.0, 1.0]]"
SLC12A3,gene,SLC12A3,SLC12A3,cluster:SLC12A3,fatigue,induces,monogenic,A,1.0,,HPO genes_to_phenotype; diseases=OMIM:263800,True,1,0,1,,OMIM:263800,2017-01-01,"[[""GENE:SLC12A3"", -1.0, 1.0]]"
SLC13A1,gene,SLC13A1,SLC13A1,cluster:SLC13A1,anxiety,induces,monogenic,A,1.0,1.0,HPO genes_to_phenotype; diseases=OMIM:621654,True,1,0,1,1.0,OMIM:621654,2024-12-26,"[[""GENE:SLC13A1"", -1.0, 1.0]]"
SLC13A1,gene,SLC13A1,SLC13A1,cluster:SLC13A1,cognitive_impairment,induces,monogenic,A,1.0,1.0,HPO genes_to_phenotype; diseases=OMIM:621654,True,1,0,1,1.0,OMIM:621654,2024-12-26,"[[""GENE:SLC13A1"", -1.0, 1.0]]"
SLC13A1,gene,SLC13A1,SLC13A1,cluster:SLC13A1,fatigue,induces,monogenic,A,1.0,1.0,HPO genes_to_phenotype; diseases=OMIM:621654,True,1,0,1,1.0,OMIM:621654,2022-10-03,"[[""GENE:SLC13A1"", -1.0, 1.0]]"
SLC16A2,gene,SLC16A2,SLC16A2,cluster:SLC16A2,irritability_or_aggression,induces,monogenic,A,1.0,,HPO genes_to_phenotype; diseases=OMIM:300523,True,1,0,1,,OMIM:300523,2018-03-07,"[[""GENE:SLC16A2"", -1.0, 1.0]]"
SLC18A2,gene,SLC18A2,SLC18A2,cluster:SLC18A2,cognitive_impairment,induces,monogenic,A,1.0,0.895,HPO genes_to_phenotype; diseases=ORPHA:352649,True,0,1,1,,ORPHA:352649,,"[[""GENE:SLC18A2"", -1.0, 1.0]]"
SLC18A2,gene,SLC18A2,SLC18A2,cluster:SLC18A2,fatigue,induces,monogenic,A,1.0,1.0,HPO genes_to_phenotype; diseases=OMIM:618049;ORPHA:352649,True,1,1,2,1.0,OMIM:618049;ORPHA:352649,2013-01-30,"[[""GENE:SLC18A2"", -1.0, 1.0]]"
SLC18A3,gene,SLC18A3,SLC18A3,cluster:NUP88,somnolence_or_hypersomnia,induces,monogenic,A,1.0,0.895,HPO genes_to_phenotype; diseases=ORPHA:994,True,0,1,1,,ORPHA:994,,"[[""GENE:SLC18A3"", -1.0, 1.0]]"
SLC18A3,gene,SLC18A3,SLC18A3,cluster:NUP88,fatigue,induces,monogenic,A,1.0,,HPO genes_to_phenotype; diseases=OMIM:617239,True,1,0,1,,OMIM:617239,2016-09-02,"[[""GENE:SLC18A3"", -1.0, 1.0]]"
SLC20A2,gene,SLC20A2,SLC20A2,cluster:CMPK2,cognitive_impairment,induces,monogenic,A,1.0,0.545,HPO genes_to_phenotype; diseases=OMIM:213600;ORPHA:1980,True,1,1,5,,OMIM:213600;ORPHA:1980,2009-02-17,"[[""GENE:SLC20A2"", -1.0, 1.0]]"
SLC20A2,gene,SLC20A2,SLC20A2,cluster:CMPK2,anxiety,induces,monogenic,A,1.0,0.545,HPO genes_to_phenotype; diseases=ORPHA:1980,True,0,1,1,,ORPHA:1980,,"[[""GENE:SLC20A2"", -1.0, 1.0]]"
SLC20A2,gene,SLC20A2,SLC20A2,cluster:CMPK2,depressed_mood,induces,monogenic,A,1.0,,HPO genes_to_phenotype; diseases=OMIM:213600,True,1,0,1,,OMIM:213600,2009-02-17,"[[""GENE:SLC20A2"", -1.0, 1.0]]"
SLC20A2,gene,SLC20A2,SLC20A2,cluster:CMPK2,psychosis,induces,monogenic,A,1.0,0.545,HPO genes_to_phenotype; diseases=OMIM:213600;ORPHA:1980,True,1,1,2,,OMIM:213600;ORPHA:1980,2009-02-17,"[[""GENE:SLC20A2"", -1.0, 1.0]]"
SLC25A1,gene,SLC25A1,SLC25A1,cluster:SLC25A1,irritability_or_aggression,induces,monogenic,A,1.0,,HPO genes_to_phenotype; diseases=OMIM:615182,True,1,0,1,,OMIM:615182,2013-05-03,"[[""GENE:SLC25A1"", -1.0, 1.0]]"
SLC22A4,gene,SLC22A4,SLC22A4,cluster:SLC22A4,fatigue,induces,monogenic,A,1.0,,HPO genes_to_phenotype; diseases=OMIM:180300,True,1,0,1,,OMIM:180300,1998-05-01,"[[""GENE:SLC22A4"", -1.0, 1.0]]"
SLC22A5,gene,SLC22A5,SLC22A5,cluster:SLC22A5,cognitive_impairment,induces,monogenic,A,1.0,0.895,HPO genes_to_phenotype; diseases=OMIM:212140;ORPHA:158,True,1,1,2,,OMIM:212140;ORPHA:158,2015-12-23,"[[""GENE:SLC22A5"", -1.0, 1.0]]"
SLC22A5,gene,SLC22A5,SLC22A5,cluster:SLC22A5,somnolence_or_hypersomnia,induces,monogenic,A,1.0,,HPO genes_to_phenotype; diseases=OMIM:212140,True,1,0,1,,OMIM:212140,2015-12-23,"[[""GENE:SLC22A5"", -1.0, 1.0]]"
SMPD1,gene,SMPD1,SMPD1,cluster:SMPD1,cognitive_impairment,induces,monogenic,A,1.0,0.545,HPO genes_to_phenotype; diseases=OMIM:607616;ORPHA:618891,True,1,1,3,15.0,OMIM:607616;ORPHA:618891,2012-06-30,"[[""GENE:SMPD1"", -1.0, 1.0]]"
SMPD1,gene,SMPD1,SMPD1,cluster:SMPD1,irritability_or_aggression,induces,monogenic,A,1.0,1.0,HPO genes_to_phenotype; diseases=OMIM:257200;ORPHA:77292,True,1,1,2,10.0,OMIM:257200;ORPHA:77292,2006-01-24,"[[""GENE:SMPD1"", -1.0, 1.0]]"
SMPD1,gene,SMPD1,SMPD1,cluster:SMPD1,depressed_mood,induces,monogenic,A,0.25,0.025,HPO genes_to_phenotype; diseases=ORPHA:77293,True,0,1,1,,ORPHA:77293,,"[[""GENE:SMPD1"", -1.0, 1.0]]"
SOD1,gene,SOD1,SOD1,cluster:DAO,cognitive_impairment,induces,monogenic,A,1.0,0.545,HPO genes_to_phenotype; diseases=ORPHA:803,True,0,1,2,,ORPHA:803,,"[[""GENE:SOD1"", -1.0, 1.0]]"
SOD1,gene,SOD1,SOD1,cluster:DAO,anxiety,induces,monogenic,A,1.0,0.545,HPO genes_to_phenotype; diseases=ORPHA:803,True,0,1,1,,ORPHA:803,,"[[""GENE:SOD1"", -1.0, 1.0]]"
SOD1,gene,SOD1,SOD1,cluster:DAO,depressed_mood,induces,monogenic,A,1.0,0.545,HPO genes_to_phenotype; diseases=ORPHA:803,True,0,1,1,,ORPHA:803,,"[[""GENE:SOD1"", -1.0, 1.0]]"
SOD1,gene,SOD1,SOD1,cluster:DAO,fatigue,induces,monogenic,A,1.0,0.545,HPO genes_to_phenotype; diseases=ORPHA:803,True,0,1,1,,ORPHA:803,,"[[""GENE:SOD1"", -1.0, 1.0]]"
SORD,gene,SORD,SORD,cluster:GNE,cognitive_impairment,induces,monogenic,A,0.68,0.17,HPO genes_to_phenotype; diseases=ORPHA:300605,True,0,1,1,,ORPHA:300605,,"[[""GENE:SORD"", -1.0, 1.0]]"
SPR,gene,SPR,SPR,cluster:SPR,cognitive_impairment,induces,monogenic,A,1.0,0.545,HPO genes_to_phenotype; diseases=ORPHA:70594,True,0,1,1,,ORPHA:70594,,"[[""GENE:SPR"", -1.0, 1.0]]"
SPR,gene,SPR,SPR,cluster:SPR,depressed_mood,induces,monogenic,A,1.0,0.5,HPO genes_to_phenotype; diseases=OMIM:612716,True,1,0,1,2.0,OMIM:612716,2001-07-06,"[[""GENE:SPR"", -1.0, 1.0]]"
SPR,gene,SPR,SPR,cluster:SPR,irritability_or_aggression,induces,monogenic,A,1.0,0.5,HPO genes_to_phenotype; diseases=OMIM:612716,True,1,0,1,2.0,OMIM:612716,2001-07-06,"[[""GENE:SPR"", -1.0, 1.0]]"
STAR,gene,STAR,STAR,cluster:ABCC9,fatigue,induces,monogenic,A,1.0,0.545,HPO genes_to_phenotype; diseases=ORPHA:361,True,0,1,1,,ORPHA:361,,"[[""GENE:STAR"", -1.0, 1.0]]"
SUOX,gene,SUOX,SUOX,cluster:SUOX,psychomotor_agitation,induces,monogenic,A,1.0,1.0,HPO genes_to_phenotype; diseases=OMIM:272300,True,1,0,1,1.0,OMIM:272300,2009-02-17,"[[""GENE:SUOX"", -1.0, 1.0]]"
ABCC8,gene,ABCC8,ABCC8,cluster:ABCC8,irritability_or_aggression,induces,monogenic,A,1.0,,HPO genes_to_phenotype; diseases=OMIM:240800,True,1,0,1,,OMIM:240800,2013-11-18,"[[""GENE:ABCC8"", -1.0, 1.0]]"
ABCC8,gene,ABCC8,ABCC8,cluster:ABCC8,psychomotor_agitation,induces,monogenic,A,1.0,0.545,HPO genes_to_phenotype; diseases=ORPHA:276575,True,0,1,1,,ORPHA:276575,,"[[""GENE:ABCC8"", -1.0, 1.0]]"
TDO2,gene,TDO2,TDO2,cluster:TDO2,depressed_mood,induces,monogenic,A,1.0,,HPO genes_to_phenotype; diseases=OMIM:600627,True,1,0,1,,OMIM:600627,2015-12-30,"[[""GENE:TDO2"", -1.0, 1.0]]"
TDO2,gene,TDO2,TDO2,cluster:TDO2,irritability_or_aggression,induces,monogenic,A,1.0,,HPO genes_to_phenotype; diseases=OMIM:600627,True,1,0,1,,OMIM:600627,2013-08-12,"[[""GENE:TDO2"", -1.0, 1.0]]"
TH,gene,TH,TH,cluster:TH,irritability_or_aggression,induces,monogenic,A,1.0,0.545,HPO genes_to_phenotype; diseases=ORPHA:101150,True,0,1,1,,ORPHA:101150,,"[[""GENE:TH"", -1.0, 1.0]]"
TK2,gene,TK2,TK2,cluster:MT-ATP8,cognitive_impairment,induces,monogenic,A,0.25,0.025,HPO genes_to_phenotype; diseases=ORPHA:254886,True,0,1,1,,ORPHA:254886,,"[[""GENE:TK2"", -1.0, 1.0]]"
TK2,gene,TK2,TK2,cluster:MT-ATP8,irritability_or_aggression,induces,monogenic,A,1.0,,HPO genes_to_phenotype; diseases=OMIM:609560,True,1,0,1,,OMIM:609560,2009-02-17,"[[""GENE:TK2"", -1.0, 1.0]]"
TK2,gene,TK2,TK2,cluster:MT-ATP8,depressed_mood,induces,monogenic,A,0.68,0.17,HPO genes_to_phenotype; diseases=ORPHA:254886,True,0,1,1,,ORPHA:254886,,"[[""GENE:TK2"", -1.0, 1.0]]"
UBA1,gene,UBA1,UBA1,cluster:UBA1,cognitive_impairment,induces,monogenic,A,0.25,0.025,HPO genes_to_phenotype; diseases=ORPHA:1145,True,0,1,1,,ORPHA:1145,,"[[""GENE:UBA1"", -1.0, 1.0]]"
UBA1,gene,UBA1,UBA1,cluster:UBA1,fatigue,induces,monogenic,A,1.0,,HPO genes_to_phenotype; diseases=OMIM:301054,True,1,0,1,,OMIM:301054,2020-10-27,"[[""GENE:UBA1"", -1.0, 1.0]]"
UBE2A,gene,UBE2A,UBE2A,cluster:UBE2A,irritability_or_aggression,induces,monogenic,A,1.0,0.545,HPO genes_to_phenotype; diseases=OMIM:300860;ORPHA:163956,True,1,1,2,5.0,OMIM:300860;ORPHA:163956,2010-04-19,"[[""GENE:UBE2A"", -1.0, 1.0]]"
UBE2L3,gene,UBE2L3,UBE2L3,cluster:TREX1,depressed_mood,induces,monogenic,A,0.68,0.17,HPO genes_to_phenotype; diseases=ORPHA:536,True,0,1,1,,ORPHA:536,,"[[""GENE:UBE2L3"", -1.0, 1.0]]"
UBE2L3,gene,UBE2L3,UBE2L3,cluster:TREX1,fatigue,induces,monogenic,A,1.0,0.895,HPO genes_to_phenotype; diseases=ORPHA:536,True,0,1,1,,ORPHA:536,,"[[""GENE:UBE2L3"", -1.0, 1.0]]"
UBE3A,gene,UBE3A,UBE3A,cluster:ATP10A,cognitive_impairment,induces,monogenic,A,1.0,0.545,HPO genes_to_phenotype; diseases=ORPHA:411515;ORPHA:98794,True,0,2,2,,ORPHA:411515;ORPHA:98794,,"[[""GENE:UBE3A"", -1.0, 1.0]]"
UCP2,gene,UCP2,UCP2,cluster:UCP2,psychomotor_agitation,induces,monogenic,A,1.0,0.545,HPO genes_to_phenotype; diseases=ORPHA:276556,True,0,1,1,,ORPHA:276556,,"[[""GENE:UCP2"", -1.0, 1.0]]"
UQCRC1,gene,UQCRC1,UQCRC1,cluster:UQCRC1,anxiety,induces,monogenic,A,1.0,1.0,HPO genes_to_phenotype; diseases=OMIM:619279,True,1,0,1,5.0,OMIM:619279,2020-12-05,"[[""GENE:UQCRC1"", -1.0, 1.0]]"
UQCRC1,gene,UQCRC1,UQCRC1,cluster:UQCRC1,depressed_mood,induces,monogenic,A,1.0,0.4,HPO genes_to_phenotype; diseases=OMIM:619279,True,1,0,1,5.0,OMIM:619279,2020-12-05,"[[""GENE:UQCRC1"", -1.0, 1.0]]"
UQCRH,gene,UQCRH,UQCRH,cluster:UQCRH,cognitive_impairment,induces,monogenic,A,1.0,1.0,HPO genes_to_phenotype; diseases=OMIM:620137,True,1,0,1,2.0,OMIM:620137,2021-11-08,"[[""GENE:UQCRH"", -1.0, 1.0]]"
NSD2,gene,NSD2,NSD2,cluster:NSD2,anxiety,induces,monogenic,A,1.0,1.0,HPO genes_to_phenotype; diseases=OMIM:619695,True,1,0,1,1.0,OMIM:619695,2018-10-22,"[[""GENE:NSD2"", -1.0, 1.0]]"
NSD2,gene,NSD2,NSD2,cluster:NSD2,irritability_or_aggression,induces,monogenic,A,1.0,1.0,HPO genes_to_phenotype; diseases=OMIM:619695,True,1,0,1,1.0,OMIM:619695,2018-10-22,"[[""GENE:NSD2"", -1.0, 1.0]]"
MKRN3,gene,MKRN3,MKRN3,cluster:HERC2,somnolence_or_hypersomnia,induces,monogenic,A,1.0,0.6666666666666666,HPO genes_to_phenotype; diseases=OMIM:176270,True,1,0,1,12.0,OMIM:176270,2012-05-14,"[[""GENE:MKRN3"", -1.0, 1.0]]"
MKRN3,gene,MKRN3,MKRN3,cluster:HERC2,psychosis,induces,monogenic,A,0.782608695652174,0.1956521739130435,HPO genes_to_phenotype; diseases=OMIM:176270,True,1,0,1,92.0,OMIM:176270,2010-10-08,"[[""GENE:MKRN3"", -1.0, 1.0]]"
BRPF1,gene,BRPF1,BRPF1,cluster:BRPF1,cognitive_impairment,induces,monogenic,A,1.0,0.895,HPO genes_to_phenotype; diseases=ORPHA:1620,True,0,1,1,,ORPHA:1620,,"[[""GENE:BRPF1"", -1.0, 1.0]]"
USP7,gene,USP7,USP7,cluster:USP7,irritability_or_aggression,induces,monogenic,A,1.0,0.7142857142857143,HPO genes_to_phenotype; diseases=OMIM:616863;ORPHA:500055,True,1,1,2,7.0,OMIM:616863;ORPHA:500055,2015-09-10,"[[""GENE:USP7"", -1.0, 1.0]]"
ALDH5A1,gene,ALDH5A1,ALDH5A1,cluster:ALDH5A1,psychosis,induces,monogenic,A,1.0,,HPO genes_to_phenotype; diseases=OMIM:271980,True,1,0,2,,OMIM:271980,2009-02-17,"[[""GENE:ALDH5A1"", -1.0, 1.0]]"
ALDH5A1,gene,ALDH5A1,ALDH5A1,cluster:ALDH5A1,anxiety,induces,monogenic,A,1.0,,HPO genes_to_phenotype; diseases=OMIM:271980,True,1,0,1,,OMIM:271980,2009-02-17,"[[""GENE:ALDH5A1"", -1.0, 1.0]]"
ALDH5A1,gene,ALDH5A1,ALDH5A1,cluster:ALDH5A1,irritability_or_aggression,induces,monogenic,A,1.0,,HPO genes_to_phenotype; diseases=OMIM:271980,True,1,0,1,,OMIM:271980,2009-02-17,"[[""GENE:ALDH5A1"", -1.0, 1.0]]"
KAT6A,gene,KAT6A,KAT6A,cluster:KAT6A,insomnia,induces,monogenic,A,1.0,0.25,HPO genes_to_phenotype; diseases=OMIM:616268,True,1,0,1,4.0,OMIM:616268,2015-02-26,"[[""GENE:KAT6A"", -1.0, 1.0]]"
CUBN,gene,CUBN,CUBN,cluster:CUBN,cognitive_impairment,induces,monogenic,A,1.0,,HPO genes_to_phenotype; diseases=OMIM:261100,True,1,0,2,,OMIM:261100,2009-02-17,"[[""GENE:CUBN"", -1.0, 1.0]]"
USP9X,gene,USP9X,USP9X,cluster:USP9X,irritability_or_aggression,induces,monogenic,A,0.8,0.2,HPO genes_to_phenotype; diseases=OMIM:300919,True,1,0,1,5.0,OMIM:300919,2014-03-06,"[[""GENE:USP9X"", -1.0, 1.0]]"
NAA10,gene,NAA10,NAA10,cluster:NAA10,somnolence_or_hypersomnia,induces,monogenic,A,1.0,0.545,HPO genes_to_phenotype; diseases=ORPHA:276432,True,0,1,1,,ORPHA:276432,,"[[""GENE:NAA10"", -1.0, 1.0]]"
NAA10,gene,NAA10,NAA10,cluster:NAA10,irritability_or_aggression,induces,monogenic,A,1.0,0.25,HPO genes_to_phenotype; diseases=OMIM:300855;OMIM:309800,True,2,0,2,8.0,OMIM:300855;OMIM:309800,2011-06-23,"[[""GENE:NAA10"", -1.0, 1.0]]"
PLA2G6,gene,PLA2G6,PLA2G6,cluster:PLA2G6,cognitive_impairment,induces,monogenic,A,1.0,1.0,HPO genes_to_phenotype; diseases=OMIM:610217;OMIM:612953;ORPHA:199351;ORPHA:35069,True,2,2,7,2.0,OMIM:610217;OMIM:612953;ORPHA:199351;ORPHA:35069,2009-01-01,"[[""GENE:PLA2G6"", -1.0, 1.0]]"
PLA2G6,gene,PLA2G6,PLA2G6,cluster:PLA2G6,psychosis,induces,monogenic,A,0.68,0.17,HPO genes_to_phenotype; diseases=ORPHA:199351,True,0,1,1,,ORPHA:199351,,"[[""GENE:PLA2G6"", -1.0, 1.0]]"
PLA2G6,gene,PLA2G6,PLA2G6,cluster:PLA2G6,depressed_mood,induces,monogenic,A,1.0,0.5,HPO genes_to_phenotype; diseases=OMIM:612953;ORPHA:199351,True,1,1,2,2.0,OMIM:612953;ORPHA:199351,2009-01-01,"[[""GENE:PLA2G6"", -1.0, 1.0]]"
PLA2G6,gene,PLA2G6,PLA2G6,cluster:PLA2G6,irritability_or_aggression,induces,monogenic,A,1.0,0.5,HPO genes_to_phenotype; diseases=OMIM:612953,True,1,0,1,2.0,OMIM:612953,2009-01-01,"[[""GENE:PLA2G6"", -1.0, 1.0]]"
SLC25A11,gene,SLC25A11,SLC25A11,cluster:ABCC9,anxiety,induces,monogenic,A,1.0,0.545,HPO genes_to_phenotype; diseases=ORPHA:29072,True,0,1,2,,ORPHA:29072,,"[[""GENE:SLC25A11"", -1.0, 1.0]]"
SLC25A11,gene,SLC25A11,SLC25A11,cluster:ABCC9,fatigue,induces,monogenic,A,1.0,0.545,HPO genes_to_phenotype; diseases=ORPHA:29072,True,0,1,1,,ORPHA:29072,,"[[""GENE:SLC25A11"", -1.0, 1.0]]"
FKBP6,gene,FKBP6,FKBP6,cluster:FKBP6,insomnia,induces,monogenic,A,1.0,0.545,HPO genes_to_phenotype; diseases=ORPHA:904,True,0,1,1,,ORPHA:904,,"[[""GENE:FKBP6"", -1.0, 1.0]]"
FKBP6,gene,FKBP6,FKBP6,cluster:FKBP6,anxiety,induces,monogenic,A,1.0,0.895,HPO genes_to_phenotype; diseases=ORPHA:904,True,0,1,1,,ORPHA:904,,"[[""GENE:FKBP6"", -1.0, 1.0]]"
FKBP6,gene,FKBP6,FKBP6,cluster:FKBP6,depressed_mood,induces,monogenic,A,1.0,0.895,HPO genes_to_phenotype; diseases=ORPHA:904,True,0,1,1,,ORPHA:904,,"[[""GENE:FKBP6"", -1.0, 1.0]]"
ABCB11,gene,ABCB11,ABCB11,cluster:ABCB11,insomnia,induces,monogenic,A,1.0,0.545,HPO genes_to_phenotype; diseases=ORPHA:69665,True,0,1,1,,ORPHA:69665,,"[[""GENE:ABCB11"", -1.0, 1.0]]"
ABCB11,gene,ABCB11,ABCB11,cluster:ABCB11,depressed_mood,induces,monogenic,A,0.68,0.17,HPO genes_to_phenotype; diseases=ORPHA:69665,True,0,1,1,,ORPHA:69665,,"[[""GENE:ABCB11"", -1.0, 1.0]]"
ALDH4A1,gene,ALDH4A1,ALDH4A1,cluster:ALDH4A1,cognitive_impairment,induces,monogenic,A,0.68,0.17,HPO genes_to_phenotype; diseases=ORPHA:79101,True,0,1,2,,ORPHA:79101,,"[[""GENE:ALDH4A1"", -1.0, 1.0]]"
ALDH4A1,gene,ALDH4A1,ALDH4A1,cluster:ALDH4A1,psychosis,induces,monogenic,A,0.68,0.17,HPO genes_to_phenotype; diseases=ORPHA:79101,True,0,1,1,,ORPHA:79101,,"[[""GENE:ALDH4A1"", -1.0, 1.0]]"
ALDH4A1,gene,ALDH4A1,ALDH4A1,cluster:ALDH4A1,anxiety,induces,monogenic,A,0.68,0.17,HPO genes_to_phenotype; diseases=ORPHA:79101,True,0,1,1,,ORPHA:79101,,"[[""GENE:ALDH4A1"", -1.0, 1.0]]"
ALDH4A1,gene,ALDH4A1,ALDH4A1,cluster:ALDH4A1,depressed_mood,induces,monogenic,A,0.68,0.17,HPO genes_to_phenotype; diseases=ORPHA:79101,True,0,1,1,,ORPHA:79101,,"[[""GENE:ALDH4A1"", -1.0, 1.0]]"
ALDH4A1,gene,ALDH4A1,ALDH4A1,cluster:ALDH4A1,irritability_or_aggression,induces,monogenic,A,0.68,0.17,HPO genes_to_phenotype; diseases=ORPHA:79101,True,0,1,1,,ORPHA:79101,,"[[""GENE:ALDH4A1"", -1.0, 1.0]]"
ALDH4A1,gene,ALDH4A1,ALDH4A1,cluster:ALDH4A1,fatigue,induces,monogenic,A,1.0,0.545,HPO genes_to_phenotype; diseases=ORPHA:79101,True,0,1,1,,ORPHA:79101,,"[[""GENE:ALDH4A1"", -1.0, 1.0]]"
CTSF,gene,CTSF,CTSF,cluster:CTSF,cognitive_impairment,induces,monogenic,A,1.0,1.0,HPO genes_to_phenotype; diseases=OMIM:615362,True,1,0,3,12.0,OMIM:615362,2013-01-07,"[[""GENE:CTSF"", -1.0, 1.0]]"
CTSF,gene,CTSF,CTSF,cluster:CTSF,depressed_mood,induces,monogenic,A,1.0,0.25,HPO genes_to_phenotype; diseases=OMIM:615362,True,1,0,1,4.0,OMIM:615362,2013-01-07,"[[""GENE:CTSF"", -1.0, 1.0]]"
FBP2,gene,FBP2,FBP2,cluster:FBP2,irritability_or_aggression,induces,monogenic,A,1.0,1.0,HPO genes_to_phenotype; diseases=OMIM:619864,True,1,0,1,3.0,OMIM:619864,2021-03-11,"[[""GENE:FBP2"", -1.0, 1.0]]"
SUCLG1,gene,SUCLG1,SUCLG1,cluster:SUCLG1,cognitive_impairment,induces,monogenic,A,0.68,0.17,HPO genes_to_phenotype; diseases=ORPHA:17,True,0,1,1,,ORPHA:17,,"[[""GENE:SUCLG1"", -1.0, 1.0]]"
SUCLG1,gene,SUCLG1,SUCLG1,cluster:SUCLG1,irritability_or_aggression,induces,monogenic,A,0.68,0.17,HPO genes_to_phenotype; diseases=ORPHA:17,True,0,1,1,,ORPHA:17,,"[[""GENE:SUCLG1"", -1.0, 1.0]]"
SUCLA2,gene,SUCLA2,SUCLA2,cluster:SUCLA2,irritability_or_aggression,induces,monogenic,A,1.0,0.5,HPO genes_to_phenotype; diseases=OMIM:612073,True,1,0,1,2.0,OMIM:612073,2005-04-22,"[[""GENE:SUCLA2"", -1.0, 1.0]]"
SYNJ1,gene,SYNJ1,SYNJ1,cluster:AARS1,anxiety,induces,monogenic,A,0.68,0.17,HPO genes_to_phenotype; diseases=ORPHA:2828,True,0,1,2,,ORPHA:2828,,"[[""GENE:SYNJ1"", -1.0, 1.0]]"
SYNJ1,gene,SYNJ1,SYNJ1,cluster:AARS1,cognitive_impairment,induces,monogenic,A,1.0,0.5,HPO genes_to_phenotype; diseases=OMIM:615530;ORPHA:2828;ORPHA:442835,True,1,2,6,2.0,OMIM:615530;ORPHA:2828;ORPHA:442835,2013-08-06,"[[""GENE:SYNJ1"", -1.0, 1.0]]"
SYNJ1,gene,SYNJ1,SYNJ1,cluster:AARS1,insomnia,induces,monogenic,A,0.68,0.17,HPO genes_to_phenotype; diseases=ORPHA:2828,True,0,1,1,,ORPHA:2828,,"[[""GENE:SYNJ1"", -1.0, 1.0]]"
SYNJ1,gene,SYNJ1,SYNJ1,cluster:AARS1,psychosis,induces,monogenic,A,1.0,0.545,HPO genes_to_phenotype; diseases=ORPHA:2828,True,0,1,1,,ORPHA:2828,,"[[""GENE:SYNJ1"", -1.0, 1.0]]"
SYNJ1,gene,SYNJ1,SYNJ1,cluster:AARS1,depressed_mood,induces,monogenic,A,1.0,0.545,HPO genes_to_phenotype; diseases=ORPHA:2828,True,0,1,1,,ORPHA:2828,,"[[""GENE:SYNJ1"", -1.0, 1.0]]"
SYNJ1,gene,SYNJ1,SYNJ1,cluster:AARS1,psychomotor_agitation,induces,monogenic,A,0.25,0.025,HPO genes_to_phenotype; diseases=ORPHA:2828,True,0,1,1,,ORPHA:2828,,"[[""GENE:SYNJ1"", -1.0, 1.0]]"
SYNJ1,gene,SYNJ1,SYNJ1,cluster:AARS1,fatigue,induces,monogenic,A,1.0,0.545,HPO genes_to_phenotype; diseases=OMIM:615530;ORPHA:391411,True,1,1,2,2.0,OMIM:615530;ORPHA:391411,2013-08-06,"[[""GENE:SYNJ1"", -1.0, 1.0]]"
ST3GAL5,gene,ST3GAL5,ST3GAL5,cluster:ST3GAL5,irritability_or_aggression,induces,monogenic,A,1.0,1.0,HPO genes_to_phenotype; diseases=OMIM:609056,True,1,0,1,8.0,OMIM:609056,2004-10-24,"[[""GENE:ST3GAL5"", -1.0, 1.0]]"
SGPL1,gene,SGPL1,SGPL1,cluster:SGPL1,cognitive_impairment,induces,monogenic,A,1.0,,HPO genes_to_phenotype; diseases=OMIM:617575,True,1,0,1,,OMIM:617575,2018-10-08,"[[""GENE:SGPL1"", -1.0, 1.0]]"
HERC2,gene,HERC2,HERC2,cluster:HERC2,somnolence_or_hypersomnia,induces,monogenic,A,1.0,0.6666666666666666,HPO genes_to_phenotype; diseases=OMIM:176270,True,1,0,1,12.0,OMIM:176270,2012-05-14,"[[""GENE:HERC2"", -1.0, 1.0]]"
HERC2,gene,HERC2,HERC2,cluster:HERC2,cognitive_impairment,induces,monogenic,A,1.0,,HPO genes_to_phenotype; diseases=OMIM:615516,True,1,0,1,,OMIM:615516,2018-10-08,"[[""GENE:HERC2"", -1.0, 1.0]]"
HERC2,gene,HERC2,HERC2,cluster:HERC2,irritability_or_aggression,induces,monogenic,A,1.0,,HPO genes_to_phenotype; diseases=OMIM:615516,True,1,0,1,,OMIM:615516,2012-12-01,"[[""GENE:HERC2"", -1.0, 1.0]]"
HERC2,gene,HERC2,HERC2,cluster:HERC2,psychosis,induces,monogenic,A,0.782608695652174,0.1956521739130435,HPO genes_to_phenotype; diseases=OMIM:176270,True,1,0,1,92.0,OMIM:176270,2010-10-08,"[[""GENE:HERC2"", -1.0, 1.0]]"
P4HA2,gene,P4HA2,P4HA2,cluster:P4HA2,psychosis,induces,monogenic,A,0.68,0.17,HPO genes_to_phenotype; diseases=ORPHA:397,True,0,1,1,,ORPHA:397,,"[[""GENE:P4HA2"", -1.0, 1.0]]"
P4HA2,gene,P4HA2,P4HA2,cluster:P4HA2,depressed_mood,induces,monogenic,A,1.0,0.545,HPO genes_to_phenotype; diseases=ORPHA:397,True,0,1,1,,ORPHA:397,,"[[""GENE:P4HA2"", -1.0, 1.0]]"
P4HA2,gene,P4HA2,P4HA2,cluster:P4HA2,fatigue,induces,monogenic,A,1.0,0.895,HPO genes_to_phenotype; diseases=ORPHA:397,True,0,1,1,,ORPHA:397,,"[[""GENE:P4HA2"", -1.0, 1.0]]"
SLC7A7,gene,SLC7A7,SLC7A7,cluster:SLC7A7,cognitive_impairment,induces,monogenic,A,1.0,0.545,HPO genes_to_phenotype; diseases=ORPHA:470,True,0,1,1,,ORPHA:470,,"[[""GENE:SLC7A7"", -1.0, 1.0]]"
USP8,gene,USP8,USP8,cluster:USP48,anxiety,induces,monogenic,A,0.25,0.025,HPO genes_to_phenotype; diseases=ORPHA:96253,True,0,1,1,,ORPHA:96253,,"[[""GENE:USP8"", -1.0, 1.0]]"
USP8,gene,USP8,USP8,cluster:USP48,cognitive_impairment,induces,monogenic,A,0.68,0.17,HPO genes_to_phenotype; diseases=ORPHA:96253,True,0,1,2,,ORPHA:96253,,"[[""GENE:USP8"", -1.0, 1.0]]"
USP8,gene,USP8,USP8,cluster:USP48,depressed_mood,induces,monogenic,A,0.68,0.17,HPO genes_to_phenotype; diseases=ORPHA:96253,True,0,1,1,,ORPHA:96253,,"[[""GENE:USP8"", -1.0, 1.0]]"
USP8,gene,USP8,USP8,cluster:USP48,psychosis,induces,monogenic,A,0.25,0.025,HPO genes_to_phenotype; diseases=ORPHA:96253,True,0,1,1,,ORPHA:96253,,"[[""GENE:USP8"", -1.0, 1.0]]"
HACD1,gene,HACD1,HACD1,cluster:HACD1,fatigue,induces,monogenic,A,1.0,0.545,HPO genes_to_phenotype; diseases=ORPHA:2020,True,0,1,1,,ORPHA:2020,,"[[""GENE:HACD1"", -1.0, 1.0]]"
XPR1,gene,XPR1,XPR1,cluster:CMPK2,cognitive_impairment,induces,monogenic,A,1.0,0.545,HPO genes_to_phenotype; diseases=OMIM:213600;OMIM:616413;ORPHA:1980,True,2,1,8,,OMIM:213600;OMIM:616413;ORPHA:1980,2009-02-17,"[[""GENE:XPR1"", -1.0, 1.0]]"
XPR1,gene,XPR1,XPR1,cluster:CMPK2,anxiety,induces,monogenic,A,1.0,0.545,HPO genes_to_phenotype; diseases=ORPHA:1980,True,0,1,1,,ORPHA:1980,,"[[""GENE:XPR1"", -1.0, 1.0]]"
XPR1,gene,XPR1,XPR1,cluster:CMPK2,depressed_mood,induces,monogenic,A,1.0,,HPO genes_to_phenotype; diseases=OMIM:213600;OMIM:616413,True,2,0,2,,OMIM:213600;OMIM:616413,2009-02-17,"[[""GENE:XPR1"", -1.0, 1.0]]"
XPR1,gene,XPR1,XPR1,cluster:CMPK2,psychosis,induces,monogenic,A,1.0,0.545,HPO genes_to_phenotype; diseases=OMIM:213600;ORPHA:1980,True,1,1,2,,OMIM:213600;ORPHA:1980,2009-02-17,"[[""GENE:XPR1"", -1.0, 1.0]]"
VAPB,gene,VAPB,VAPB,cluster:DAO,cognitive_impairment,induces,monogenic,A,1.0,0.545,HPO genes_to_phenotype; diseases=OMIM:608627;ORPHA:803,True,1,1,3,16.0,OMIM:608627;ORPHA:803,2004-09-15,"[[""GENE:VAPB"", -1.0, 1.0]]"
VAPB,gene,VAPB,VAPB,cluster:DAO,anxiety,induces,monogenic,A,1.0,0.545,HPO genes_to_phenotype; diseases=ORPHA:803,True,0,1,1,,ORPHA:803,,"[[""GENE:VAPB"", -1.0, 1.0]]"
VAPB,gene,VAPB,VAPB,cluster:DAO,depressed_mood,induces,monogenic,A,1.0,0.545,HPO genes_to_phenotype; diseases=ORPHA:803,True,0,1,1,,ORPHA:803,,"[[""GENE:VAPB"", -1.0, 1.0]]"
VAPB,gene,VAPB,VAPB,cluster:DAO,fatigue,induces,monogenic,A,1.0,0.545,HPO genes_to_phenotype; diseases=ORPHA:209335;ORPHA:803,True,0,2,2,,ORPHA:209335;ORPHA:803,,"[[""GENE:VAPB"", -1.0, 1.0]]"
TRIP12,gene,TRIP12,TRIP12,cluster:TRIP12,anxiety,induces,monogenic,A,0.4444444444444444,0.1111111111111111,HPO genes_to_phenotype; diseases=OMIM:617752,True,1,0,1,9.0,OMIM:617752,2017-03-01,"[[""GENE:TRIP12"", -1.0, 1.0]]"
TRIP12,gene,TRIP12,TRIP12,cluster:TRIP12,irritability_or_aggression,induces,monogenic,A,1.0,0.3333333333333333,HPO genes_to_phenotype; diseases=OMIM:617752,True,1,0,1,9.0,OMIM:617752,2017-03-01,"[[""GENE:TRIP12"", -1.0, 1.0]]"
UBE4A,gene,UBE4A,UBE4A,cluster:UBE4A,irritability_or_aggression,induces,monogenic,A,1.0,0.3333333333333333,HPO genes_to_phenotype; diseases=OMIM:619639,True,1,0,1,6.0,OMIM:619639,2021-01-08,"[[""GENE:UBE4A"", -1.0, 1.0]]"
KL,gene,KL,KL,cluster:KL,fatigue,induces,monogenic,A,1.0,1.0,HPO genes_to_phenotype; diseases=OMIM:617994,True,1,0,1,1.0,OMIM:617994,2007-09-01,"[[""GENE:KL"", -1.0, 1.0]]"
HS6ST1,gene,HS6ST1,HS6ST1,cluster:HS6ST1,anxiety,induces,monogenic,A,1.0,0.545,HPO genes_to_phenotype; diseases=ORPHA:432,True,0,1,1,,ORPHA:432,,"[[""GENE:HS6ST1"", -1.0, 1.0]]"
HS6ST1,gene,HS6ST1,HS6ST1,cluster:HS6ST1,depressed_mood,induces,monogenic,A,1.0,0.545,HPO genes_to_phenotype; diseases=ORPHA:432,True,0,1,1,,ORPHA:432,,"[[""GENE:HS6ST1"", -1.0, 1.0]]"
CYP7B1,gene,CYP7B1,CYP7B1,cluster:CYP7B1,cognitive_impairment,induces,monogenic,A,0.68,0.17,HPO genes_to_phenotype; diseases=OMIM:270800,True,1,0,1,,OMIM:270800,2017-07-13,"[[""GENE:CYP7B1"", -1.0, 1.0]]"
PIGL,gene,PIGL,PIGL,cluster:PIGL,irritability_or_aggression,induces,monogenic,A,1.0,,HPO genes_to_phenotype; diseases=OMIM:280000,True,1,0,1,,OMIM:280000,2009-02-17,"[[""GENE:PIGL"", -1.0, 1.0]]"
SPTLC2,gene,SPTLC2,SPTLC2,cluster:GNE,cognitive_impairment,induces,monogenic,A,0.68,0.17,HPO genes_to_phenotype; diseases=ORPHA:300605,True,0,1,1,,ORPHA:300605,,"[[""GENE:SPTLC2"", -1.0, 1.0]]"
NUP155,gene,NUP155,NUP155,cluster:ABCC9,fatigue,induces,monogenic,A,1.0,0.545,HPO genes_to_phenotype; diseases=ORPHA:334,True,0,1,1,,ORPHA:334,,"[[""GENE:NUP155"", -1.0, 1.0]]"
NUP93,gene,NUP93,NUP93,cluster:NUP107,irritability_or_aggression,induces,monogenic,A,0.68,0.17,HPO genes_to_phenotype; diseases=ORPHA:656,True,0,1,1,,ORPHA:656,,"[[""GENE:NUP93"", -1.0, 1.0]]"
UBE3C,gene,UBE3C,UBE3C,cluster:UBE3C,irritability_or_aggression,induces,monogenic,A,1.0,1.0,HPO genes_to_phenotype; diseases=OMIM:620270,True,1,0,1,3.0,OMIM:620270,2022-11-19,"[[""GENE:UBE3C"", -1.0, 1.0]]"
SETD1A,gene,SETD1A,SETD1A,cluster:SETD1A,anxiety,induces,monogenic,A,1.0,0.2857142857142857,HPO genes_to_phenotype; diseases=OMIM:619056,True,1,0,1,14.0,OMIM:619056,2020-04-28,"[[""GENE:SETD1A"", -1.0, 1.0]]"
SETD1A,gene,SETD1A,SETD1A,cluster:SETD1A,cognitive_impairment,induces,monogenic,A,1.0,0.35714285714285715,HPO genes_to_phenotype; diseases=OMIM:619056,True,1,0,1,14.0,OMIM:619056,2020-04-28,"[[""GENE:SETD1A"", -1.0, 1.0]]"
SETD1A,gene,SETD1A,SETD1A,cluster:SETD1A,irritability_or_aggression,induces,monogenic,A,1.0,0.35714285714285715,HPO genes_to_phenotype; diseases=OMIM:619056,True,1,0,1,14.0,OMIM:619056,2020-04-28,"[[""GENE:SETD1A"", -1.0, 1.0]]"
KMT2B,gene,KMT2B,KMT2B,cluster:KMT2B,cognitive_impairment,induces,monogenic,A,0.68,0.17,HPO genes_to_phenotype; diseases=OMIM:617284,True,1,0,1,,OMIM:617284,2017-07-13,"[[""GENE:KMT2B"", -1.0, 1.0]]"
KMT2B,gene,KMT2B,KMT2B,cluster:KMT2B,anxiety,induces,monogenic,A,0.68,0.17,HPO genes_to_phenotype; diseases=ORPHA:589618,True,0,1,1,,ORPHA:589618,,"[[""GENE:KMT2B"", -1.0, 1.0]]"
KMT2B,gene,KMT2B,KMT2B,cluster:KMT2B,depressed_mood,induces,monogenic,A,0.68,0.17,HPO genes_to_phenotype; diseases=ORPHA:589618,True,0,1,1,,ORPHA:589618,,"[[""GENE:KMT2B"", -1.0, 1.0]]"
FIG4,gene,FIG4,FIG4,cluster:DAO,psychosis,induces,monogenic,A,1.0,1.0,HPO genes_to_phenotype; diseases=OMIM:612691;ORPHA:208441,True,1,1,3,6.0,OMIM:612691;ORPHA:208441,2014-03-05,"[[""GENE:FIG4"", -1.0, 1.0]]"
FIG4,gene,FIG4,FIG4,cluster:DAO,cognitive_impairment,induces,monogenic,A,1.0,0.545,HPO genes_to_phenotype; diseases=OMIM:612691;ORPHA:208441;ORPHA:803,True,1,2,4,6.0,OMIM:612691;ORPHA:208441;ORPHA:803,2014-03-05,"[[""GENE:FIG4"", -1.0, 1.0]]"
FIG4,gene,FIG4,FIG4,cluster:DAO,irritability_or_aggression,induces,monogenic,A,1.0,0.5,HPO genes_to_phenotype; diseases=OMIM:216340;OMIM:612691;ORPHA:208441,True,2,1,3,8.0,OMIM:216340;OMIM:612691;ORPHA:208441,2010-10-14,"[[""GENE:FIG4"", -1.0, 1.0]]"
FIG4,gene,FIG4,FIG4,cluster:DAO,anxiety,induces,monogenic,A,1.0,0.545,HPO genes_to_phenotype; diseases=ORPHA:803,True,0,1,1,,ORPHA:803,,"[[""GENE:FIG4"", -1.0, 1.0]]"
FIG4,gene,FIG4,FIG4,cluster:DAO,depressed_mood,induces,monogenic,A,1.0,0.545,HPO genes_to_phenotype; diseases=ORPHA:803,True,0,1,1,,ORPHA:803,,"[[""GENE:FIG4"", -1.0, 1.0]]"
FIG4,gene,FIG4,FIG4,cluster:DAO,fatigue,induces,monogenic,A,1.0,0.545,HPO genes_to_phenotype; diseases=ORPHA:803,True,0,1,1,,ORPHA:803,,"[[""GENE:FIG4"", -1.0, 1.0]]"
SLC12A6,gene,SLC12A6,SLC12A6,cluster:SLC12A6,psychosis,induces,monogenic,A,1.0,,HPO genes_to_phenotype; diseases=OMIM:218000,True,1,0,1,,OMIM:218000,2013-01-22,"[[""GENE:SLC12A6"", -1.0, 1.0]]"
GNE,gene,GNE,GNE,cluster:GNE,cognitive_impairment,induces,monogenic,A,1.0,0.895,HPO genes_to_phenotype; diseases=ORPHA:300605;ORPHA:3166,True,0,2,2,,ORPHA:300605;ORPHA:3166,,"[[""GENE:GNE"", -1.0, 1.0]]"
DNM1L,gene,DNM1L,DNM1L,cluster:DNM1L,cognitive_impairment,induces,monogenic,A,0.25,0.025,HPO genes_to_phenotype; diseases=OMIM:614388;ORPHA:98673,True,1,1,3,1.0,OMIM:614388;ORPHA:98673,2016-05-04,"[[""GENE:DNM1L"", -1.0, 1.0]]"
DNM1L,gene,DNM1L,DNM1L,cluster:DNM1L,psychosis,induces,monogenic,A,0.25,0.025,HPO genes_to_phenotype; diseases=ORPHA:98673,True,0,1,1,,ORPHA:98673,,"[[""GENE:DNM1L"", -1.0, 1.0]]"
DNM1L,gene,DNM1L,DNM1L,cluster:DNM1L,irritability_or_aggression,induces,monogenic,A,1.0,1.0,HPO genes_to_phenotype; diseases=OMIM:614388,True,1,0,1,1.0,OMIM:614388,2016-05-04,"[[""GENE:DNM1L"", -1.0, 1.0]]"
DNM1L,gene,DNM1L,DNM1L,cluster:DNM1L,fatigue,induces,monogenic,A,0.25,0.025,HPO genes_to_phenotype; diseases=ORPHA:98673,True,0,1,1,,ORPHA:98673,,"[[""GENE:DNM1L"", -1.0, 1.0]]"
ABCC9,gene,ABCC9,ABCC9,cluster:ABCC9,anxiety,induces,monogenic,A,1.0,1.0,HPO genes_to_phenotype; diseases=OMIM:619719,True,1,0,1,4.0,OMIM:619719,2019-10-01,"[[""GENE:ABCC9"", -1.0, 1.0]]"
ABCC9,gene,ABCC9,ABCC9,cluster:ABCC9,fatigue,induces,monogenic,A,1.0,1.0,HPO genes_to_phenotype; diseases=OMIM:619719;ORPHA:154;ORPHA:334,True,1,2,3,6.0,OMIM:619719;ORPHA:154;ORPHA:334,2019-10-01,"[[""GENE:ABCC9"", -1.0, 1.0]]"
BCAP31,gene,BCAP31,BCAP31,cluster:BCAP31,irritability_or_aggression,induces,monogenic,A,0.68,0.17,HPO genes_to_phenotype; diseases=ORPHA:369939,True,0,1,1,,ORPHA:369939,,"[[""GENE:BCAP31"", -1.0, 1.0]]"
AASS,gene,AASS,AASS,cluster:AASS,cognitive_impairment,induces,monogenic,A,1.0,0.545,HPO genes_to_phenotype; diseases=OMIM:238700;ORPHA:2203;ORPHA:3124,True,1,2,5,2.0,OMIM:238700;ORPHA:2203;ORPHA:3124,2013-07-06,"[[""GENE:AASS"", -1.0, 1.0]]"
SLC25A13,gene,SLC25A13,SLC25A13,cluster:SLC25A13,cognitive_impairment,induces,monogenic,A,1.0,0.545,HPO genes_to_phenotype; diseases=OMIM:603471;ORPHA:247585,True,1,1,4,19.0,OMIM:603471;ORPHA:247585,2008-06-10,"[[""GENE:SLC25A13"", -1.0, 1.0]]"
SLC25A13,gene,SLC25A13,SLC25A13,cluster:SLC25A13,insomnia,induces,monogenic,A,0.68,0.17,HPO genes_to_phenotype; diseases=ORPHA:247585,True,0,1,1,,ORPHA:247585,,"[[""GENE:SLC25A13"", -1.0, 1.0]]"
SLC25A13,gene,SLC25A13,SLC25A13,cluster:SLC25A13,elevated_mood_or_mania,induces,monogenic,A,0.68,0.17,HPO genes_to_phenotype; diseases=ORPHA:247585,True,0,1,1,,ORPHA:247585,,"[[""GENE:SLC25A13"", -1.0, 1.0]]"
SLC25A13,gene,SLC25A13,SLC25A13,cluster:SLC25A13,psychosis,induces,monogenic,A,1.0,0.545,HPO genes_to_phenotype; diseases=ORPHA:247585,True,0,1,3,,ORPHA:247585,,"[[""GENE:SLC25A13"", -1.0, 1.0]]"
SLC25A13,gene,SLC25A13,SLC25A13,cluster:SLC25A13,irritability_or_aggression,induces,monogenic,A,1.0,0.545,HPO genes_to_phenotype; diseases=ORPHA:247585,True,0,1,2,,ORPHA:247585,,"[[""GENE:SLC25A13"", -1.0, 1.0]]"
SLC25A13,gene,SLC25A13,SLC25A13,cluster:SLC25A13,psychomotor_agitation,induces,monogenic,A,1.0,0.545,HPO genes_to_phenotype; diseases=ORPHA:247585,True,0,1,1,,ORPHA:247585,,"[[""GENE:SLC25A13"", -1.0, 1.0]]"
SLC25A15,gene,SLC25A15,SLC25A15,cluster:SLC25A15,cognitive_impairment,induces,monogenic,A,1.0,0.895,HPO genes_to_phenotype; diseases=OMIM:238970;ORPHA:415,True,1,1,3,,OMIM:238970;ORPHA:415,2018-10-08,"[[""GENE:SLC25A15"", -1.0, 1.0]]"
COQ7,gene,COQ7,COQ7,cluster:COQ7,cognitive_impairment,induces,monogenic,A,0.25,0.0,HPO genes_to_phenotype; diseases=OMIM:620402,True,1,0,1,3.0,OMIM:620402,2023-08-01,"[[""GENE:COQ7"", -1.0, 1.0]]"
STUB1,gene,STUB1,STUB1,cluster:STUB1,cognitive_impairment,induces,monogenic,A,1.0,1.0,HPO genes_to_phenotype; diseases=OMIM:615768;OMIM:618093;ORPHA:412057,True,2,1,4,14.0,OMIM:615768;OMIM:618093;ORPHA:412057,2013-12-02,"[[""GENE:STUB1"", -1.0, 1.0]]"
STUB1,gene,STUB1,STUB1,cluster:STUB1,insomnia,induces,monogenic,A,1.0,,HPO genes_to_phenotype; diseases=OMIM:618093,True,1,0,1,,OMIM:618093,2019-05-14,"[[""GENE:STUB1"", -1.0, 1.0]]"
STUB1,gene,STUB1,STUB1,cluster:STUB1,irritability_or_aggression,induces,monogenic,A,1.0,,HPO genes_to_phenotype; diseases=OMIM:618093,True,1,0,1,,OMIM:618093,2019-05-14,"[[""GENE:STUB1"", -1.0, 1.0]]"
STUB1,gene,STUB1,STUB1,cluster:STUB1,anxiety,induces,monogenic,A,1.0,0.7894736842105263,HPO genes_to_phenotype; diseases=OMIM:618093,True,1,0,1,19.0,OMIM:618093,2018-10-31,"[[""GENE:STUB1"", -1.0, 1.0]]"
STUB1,gene,STUB1,STUB1,cluster:STUB1,depressed_mood,induces,monogenic,A,1.0,1.0,HPO genes_to_phenotype; diseases=OMIM:618093,True,1,0,1,8.0,OMIM:618093,2019-05-14,"[[""GENE:STUB1"", -1.0, 1.0]]"
BCKDK,gene,BCKDK,BCKDK,cluster:BCKDK,irritability_or_aggression,induces,monogenic,A,1.0,0.4444444444444444,HPO genes_to_phenotype; diseases=OMIM:614923,True,1,0,1,18.0,OMIM:614923,2023-07-03,"[[""GENE:BCKDK"", -1.0, 1.0]]"
BCKDK,gene,BCKDK,BCKDK,cluster:BCKDK,psychomotor_agitation,induces,monogenic,A,1.0,0.2857142857142857,HPO genes_to_phenotype; diseases=OMIM:614923,True,1,0,1,21.0,OMIM:614923,2023-07-03,"[[""GENE:BCKDK"", -1.0, 1.0]]"
SPTLC1,gene,SPTLC1,SPTLC1,cluster:GNE,cognitive_impairment,induces,monogenic,A,0.68,0.17,HPO genes_to_phenotype; diseases=OMIM:620285;ORPHA:300605,True,1,1,2,11.0,OMIM:620285;ORPHA:300605,2021-05-31,"[[""GENE:SPTLC1"", -1.0, 1.0]]"
SLC34A2,gene,SLC34A2,SLC34A2,cluster:SLC34A2,fatigue,induces,monogenic,A,1.0,0.545,HPO genes_to_phenotype; diseases=ORPHA:60025,True,0,1,1,,ORPHA:60025,,"[[""GENE:SLC34A2"", -1.0, 1.0]]"
POMT1,gene,POMT1,POMT1,cluster:B3GALNT2,somnolence_or_hypersomnia,induces,monogenic,A,1.0,,HPO genes_to_phenotype; diseases=OMIM:236670,True,1,0,1,,OMIM:236670,2009-02-17,"[[""GENE:POMT1"", -1.0, 1.0]]"
POMT1,gene,POMT1,POMT1,cluster:B3GALNT2,cognitive_impairment,induces,monogenic,A,1.0,0.895,HPO genes_to_phenotype; diseases=ORPHA:588,True,0,1,1,,ORPHA:588,,"[[""GENE:POMT1"", -1.0, 1.0]]"
TXNRD2,gene,TXNRD2,TXNRD2,cluster:ABCC9,fatigue,induces,monogenic,A,1.0,0.545,HPO genes_to_phenotype; diseases=ORPHA:154;ORPHA:361,True,0,2,2,,ORPHA:154;ORPHA:361,,"[[""GENE:TXNRD2"", -1.0, 1.0]]"
MTHFS,gene,MTHFS,MTHFS,cluster:MTHFS,irritability_or_aggression,induces,monogenic,A,1.0,0.5,HPO genes_to_phenotype; diseases=OMIM:618367,True,1,0,1,2.0,OMIM:618367,2018-06-15,"[[""GENE:MTHFS"", -1.0, 1.0]]"
EBP,gene,EBP,EBP,cluster:EBP,irritability_or_aggression,induces,monogenic,A,0.68,0.17,HPO genes_to_phenotype; diseases=ORPHA:401973,True,0,1,1,,ORPHA:401973,,"[[""GENE:EBP"", -1.0, 1.0]]"
CERS1,gene,CERS1,CERS1,cluster:CERS1,cognitive_impairment,induces,monogenic,A,1.0,1.0,HPO genes_to_phenotype; diseases=OMIM:616230,True,1,0,1,4.0,OMIM:616230,2014-05-20,"[[""GENE:CERS1"", -1.0, 1.0]]"
PDE10A,gene,PDE10A,PDE10A,cluster:PDE10A,cognitive_impairment,induces,monogenic,A,1.0,,HPO genes_to_phenotype; diseases=OMIM:616922;ORPHA:494541,True,1,1,2,,OMIM:616922;ORPHA:494541,2016-04-07,"[[""GENE:PDE10A"", -1.0, 1.0]]"
PDE10A,gene,PDE10A,PDE10A,cluster:PDE10A,anxiety,induces,monogenic,A,0.68,0.17,HPO genes_to_phenotype; diseases=ORPHA:494541,True,0,1,1,,ORPHA:494541,,"[[""GENE:PDE10A"", -1.0, 1.0]]"
PNPLA6,gene,PNPLA6,PNPLA6,cluster:PNPLA6,cognitive_impairment,induces,monogenic,A,0.68,0.17,HPO genes_to_phenotype; diseases=ORPHA:1173,True,0,1,1,,ORPHA:1173,,"[[""GENE:PNPLA6"", -1.0, 1.0]]"
SLC38A3,gene,SLC38A3,SLC38A3,cluster:AARS1,cognitive_impairment,induces,monogenic,A,0.68,0.17,HPO genes_to_phenotype; diseases=ORPHA:442835,True,0,1,1,,ORPHA:442835,,"[[""GENE:SLC38A3"", -1.0, 1.0]]"
POLR3A,gene,POLR3A,POLR3A,cluster:POLR3A,cognitive_impairment,induces,monogenic,A,1.0,0.545,HPO genes_to_phenotype; diseases=ORPHA:3455,True,0,1,1,,ORPHA:3455,,"[[""GENE:POLR3A"", -1.0, 1.0]]"
POLG2,gene,POLG2,POLG2,cluster:MT-ATP8,cognitive_impairment,induces,monogenic,A,0.25,0.025,HPO genes_to_phenotype; diseases=ORPHA:254892,True,0,1,1,,ORPHA:254892,,"[[""GENE:POLG2"", -1.0, 1.0]]"
POLG2,gene,POLG2,POLG2,cluster:MT-ATP8,anxiety,induces,monogenic,A,1.0,1.0,HPO genes_to_phenotype; diseases=OMIM:619425;ORPHA:254892,True,1,1,2,1.0,OMIM:619425;ORPHA:254892,2019-11-26,"[[""GENE:POLG2"", -1.0, 1.0]]"
POLG2,gene,POLG2,POLG2,cluster:MT-ATP8,depressed_mood,induces,monogenic,A,1.0,1.0,HPO genes_to_phenotype; diseases=OMIM:619425;ORPHA:254892,True,1,1,2,1.0,OMIM:619425;ORPHA:254892,2019-11-26,"[[""GENE:POLG2"", -1.0, 1.0]]"
POLG2,gene,POLG2,POLG2,cluster:MT-ATP8,fatigue,induces,monogenic,A,1.0,0.545,HPO genes_to_phenotype; diseases=ORPHA:254892,True,0,1,1,,ORPHA:254892,,"[[""GENE:POLG2"", -1.0, 1.0]]"
MAN1B1,gene,MAN1B1,MAN1B1,cluster:MAN1B1,irritability_or_aggression,induces,monogenic,A,1.0,0.25,HPO genes_to_phenotype; diseases=OMIM:614202,True,1,0,1,12.0,OMIM:614202,2012-10-17,"[[""GENE:MAN1B1"", -1.0, 1.0]]"
SLC6A14,gene,SLC6A14,SLC6A14,cluster:GCLC,anxiety,induces,monogenic,A,0.68,0.17,HPO genes_to_phenotype; diseases=ORPHA:586,True,0,1,1,,ORPHA:586,,"[[""GENE:SLC6A14"", -1.0, 1.0]]"
SLC6A14,gene,SLC6A14,SLC6A14,cluster:GCLC,depressed_mood,induces,monogenic,A,0.68,0.17,HPO genes_to_phenotype; diseases=ORPHA:586,True,0,1,1,,ORPHA:586,,"[[""GENE:SLC6A14"", -1.0, 1.0]]"
TREX1,gene,TREX1,TREX1,cluster:TREX1,cognitive_impairment,induces,monogenic,A,1.0,0.545,HPO genes_to_phenotype; diseases=OMIM:192315;ORPHA:247691,True,1,1,5,70.0,OMIM:192315;ORPHA:247691,2007-07-29,"[[""GENE:TREX1"", -1.0, 1.0]]"
TREX1,gene,TREX1,TREX1,cluster:TREX1,irritability_or_aggression,induces,monogenic,A,1.0,0.545,HPO genes_to_phenotype; diseases=ORPHA:247691;ORPHA:51,True,0,2,2,,ORPHA:247691;ORPHA:51,,"[[""GENE:TREX1"", -1.0, 1.0]]"
TREX1,gene,TREX1,TREX1,cluster:TREX1,anxiety,induces,monogenic,A,0.68,0.17,HPO genes_to_phenotype; diseases=ORPHA:247691,True,0,1,1,,ORPHA:247691,,"[[""GENE:TREX1"", -1.0, 1.0]]"
TREX1,gene,TREX1,TREX1,cluster:TREX1,depressed_mood,induces,monogenic,A,0.68,0.17,HPO genes_to_phenotype; diseases=ORPHA:247691;ORPHA:536,True,0,2,2,,ORPHA:247691;ORPHA:536,,"[[""GENE:TREX1"", -1.0, 1.0]]"
TREX1,gene,TREX1,TREX1,cluster:TREX1,psychosis,induces,monogenic,A,0.68,0.17,HPO genes_to_phenotype; diseases=OMIM:152700;ORPHA:247691,True,1,1,2,,OMIM:152700;ORPHA:247691,2009-02-17,"[[""GENE:TREX1"", -1.0, 1.0]]"
TREX1,gene,TREX1,TREX1,cluster:TREX1,fatigue,induces,monogenic,A,1.0,0.895,HPO genes_to_phenotype; diseases=ORPHA:536,True,0,1,1,,ORPHA:536,,"[[""GENE:TREX1"", -1.0, 1.0]]"
PNKP,gene,PNKP,PNKP,cluster:PNKP,cognitive_impairment,induces,monogenic,A,1.0,0.7,HPO genes_to_phenotype; diseases=OMIM:616267;ORPHA:459033,True,1,1,3,10.0,OMIM:616267;ORPHA:459033,2015-02-26,"[[""GENE:PNKP"", -1.0, 1.0]]"
RNF13,gene,RNF13,RNF13,cluster:RNF13,irritability_or_aggression,induces,monogenic,A,1.0,0.6666666666666666,HPO genes_to_phenotype; diseases=OMIM:618379;ORPHA:544503,True,1,1,2,3.0,OMIM:618379;ORPHA:544503,2018-12-27,"[[""GENE:RNF13"", -1.0, 1.0]]"
RNF13,gene,RNF13,RNF13,cluster:RNF13,psychomotor_agitation,induces,monogenic,A,1.0,1.0,HPO genes_to_phenotype; diseases=OMIM:618379;ORPHA:544503,True,1,1,2,3.0,OMIM:618379;ORPHA:544503,2018-12-27,"[[""GENE:RNF13"", -1.0, 1.0]]"
DOLK,gene,DOLK,DOLK,cluster:ABCC9,fatigue,induces,monogenic,A,1.0,0.545,HPO genes_to_phenotype; diseases=ORPHA:154,True,0,1,1,,ORPHA:154,,"[[""GENE:DOLK"", -1.0, 1.0]]"
TRIM32,gene,TRIM32,TRIM32,cluster:TRIM32,cognitive_impairment,induces,monogenic,A,1.0,0.545,HPO genes_to_phenotype; diseases=ORPHA:110,True,0,1,2,,ORPHA:110,,"[[""GENE:TRIM32"", -1.0, 1.0]]"
TRIM32,gene,TRIM32,TRIM32,cluster:TRIM32,anxiety,induces,monogenic,A,0.68,0.17,HPO genes_to_phenotype; diseases=ORPHA:110,True,0,1,1,,ORPHA:110,,"[[""GENE:TRIM32"", -1.0, 1.0]]"
TRIM32,gene,TRIM32,TRIM32,cluster:TRIM32,depressed_mood,induces,monogenic,A,1.0,0.545,HPO genes_to_phenotype; diseases=ORPHA:110,True,0,1,1,,ORPHA:110,,"[[""GENE:TRIM32"", -1.0, 1.0]]"
PLCH1,gene,PLCH1,PLCH1,cluster:PLCH1,irritability_or_aggression,induces,monogenic,A,1.0,0.545,HPO genes_to_phenotype; diseases=ORPHA:93925,True,0,1,1,,ORPHA:93925,,"[[""GENE:PLCH1"", -1.0, 1.0]]"
PLCH1,gene,PLCH1,PLCH1,cluster:PLCH1,anxiety,induces,monogenic,A,1.0,0.545,HPO genes_to_phenotype; diseases=ORPHA:93925,True,0,1,1,,ORPHA:93925,,"[[""GENE:PLCH1"", -1.0, 1.0]]"
PLCH1,gene,PLCH1,PLCH1,cluster:PLCH1,depressed_mood,induces,monogenic,A,1.0,0.545,HPO genes_to_phenotype; diseases=ORPHA:93925,True,0,1,1,,ORPHA:93925,,"[[""GENE:PLCH1"", -1.0, 1.0]]"
SETD1B,gene,SETD1B,SETD1B,cluster:SETD1B,anxiety,induces,monogenic,A,1.0,0.5,HPO genes_to_phenotype; diseases=OMIM:619000,True,1,0,1,2.0,OMIM:619000,2018-01-10,"[[""GENE:SETD1B"", -1.0, 1.0]]"
NUP205,gene,NUP205,NUP205,cluster:NUP107,irritability_or_aggression,induces,monogenic,A,0.68,0.17,HPO genes_to_phenotype; diseases=ORPHA:656,True,0,1,1,,ORPHA:656,,"[[""GENE:NUP205"", -1.0, 1.0]]"
PMPCA,gene,PMPCA,PMPCA,cluster:PMPCA,cognitive_impairment,induces,monogenic,A,1.0,0.545,HPO genes_to_phenotype; diseases=ORPHA:1170,True,0,1,1,,ORPHA:1170,,"[[""GENE:PMPCA"", -1.0, 1.0]]"
PLCB1,gene,PLCB1,PLCB1,cluster:AARS1,cognitive_impairment,induces,monogenic,A,1.0,0.895,HPO genes_to_phenotype; diseases=ORPHA:293181,True,0,1,1,,ORPHA:293181,,"[[""GENE:PLCB1"", -1.0, 1.0]]"
ATP11A,gene,ATP11A,ATP11A,cluster:ABCA3,fatigue,induces,monogenic,A,1.0,0.545,HPO genes_to_phenotype; diseases=ORPHA:2032,True,0,1,1,,ORPHA:2032,,"[[""GENE:ATP11A"", -1.0, 1.0]]"
NUP160,gene,NUP160,NUP160,cluster:NUP107,irritability_or_aggression,induces,monogenic,A,0.68,0.17,HPO genes_to_phenotype; diseases=ORPHA:656,True,0,1,1,,ORPHA:656,,"[[""GENE:NUP160"", -1.0, 1.0]]"
SLC44A1,gene,SLC44A1,SLC44A1,cluster:SLC44A1,cognitive_impairment,induces,monogenic,A,1.0,0.8,HPO genes_to_phenotype; diseases=OMIM:618868,True,1,0,1,5.0,OMIM:618868,2020-01-01,"[[""GENE:SLC44A1"", -1.0, 1.0]]"
SLC39A14,gene,SLC39A14,SLC39A14,cluster:SLC39A14,irritability_or_aggression,induces,monogenic,A,1.0,0.3333333333333333,HPO genes_to_phenotype; diseases=OMIM:617013,True,1,0,1,9.0,OMIM:617013,2016-05-27,"[[""GENE:SLC39A14"", -1.0, 1.0]]"
CLCF1,gene,CLCF1,CLCF1,cluster:CLCF1,cognitive_impairment,induces,monogenic,A,1.0,0.545,HPO genes_to_phenotype; diseases=ORPHA:1545,True,0,1,1,,ORPHA:1545,,"[[""GENE:CLCF1"", -1.0, 1.0]]"
NNT,gene,NNT,NNT,cluster:ABCC9,fatigue,induces,monogenic,A,1.0,0.545,HPO genes_to_phenotype; diseases=ORPHA:361,True,0,1,1,,ORPHA:361,,"[[""GENE:NNT"", -1.0, 1.0]]"
ATP6V0A2,gene,ATP6V0A2,ATP6V0A2,cluster:AARS1,cognitive_impairment,induces,monogenic,A,1.0,0.895,HPO genes_to_phenotype; diseases=ORPHA:357074,True,0,1,1,,ORPHA:357074,,"[[""GENE:ATP6V0A2"", -1.0, 1.0]]"
AMACR,gene,AMACR,AMACR,cluster:AMACR,cognitive_impairment,induces,monogenic,A,0.68,0.17,HPO genes_to_phenotype; diseases=ORPHA:79095,True,0,1,2,,ORPHA:79095,,"[[""GENE:AMACR"", -1.0, 1.0]]"
AMACR,gene,AMACR,AMACR,cluster:AMACR,depressed_mood,induces,monogenic,A,1.0,1.0,HPO genes_to_phenotype; diseases=OMIM:614307;ORPHA:79095,True,1,1,2,1.0,OMIM:614307;ORPHA:79095,2004-07-13,"[[""GENE:AMACR"", -1.0, 1.0]]"
NAA80,gene,NAA80,NAA80,cluster:NAA80,fatigue,induces,monogenic,A,1.0,0.5,HPO genes_to_phenotype; diseases=OMIM:620830,True,1,0,1,2.0,OMIM:620830,2021-10-26,"[[""GENE:NAA80"", -1.0, 1.0]]"
POLR1A,gene,POLR1A,POLR1A,cluster:POLR1A,irritability_or_aggression,induces,monogenic,A,1.0,0.25,HPO genes_to_phenotype; diseases=OMIM:620675,True,1,0,1,4.0,OMIM:620675,2017-01-04,"[[""GENE:POLR1A"", -1.0, 1.0]]"
PHGDH,gene,PHGDH,PHGDH,cluster:PHGDH,irritability_or_aggression,induces,monogenic,A,0.68,0.17,HPO genes_to_phenotype; diseases=ORPHA:79351,True,0,1,1,,ORPHA:79351,,"[[""GENE:PHGDH"", -1.0, 1.0]]"
HIBCH,gene,HIBCH,HIBCH,cluster:HIBCH,irritability_or_aggression,induces,monogenic,A,1.0,1.0,HPO genes_to_phenotype; diseases=OMIM:250620;ORPHA:88639,True,1,1,2,1.0,OMIM:250620;ORPHA:88639,2006-11-30,"[[""GENE:HIBCH"", -1.0, 1.0]]"
SRPK3,gene,SRPK3,SRPK3,cluster:SRPK3,cognitive_impairment,induces,monogenic,A,1.0,0.6666666666666666,HPO genes_to_phenotype; diseases=OMIM:301134,True,1,0,1,3.0,OMIM:301134,2024-07-29,"[[""GENE:SRPK3"", -1.0, 1.0]]"
BSCL2,gene,BSCL2,BSCL2,cluster:BSCL2,cognitive_impairment,induces,monogenic,A,1.0,0.895,HPO genes_to_phenotype; diseases=OMIM:615924;ORPHA:363400,True,1,1,2,,OMIM:615924;ORPHA:363400,2014-08-24,"[[""GENE:BSCL2"", -1.0, 1.0]]"
OPLAH,gene,OPLAH,OPLAH,cluster:OPLAH,somnolence_or_hypersomnia,induces,monogenic,A,0.68,0.17,HPO genes_to_phenotype; diseases=ORPHA:33572,True,0,1,1,,ORPHA:33572,,"[[""GENE:OPLAH"", -1.0, 1.0]]"
UQCRQ,gene,UQCRQ,UQCRQ,cluster:UQCRQ,psychomotor_agitation,induces,monogenic,A,1.0,1.0,HPO genes_to_phenotype; diseases=OMIM:615159,True,1,0,1,20.0,OMIM:615159,2008-04-24,"[[""GENE:UQCRQ"", -1.0, 1.0]]"
COQ2,gene,COQ2,COQ2,cluster:COQ2,cognitive_impairment,induces,monogenic,A,0.68,0.17,HPO genes_to_phenotype; diseases=OMIM:146500,True,1,0,1,,OMIM:146500,2010-06-20,"[[""GENE:COQ2"", -1.0, 1.0]]"
COQ2,gene,COQ2,COQ2,cluster:COQ2,anxiety,induces,monogenic,A,1.0,0.545,HPO genes_to_phenotype; diseases=ORPHA:227510;ORPHA:98933,True,0,2,2,,ORPHA:227510;ORPHA:98933,,"[[""GENE:COQ2"", -1.0, 1.0]]"
COQ2,gene,COQ2,COQ2,cluster:COQ2,depressed_mood,induces,monogenic,A,1.0,0.545,HPO genes_to_phenotype; diseases=ORPHA:227510;ORPHA:98933,True,0,2,2,,ORPHA:227510;ORPHA:98933,,"[[""GENE:COQ2"", -1.0, 1.0]]"
COQ2,gene,COQ2,COQ2,cluster:COQ2,fatigue,induces,monogenic,A,1.0,,HPO genes_to_phenotype; diseases=OMIM:607426,True,1,0,1,,OMIM:607426,2018-10-08,"[[""GENE:COQ2"", -1.0, 1.0]]"
SETD2,gene,SETD2,SETD2,cluster:SETD2,anxiety,induces,monogenic,A,1.0,,HPO genes_to_phenotype; diseases=OMIM:616831,True,1,0,1,,OMIM:616831,2018-10-08,"[[""GENE:SETD2"", -1.0, 1.0]]"
SETD2,gene,SETD2,SETD2,cluster:SETD2,irritability_or_aggression,induces,monogenic,A,1.0,,HPO genes_to_phenotype; diseases=OMIM:616831,True,1,0,1,,OMIM:616831,2014-05-22,"[[""GENE:SETD2"", -1.0, 1.0]]"
PYCR2,gene,PYCR2,PYCR2,cluster:PYCR2,irritability_or_aggression,induces,monogenic,A,0.68,0.17,HPO genes_to_phenotype; diseases=ORPHA:481152,True,0,1,2,,ORPHA:481152,,"[[""GENE:PYCR2"", -1.0, 1.0]]"
GMPPB,gene,GMPPB,GMPPB,cluster:B3GALNT2,cognitive_impairment,induces,monogenic,A,1.0,0.895,HPO genes_to_phenotype; diseases=ORPHA:363623;ORPHA:588,True,0,2,2,,ORPHA:363623;ORPHA:588,,"[[""GENE:GMPPB"", -1.0, 1.0]]"
POMT2,gene,POMT2,POMT2,cluster:B3GALNT2,somnolence_or_hypersomnia,induces,monogenic,A,1.0,,HPO genes_to_phenotype; diseases=OMIM:236670,True,1,0,1,,OMIM:236670,2009-02-17,"[[""GENE:POMT2"", -1.0, 1.0]]"
POMT2,gene,POMT2,POMT2,cluster:B3GALNT2,cognitive_impairment,induces,monogenic,A,1.0,0.895,HPO genes_to_phenotype; diseases=ORPHA:206559;ORPHA:588,True,0,2,2,,ORPHA:206559;ORPHA:588,,"[[""GENE:POMT2"", -1.0, 1.0]]"
SLC40A1,gene,SLC40A1,SLC40A1,cluster:SLC40A1,fatigue,induces,monogenic,A,0.4,0.1,HPO genes_to_phenotype; diseases=OMIM:606069,True,1,0,1,20.0,OMIM:606069,2001-07-01,"[[""GENE:SLC40A1"", -1.0, 1.0]]"
RRM2B,gene,RRM2B,RRM2B,cluster:MT-ATP8,cognitive_impairment,induces,monogenic,A,0.68,0.17,HPO genes_to_phenotype; diseases=ORPHA:254892;ORPHA:298;ORPHA:329336;ORPHA:480,True,0,4,5,,ORPHA:254892;ORPHA:298;ORPHA:329336;ORPHA:480,,"[[""GENE:RRM2B"", -1.0, 1.0]]"
RRM2B,gene,RRM2B,RRM2B,cluster:MT-ATP8,anxiety,induces,monogenic,A,0.68,0.17,HPO genes_to_phenotype; diseases=OMIM:613077;ORPHA:254892,True,1,1,2,,OMIM:613077;ORPHA:254892,2012-11-18,"[[""GENE:RRM2B"", -1.0, 1.0]]"
RRM2B,gene,RRM2B,RRM2B,cluster:MT-ATP8,depressed_mood,induces,monogenic,A,0.68,0.17,HPO genes_to_phenotype; diseases=OMIM:613077;ORPHA:254892,True,1,1,2,,OMIM:613077;ORPHA:254892,2015-12-30,"[[""GENE:RRM2B"", -1.0, 1.0]]"
RRM2B,gene,RRM2B,RRM2B,cluster:MT-ATP8,fatigue,induces,monogenic,A,1.0,0.7142857142857143,HPO genes_to_phenotype; diseases=OMIM:613077;ORPHA:254892,True,1,1,2,7.0,OMIM:613077;ORPHA:254892,2011-06-07,"[[""GENE:RRM2B"", -1.0, 1.0]]"
DUOX2,gene,DUOX2,DUOX2,cluster:DUOX2,somnolence_or_hypersomnia,induces,monogenic,A,0.68,0.17,HPO genes_to_phenotype; diseases=ORPHA:226316,True,0,1,1,,ORPHA:226316,,"[[""GENE:DUOX2"", -1.0, 1.0]]"
PNPLA8,gene,PNPLA8,PNPLA8,cluster:PNPLA8,fatigue,induces,monogenic,A,1.0,1.0,HPO genes_to_phenotype; diseases=OMIM:251950,True,1,0,1,1.0,OMIM:251950,2015-03-01,"[[""GENE:PNPLA8"", -1.0, 1.0]]"
NSDHL,gene,NSDHL,NSDHL,cluster:NSDHL,irritability_or_aggression,induces,monogenic,A,1.0,0.895,HPO genes_to_phenotype; diseases=OMIM:300831;ORPHA:251383,True,1,1,4,,OMIM:300831;ORPHA:251383,2012-10-14,"[[""GENE:NSDHL"", -1.0, 1.0]]"
PDE11A,gene,PDE11A,PDE11A,cluster:PDE11A,cognitive_impairment,induces,monogenic,A,1.0,,HPO genes_to_phenotype; diseases=OMIM:610475,True,1,0,1,,OMIM:610475,2009-02-17,"[[""GENE:PDE11A"", -1.0, 1.0]]"
PDE11A,gene,PDE11A,PDE11A,cluster:PDE11A,anxiety,induces,monogenic,A,1.0,,HPO genes_to_phenotype; diseases=OMIM:610475,True,1,0,1,,OMIM:610475,2009-02-17,"[[""GENE:PDE11A"", -1.0, 1.0]]"
PDE11A,gene,PDE11A,PDE11A,cluster:PDE11A,depressed_mood,induces,monogenic,A,1.0,,HPO genes_to_phenotype; diseases=OMIM:610475,True,1,0,1,,OMIM:610475,2009-02-17,"[[""GENE:PDE11A"", -1.0, 1.0]]"
PDE11A,gene,PDE11A,PDE11A,cluster:PDE11A,psychomotor_agitation,induces,monogenic,A,1.0,,HPO genes_to_phenotype; diseases=OMIM:610475,True,1,0,1,,OMIM:610475,2009-02-17,"[[""GENE:PDE11A"", -1.0, 1.0]]"
PDE11A,gene,PDE11A,PDE11A,cluster:PDE11A,psychosis,induces,monogenic,A,1.0,,HPO genes_to_phenotype; diseases=OMIM:610475,True,1,0,1,,OMIM:610475,2009-02-17,"[[""GENE:PDE11A"", -1.0, 1.0]]"
KMT5B,gene,KMT5B,KMT5B,cluster:KMT5B,irritability_or_aggression,induces,monogenic,A,0.5714285714285714,0.14285714285714285,HPO genes_to_phenotype; diseases=OMIM:617788,True,1,0,1,7.0,OMIM:617788,2017-02-13,"[[""GENE:KMT5B"", -1.0, 1.0]]"
KMT5B,gene,KMT5B,KMT5B,cluster:KMT5B,insomnia,induces,monogenic,A,1.0,0.2857142857142857,HPO genes_to_phenotype; diseases=OMIM:617788,True,1,0,1,7.0,OMIM:617788,2017-02-13,"[[""GENE:KMT5B"", -1.0, 1.0]]"
ZDHHC9,gene,ZDHHC9,ZDHHC9,cluster:ZDHHC9,psychosis,induces,monogenic,A,0.68,0.17,HPO genes_to_phenotype; diseases=ORPHA:776,True,0,1,2,,ORPHA:776,,"[[""GENE:ZDHHC9"", -1.0, 1.0]]"
PLCE1,gene,PLCE1,PLCE1,cluster:NUP107,irritability_or_aggression,induces,monogenic,A,0.68,0.17,HPO genes_to_phenotype; diseases=ORPHA:656,True,0,1,1,,ORPHA:656,,"[[""GENE:PLCE1"", -1.0, 1.0]]"
GLRX5,gene,GLRX5,GLRX5,cluster:GLRX5,cognitive_impairment,induces,monogenic,A,1.0,0.545,HPO genes_to_phenotype; diseases=ORPHA:401866,True,0,1,2,,ORPHA:401866,,"[[""GENE:GLRX5"", -1.0, 1.0]]"
GLRX5,gene,GLRX5,GLRX5,cluster:GLRX5,irritability_or_aggression,induces,monogenic,A,0.68,0.17,HPO genes_to_phenotype; diseases=ORPHA:401866,True,0,1,1,,ORPHA:401866,,"[[""GENE:GLRX5"", -1.0, 1.0]]"
UBR5,gene,UBR5,UBR5,cluster:UBR5,anxiety,induces,monogenic,A,1.0,1.0,HPO genes_to_phenotype; diseases=OMIM:621372,True,1,0,1,3.0,OMIM:621372,2024-12-24,"[[""GENE:UBR5"", -1.0, 1.0]]"
UBR5,gene,UBR5,UBR5,cluster:UBR5,psychomotor_agitation,induces,monogenic,A,1.0,1.0,HPO genes_to_phenotype; diseases=OMIM:621372,True,1,0,1,2.0,OMIM:621372,2024-12-24,"[[""GENE:UBR5"", -1.0, 1.0]]"
PIGT,gene,PIGT,PIGT,cluster:PIGT,fatigue,induces,monogenic,A,1.0,1.0,HPO genes_to_phenotype; diseases=OMIM:615399,True,1,0,1,1.0,OMIM:615399,2013-06-03,"[[""GENE:PIGT"", -1.0, 1.0]]"
POLR3K,gene,POLR3K,POLR3K,cluster:POLR3K,cognitive_impairment,induces,monogenic,A,1.0,1.0,HPO genes_to_phenotype; diseases=OMIM:619310,True,1,0,1,1.0,OMIM:619310,2018-12-03,"[[""GENE:POLR3K"", -1.0, 1.0]]"
ADA2,gene,ADA2,ADA2,cluster:ADA2,cognitive_impairment,induces,monogenic,A,1.0,0.895,HPO genes_to_phenotype; diseases=OMIM:182410;ORPHA:820,True,1,1,6,,OMIM:182410;ORPHA:820,2010-06-18,"[[""GENE:ADA2"", -1.0, 1.0]]"
ADA2,gene,ADA2,ADA2,cluster:ADA2,depressed_mood,induces,monogenic,A,0.68,0.17,HPO genes_to_phenotype; diseases=ORPHA:820,True,0,1,1,,ORPHA:820,,"[[""GENE:ADA2"", -1.0, 1.0]]"
ADA2,gene,ADA2,ADA2,cluster:ADA2,psychomotor_agitation,induces,monogenic,A,1.0,,HPO genes_to_phenotype; diseases=OMIM:615688,True,1,0,1,,OMIM:615688,2014-04-13,"[[""GENE:ADA2"", -1.0, 1.0]]"
RNF216,gene,RNF216,RNF216,cluster:PNPLA6,cognitive_impairment,induces,monogenic,A,1.0,0.5,HPO genes_to_phenotype; diseases=OMIM:212840;ORPHA:1173,True,1,1,2,12.0,OMIM:212840;ORPHA:1173,2013-05-08,"[[""GENE:RNF216"", -1.0, 1.0]]"
UGT1A1,gene,UGT1A1,UGT1A1,cluster:UGT1A1,cognitive_impairment,induces,monogenic,A,0.68,0.17,HPO genes_to_phenotype; diseases=ORPHA:79234,True,0,1,1,,ORPHA:79234,,"[[""GENE:UGT1A1"", -1.0, 1.0]]"
RNF125,gene,RNF125,RNF125,cluster:RNF125,anxiety,induces,monogenic,A,0.6666666666666666,0.16666666666666666,HPO genes_to_phenotype; diseases=OMIM:616260,True,1,0,1,6.0,OMIM:616260,2014-12-01,"[[""GENE:RNF125"", -1.0, 1.0]]"
SLC35C1,gene,SLC35C1,SLC35C1,cluster:SLC35C1,anxiety,induces,monogenic,A,1.0,0.5,HPO genes_to_phenotype; diseases=OMIM:266265,True,1,0,1,2.0,OMIM:266265,2014-01-08,"[[""GENE:SLC35C1"", -1.0, 1.0]]"
PI4K2A,gene,PI4K2A,PI4K2A,cluster:PI4K2A,psychomotor_agitation,induces,monogenic,A,1.0,1.0,HPO genes_to_phenotype; diseases=OMIM:620732,True,1,0,1,4.0,OMIM:620732,2018-10-24,"[[""GENE:PI4K2A"", -1.0, 1.0]]"
PI4K2A,gene,PI4K2A,PI4K2A,cluster:PI4K2A,irritability_or_aggression,induces,monogenic,A,1.0,1.0,HPO genes_to_phenotype; diseases=OMIM:620732,True,1,0,1,4.0,OMIM:620732,2018-10-24,"[[""GENE:PI4K2A"", -1.0, 1.0]]"
PI4K2A,gene,PI4K2A,PI4K2A,cluster:PI4K2A,insomnia,induces,monogenic,A,1.0,1.0,HPO genes_to_phenotype; diseases=OMIM:620732,True,1,0,1,2.0,OMIM:620732,2018-10-24,"[[""GENE:PI4K2A"", -1.0, 1.0]]"
POMGNT1,gene,POMGNT1,POMGNT1,cluster:B3GALNT2,cognitive_impairment,induces,monogenic,A,1.0,0.895,HPO genes_to_phenotype; diseases=ORPHA:588,True,0,1,1,,ORPHA:588,,"[[""GENE:POMGNT1"", -1.0, 1.0]]"
POMGNT1,gene,POMGNT1,POMGNT1,cluster:B3GALNT2,fatigue,induces,monogenic,A,1.0,,HPO genes_to_phenotype; diseases=OMIM:613157,True,1,0,1,,OMIM:613157,2013-10-22,"[[""GENE:POMGNT1"", -1.0, 1.0]]"
SLC39A4,gene,SLC39A4,SLC39A4,cluster:SLC39A4,irritability_or_aggression,induces,monogenic,A,1.0,,HPO genes_to_phenotype; diseases=OMIM:201100,True,1,0,1,,OMIM:201100,2009-02-17,"[[""GENE:SLC39A4"", -1.0, 1.0]]"
TRMU,gene,TRMU,TRMU,cluster:TRMU,irritability_or_aggression,induces,monogenic,A,1.0,1.0,HPO genes_to_phenotype; diseases=OMIM:613070,True,1,0,1,13.0,OMIM:613070,2009-09-01,"[[""GENE:TRMU"", -1.0, 1.0]]"
NDC1,gene,NDC1,NDC1,cluster:NDC1,anxiety,induces,monogenic,A,1.0,0.5,HPO genes_to_phenotype; diseases=OMIM:621328,True,1,0,1,2.0,OMIM:621328,2024-07-14,"[[""GENE:NDC1"", -1.0, 1.0]]"
NDC1,gene,NDC1,NDC1,cluster:NDC1,irritability_or_aggression,induces,monogenic,A,1.0,0.5,HPO genes_to_phenotype; diseases=OMIM:621328,True,1,0,1,2.0,OMIM:621328,2024-07-14,"[[""GENE:NDC1"", -1.0, 1.0]]"
NDC1,gene,NDC1,NDC1,cluster:NDC1,fatigue,induces,monogenic,A,1.0,1.0,HPO genes_to_phenotype; diseases=OMIM:621328,True,1,0,1,2.0,OMIM:621328,2024-07-14,"[[""GENE:NDC1"", -1.0, 1.0]]"
NUP133,gene,NUP133,NUP133,cluster:NUP107,cognitive_impairment,induces,monogenic,A,1.0,0.895,HPO genes_to_phenotype; diseases=ORPHA:2065,True,0,1,1,,ORPHA:2065,,"[[""GENE:NUP133"", -1.0, 1.0]]"
NUP133,gene,NUP133,NUP133,cluster:NUP107,irritability_or_aggression,induces,monogenic,A,0.68,0.17,HPO genes_to_phenotype; diseases=ORPHA:656,True,0,1,1,,ORPHA:656,,"[[""GENE:NUP133"", -1.0, 1.0]]"
AGK,gene,AGK,AGK,cluster:AGK,cognitive_impairment,induces,monogenic,A,1.0,0.5,HPO genes_to_phenotype; diseases=OMIM:212350,True,1,0,1,2.0,OMIM:212350,2012-01-25,"[[""GENE:AGK"", -1.0, 1.0]]"
AGK,gene,AGK,AGK,cluster:AGK,fatigue,induces,monogenic,A,1.0,,HPO genes_to_phenotype; diseases=OMIM:212350,True,1,0,1,,OMIM:212350,2013-10-22,"[[""GENE:AGK"", -1.0, 1.0]]"
NGLY1,gene,NGLY1,NGLY1,cluster:NGLY1,psychomotor_agitation,induces,monogenic,A,1.0,1.0,HPO genes_to_phenotype; diseases=OMIM:615273,True,1,0,1,2.0,OMIM:615273,2014-09-09,"[[""GENE:NGLY1"", -1.0, 1.0]]"
GLT8D1,gene,GLT8D1,GLT8D1,cluster:DAO,cognitive_impairment,induces,monogenic,A,1.0,0.545,HPO genes_to_phenotype; diseases=ORPHA:803,True,0,1,2,,ORPHA:803,,"[[""GENE:GLT8D1"", -1.0, 1.0]]"
GLT8D1,gene,GLT8D1,GLT8D1,cluster:DAO,anxiety,induces,monogenic,A,1.0,0.545,HPO genes_to_phenotype; diseases=ORPHA:803,True,0,1,1,,ORPHA:803,,"[[""GENE:GLT8D1"", -1.0, 1.0]]"
GLT8D1,gene,GLT8D1,GLT8D1,cluster:DAO,depressed_mood,induces,monogenic,A,1.0,0.545,HPO genes_to_phenotype; diseases=ORPHA:803,True,0,1,1,,ORPHA:803,,"[[""GENE:GLT8D1"", -1.0, 1.0]]"
GLT8D1,gene,GLT8D1,GLT8D1,cluster:DAO,fatigue,induces,monogenic,A,1.0,0.545,HPO genes_to_phenotype; diseases=ORPHA:803,True,0,1,1,,ORPHA:803,,"[[""GENE:GLT8D1"", -1.0, 1.0]]"
ASH1L,gene,ASH1L,ASH1L,cluster:ASH1L,somnolence_or_hypersomnia,induces,monogenic,A,0.8,0.2,HPO genes_to_phenotype; diseases=OMIM:617796,True,1,0,1,5.0,OMIM:617796,2017-02-13,"[[""GENE:ASH1L"", -1.0, 1.0]]"
ASH1L,gene,ASH1L,ASH1L,cluster:ASH1L,irritability_or_aggression,induces,monogenic,A,1.0,0.4,HPO genes_to_phenotype; diseases=OMIM:617796,True,1,0,1,5.0,OMIM:617796,2017-02-13,"[[""GENE:ASH1L"", -1.0, 1.0]]"
ASH1L,gene,ASH1L,ASH1L,cluster:ASH1L,anxiety,induces,monogenic,A,1.0,1.0,HPO genes_to_phenotype; diseases=OMIM:617796,True,1,0,1,1.0,OMIM:617796,2016-11-08,"[[""GENE:ASH1L"", -1.0, 1.0]]"
INPP5E,gene,INPP5E,INPP5E,cluster:INPP5E,irritability_or_aggression,induces,monogenic,A,1.0,0.545,HPO genes_to_phenotype; diseases=OMIM:213300;ORPHA:75858,True,1,1,2,,OMIM:213300;ORPHA:75858,2009-02-17,"[[""GENE:INPP5E"", -1.0, 1.0]]"
STARD7,gene,STARD7,STARD7,cluster:STARD7,cognitive_impairment,induces,monogenic,A,0.68,0.17,HPO genes_to_phenotype; diseases=OMIM:607876,True,1,0,2,199.0,OMIM:607876,2015-07-26,"[[""GENE:STARD7"", -1.0, 1.0]]"
MCCC1,gene,MCCC1,MCCC1,cluster:MCCC1,insomnia,induces,monogenic,A,1.0,1.0,HPO genes_to_phenotype; diseases=OMIM:210200,True,1,0,1,1.0,OMIM:210200,2007-10-30,"[[""GENE:MCCC1"", -1.0, 1.0]]"
MCCC1,gene,MCCC1,MCCC1,cluster:MCCC1,irritability_or_aggression,induces,monogenic,A,1.0,1.0,HPO genes_to_phenotype; diseases=OMIM:210200,True,1,0,1,1.0,OMIM:210200,2007-10-30,"[[""GENE:MCCC1"", -1.0, 1.0]]"
CPA6,gene,CPA6,CPA6,cluster:AARS1,cognitive_impairment,induces,monogenic,A,0.68,0.17,HPO genes_to_phenotype; diseases=ORPHA:36387,True,0,1,1,,ORPHA:36387,,"[[""GENE:CPA6"", -1.0, 1.0]]"
CPA6,gene,CPA6,CPA6,cluster:AARS1,anxiety,induces,monogenic,A,0.25,0.025,HPO genes_to_phenotype; diseases=ORPHA:36387,True,0,1,1,,ORPHA:36387,,"[[""GENE:CPA6"", -1.0, 1.0]]"
NUP107,gene,NUP107,NUP107,cluster:NUP107,cognitive_impairment,induces,monogenic,A,1.0,0.895,HPO genes_to_phenotype; diseases=ORPHA:2065,True,0,1,1,,ORPHA:2065,,"[[""GENE:NUP107"", -1.0, 1.0]]"
NUP107,gene,NUP107,NUP107,cluster:NUP107,irritability_or_aggression,induces,monogenic,A,0.68,0.17,HPO genes_to_phenotype; diseases=ORPHA:656,True,0,1,1,,ORPHA:656,,"[[""GENE:NUP107"", -1.0, 1.0]]"
ATP10A,gene,ATP10A,ATP10A,cluster:ATP10A,cognitive_impairment,induces,monogenic,A,0.68,0.17,HPO genes_to_phenotype; diseases=ORPHA:411515,True,0,1,1,,ORPHA:411515,,"[[""GENE:ATP10A"", -1.0, 1.0]]"
SLC4A10,gene,SLC4A10,SLC4A10,cluster:SLC4A10,anxiety,induces,monogenic,A,0.8,0.2,HPO genes_to_phenotype; diseases=OMIM:620746,True,1,0,1,5.0,OMIM:620746,2023-11-02,"[[""GENE:SLC4A10"", -1.0, 1.0]]"
SLC4A10,gene,SLC4A10,SLC4A10,cluster:SLC4A10,irritability_or_aggression,induces,monogenic,A,1.0,0.4,HPO genes_to_phenotype; diseases=OMIM:620746,True,1,0,1,5.0,OMIM:620746,2023-11-02,"[[""GENE:SLC4A10"", -1.0, 1.0]]"
CLTRN,gene,CLTRN,CLTRN,cluster:CLTRN,psychosis,induces,monogenic,A,1.0,0.895,HPO genes_to_phenotype; diseases=ORPHA:2116,True,0,1,2,,ORPHA:2116,,"[[""GENE:CLTRN"", -1.0, 1.0]]"
CLTRN,gene,CLTRN,CLTRN,cluster:CLTRN,anxiety,induces,monogenic,A,1.0,0.895,HPO genes_to_phenotype; diseases=ORPHA:2116,True,0,1,1,,ORPHA:2116,,"[[""GENE:CLTRN"", -1.0, 1.0]]"
SLC12A5,gene,SLC12A5,SLC12A5,cluster:AARS1,cognitive_impairment,induces,monogenic,A,1.0,0.895,HPO genes_to_phenotype; diseases=ORPHA:293181,True,0,1,1,,ORPHA:293181,,"[[""GENE:SLC12A5"", -1.0, 1.0]]"
HACE1,gene,HACE1,HACE1,cluster:HACE1,irritability_or_aggression,induces,monogenic,A,0.68,0.17,HPO genes_to_phenotype; diseases=ORPHA:635,True,0,1,1,,ORPHA:635,,"[[""GENE:HACE1"", -1.0, 1.0]]"
HACE1,gene,HACE1,HACE1,cluster:HACE1,fatigue,induces,monogenic,A,1.0,0.545,HPO genes_to_phenotype; diseases=ORPHA:635,True,0,1,1,,ORPHA:635,,"[[""GENE:HACE1"", -1.0, 1.0]]"
GBA2,gene,GBA2,GBA2,cluster:GBA2,cognitive_impairment,induces,monogenic,A,1.0,1.0,HPO genes_to_phenotype; diseases=OMIM:614409;ORPHA:320391,True,1,1,4,5.0,OMIM:614409;ORPHA:320391,2010-07-01,"[[""GENE:GBA2"", -1.0, 1.0]]"
SLC25A19,gene,SLC25A19,SLC25A19,cluster:SLC25A19,irritability_or_aggression,induces,monogenic,A,1.0,1.0,HPO genes_to_phenotype; diseases=OMIM:607196;ORPHA:99742,True,1,1,2,1.0,OMIM:607196;ORPHA:99742,2010-07-01,"[[""GENE:SLC25A19"", -1.0, 1.0]]"
NSD1,gene,NSD1,NSD1,cluster:NSD1,cognitive_impairment,induces,monogenic,A,1.0,1.0,HPO genes_to_phenotype; diseases=OMIM:117550,True,1,0,1,1.0,OMIM:117550,2017-11-07,"[[""GENE:NSD1"", -1.0, 1.0]]"
NSD1,gene,NSD1,NSD1,cluster:NSD1,anxiety,induces,monogenic,A,0.68,0.17,HPO genes_to_phenotype; diseases=ORPHA:821,True,0,1,1,,ORPHA:821,,"[[""GENE:NSD1"", -1.0, 1.0]]"
NSD1,gene,NSD1,NSD1,cluster:NSD1,irritability_or_aggression,induces,monogenic,A,1.0,1.0,HPO genes_to_phenotype; diseases=OMIM:117550;ORPHA:821,True,1,1,2,1.0,OMIM:117550;ORPHA:821,2018-11-01,"[[""GENE:NSD1"", -1.0, 1.0]]"
PORCN,gene,PORCN,PORCN,cluster:PORCN,cognitive_impairment,induces,monogenic,A,1.0,0.545,HPO genes_to_phenotype; diseases=ORPHA:2092,True,0,1,1,,ORPHA:2092,,"[[""GENE:PORCN"", -1.0, 1.0]]"
NUP37,gene,NUP37,NUP37,cluster:NUP107,irritability_or_aggression,induces,monogenic,A,0.68,0.17,HPO genes_to_phenotype; diseases=ORPHA:656,True,0,1,1,,ORPHA:656,,"[[""GENE:NUP37"", -1.0, 1.0]]"
GNPTAB,gene,GNPTAB,GNPTAB,cluster:GNPTAB,cognitive_impairment,induces,monogenic,A,1.0,0.545,HPO genes_to_phenotype; diseases=ORPHA:423461;ORPHA:576,True,0,2,2,,ORPHA:423461;ORPHA:576,,"[[""GENE:GNPTAB"", -1.0, 1.0]]"
SLC52A2,gene,SLC52A2,SLC52A2,cluster:SLC52A2,irritability_or_aggression,induces,monogenic,A,0.68,0.17,HPO genes_to_phenotype; diseases=OMIM:614707,True,1,0,1,,OMIM:614707,2013-04-02,"[[""GENE:SLC52A2"", -1.0, 1.0]]"
EFL1,gene,EFL1,EFL1,cluster:EFL1,cognitive_impairment,induces,monogenic,A,0.68,0.17,HPO genes_to_phenotype; diseases=ORPHA:811,True,0,1,1,,ORPHA:811,,"[[""GENE:EFL1"", -1.0, 1.0]]"
PPCS,gene,PPCS,PPCS,cluster:ABCC9,fatigue,induces,monogenic,A,1.0,0.545,HPO genes_to_phenotype; diseases=ORPHA:154,True,0,1,1,,ORPHA:154,,"[[""GENE:PPCS"", -1.0, 1.0]]"
SLC25A22,gene,SLC25A22,SLC25A22,cluster:AARS1,cognitive_impairment,induces,monogenic,A,1.0,0.895,HPO genes_to_phenotype; diseases=ORPHA:293181,True,0,1,1,,ORPHA:293181,,"[[""GENE:SLC25A22"", -1.0, 1.0]]"
ALG9,gene,ALG9,ALG9,cluster:ALG9,irritability_or_aggression,induces,monogenic,A,0.68,0.17,HPO genes_to_phenotype; diseases=ORPHA:79328,True,0,1,1,,ORPHA:79328,,"[[""GENE:ALG9"", -1.0, 1.0]]"
EHMT1,gene,EHMT1,EHMT1,cluster:EHMT1,irritability_or_aggression,induces,monogenic,A,1.0,0.25961538461538464,HPO genes_to_phenotype; diseases=OMIM:610253;ORPHA:96147,True,1,1,2,104.0,OMIM:610253;ORPHA:96147,2009-02-17,"[[""GENE:EHMT1"", -1.0, 1.0]]"
EHMT1,gene,EHMT1,EHMT1,cluster:EHMT1,anxiety,induces,monogenic,A,1.0,0.25,HPO genes_to_phenotype; diseases=OMIM:610253;ORPHA:96147,True,1,1,2,104.0,OMIM:610253;ORPHA:96147,2024-07-15,"[[""GENE:EHMT1"", -1.0, 1.0]]"
EHMT1,gene,EHMT1,EHMT1,cluster:EHMT1,depressed_mood,induces,monogenic,A,0.68,0.17,HPO genes_to_phenotype; diseases=OMIM:610253;ORPHA:96147,True,1,1,2,104.0,OMIM:610253;ORPHA:96147,2024-07-15,"[[""GENE:EHMT1"", -1.0, 1.0]]"
EHMT1,gene,EHMT1,EHMT1,cluster:EHMT1,psychosis,induces,monogenic,A,0.5384615384615384,0.1346153846153846,HPO genes_to_phenotype; diseases=OMIM:610253,True,1,0,1,104.0,OMIM:610253,2024-07-15,"[[""GENE:EHMT1"", -1.0, 1.0]]"
ALG13,gene,ALG13,ALG13,cluster:ALG13,cognitive_impairment,induces,monogenic,A,0.68,0.17,HPO genes_to_phenotype; diseases=ORPHA:324422,True,0,1,1,,ORPHA:324422,,"[[""GENE:ALG13"", -1.0, 1.0]]"
NUP85,gene,NUP85,NUP85,cluster:NUP107,cognitive_impairment,induces,monogenic,A,1.0,0.895,HPO genes_to_phenotype; diseases=ORPHA:808,True,0,1,1,,ORPHA:808,,"[[""GENE:NUP85"", -1.0, 1.0]]"
NUP85,gene,NUP85,NUP85,cluster:NUP107,irritability_or_aggression,induces,monogenic,A,0.68,0.17,HPO genes_to_phenotype; diseases=ORPHA:656,True,0,1,1,,ORPHA:656,,"[[""GENE:NUP85"", -1.0, 1.0]]"
NAA60,gene,NAA60,NAA60,cluster:CMPK2,cognitive_impairment,induces,monogenic,A,1.0,0.545,HPO genes_to_phenotype; diseases=OMIM:213600;ORPHA:1980,True,1,1,5,,OMIM:213600;ORPHA:1980,2009-02-17,"[[""GENE:NAA60"", -1.0, 1.0]]"
NAA60,gene,NAA60,NAA60,cluster:CMPK2,anxiety,induces,monogenic,A,1.0,0.545,HPO genes_to_phenotype; diseases=OMIM:620786;ORPHA:1980,True,1,1,2,10.0,OMIM:620786;ORPHA:1980,2024-03-13,"[[""GENE:NAA60"", -1.0, 1.0]]"
NAA60,gene,NAA60,NAA60,cluster:CMPK2,depressed_mood,induces,monogenic,A,0.4,0.1,HPO genes_to_phenotype; diseases=OMIM:213600;OMIM:620786,True,2,0,2,10.0,OMIM:213600;OMIM:620786,2009-02-17,"[[""GENE:NAA60"", -1.0, 1.0]]"
NAA60,gene,NAA60,NAA60,cluster:CMPK2,psychosis,induces,monogenic,A,1.0,0.545,HPO genes_to_phenotype; diseases=OMIM:213600;OMIM:620786;ORPHA:1980,True,2,1,3,10.0,OMIM:213600;OMIM:620786;ORPHA:1980,2009-02-17,"[[""GENE:NAA60"", -1.0, 1.0]]"
DHDDS,gene,DHDDS,DHDDS,cluster:AARS1,cognitive_impairment,induces,monogenic,A,0.68,0.17,HPO genes_to_phenotype; diseases=ORPHA:442835,True,0,1,1,,ORPHA:442835,,"[[""GENE:DHDDS"", -1.0, 1.0]]"
PANK2,gene,PANK2,PANK2,cluster:PANK2,cognitive_impairment,induces,monogenic,A,1.0,0.545,HPO genes_to_phenotype; diseases=OMIM:234200;ORPHA:216866;ORPHA:216873,True,1,2,4,92.0,OMIM:234200;ORPHA:216866;ORPHA:216873,2003-01-02,"[[""GENE:PANK2"", -1.0, 1.0]]"
PANK2,gene,PANK2,PANK2,cluster:PANK2,irritability_or_aggression,induces,monogenic,A,1.0,0.545,HPO genes_to_phenotype; diseases=ORPHA:216873,True,0,1,2,,ORPHA:216873,,"[[""GENE:PANK2"", -1.0, 1.0]]"
PANK2,gene,PANK2,PANK2,cluster:PANK2,depressed_mood,induces,monogenic,A,1.0,0.545,HPO genes_to_phenotype; diseases=OMIM:234200;ORPHA:216873,True,1,1,2,17.0,OMIM:234200;ORPHA:216873,2005-05-24,"[[""GENE:PANK2"", -1.0, 1.0]]"
PANK2,gene,PANK2,PANK2,cluster:PANK2,psychosis,induces,monogenic,A,0.25,0.025,HPO genes_to_phenotype; diseases=ORPHA:216873,True,0,1,1,,ORPHA:216873,,"[[""GENE:PANK2"", -1.0, 1.0]]"
COASY,gene,COASY,COASY,cluster:COASY,cognitive_impairment,induces,monogenic,A,1.0,0.895,HPO genes_to_phenotype; diseases=OMIM:615643;ORPHA:397725,True,1,1,2,,OMIM:615643;ORPHA:397725,2014-03-24,"[[""GENE:COASY"", -1.0, 1.0]]"
COASY,gene,COASY,COASY,cluster:COASY,depressed_mood,induces,monogenic,A,1.0,,HPO genes_to_phenotype; diseases=OMIM:615643,True,1,0,1,,OMIM:615643,2015-12-30,"[[""GENE:COASY"", -1.0, 1.0]]"
SLC19A3,gene,SLC19A3,SLC19A3,cluster:SLC19A3,cognitive_impairment,induces,monogenic,A,1.0,0.6666666666666666,HPO genes_to_phenotype; diseases=OMIM:607483;ORPHA:263410,True,1,1,2,12.0,OMIM:607483;ORPHA:263410,1998-07-01,"[[""GENE:SLC19A3"", -1.0, 1.0]]"
SLC19A3,gene,SLC19A3,SLC19A3,cluster:SLC19A3,irritability_or_aggression,induces,monogenic,A,1.0,0.545,HPO genes_to_phenotype; diseases=OMIM:607483;ORPHA:263410,True,1,1,2,,OMIM:607483;ORPHA:263410,2015-02-22,"[[""GENE:SLC19A3"", -1.0, 1.0]]"
SLC19A3,gene,SLC19A3,SLC19A3,cluster:SLC19A3,psychomotor_agitation,induces,monogenic,A,1.0,0.545,HPO genes_to_phenotype; diseases=ORPHA:263410,True,0,1,1,,ORPHA:263410,,"[[""GENE:SLC19A3"", -1.0, 1.0]]"
SLC2A10,gene,SLC2A10,SLC2A10,cluster:SLC2A10,fatigue,induces,monogenic,A,1.0,0.545,HPO genes_to_phenotype; diseases=ORPHA:3342,True,0,1,1,,ORPHA:3342,,"[[""GENE:SLC2A10"", -1.0, 1.0]]"
USP48,gene,USP48,USP48,cluster:USP48,anxiety,induces,monogenic,A,0.25,0.025,HPO genes_to_phenotype; diseases=ORPHA:96253,True,0,1,1,,ORPHA:96253,,"[[""GENE:USP48"", -1.0, 1.0]]"
USP48,gene,USP48,USP48,cluster:USP48,cognitive_impairment,induces,monogenic,A,0.68,0.17,HPO genes_to_phenotype; diseases=ORPHA:96253,True,0,1,2,,ORPHA:96253,,"[[""GENE:USP48"", -1.0, 1.0]]"
USP48,gene,USP48,USP48,cluster:USP48,depressed_mood,induces,monogenic,A,0.68,0.17,HPO genes_to_phenotype; diseases=ORPHA:96253,True,0,1,1,,ORPHA:96253,,"[[""GENE:USP48"", -1.0, 1.0]]"
USP48,gene,USP48,USP48,cluster:USP48,psychosis,induces,monogenic,A,0.25,0.025,HPO genes_to_phenotype; diseases=ORPHA:96253,True,0,1,1,,ORPHA:96253,,"[[""GENE:USP48"", -1.0, 1.0]]"
TRAF7,gene,TRAF7,TRAF7,cluster:PIK3CA,somnolence_or_hypersomnia,induces,monogenic,A,0.25,0.025,HPO genes_to_phenotype; diseases=ORPHA:2495,True,0,1,1,,ORPHA:2495,,"[[""GENE:TRAF7"", -1.0, 1.0]]"
TRAF7,gene,TRAF7,TRAF7,cluster:PIK3CA,cognitive_impairment,induces,monogenic,A,0.68,0.17,HPO genes_to_phenotype; diseases=ORPHA:2495,True,0,1,3,,ORPHA:2495,,"[[""GENE:TRAF7"", -1.0, 1.0]]"
POLR3GL,gene,POLR3GL,POLR3GL,cluster:POLR3GL,fatigue,induces,monogenic,A,1.0,0.6666666666666666,HPO genes_to_phenotype; diseases=OMIM:619234,True,1,0,1,3.0,OMIM:619234,2019-05-14,"[[""GENE:POLR3GL"", -1.0, 1.0]]"
COQ5,gene,COQ5,COQ5,cluster:COQ5,irritability_or_aggression,induces,monogenic,A,1.0,0.3333333333333333,HPO genes_to_phenotype; diseases=OMIM:619028,True,1,0,1,3.0,OMIM:619028,2017-11-08,"[[""GENE:COQ5"", -1.0, 1.0]]"
COQ5,gene,COQ5,COQ5,cluster:COQ5,cognitive_impairment,induces,monogenic,A,1.0,0.3333333333333333,HPO genes_to_phenotype; diseases=OMIM:619028,True,1,0,1,3.0,OMIM:619028,2017-11-08,"[[""GENE:COQ5"", -1.0, 1.0]]"
PIGY,gene,PIGY,PIGY,cluster:PIGY,irritability_or_aggression,induces,monogenic,A,1.0,,HPO genes_to_phenotype; diseases=OMIM:616809,True,1,0,1,,OMIM:616809,2019-03-27,"[[""GENE:PIGY"", -1.0, 1.0]]"
MARS2,gene,MARS2,MARS2,cluster:MARS2,cognitive_impairment,induces,monogenic,A,1.0,0.43478260869565216,HPO genes_to_phenotype; diseases=OMIM:611390,True,1,0,1,23.0,OMIM:611390,2009-02-17,"[[""GENE:MARS2"", -1.0, 1.0]]"
SLC46A1,gene,SLC46A1,SLC46A1,cluster:SLC46A1,irritability_or_aggression,induces,monogenic,A,1.0,,HPO genes_to_phenotype; diseases=OMIM:229050,True,1,0,1,,OMIM:229050,2010-06-18,"[[""GENE:SLC46A1"", -1.0, 1.0]]"
CYP2U1,gene,CYP2U1,CYP2U1,cluster:CYP2U1,cognitive_impairment,induces,monogenic,A,0.68,0.17,HPO genes_to_phenotype; diseases=OMIM:615030;ORPHA:320411,True,1,1,2,7.0,OMIM:615030;ORPHA:320411,2012-11-21,"[[""GENE:CYP2U1"", -1.0, 1.0]]"
PTPMT1,gene,PTPMT1,PTPMT1,cluster:PTPMT1,fatigue,induces,monogenic,A,1.0,1.0,HPO genes_to_phenotype; diseases=OMIM:621199,True,1,0,1,1.0,OMIM:621199,2025-02-03,"[[""GENE:PTPMT1"", -1.0, 1.0]]"
SLC26A9,gene,SLC26A9,SLC26A9,cluster:GCLC,anxiety,induces,monogenic,A,0.68,0.17,HPO genes_to_phenotype; diseases=ORPHA:586,True,0,1,1,,ORPHA:586,,"[[""GENE:SLC26A9"", -1.0, 1.0]]"
SLC26A9,gene,SLC26A9,SLC26A9,cluster:GCLC,depressed_mood,induces,monogenic,A,0.68,0.17,HPO genes_to_phenotype; diseases=ORPHA:586,True,0,1,1,,ORPHA:586,,"[[""GENE:SLC26A9"", -1.0, 1.0]]"
SLC25A26,gene,SLC25A26,SLC25A26,cluster:SLC25A26,fatigue,induces,monogenic,A,1.0,,HPO genes_to_phenotype; diseases=OMIM:616794,True,1,0,1,,OMIM:616794,2015-10-29,"[[""GENE:SLC25A26"", -1.0, 1.0]]"
CYP2R1,gene,CYP2R1,CYP2R1,cluster:CYP27B1,irritability_or_aggression,induces,monogenic,A,0.68,0.17,HPO genes_to_phenotype; diseases=ORPHA:289157,True,0,1,1,,ORPHA:289157,,"[[""GENE:CYP2R1"", -1.0, 1.0]]"
TPH2,gene,TPH2,TPH2,cluster:FKBP5,depressed_mood,induces,monogenic,A,1.0,0.5,HPO genes_to_phenotype; diseases=OMIM:608516;OMIM:613003,True,2,0,2,2.0,OMIM:608516;OMIM:613003,2008-04-01,"[[""GENE:TPH2"", -1.0, 1.0]]"
MTFMT,gene,MTFMT,MTFMT,cluster:MTFMT,cognitive_impairment,induces,monogenic,A,1.0,,HPO genes_to_phenotype; diseases=OMIM:614947,True,1,0,1,,OMIM:614947,2014-05-04,"[[""GENE:MTFMT"", -1.0, 1.0]]"
CPT1C,gene,CPT1C,CPT1C,cluster:CPT1C,cognitive_impairment,induces,monogenic,A,1.0,,HPO genes_to_phenotype; diseases=ORPHA:444099,True,0,1,1,,ORPHA:444099,,"[[""GENE:CPT1C"", -1.0, 1.0]]"
CMPK2,gene,CMPK2,CMPK2,cluster:CMPK2,cognitive_impairment,induces,monogenic,A,1.0,0.6666666666666666,HPO genes_to_phenotype; diseases=OMIM:621018;ORPHA:1980,True,1,1,4,3.0,OMIM:621018;ORPHA:1980,2022-11-29,"[[""GENE:CMPK2"", -1.0, 1.0]]"
CMPK2,gene,CMPK2,CMPK2,cluster:CMPK2,anxiety,induces,monogenic,A,1.0,0.545,HPO genes_to_phenotype; diseases=ORPHA:1980,True,0,1,1,,ORPHA:1980,,"[[""GENE:CMPK2"", -1.0, 1.0]]"
CMPK2,gene,CMPK2,CMPK2,cluster:CMPK2,psychosis,induces,monogenic,A,1.0,0.545,HPO genes_to_phenotype; diseases=ORPHA:1980,True,0,1,1,,ORPHA:1980,,"[[""GENE:CMPK2"", -1.0, 1.0]]"
UROC1,gene,UROC1,UROC1,cluster:UROC1,irritability_or_aggression,induces,monogenic,A,1.0,,HPO genes_to_phenotype; diseases=OMIM:276880,True,1,0,1,,OMIM:276880,2009-02-17,"[[""GENE:UROC1"", -1.0, 1.0]]"
SLC32A1,gene,SLC32A1,SLC32A1,cluster:AARS1,cognitive_impairment,induces,monogenic,A,0.68,0.17,HPO genes_to_phenotype; diseases=ORPHA:36387,True,0,1,1,,ORPHA:36387,,"[[""GENE:SLC32A1"", -1.0, 1.0]]"
SLC32A1,gene,SLC32A1,SLC32A1,cluster:AARS1,anxiety,induces,monogenic,A,0.25,0.025,HPO genes_to_phenotype; diseases=ORPHA:36387,True,0,1,1,,ORPHA:36387,,"[[""GENE:SLC32A1"", -1.0, 1.0]]"
SLC32A1,gene,SLC32A1,SLC32A1,cluster:AARS1,irritability_or_aggression,induces,monogenic,A,1.0,0.5,HPO genes_to_phenotype; diseases=OMIM:620774,True,1,0,1,2.0,OMIM:620774,2022-09-08,"[[""GENE:SLC32A1"", -1.0, 1.0]]"
B3GALNT2,gene,B3GALNT2,B3GALNT2,cluster:B3GALNT2,cognitive_impairment,induces,monogenic,A,1.0,0.895,HPO genes_to_phenotype; diseases=ORPHA:588,True,0,1,1,,ORPHA:588,,"[[""GENE:B3GALNT2"", -1.0, 1.0]]"
NAGS,gene,NAGS,NAGS,cluster:NAGS,cognitive_impairment,induces,monogenic,A,0.68,0.17,HPO genes_to_phenotype; diseases=OMIM:237310;ORPHA:927,True,1,1,5,,OMIM:237310;ORPHA:927,2009-02-17,"[[""GENE:NAGS"", -1.0, 1.0]]"
NAGS,gene,NAGS,NAGS,cluster:NAGS,insomnia,induces,monogenic,A,0.68,0.17,HPO genes_to_phenotype; diseases=ORPHA:927,True,0,1,1,,ORPHA:927,,"[[""GENE:NAGS"", -1.0, 1.0]]"
NAGS,gene,NAGS,NAGS,cluster:NAGS,anxiety,induces,monogenic,A,0.68,0.17,HPO genes_to_phenotype; diseases=ORPHA:927,True,0,1,1,,ORPHA:927,,"[[""GENE:NAGS"", -1.0, 1.0]]"
NAGS,gene,NAGS,NAGS,cluster:NAGS,irritability_or_aggression,induces,monogenic,A,1.0,,HPO genes_to_phenotype; diseases=OMIM:237310,True,1,0,1,,OMIM:237310,2009-02-17,"[[""GENE:NAGS"", -1.0, 1.0]]"
NAGS,gene,NAGS,NAGS,cluster:NAGS,psychomotor_agitation,induces,monogenic,A,0.68,0.17,HPO genes_to_phenotype; diseases=ORPHA:927,True,0,1,1,,ORPHA:927,,"[[""GENE:NAGS"", -1.0, 1.0]]"
NAGS,gene,NAGS,NAGS,cluster:NAGS,fatigue,induces,monogenic,A,0.68,0.17,HPO genes_to_phenotype; diseases=ORPHA:927,True,0,1,1,,ORPHA:927,,"[[""GENE:NAGS"", -1.0, 1.0]]"
ACSF3,gene,ACSF3,ACSF3,cluster:ACSF3,cognitive_impairment,induces,monogenic,A,0.68,0.17,HPO genes_to_phenotype; diseases=ORPHA:289504,True,0,1,1,,ORPHA:289504,,"[[""GENE:ACSF3"", -1.0, 1.0]]"
ALG14,gene,ALG14,ALG14,cluster:ALG14,anxiety,induces,monogenic,A,1.0,1.0,HPO genes_to_phenotype; diseases=OMIM:619031,True,1,0,1,2.0,OMIM:619031,2018-10-15,"[[""GENE:ALG14"", -1.0, 1.0]]"
ALG14,gene,ALG14,ALG14,cluster:ALG14,irritability_or_aggression,induces,monogenic,A,1.0,1.0,HPO genes_to_phenotype; diseases=OMIM:619031,True,1,0,1,2.0,OMIM:619031,2018-10-15,"[[""GENE:ALG14"", -1.0, 1.0]]"
IBA57,gene,IBA57,IBA57,cluster:IBA57,cognitive_impairment,induces,monogenic,A,1.0,,HPO genes_to_phenotype; diseases=OMIM:615330,True,1,0,1,,OMIM:615330,2018-10-08,"[[""GENE:IBA57"", -1.0, 1.0]]"
IBA57,gene,IBA57,IBA57,cluster:IBA57,irritability_or_aggression,induces,monogenic,A,1.0,,HPO genes_to_phenotype; diseases=OMIM:615330,True,1,0,1,,OMIM:615330,2018-10-08,"[[""GENE:IBA57"", -1.0, 1.0]]"
PGM2L1,gene,PGM2L1,PGM2L1,cluster:PGM2L1,irritability_or_aggression,induces,monogenic,A,1.0,0.25,HPO genes_to_phenotype; diseases=OMIM:620191,True,1,0,1,4.0,OMIM:620191,2021-05-11,"[[""GENE:PGM2L1"", -1.0, 1.0]]"
SLC13A5,gene,SLC13A5,SLC13A5,cluster:AARS1,cognitive_impairment,induces,monogenic,A,1.0,0.895,HPO genes_to_phenotype; diseases=ORPHA:1946;ORPHA:442835,True,0,2,3,,ORPHA:1946;ORPHA:442835,,"[[""GENE:SLC13A5"", -1.0, 1.0]]"
UBAC2,gene,UBAC2,UBAC2,cluster:UBAC2,cognitive_impairment,induces,monogenic,A,1.0,0.545,HPO genes_to_phenotype; diseases=ORPHA:117,True,0,1,2,,ORPHA:117,,"[[""GENE:UBAC2"", -1.0, 1.0]]"
UBAC2,gene,UBAC2,UBAC2,cluster:UBAC2,irritability_or_aggression,induces,monogenic,A,0.68,0.17,HPO genes_to_phenotype; diseases=ORPHA:117,True,0,1,1,,ORPHA:117,,"[[""GENE:UBAC2"", -1.0, 1.0]]"
UBAC2,gene,UBAC2,UBAC2,cluster:UBAC2,fatigue,induces,monogenic,A,1.0,0.895,HPO genes_to_phenotype; diseases=ORPHA:117,True,0,1,1,,ORPHA:117,,"[[""GENE:UBAC2"", -1.0, 1.0]]"
SLC6A19,gene,SLC6A19,SLC6A19,cluster:CLTRN,psychosis,induces,monogenic,A,1.0,0.895,HPO genes_to_phenotype; diseases=OMIM:234500;ORPHA:2116,True,1,1,3,,OMIM:234500;ORPHA:2116,2009-02-17,"[[""GENE:SLC6A19"", -1.0, 1.0]]"
SLC6A19,gene,SLC6A19,SLC6A19,cluster:CLTRN,anxiety,induces,monogenic,A,1.0,0.895,HPO genes_to_phenotype; diseases=ORPHA:2116,True,0,1,1,,ORPHA:2116,,"[[""GENE:SLC6A19"", -1.0, 1.0]]"
HCN1,gene,HCN1,HCN1,cluster:AARS1,cognitive_impairment,induces,monogenic,A,0.68,0.17,HPO genes_to_phenotype; diseases=ORPHA:36387;ORPHA:442835,True,0,2,2,,ORPHA:36387;ORPHA:442835,,"[[""GENE:HCN1"", -1.0, 1.0]]"
HCN1,gene,HCN1,HCN1,cluster:AARS1,anxiety,induces,monogenic,A,0.25,0.025,HPO genes_to_phenotype; diseases=ORPHA:36387,True,0,1,1,,ORPHA:36387,,"[[""GENE:HCN1"", -1.0, 1.0]]"
NHLRC1,gene,NHLRC1,NHLRC1,cluster:NHLRC1,cognitive_impairment,induces,monogenic,A,1.0,0.545,HPO genes_to_phenotype; diseases=OMIM:620681;ORPHA:501,True,1,1,4,17.0,OMIM:620681;ORPHA:501,2005-03-22,"[[""GENE:NHLRC1"", -1.0, 1.0]]"
NHLRC1,gene,NHLRC1,NHLRC1,cluster:NHLRC1,psychosis,induces,monogenic,A,1.0,0.545,HPO genes_to_phenotype; diseases=ORPHA:501,True,0,1,1,,ORPHA:501,,"[[""GENE:NHLRC1"", -1.0, 1.0]]"
NHLRC1,gene,NHLRC1,NHLRC1,cluster:NHLRC1,depressed_mood,induces,monogenic,A,1.0,0.545,HPO genes_to_phenotype; diseases=ORPHA:501,True,0,1,1,,ORPHA:501,,"[[""GENE:NHLRC1"", -1.0, 1.0]]"
